# callgrind format
version: 1
creator: callgrind-3.19.0
pid: 42260
cmd:  ./buclesGO
part: 1


desc: I1 cache: 32768 B, 64 B, 8-way associative
desc: D1 cache: 32768 B, 64 B, 8-way associative
desc: LL cache: 16777216 B, 64 B, 16-way associative

desc: Timerange: Basic block 0 - 19863320727
desc: Trigger: Program termination

positions: line
events: Ir Dr Dw I1mr D1mr D1mw ILmr DLmr DLmw Bc Bcm Bi Bim
summary: 101531531922 45951601224 6179514340 297660 1531444950 120781245 19189 980599544 120176074 14247025971 2534781 505906 3384


ob=(1) /home/just/OneDrive/Documents/Ucsp/Semestre X/Computacion Paralela y Distribuida/1-Comparacion-bucles-anidados/code/buclesGO
fl=(25) /usr/lib/go-1.19/src/internal/bytealg/indexbyte_amd64.s
fn=(116) internal/bytealg.IndexByteString.abi0
16 113 113 0 7 0 0 1
+1 113 113
+1 113 113
+1 113
+1 113
cfn=(118) indexbytebody
calls=113 +10 
* 3670 458 113 38 80 0 5 78 0 711 123

fn=(118)
30 113 0 0 11 0 0 1
+1 113
+1 113
+1 113
+2 113
+1 113 0 0 0 0 0 0 0 0 113 2
+2 113
+2 113
+1 113 0 0 9 0 0 1 0 0 113 10
+2 18
+1 18
+4 33 33 0 0 6 0 0 6
+2 33
+2 33
+2 33
+1 33 0 0 0 0 0 0 0 0 33 11
+2 17
+2 17
+1 17 0 0 0 0 0 0 0 0 17 5
-1 18
+1 18 0 0 0 0 0 0 0 0 18 8
+4 2
+1 2 2
+1 2
+1 2
+1 2
+1 2 0 0 0 0 0 0 0 0 2
+3 2 0 2 1
+1 2 2
+7 16 0 0 1 0 0 1
+1 16
+1 16 0 16
+1 16 16
+35 110 110 0 9 2 0 1 1
+1 110 0 0 0 0 0 0 0 0 110 6
+1 95
+1 95
+1 95
+2 95 95 0 0 18 0 0 17
+1 95
+1 95
+1 95 0 0 0 0 0 0 0 0 95 40
-3 105 105 0 0 54 0 0 54
+1 105
+1 105
+1 105 0 0 0 0 0 0 0 0 105 27
+1 105
+1 105
+1 105 0 0 0 0 0 0 0 0 105 14
+11 95 0 0 7 0 0 1
+1 95
+1 95
+1 95
+1 95 0 95
+1 95
+1 95 95

fl=(58) /usr/lib/go-1.19/src/runtime/signal_unix.go
fn=(534) runtime.minitSignalStack
1209 35 7 7 3 0 0 2 0 0 7 2
+1 14 0 14
+1 14 0 14 0 0 6 0 0 6
+1 28 0 14 3 0 0 2
cfi=(3) /usr/lib/go-1.19/src/runtime/sys_linux_amd64.s
cfn=(536) runtime.sigaltstack.abi0
calls=7 629 
* 49 21 0 6 0 0 2 0 0 7 4
* 14 7
+1 28 7 0 0 0 0 0 0 0 7 2
+1 35 28 7 3 5 0 2
cfn=(538) runtime.signalstack
calls=7 1330 
* 182 63 56 9 0 6 4 0 6 7 4
+1 21 14 7 0 0 3
+5 21 14 0 3 0 0 2

fn=(550) runtime.initsig
114 4 0 1 1 0 0 1
+1 1 0 0 0 0 0 0 0 0 1
+2 1 0 1
+5 4 2 0 1 0 0 1 0 0 2 2
+1 2
-1 1
+4 197 0 0 0 0 0 0 0 0 66 1
+1 65
+1 384 65 0 1 0 0 1 0 0 127 8
-2 58 0 58
+1 58 0 58
fi=(7) /usr/lib/go-1.19/src/runtime/os_linux.go
502 116 0 116
+1 174 0 58
cfi=(60) /usr/lib/go-1.19/src/runtime/cgo_sigaction.go
cfn=(552) runtime.sigaction
calls=58 21 
* 2088 696 638 6 1 0 6 0 0 116 12
+1 58 58
fe=(58)
134 174 58 58 0 0 9 0 0 9
+25 232 0 0 1 0 0 1 0 0 58 4
-25 2
+26 6 2 0 0 0 0 0 0 0 2 2
+5 234 58 0 0 0 0 0 0 0 116 5
-29 1
+37 287 114 0 1 0 0 1 0 0 57 5
-37 2
+43 220 110 0 0 0 0 0 0 0 110 4
-43 226 0 0 1 0 0 1 0 0 58 5
+3 6 2 0 0 0 0 0 0 0 2 2
-13 8
+18 2
+3 112 0 56 1 0 4 1 0 4
+1 112 0 56
cfi=(7)
cfn=(560) runtime.setsig
calls=56 466 
* 3479 841 1064 3 0 0 3 0 0 227 11
-22 112 56 0 1 0 0 1
+22 56
+2 3 2

fn=(538)
1330 21 0 7 5 0 0 2
+1 35 14 21
+1 7 7
fi=(7)
511 7 0 7
fe=(58)
1333 28 0 21 4 0 6 2 0 6
cfi=(3)
cfn=(536)
calls=7 629 
* 49 21 0 0 0 0 0 0 0 7 4
* 14 7
+1 21 14

fn=(540) runtime.minitSignalMask
1230 35 7 7 0 0 0 0 0 0 7 1
+1 28 14 7 6 0 0 2
+1 1386 0 0 0 0 0 0 0 0 462 12
+37 3185 455 0 0 79 0 0 50 0 455 5
+1 1288 0 0 0 0 0 0 0 0 455 69
+3 770 7 0 5 0 0 2 0 0 385 24
+3 1890 756 0 0 0 0 0 0 0 756 2
+3 378
-46 378 0 0 0 0 0 0 0 0 378 53
fi=(59) /usr/lib/go-1.19/src/runtime/os_linux_generic.go
32 1428 238 357 6 0 6 2 0 6 119 1
fe=(58)
1234 119
+3 35 0 28
fi=(7)
442 14 0 7 3 0 0 2
cfi=(3)
cfn=(366) runtime.rtsigprocmask.abi0
calls=7 294 
* 63 35 0 1 0 0 0 0 0 7 2
* 14 7
fe=(58)
1238 21 14

fn=(532) runtime.minitSignals
1194 35 7 7 3 0 6 2 0 6 7
+1 7 0 7
cfn=(534)
calls=7 +14 
* 441 161 119 27 5 15 14 0 12 28 12
+1 7 0 7
cfn=(540)
calls=7 +34 
* 11032 1533 406 21 79 6 8 50 6 3024 169
+1 21 14

fl=(4) ./<autogenerated>
fn=(18) runtime.args.abi0
1 8 3 2 1 0 0 1
cfi=(5) /usr/lib/go-1.19/src/runtime/runtime1.go
cfn=(20) runtime.args
calls=1 +65 
* 1123 248 73 12 16 5 12 16 5 223 30
* 3 2

fn=(522) runtime.mstart0.abi0
1 21 7 0 6 0 0 1
cfi=(10) /usr/lib/go-1.19/src/runtime/proc.go
cfn=(524) runtime.mstart0
calls=7 1356 
* 4850108724 1320501953 817399604 5344 130195 4253 1836 120945 3344 974359673 81592 19455 69

fn=(30) runtime.osinit.abi0
1 3 1 0 1 0 0 1
cfi=(7)
cfn=(32) runtime.osinit
calls=1 329 
* 1511 52 1054 18 1 125 18 1 125 1106 38

fn=(454) runtime.newproc.abi0
1 7 2 2 2 0 0 1
cfi=(10)
cfn=(456) runtime.newproc
calls=1 4094 
* 9434 2523 1379 101 35 44 85 11 41 1210 134 66 2
* 3 2

fn=(8) runtime.check.abi0
1 3 1 0 1 0 0 1
cfi=(5)
cfn=(10) runtime.check
calls=1 142 
* 556 45 47 18 0 3 18 0 3 124 24

fn=(1044) sync/atomic.StoreUintptr
1 14 14 7 7 0 0 6 0 0 7 2

fn=(786) runtime.newstack.abi0
1 114 38 0 22 0 0 13
cfi=(6) /usr/lib/go-1.19/src/runtime/stack.go
cfn=(788) runtime.newstack
calls=38 962 
* 41103 10806 5846 805 459 232 504 353 163 6080 758 52 38

fn=(50) runtime.schedinit.abi0
1 3 1 0 1 0 0 1
cfi=(10)
cfn=(52) runtime.schedinit
calls=1 658 
* 340176 54623 38286 858 811 1062 796 549 1023 43239 2131 82 20

fn=(1808) runtime.wbBufFlush.abi0
1 800 300 200 1 0 0 1
cfi=(51) /usr/lib/go-1.19/src/runtime/mwbbuf.go
cfn=(1356) runtime.wbBufFlush
calls=100 168 
* 2240051 464844 130485 610 97030 100 27 5 0 308873 334 100 100
* 300 200

fl=(66) /usr/lib/go-1.19/src/runtime/cpuflags_amd64.go
fn=(620) runtime.init.0
15 2 1 0 1 0 0 1
+2 2 1 0 0 0 0 0 0 0 1
+1 3 0 0 0 0 0 0 0 0 1
+1 2 0 0 1 0 0 1 0 0 1
+1 2 0 0 0 0 0 0 0 0 1 1
+1 2
+2 5 1 1 0 0 0 0 0 0 1 1
+1 1 1

fl=(67) /usr/lib/go-1.19/src/runtime/preempt.go
fn=(1416) runtime.suspendG
105 1890 378 378 18 0 0 9 0 0 378 1
+1 1512 756 0 20 0 0 9 0 0 378
fi=(10)
902 378 378 0 0 9
fe=(67)
106 756 0 0 0 0 0 0 0 0 378
-1 2646 0 378
+1 378
247 378 0 378 29 0 11 9
-17 378 0 378
-18 756 0 756
-22 378 0 378
+54 378 0 378
fi=(10)
902 378 378
fe=(67)
123 378
+40 1512 0 0 29 0 0 9 0 0 756 32
+29 704 0 0 0 0 0 0 0 0 352 9
-29 1056 0 0 346 0 0 9 0 0 352
+27 378 0 378 29 0 0 9
-23 1512 0 378 0 0 10
cfi=(10)
cfn=(1420) runtime.castogscanstatus
calls=378 937 
* 7938 1134 1512 58 0 0 18 0 0 1134 64
* 756 0 0 0 0 0 0 0 0 378 34
+8 756 378 378 29 0 8 9
+1 1134 378 378 0 378 0 0 39
+14 1890 1134

fn=(1448) runtime.resumeG
258 2646 378 756 29 0 0 9 0 0 378
+1 756 0 0 18 0 0 9 0 0 378
+17 378 0 378
-12 378 0 378
+1 378
fi=(10)
902 378 378
fe=(67)
270 1460 0 0 0 0 0 0 0 0 378 42
+1 352 0 0 0 0 0 0 0 0 352 36
+2 1134 0 378
cfi=(10)
cfn=(1450) runtime.casfrom_Gscanstatus
calls=378 909 
* 9072 1134 1890 57 0 0 18 0 0 1512 436
+3 1134 378 0 0 0 0 0 0 0 378 1
+4 1134 756 0 18 0 0 9

fn=(626) runtime.init.5
317 5 1 1 1 0 0 1 0 0 1
+1 3 0 1 1 0 0 1
cfi=(11) /usr/lib/go-1.19/src/runtime/symtab.go
cfn=(508) runtime.findfunc
calls=1 828 
* 68 20 1 3 2 0 0 1 0 12 2
+1 1 0 1
cfi=(11)
cfn=(628) runtime.funcMaxSPDelta
calls=1 1050 
* 833 165 99 14 3 2 12 3 2 83 26
* 1 0 1
+1 3 0 1
cfi=(11)
cfn=(508)
calls=1 828 
* 68 20 1 0 2 0 0 1 0 12 3
* 1
+1 1 0 1
cfi=(11)
cfn=(628)
calls=1 1050 
* 376 87 55 0 2 0 0 2 0 35 5
* 2 1
+2 4 0 1
+1 2 0 0 1 0 0 1 0 0 1
+14 3 2

fl=(36) /usr/lib/go-1.19/src/internal/cpu/cpu.go
fn=(296) internal/cpu.processOptions
148 7 1 2 2 0 0 2 0 0 1
+1 1
+1 6 0 0 0 0 0 0 0 0 2 1
+2 1
+63 2
-62 4 0 0 0 0 0 0 0 0 1
+5 1
-4 1
+4 4 1 0 1 0 0 1 0 0 2 1
+40 8 2 1 1 0 0 1 0 0 1
+12 3 2
-12 84 70
+1 14 0 0 0 0 0 0 0 0 14 3
-1 5 5 0 1 0 0 1
+1 1 0 0 0 0 0 0 0 0 1 1
-1 46 0 0 0 0 0 0 0 0 15 6
+17 70 0 0 1 0 0 1 0 0 18 1
+1 51 17 0 0 1 0 0 0 0 17 5

fn=(274) internal/cpu.Initialize
123 7 1 3 1 0 0 1 0 0 1
+1 2 0 1
cfi=(37) /usr/lib/go-1.19/src/internal/cpu/cpu_x86.go
cfn=(276) internal/cpu.doinit
calls=1 -75 
* 12866 2176 1518 94 37 42 92 16 36 1398 224 6 1
+1 3 2 1
cfn=(296)
calls=1 +23 
* 309 98 3 6 1 0 6 0 0 72 18
+1 3 2

fl=(94) /usr/lib/go-1.19/src/syscall/syscall_linux.go
fn=(1004) syscall.RawSyscall
60 3 0 1 1
+1 4 0 1
cfi=(111) /usr/lib/go-1.19/src/runtime/internal/syscall/syscall_linux.go
cfn=(954) syscall.RawSyscall6
calls=1 -24 
* 17 3 2 0 0 0 0 0 0 1 1
* 3 2

fn=(946) syscall.Syscall
67 98 0 70 18 0 3 12
+1 14 0 14
cfi=(10)
cfn=(948) runtime.entersyscall
calls=14 3678 
* 1724 546 422 188 17 14 109 3 5 244 46
+13 112 56 14
cfi=(111)
cfn=(954)
calls=14 -44 
* 238 42 28 24 2 0 11 0 0 14 2
* 42 0 42 0 0 1
+1 14 0 14
cfi=(10)
cfn=(958) runtime.exitsyscall
calls=14 3773 
* 2244 594 469 148 26 7 86 4 0 339 52 1 1
+1 84 70 0 7 1 0 6

fl=(29) /usr/lib/go-1.19/src/runtime/mspanset.go
fn=(426) runtime.(*headTailIndex).incTail
341 587665 117533 117533 1347 0 0 11 0 0 117533 24
+1 352599 117533 117533 0 63 0 0 6 0 117533
+2 235066 0 0 0 0 0 0 0 0 117533 37
+4 352599 235066

fn=(1254) runtime.(*spanSet).reset
231 24480 4896 4896 18 0 0 10 0 0 4896 430
+1 4896 4896 0 0 4894 0 0 1319
+85 4896
-10 9792 0 0 18 0 0 10
-74 9792 0 0 0 0 0 0 0 0 4896 20
+4 4896
+1 9792 4896 0 0 0 0 0 0 0 4896 534
+6 512
fi=(22) /usr/lib/go-1.19/src/runtime/stubs.go
18 512 512 0 0 220 0 0 76
fe=(29)
245 512 512 0 0 512 0 0 132
+1 1024 0 0 0 0 0 0 0 0 512 8
+2 1536 512 0 0 512 0 0 132 0 512 13
+6 1024 0 0 0 0 0 0 0 0 512 1
-23 512 0 512
+31 1024 512 512 0 0 0 0 0 0 512
+3 512
+26 1024 512 512 0 0 0 0 0 0 512
+1 1024 0 512
cfi=(52) /usr/lib/go-1.19/src/runtime/lfstack.go
cfn=(1206) runtime.(*lfstack).push
calls=512 25 
* 15360 2560 2048 47 0 0 16 0 0 1536 3
+61 512 512
-85 512
+85 1024 512 512 0 0 0 0 0 0 512
-84 1024 512 512 0 0 0 0 0 0 512
+1 1536 1024
-2 4384 0 0 18 0 0 10
+85 8768 4384 4384 0 0 0 0 0 0 4384
-84 8768 4384 4384 0 0 0 0 0 0 4384
+1 13152 8768

fn=(424) runtime.(*spanSet).push
74 490630 70090 210270 6817 0 0 9 0 0 70090
+2 280360 70090 70090 0 7286 2779 0 34 8
cfn=(426)
calls=70090 341 
* 911170 280360 140180 1347 63 0 11 6 0 210270 59
+4 140180 140180
-4 140180 0 70090 0 0 2 0 0 1
+1 210270 0 70090 2247 0 0 10
+5 70090
+1 140180 0 0 0 0 0 0 0 0 70090 437
+7 618
fi=(17) /usr/lib/go-1.19/src/runtime/lock_futex.go
-42 618
fi=(54) /usr/lib/go-1.19/src/runtime/lockrank_off.go
-26 1236 0 618
cfi=(17)
cfn=(80) runtime.lock2
calls=618 +29 
* 11124 3708 1854 2 0 0 0 0 0 2472 387
fe=(29)
+71 1854 1236 618 51 0 0 12
+1 1854 618 0 0 0 0 0 0 0 618
+5 1854 618 0 0 0 0 0 0 0 618 35
+2 80
+1 80
+3 640 80 160 15 21 0 4 4
cfi=(12) /usr/lib/go-1.19/src/runtime/malloc.go
cfn=(72) runtime.persistentalloc
calls=80 1337 
* 14585 3511 3487 174 43 25 39 7 8 2116 67 80 40
+1 240 160
-4 80 0 0 0 0 0 0 0 0 80 6
+10 80 80 80 0 0 0 0 0 0 80
+1 160 80 80
+11 160 0 80 12 0 0 2
cfn=(428) runtime.(*spanSetBlockAlloc).alloc
calls=80 282 
* 13608 3298 2961 31 21 4 6 2 1 1965 45 65
* 1076 0 538 22 0 0 9
cfn=(428)
calls=538 282 
* 23401 5213 3081 256 705 50 42 214 12 3266 126 45 31
* 618 0 618
+3 1236 618
fi=(22)
18 1236 1236
fe=(29)
129 618 618 618 0 509 0 0 268 0 618
+1 1854 1236 618 0 0 0 0 0 0 618
+1 618
fi=(54)
-99 1236 0 618
cfi=(17)
cfn=(94) runtime.unlock2
calls=618 +83 
* 13632 4344 1854 3 3 0 0 0 0 3726 218
fe=(29)
+45 618 618
+59 618 618 0 24 0 0 3
fi=(17)
-24 618
fe=(29)
-28 69472 69472 0 27 0 0 7
+1 69472
fi=(22)
-67 69472
fe=(29)
+68 69472 69472 0 0 7194 0 0 12
+50 69472
-59 69472
+59 277888 138944 69472 0 14972 0 0 6637 0 69472 2
+1 208416 138944
-1 618
-59 618
+59 2472 1236 618 0 110 0 0 110 0 618 39
+1 1854 1236
cfi=(28) /usr/lib/go-1.19/src/runtime/mgcsweep.go
cfn=(1573) runtime.(*sweepLocked).sweep'2
calls=1 737 
* 19828788 4525902 2734670 253 107335 403 251 102007 265 3219979 2626 31 1
cfi=(28)
cfn=(1572) runtime.(*sweepLocked).sweep
calls=1 693 
* 8957383 2184409 1475610 1613 27170 1404 1262 25538 1327 1481715 36239 18089 33

fn=(425) runtime.(*spanSet).push'2
74 332101 47443 142329 0 0 0 0 0 0 47443
+2 189772 47443 47443 0 7 1 0 6 1
cfn=(426)
calls=47443 341 
* 616759 189772 94886 0 0 0 0 0 0 142329 2
+4 94886 94886
-4 94886 0 47443
+1 142329 0 47443 1 0 0 1
+5 47443
+1 94886 0 0 0 0 0 0 0 0 47443 128
+7 147
fi=(17)
-42 147
fi=(54)
-26 294 0 147
cfi=(17)
cfn=(80)
calls=147 +29 
* 2646 882 441 0 0 0 0 0 0 588 46
fe=(29)
+71 441 294 147 1 0 0 1
+1 441 147 0 0 0 0 0 0 0 147
+5 441 147 0 0 0 0 0 0 0 147
+25 294 0 147
cfn=(429) runtime.(*spanSetBlockAlloc).alloc'2
calls=147 282 
* 5299 1134 826 3 39 6 3 28 1 700 7 28 1
* 147 0 147
+3 294 147
fi=(22)
18 294 294
fe=(29)
129 147 147 147 0 66 0 0 66 0 147
+1 441 294 147 0 0 0 0 0 0 147
+1 147
fi=(54)
-99 294 0 147
cfi=(17)
cfn=(94)
calls=147 +83 
* 3234 1029 441 0 0 0 0 0 0 882 3
fe=(29)
+45 147 147
+59 147 147
fi=(17)
-24 147
fe=(29)
-28 47296 47296
+1 47296
fi=(22)
-67 47296
fe=(29)
+68 47296 47296 0 0 3 0 0 2
+50 47296
-59 47296
+59 189184 94592 47296 0 5923 0 0 145 0 47296
+1 141888 94592
-1 147
-59 147
+59 588 294 147 0 28 0 0 28 0 147
+1 441 294
cfi=(28)
cfn=(1573)
calls=1 737 
* 19827389 4525580 2734459 246 107322 403 244 101994 265 3219754 2598 30 1
cfi=(28)
cfn=(1573)
calls=23 693 
* 747629 165238 83760 5428 9124 935 5384 8360 727 114362 5206 419 26
cfi=(28)
cfn=(1573)
calls=4 691 
* 101373 26769 11303 1126 929 170 1122 837 146 16587 1199 56 10

fn=(428)
282 3090 618 618 129 0 0 11 0 0 618
+1 618 618 0 0 147 0 0 6
fi=(52)
42 618
+1 1236 618
+1 1236 0 0 101 0 0 10 0 0 618 35
fi=(136) /usr/lib/go-1.19/src/runtime/lfstack_64bit.go
+8 1524
fi=(52)
-5 508
+1 508 508 0 0 500 0 0 199
fe=(29)
282 508
fi=(52)
49 3158 0 508 0 0 0 0 0 0 508 2
fe=(29)
283 1236 0 0 0 0 0 0 0 0 618 12
+1 2032 1016
+2 440 110 110 30 30 3 9 8 3
cfi=(12)
cfn=(72)
calls=110 1337 
* 19865 4807 4806 27 49 51 18 3 10 2869 122 110 31
* 440 220
cfn=(424)
calls=2 124 
* 28786263 6710349 4210296 1866 134509 1807 1513 127549 1592 4701712 38866 18120 34

fn=(429)
282 735 147 147 1 0 0 1 0 0 147
+1 147 147
fi=(52)
42 147
+1 294 147
+1 294 0 0 1 0 0 1 0 0 147 6
fi=(136)
+8 357
fi=(52)
-5 119
+1 119 119 0 0 31 0 0 26
fe=(29)
282 119
fi=(52)
49 742 0 119 0 0 0 0 0 0 119
fe=(29)
283 294 0 0 0 0 0 0 0 0 147
+1 476 238
+2 112 28 28 1 2 2 1 1
cfi=(12)
cfn=(73) runtime.persistentalloc'2
calls=28 1337 
* 1344 308 532 0 6 4 0 1 1 140 1 28 1
* 112 56
cfn=(425)
calls=28 124 
* 20677679 4718119 2829746 6800 117431 1508 6750 111247 1138 3350955 9004 505 37

fn=(142) runtime.(*spanSet).pop
141 440175 88035 88035 43 0 0 10 0 0 88035 1047
+4 88035 88035 0 0 7514 0 0 2455
+1 88035
317 88035
-10 176070 0 0 69 0 0 11
147 176070 0 0 0 0 0 0 0 0 88035 903
+6 79089 79089
+1 316356 0 0 0 0 0 0 0 0 79089 63
307 79089
168 158178
-1 79089
-18 35784 17892
+18 158178 0 0 25 0 0 11 0 0 79089
+1 79089
302 237267
141 79089
327 316356 0 79089
168 79089 0 0 0 0 0 0 0 0 79089 36
+15 79089 79089 0 0 211 0 0 107
-5 158178
+6 79089
fi=(22)
18 79089 0 0 23 0 0 11
fe=(29)
189 79089 79089 0 0 3034 0 0 296
+1 79089
-12 79089
+12 237267 79089 0 0 12648 0 0 9689
+1 237267 0 0 0 0 0 0 0 0 79089 11
+9 158178 79089 79089 0 0 0 0 0 0 79089 11
+14 395445 79089 79089 0 2468 0 0 3 0 158178 148
-23 146 0 146
+25 292 146 146 0 0 0 0 0 0 146
+3 146
+72 292 146 146 0 0 0 0 0 0 146 17
+1 292 0 146
cfi=(52)
cfn=(1206)
calls=146 25 
* 4380 730 584 86 113 0 19 1 0 438
-71 316502 158324 0 22 0 0 11

fl=(93) /usr/lib/go-1.19/src/runtime/runtime.go
fn=(998) os.runtime_args
61 15 2 3 2 1 0 2 0 0 2 1
cfi=(39) /usr/lib/go-1.19/src/runtime/slice.go
cfn=(286) runtime.growslice
calls=1 178 
* 382 80 44 3 0 0 0 0 0 60 4
* 9 3 3
cfi=(50) /usr/lib/go-1.19/src/runtime/mbarrier.go
cfn=(412) runtime.typedslicecopy
calls=1 247 
* 46 9 7 3 1 0 0 0 0 11 3
* 6 5 0 1 0 0 1

fn=(896) syscall.runtime_envs
55 15 2 3 2 1 0 2 0 0 2 1
cfi=(39)
cfn=(286)
calls=1 178 
* 2663 514 421 18 7 29 1 0 29 374 26 1
* 9 3 3
cfi=(50)
cfn=(412)
calls=1 247 
* 197 53 50 11 19 0 2 0 0 27 12
* 6 5 0 1 0 0 1

fl=(113) /usr/lib/go-1.19/src/internal/poll/fd_unix.go
fn=(966) internal/poll.(*FD).Init
54 18 3 6 1 0 0 1 0 0 3 1
+2 12 3 0 1 1 0 1 1 0 6
+1 3 0 3
-3 3
+5 3 0 0 0 0 0 0 0 0 3 2
+1 3 0 3 1 0 0 1
+1 15 6

fn=(1076) internal/poll.(*FD).Write
369 88 11 22 20 0 0 12 0 0 11
+4 11 0 11
+10 22 0 22
-4 11 0 11
-10 33 0 33 10 0 0 6
fi=(128) /usr/lib/go-1.19/src/internal/poll/fd_mutex.go
239 33 0 11
cfn=(1078) internal/poll.(*fdMutex).rwlock
calls=11 117 
* 462 55 77 35 9 0 24 5 0 77 26
* 22 0 0 0 0 0 0 0 0 11
fe=(113)
373 33 11
-3 33 0 0 10 0 0 6 0 0 11
+3 77 0 55 10 0 0 6
+1 33 11 11 0 9 0 0 5
fi=(129) /usr/lib/go-1.19/src/internal/poll/fd_poll_runtime.go
77 33 0 11
cfn=(1082) internal/poll.(*pollDesc).prepare
calls=11 -13 
* 154 44 11 30 0 0 18 0 0 22 7
fe=(113)
374 88 44 0 9 0 0 6 0 0 11
+6 66 11 0 10 0 0 6 0 0 22 4
-1 22 0 0 10 0 0 6
+4 44 0 0 0 0 0 0 0 0 22 6
-2 11 0 11
+2 143 11 44 7 0 0 6
793 22 0 0 1
385 22 11 0 0 1
-1 11 0 0 10 0 0 6
+3 33 11 0 0 1
-3 11 0 0 0 0 0 0 0 0 11 3
794 11 0 0 10 0 0 6
fi=(142) /usr/lib/go-1.19/src/syscall/syscall_unix.go
211 44 0 11 9 0 0 6
cfi=(119) /usr/lib/go-1.19/src/syscall/zsyscall_linux_amd64.go
cfn=(1084) syscall.write
calls=11 917 
* 3915 1078 897 369 42 24 212 7 5 506 60 1 1
fe=(113)
795 22 0 0 1 0 0 0 0 0 11 3
388 77 22 55 10 0 1 6 0 0 0 0 11 1
cfn=(1086) internal/poll.(*FD).Write.func1
calls=11 -15 
* 759 143 77 51 1 0 42 0 0 110 7
* 66 55 0 7 0 0 6

fn=(1086)
373 110 33 22 7 0 0 6 0 0 22
cfi=(128)
cfn=(1088) internal/poll.(*FD).writeUnlock
calls=11 248 
* 616 88 55 44 1 0 36 0 0 88 7
* 33 22

fl=(114) /usr/lib/go-1.19/src/runtime/mfinal.go
fn=(968) runtime.SetFinalizer
341 30 3 15 3 0 0 2 0 0 3
+1 6 3 0 0 0 0 0 0 0 3
+6 6 3
+1 6 0 0 1 0 0 1 0 0 3
+3 12 3 0 0 1 0 0 1 0 3
+4 9 3 0 0 0 0 0 0 0 3
-8 3 0 3
+13 12 0 3
cfi=(26) /usr/lib/go-1.19/src/runtime/mbitmap.go
cfn=(970) runtime.findObject
calls=3 +30 
* 135 30 6 5 0 0 5 0 0 18 4
+2 6 0 0 0 0 0 0 0 0 3 2
+25 12 3 0 2 0 0 1 0 0 3 2
+30 3 3 0 1 0 0 1
-21 3 3
+1 6 0 0 0 0 0 0 0 0 3
+8 12 3 0 2 1 0 1 1 0 3
-9 3 0 3
fi=(45) /usr/lib/go-1.19/src/runtime/type.go
-74 9 3 0 0 1 0 0 1
fe=(114)
+87 3 0 0 0 0 0 0 0 0 3
+3 6 3 0 0 0 0 0 0 0 3
fi=(45)
306 12 3 0 2 0 0 1 0 0 3 2
+1 3
fe=(114)
416 9 3 3
+2 6 0 0 0 0 0 0 0 0 3 2
fi=(45)
315 9 3 0 1 0 0 1 0 0 3 2
+1 3
+2 6 3
+1 6 3
fi=(22)
18 3
fi=(45)
319 36 0 0 1 0 0 1 0 0 3 1
fe=(114)
441 9 3
+1 3 3 0 0 1
fi=(22)
-29 12
fe=(114)
+29 3 3
-1 12 0 0 1 0 0 1 0 0 6 2
+3 3 0 3
+3 3 0 3
cfn=(976) runtime.createfing
calls=3 154 
* 3384 748 493 73 26 27 4 2 12 481 63 3 2
+2 27 0 18 2 0 0 2
fi=(22)
-36 9 3
fe=(114)
+36 24 6 15 1 0 0 1
cfi=(2) /usr/lib/go-1.19/src/runtime/asm_amd64.s
cfn=(74) runtime.systemstack.abi0
calls=3 +14 
* 1245 385 232 40 5 3 22 1 3 198 35 4 2
* 6 3
+5 9 6

fn=(976)
154 15 3 3 1 0 0 1 0 0 3
+2 13 3 1 1 0 0 1 0 0 4 2
+1 3 0 1
cfi=(10)
cfn=(456)
calls=1 4094 
* 3344 736 488 71 26 27 2 2 12 474 61 3 2
+2 9 6

fn=(980) runtime.SetFinalizer.func2
449 30 18 3 1 0 0 1 0 0 3
+1 9 6 3
cfi=(13) /usr/lib/go-1.19/src/runtime/mheap.go
cfn=(982) runtime.addfinalizer
calls=3 1860 
* 1086 310 199 38 5 3 20 1 3 180 32 1 1
* 6 0 0 0 0 0 0 0 0 3
+3 9 6 0 1 0 0 1

fn=(1196) runtime.runfinq
162 6 1 1 1 0 1 1 0 0 1 1
+7 1 0 1 0 0 1
+1 1
fi=(17)
48 1
fe=(114)
169 1
fi=(54)
22 1 0 1 0 0 1
cfi=(17)
cfn=(80)
calls=1 +29 
* 18 6 3 0 1 0 0 0 0 4
fe=(114)
171 5 2 1 1 0 0 1 0 0 1 1
+1 1
fi=(17)
-60 1
fi=(54)
-80 2 0 1
cfi=(17)
cfn=(94)
calls=1 +83 
* 24 8 3 0 0 0 0 0 0 7 1
* 2
fe=(114)
214 1 0 1
-12 1 0 1 1 0 1 1
fi=(17)
48 1
fi=(54)
-26 2 0 1
cfi=(17)
cfn=(80)
calls=1 +29 
* 18 6 3 0 0 0 0 0 0 4
fe=(114)
176 1 1
+1 1 0 1
+1 2 0 0 0 0 0 0 0 0 1 1
+1 1 0 1 1 0 0 1
+1 1
fi=(10)
369 6 0 1 1 0 0 1
cfn=(668) runtime.gopark
calls=1 -23 
* 50 12 15 5 2 4 0 0 0 5 3 1
fe=(114)

fl=(139) /usr/lib/go-1.19/src/runtime/trace.go
fn=(1594) runtime.traceEvent
578 170 17 102 34 0 0 16 0 0 17
+1 17 0 17
cfn=(1596) runtime.traceAcquireBuffer
calls=17 805 
* 323 119 34 34 0 0 16 0 0 34
+12 85 34 0 0 16 0 0 1 0 34 17
+1 34 0 17 17 0 0 8
cfn=(1598) runtime.traceReleaseBuffer
calls=17 815 
* 272 85 34 34 0 0 16 0 0 51 2
+1 51 34

fn=(1596)
805 85 17 17 17 0 0 8 0 0 17
fi=(5)
477 17 17
fe=(139)
806 17
fi=(5)
478 17 0 17
+1 51 17 0 17 0 0 8
fe=(139)
807 51 17 0 0 0 0 0 0 0 17
+1 85 51

fn=(1598)
815 85 17 17 17 0 0 8 0 0 17
+1 34 0 0 0 0 0 0 0 0 17 2
+3 17 17 0 17 0 0 8
fi=(5)
485 51 17 17
+1 34 0 0 0 0 0 0 0 0 17
fe=(139)
820 51 34

fl=(27) /usr/lib/go-1.19/src/runtime/mcentral.go
fn=(422) runtime.(*mcentral).uncacheSpan
194 9870 1974 1974 28 0 0 6 0 0 1974 19
+1 5922 1974 0 21 0 0 6 0 0 1974
+4 1974 1974
+1 5922 1974
+3 1974 0 0 0 0 0 0 0 0 1974 2
+7 202 101 101 0 0 0 0 0 0 101
-10 202
+10 101
+3 3746 1873 1873 0 0 0 0 0 0 1873 2
63 1873
217 1974 0 0 0 0 0 0 0 0 1974 16
+11 9365 3746 0 0 0 0 0 0 0 1873 2
75 11238 0 0 11 0 0 2
234 1873 0 1873 0 0 460
cfi=(29)
cfn=(424)
calls=1873 74 
* 92777 27510 17887 3615 1706 474 24 252 0 11988 87 16 9
* 1873
-9 101 0 101 14 0 2 4 0 1
+1 404 0 101 14 0 0 4
cfi=(28)
cfn=(1572)
calls=101 470 
* 101955 27088 9587 877 682 51 235 162 21 14835 893 88 28
+11 5922 3948 0 8 0 0 2

fn=(138) runtime.(*mcentral).cacheSpan
79 9885 1977 1977 33 0 2 6 0 2 1977 2
+2 1977 1977 0 0 578 0 0 25
fi=(13)
545 1977
fe=(27)
81 5931 0 0 0 0 0 0 0 0 1977
-2 1977 0 1977
+2 5931 1977 0 0 525 0 0 9
+1 3954 0 1977 39 0 27 8 0 21
cfi=(28)
cfn=(140) runtime.deductSweepCredit
calls=1977 808 
* 1709877 293804 153275 770 7901 1175 39 1212 125 197898 6112 622 64
+3 3954 1977 0 0 113 0 0 1 0 1977 10
+20 3954 0 3954 0 0 3 0 0 1
+3 1977 1977 0 0 12 0 0 5
-45 15816 1977 3954 30 0 1 8
+46 1977 0 1977
cfi=(29)
cfn=(142)
calls=1977 +32 
* 32850 8082 2064 116 349 0 24 39 0 4157 55
* 3954 0 0 0 0 0 0 0 0 1977 4
fi=(28)
+44 1977
fe=(27)
+21 29 0 29
-3 58 29 0 0 0 0 0 0 0 29 2
+3 1948 0 1948 0 0 1
-3 3896 1948 0 0 30 0 0 0 0 1948 17
+3 3954 3954 0 0 35 0 0 18
+1 9885 1977 0 45 4 0 8 4 0 3954 1
+3 1977
+1 1977
+2 1977 0 1977
cfi=(26)
cfn=(266) runtime.(*mspan).refillAllocCache
calls=1977 -27 
* 11862 5931 1977 22 902 0 5 153
+4 13839 5931 1977
+2 5931 3954 0 0 29
cfi=(24) /usr/lib/go-1.19/src/runtime/mcache.go
cfn=(136) runtime.(*mcache).refill
calls=2 -5 
* 37397 11758 4019 306 40 38 42 6 25 6844 441 10 2
fi=(28)
-33 1948 0 0 34 0 0 5
fi=(30) /usr/lib/go-1.19/src/runtime/internal/atomic/types.go
+8 1948 1948 0 0 441 0 0 5
fi=(28)
-7 7792 0 0 0 0 0 0 0 0 1948 18
+3 1208
-3 1208
fi=(30)
+42 6040 0 1208
fi=(28)
-39 1208 0 0 0 0 0 0 0 0 1208
+1 1208 1208
-4 1208
fe=(27)
-42 1208
fi=(28)
+43 740 740 0 22 0 0 3
fe=(27)
-43 1480 0 1480
+1 740 0 0 0 0 0 0 0 0 740 4
-1 2416 0 2416 11 0 0 2
+1 6040 2416 0 0 0 0 0 0 0 1208
+2 2428 6 0 0 0 0 0 0 0 1210
-59 4840 0 0 11 0 0 3 0 0 1210
+59 1210 0 1210
-59 3630
+60 2420 0 1210
cfi=(29)
cfn=(142)
calls=1210 +24 
* 19906 4918 1249 0 50 0 0 36 0 2511 1085
+1 2420 0 0 0 0 0 0 0 0 1210 17
-1 13 0 13
+4 39 0 13
cfi=(28)
cfn=(1638) runtime.(*sweepLocker).tryAcquire
calls=13 315 
* 287 78 24 2 13 0 1 8 0 50 2
* 39 0 13 1 0 0 1 0 0 13
+2 33 0 11
cfi=(28)
cfn=(1572)
calls=11 470 
* 11243 3512 379 16 58 18 14 40 14 1600 76
+1 44 22 11
cfi=(28)
cfn=(146) runtime.(*activeSweep).end
calls=11 +42 
* 308 55 22 0 0 0 0 0 0 55 12
* 11
+50 11 11
-49 11
-56 1197 1197 0 11 0 0 1
+67 1197 1197
-67 1197 1197 0 14 0 0 4
+50 1197
+17 17076 7341 0 0 0 0 0 0 0 3644 37
-67 14492 0 0 0 0 0 0 0 0 3623 17
+67 3623 0 3623
-67 10869
+68 7246 0 3623 13 0 0 4
cfi=(29)
cfn=(142)
calls=3623 +4 
* 160820 29190 10980 6 446 0 0 20 0 24385 76
+1 7246 0 0 0 0 0 0 0 0 3623 2
-1 2447 0 2447
+4 9788 0 2447
cfi=(28)
cfn=(1638)
calls=2447 315 
* 56281 14682 4894 2 2447 0 0 0 0 9788
* 7341 0 2447 0 0 0 0 0 0 2447 10
+2 7341 0 2447
cfi=(28)
cfn=(1572)
calls=2447 470 
* 434067 116279 68516 1 3628 144 0 0 0 78812 75
+2 4894 2447 2447 9 0 0 3
cfi=(26)
cfn=(134) runtime.(*mspan).nextFreeIndex
calls=2447 +26 
* 66069 14682 9788 4 0 0 0 0 0 12235 5
+1 7341 4894 0 0 0 0 0 0 0 2447
-71 9788 4894
+77 2447 0 2447
cfi=(29)
cfn=(424)
calls=2447 -78 
* 115294 34345 22068 0 317 0 0 289 0 14736 13
* 2447
+4 4788 2394 1197 11 0 0 2
cfi=(28)
cfn=(146)
calls=1197 +10 
* 33516 5985 2394 4 0 0 4 0 0 5985 9
+2 7748 1937 1937 13 0 0 2 0 0 1937 6
+6 3874 1937 1937 24 0 0 4
cfn=(148) runtime.(*mcentral).grow
calls=1937 +76 
* 10775864 1420777 1225379 22114 38915 80156 745 3676 67284 1817266 53369 15459 148
+1 3874 0 0 0 0 0 0 0 0 1937 4
+6 3874 1937 0 0 29

fn=(139) runtime.(*mcentral).cacheSpan'2
79 5 1 1 0 0 0 0 0 0 1
+2 1 1
fi=(13)
545 1
fe=(27)
81 3 0 0 0 0 0 0 0 0 1
-2 1 0 1
+2 3 1
+1 2 0 1 1 0 1 0 0 1
cfi=(28)
cfn=(140)
calls=1 808 
* 13 4 1 0 0 0 0 0 0 3
+3 2 1 0 0 0 0 0 0 0 1
+20 2 0 2
+3 1 1
-45 8 1 2
+46 1 0 1
cfi=(29)
cfn=(142)
calls=1 +32 
* 16 4 1 1 0 0 0 0 0 2
* 2 0 0 0 0 0 0 0 0 1
fi=(28)
+44 1
fe=(27)
+21 1 0 1
-3 2 1 0 0 0 0 0 0 0 1 1
+3 2 2
+1 5 1 0 0 0 0 0 0 0 2
+3 1
+1 1
+2 1 0 1
cfi=(26)
cfn=(266)
calls=1 -27 
* 6 3 1 0 1 0 0 1
+4 7 3 1
+2 3 2
cfi=(24)
cfn=(137) runtime.(*mcache).refill'2
calls=1 -5 
* 9053 2859 985 72 3 4 0 2 1 1639 106 3
fi=(28)
-33 1
fi=(30)
+8 1 1
fi=(28)
-7 4 0 0 0 0 0 0 0 0 1
+1 1 1
fe=(27)
-43 2 0 2
+1 1 0 0 0 0 0 0 0 0 1
+44 4 1 1 0 0 0 0 0 0 1
+6 2 1 1
cfn=(149) runtime.(*mcentral).grow'2
calls=1 +76 
* 68 15 23 4 1 4 0 0 3 7 0 1 1
+1 2 0 0 0 0 0 0 0 0 1
+6 2 1

fn=(148)
240 9685 1937 1937 18 0 0 4 0 0 1937
+1 1937 1937
fi=(13)
545 3874
fe=(27)
241 11622 1937 1937 27 0 4 5 0 3 1937
+1 5811 1937 1937 0 1
+2 5811 0 1937 0 0 404 0 0 4
cfi=(13)
cfn=(150) runtime.(*mheap).alloc
calls=1937 907 
* 9994543 1349276 796492 21588 38511 22094 681 3676 13555 1414026 50141 15459 148
* 1937
+1 3874 0 0 31 0 0 5 0 0 1937
+6 3874 1937 0 0 31
fi=(26)
-9 5811 1937
fe=(27)
+10 7748 3874 1937 0 0 4
fi=(26)
+74 3874 1937
fi=(13)
470 1937 1937
fi=(26)
325 1937
fi=(13)
565 5811 0 0 31 0 0 5
fi=(26)
326 7748 1937 0 0 0 0 0 0 0 1937
+4 3874 0 0 0 0 0 0 0 0 1937
+5 7748
+1 3874
+2 1937 0 0 27 0 0 4
fe=(27)
-85 1937
-9 1937 0 1937
+9 11622 0 1937
cfi=(26)
cfn=(258) runtime.heapBits.initSpan
calls=1937 774 
* 657707 44445 415408 405 371 57660 41 0 53732 393597 3231
+1 7748 5811 0 0 1
cfn=(138)
calls=2 -89 
* 37463 11784 4027 306 42 38 42 8 25 6852 441 10 2

fn=(149)
240 5 1 1 1 0 0 0 0 0 1
+1 1 1
fi=(13)
545 2
fe=(27)
241 6 1 1 1 0 1 0 0 1 1
+1 3 1 1
+2 3 0 1
cfi=(13)
cfn=(151) runtime.(*mheap).alloc'2
calls=1 907 
* 48 11 19 2 1 3 0 0 2 5 0 1 1
* 1
+1 2 0 0 1 0 0 0 0 0 1
+6 2 1
fi=(26)
-9 3 1
fe=(27)
+10 4 2 1
fi=(26)
+74 2 1
fi=(13)
470 1 1
fi=(26)
325 1
fi=(13)
565 3 0 0 1
fi=(26)
326 4 1 0 0 0 0 0 0 0 1
+4 2 0 0 0 0 0 0 0 0 1
+5 4
+1 2
+2 1 0 0 1
fe=(27)
-85 1
-9 1 0 1
+9 6 0 1
cfi=(26)
cfn=(258)
calls=1 774 
* 133 21 37 3 0 5 0 0 5 18 3
+1 4 3
cfn=(139)
calls=1 -89 
* 9086 2872 989 72 4 4 0 3 1 1643 107 3

fl=(52)
fn=(1206)
25 7665 1533 1533 80 0 0 13 0 0 1533 307
+1 4599 1533 1533 78 0 0 14
+1 1533
fi=(136)
+18 7665
+7 4599
fe=(52)
-24 3066 0 0 0 0 0 0 0 0 1533 82
+5 1533 1533 0 0 114 0 0 1
+1 1533 0 1533
-9 1533
+10 7665 0 1533 44 0 0 11 0 0 1533
+4 4599 3066

fn=(1344) runtime.lfnodeValidate
61 1440 288 288 18 0 0 9 0 0 288
+1 288
fi=(136)
-17 576
+7 576
fe=(52)
+10 576 0 0 0 0 0 0 0 0 288 14
+5 864 576

fl=(61) /usr/lib/go-1.19/src/runtime/rwmutex.go
fn=(588) runtime.(*rwmutex).rlock
33 60 12 12 3 0 0 2 0 0 12
fi=(5)
477 12 12
fe=(61)
38 12
fi=(5)
478 12 0 12
+1 24 12 0 2 0 0 2
fe=(61)
39 60 12 12 0 4 0 0 4 0 24 4
+20 36 24 0 3 0 0 2

fn=(592) runtime.(*rwmutex).runlock
62 60 12 12 3 0 0 2 0 0 12
+1 60 12 12 0 0 0 0 0 0 24 7
+15 12 12 0 3 0 0 2
fi=(5)
485 36 12 12 3 0 0 2
+1 24 0 0 0 0 0 0 0 0 12 5
fe=(61)
79 36 24

fl=(84) /usr/lib/go-1.19/src/runtime/map_faststr.go
fn=(856) runtime.mapassign_faststr
203 1708 244 732 1 0 0 1 0 0 244
+1 488 0 0 0 0 0 0 0 0 244
-1 488 0 488
+8 976 244 0 1 0 0 1 0 0 244 8
+4 1464 732 244 0 2 0 0 2 0 0 0 244 1
cfi=(2)
cfn=(858) runtime.strhash
calls=244 1116 
* 6903 1733 0 8 61 0 5 55 0 973 50
* 244 0 244
+3 976 488 244 1 0 0 1
+2 488 244 0 0 0 0 0 0 0 244 10
+1 6 6
fi=(12)
1202 9 3 3 0 1 0 0 1
cfn=(126) runtime.mallocgc
calls=3 842 
* 2762 588 434 15 15 20 0 2 16 392 35 1
fe=(84)
221 15 6 3 0 0 0 0 0 0 3
+4 735 491 0 2 0 0 2
fi=(82) /usr/lib/go-1.19/src/runtime/map.go
-39 488
+5 244
fe=(84)
+34 244
fi=(82)
1106 244 244
fe=(84)
226 244 0 0 0 0 0 0 0 0 244 8
+3 488 244 0 1 0 0 1
fi=(22)
18 244 244
fi=(82)
196 488
+1 488 0 0 0 0 0 0 0 0 244 14
+1 8
fe=(84)
+32 32 0 8
+8 8
-8 944 0 236
+8 236
+44 1
fi=(82)
1106 1 1
fe=(84)
275 1 0 0 0 0 0 0 0 0 1
fi=(82)
1106 243 243
fe=(84)
275 1219 488 0 0 0 0 0 0 0 243
fi=(82)
1086 488 0 0 1 0 0 1 0 0 244 13
fe=(84)
264 203
fi=(82)
-78 609
1086 812
fe=(84)
275 406 0 0 0 0 0 0 0 0 203
+7 41
fi=(82)
1097 41
fe=(84)
275 41 41
fi=(82)
1097 82 0 0 0 0 0 0 0 0 41 1
fe=(84)
275 203 203
fi=(82)
1097 406 0 0 0 0 0 0 0 0 203 3
+4 976
fe=(84)
275 488 0 0 0 0 0 0 0 0 244
-11 3 0 1
-26 1
+26 488 0 244 1 0 0 1
-26 244
fi=(82)
-29 2 2
fi=(22)
18 6
fi=(82)
209 4 2
fe=(84)
+56 5 0 0 0 0 0 0 0 0 2 1
-27 2128 0 0 1 0 0 1 0 0 791 4
+1 3943 789 0 0 0 0 0 0 0 789 2
fi=(82)
112 787
fe=(84)
240 1273 0 0 0 0 0 0 0 0 1030 262
+40 243
+5 243
-41 1817 0 0 0 0 0 0 0 0 787 11
+5 4 0 0 1 0 0 1
fi=(22)
18 6
fe=(84)
250 6 4 0 0 0 0 0 0 0 2 1
+3 8 4 0 0 0 0 0 0 0 2 1
-15 2 0 2
fi=(22)
18 2 0 2 1 0 0 1
fe=(84)
285 2 0 2
-5 2 0 2
-27 6 0 2
cfi=(49) /usr/lib/go-1.19/src/internal/bytealg/equal_amd64.s
cfn=(382) runtime.memequal
calls=2 13 
* 41 6 0 4 0 0 0 0 0 9 5
* 2
+40 2 2
+1 2 2
-69 2 2
+55 2 2
+5 2 2
-24 2 2
-23 2 2
+1 2 2 0 1 0 0 1
+14 2
-14 2 2
+14 4 0 0 0 0 0 0 0 0 2
-14 2
-1 2
+16 2
+26 488 0 0 1 0 0 1 0 0 244 2
+2 4 0 1
cfi=(82)
cfn=(868) runtime.(*hmap).newoverflow
calls=1 -36 
* 52 14 7 7 0 0 7 0 0 8 2
+11 1 1
-3 1 1
-5 7 1 1
+2 2
fi=(22)
18 3
fe=(84)
289 5 3 1 0 0 0 0 0 0 1
-4 972 0 243
+2 486
fi=(22)
18 729 0 0 1 0 0 1
fe=(84)
289 1703 729 487 0 0 0 0 0 0 243
+1 244 0 244
+3 976 244
+1 244 244 0 1 0 0 1
fi=(22)
18 488
fe=(84)
294 488 0 0 0 0 0 0 0 0 244 5
+3 732 244 244
+1 732 488 0 1 0 0 1

fl=(135) /usr/lib/go-1.19/src/runtime/mgcwork.go
fn=(1334) runtime.(*gcWork).tryGet
203 17382 2897 5794 44 0 0 9 0 0 2897
+1 2897 2897
+1 5794 0 0 36 0 0 9 0 0 2897 12
+1 16 0 16
cfn=(1336) runtime.(*gcWork).init
calls=16 99 
* 52367 10626 7189 1173 287 335 220 15 153 6029 588 55 12
+1 32 32
+4 16
-1 5794 2897 0 0 0 0 0 0 0 2897 2
+1 11524 5762 5762
+2 5762 2881 0 0 50 0 0 0 0 2881 1
-2 2881 0 2881 0 0 3
+4 2881 0 2881
cfn=(1350) runtime.trygetfull
calls=2881 426 
* 48826 12154 3301 984 20 0 0 0 0 8958 123
* 2881
+1 5762 0 0 36 0 0 9 0 0 2881 63
-1 105 0 105
+4 210 105 105
cfn=(1346) runtime.putempty
calls=105 407 
* 5670 1470 945 12 0 0 0 0 0 630 18
+1 420 210 105
-3 11104 5552
+7 484 121 121
+1 726 363 0 22 35 0 9 0 0 121

fn=(1338) runtime.getempty
351 2415 483 483 18 0 4 9 0 0 483 49
+2 966 483 0 0 2 0 0 0 0 483 4
fi=(52)
42 483
fe=(135)
363 984 0 18 0 0 0 0 0 0 483 2
+2 18 0 18
+1 36 18 0 18 18 0 9 7 0 18 7
+1 4
fi=(17)
48 4
fi=(54)
-26 8 0 4
cfi=(17)
cfn=(80)
calls=4 +29 
* 72 24 12 0 0 0 0 0 0 16
fe=(135)
368 8 4 4
+1 8 0 0 0 0 0 0 0 0 4
+1 8 0 4
cfi=(13)
cfn=(682) runtime.(*mSpanList).remove
calls=4 1631 
* 96 32 20 12 4 0 9 0 0 16 4
+1 12 4 4 4 0 0 3
cfi=(13)
cfn=(490) runtime.(*mSpanList).insert
calls=4 1656 
* 104 32 24 12 0 0 9 0 0 20 8
+2 4
fi=(17)
112 4
fi=(54)
-80 8 0 4
cfi=(17)
cfn=(94)
calls=4 +83 
* 96 32 12 0 0 0 0 0 0 28
fe=(135)
400 4 4
-25 54 18 0 14 0 0 6 0 0 18 2
+1 112 0 70 14 0 0 7
cfi=(2)
cfn=(75) runtime.systemstack.abi0'2
calls=14 +87 
* 31315 4405 2739 1020 285 86 244 29 27 3455 533 57 14
* 28 14
+3 42 14 0 0 0 0 0 0 0 14
+4 14
fi=(17)
48 14
fi=(54)
-26 28 0 14
cfi=(17)
cfn=(80)
calls=14 +29 
* 252 84 42 0 0 0 0 0 0 56
fe=(135)
384 42 14 14 14 0 0 6
cfi=(13)
cfn=(490)
calls=14 1656 
* 364 112 84 41 0 0 18 0 0 70 14
+1 14
fi=(17)
112 14
fi=(54)
-80 28 0 14
cfi=(17)
cfn=(94)
calls=14 +83 
* 332 110 42 0 0 0 0 0 0 96
fe=(135)
400 14 14
-10 36 0 0 4 0 0 3
+10 1449 966 0 0 16
-11 1782 288 576 18 0 0 9 0 0 306 21
+11 288 0 288
-10 288 288
fi=(13)
+80 288 288 0 0 2 0 0 1
fe=(135)
-80 576 0 288
fi=(13)
+80 288 288
fe=(135)
-79 288 0 288 0 0 288 0 0 165
+1 288 0 288
cfi=(52)
cfn=(1344)
calls=288 61 
* 4320 864 288 18 0 0 9 0 0 576 14
+1 864 288 0 0 0 0 0 0 0 288 64
+7 18 18
-6 18
+2 540 270 270 18 0 0 9
cfn=(1346)
calls=270 +11 
* 14580 3780 2430 66 0 0 30 0 0 1620 36
+4 270 270
-4 270
fi=(52)
43 465 465 0 11
+1 930 0 0 0 0 0 0 0 0 465 3
fi=(136)
+8 1395
fi=(52)
-5 465
+1 465 465 0 0 68
fi=(136)
+4 465
fi=(52)
-3 3255 0 465 29 0 0 9 0 0 465
fe=(135)
355 930 0 0 0 0 0 0 0 0 465 18
-1 465 0 465
+2 930 0 465 0 0 4
cfn=(1348) runtime.(*workbuf).checkempty
calls=465 -15 
* 4650 1860 465 0 0 0 0 0 0 930
+7 930 465
-2 465

fn=(1346)
407 4518 753 1506 19 0 0 3 0 0 753 12
+1 753 0 753
cfn=(1348)
calls=753 -67 
* 7530 3012 753 36 0 0 18 0 0 1506 1
+1 3012 1506 753 35 0 0 9
cfi=(52)
cfn=(1206)
calls=753 25 
* 22590 3765 3012 34 0 0 0 0 0 2259 382
+1 2259 1506

fn=(1374) runtime.handoff
436 630 105 210 34 0 0 9 0 0 105 2
+2 210 0 105
cfn=(1338)
calls=105 -87 
* 4935 1155 525 0 16 8 0 0 0 840 53
+1 630 210
+1 210 0 105 33 0 0 9
+1 105 0 105
+1 315 105 0 0 0 0 0 0 0 105
-4 105 0 105
+4 735 0 105
cfi=(31) /usr/lib/go-1.19/src/runtime/memmove_amd64.s
cfn=(170) runtime.memmove
calls=105 39 
* 3772 867 760 177 93 92 66 0 48 993 95
+3 210 105 105
cfn=(1376) runtime.putfull
calls=105 -28 
* 5670 1470 945 51 0 0 18 0 0 630 75
+1 420 315 0 50 0 0 9

fn=(1376)
417 630 105 210 22 0 0 9 0 0 105
+1 105 0 105
cfn=(1378) runtime.(*workbuf).checknonempty
calls=105 -83 
* 1050 420 105 18 0 0 9 0 0 210 74
+1 420 210 105
cfi=(52)
cfn=(1206)
calls=105 25 
* 3150 525 420 11 0 0 0 0 0 315 1
+1 315 210

fn=(1792) runtime.(*gcWork).put
112 10 2 2 2 0 0 2 0 0 2
+23 2 0 2
-23 2 0 2
+2 2 2
+5 4 0 0 0 0 0 0 0 0 2 2
+1 2 0 2 2 0 0 2
cfn=(1336)
calls=2 -21 
* 7506 1383 922 226 38 39 215 22 39 860 125 2 2
+1 4 4
+14 12 4 2 0 0 0 0 0 0 2
+1 2 0 2
+6 4 0 0 0 0 0 0 0 0 2 2
+3 6 4 0 2 0 0 2

fn=(1464) runtime.(*gcWork).dispose
250 4240 848 848 32 0 0 11 0 0 848
+1 3392 848 0 0 0 0 0 0 0 848 54
-1 18 0 18
+2 36 18 0 0 0 0 0 0 0 18 3
+1 36 0 18
cfn=(1346)
calls=18 407 
* 972 252 162 0 0 0 0 0 0 108 16
+5 36 18
-5 18 0 0 18 0 0 9
+5 18 0 18
+2 18 18
+1 36 18 0 0 0 0 0 0 0 18 17
+1 18 0 18
cfn=(1346)
calls=18 407 
* 972 252 162 0 0 0 0 0 0 108
+5 18 18
-5 18
+5 36 0 18
+2 3374 848 0 24 0 0 10 0 0 848 8
+5 46 23 23 0 0 0 0 0 0 23
+1 23 0 23
+2 2544 848 0 0 0 0 0 0 0 848 22
+4 2544 1696 0 26 0 0 10

fn=(1336)
99 108 18 36 18 0 0 9 0 0 18
+1 18 0 18
cfn=(1338)
calls=18 351 
* 58415 11649 7877 1291 325 374 380 37 192 6655 707 57 14
* 36 18 18 18 0 0 10
+1 18 0 18
cfn=(1350)
calls=18 426 
* 288 72 18 54 0 0 27 0 0 54 3
+1 36 0 0 0 0 0 0 0 0 18
+1 18 0 18
cfn=(1338)
calls=18 351 
* 846 198 90 18 0 0 9 0 0 144 3
+2 36 18 18
+1 54 36

fn=(1378)
335 1050 210 210 18 0 0 9 0 0 210 2
+1 420 210 0 0 0 0 0 0 0 210 74
+3 630 420

fn=(1606) runtime.prepareFreeWorkbufs
452 85 17 17 17 0 0 8 0 0 17
fi=(17)
48 17
fe=(135)
453 17
fi=(54)
22 17 0 17
cfi=(17)
cfn=(80)
calls=17 +29 
* 306 102 51 0 12 0 0 1 0 68
fe=(135)
454 34 17 0 0 0 0 0 0 0 17
+6 17 0 17
fi=(13)
1653 34 17 0 17 0 0 8
+41 17 0 0 0 0 0 0 0 0 17 2
fe=(135)
462 17
fi=(17)
112 17
fi=(54)
-80 34 0 17
cfi=(17)
cfn=(94)
calls=17 +83 
* 374 119 51 0 0 0 0 0 0 102
fe=(135)
463 51 34
fi=(13)
1700 34 0 17 0 0 17 0 0 1
-1 85 17 0 0 4 0 0 1 0 34 2
-46 51 17 0 17 0 0 8
+51 17 0 0 0 0 0 0 0 0 17 2
+1 68 34 34 17 0 0 8
+8 17 0 17
fe=(135)
461 17

fn=(1656) runtime.freeSomeWbufs
467 35 7 7 7 0 0 3 0 0 7
+7 7 0 7
fi=(17)
48 7
fe=(135)
469 7
fi=(54)
22 7 0 7
cfi=(17)
cfn=(80)
calls=7 +29 
* 126 42 21 0 7 0 0 1 0 28 2
fe=(135)
470 14 7 0 0 0 0 0 0 0 7 6
fi=(13)
1653 5 5
fe=(135)
470 5 0 0 0 0 0 0 0 0 5 2
+1 2
fi=(17)
112 2
fi=(54)
-80 4 0 2 2 0 0 2
cfi=(17)
cfn=(94)
calls=2 +83 
* 48 16 6 0 0 0 0 0 0 14 1
fe=(135)
472 8 4
+2 45 5 30 10 0 0 3
cfi=(2)
cfn=(74)
calls=5 -11 
* 140 50 35 4 9 4 4 1 0 20 2 5 5
* 10 5
+12 5
fi=(17)
112 5
fi=(13)
1653 10 5 5
fi=(54)
32 10 0 5
cfi=(17)
cfn=(94)
calls=5 +83 
* 120 40 15 0 0 0 0 0 0 35 6
fi=(13)
1653 10 5
fe=(135)
485 5
+2 15 10
cfi=(28)
cfn=(720) runtime.bgsweep
calls=5 285 
* 55608031639 24457386478 3802489608 37530 411362538 84727957 3935 246647867 84645688 7924352417 1142503 298078 343

fn=(1657) runtime.freeSomeWbufs'2
467 156310257 31262052 31262051 12 0 0 6 0 0 31262052 2
+7 31262051 0 31262051
fi=(17)
48 31262051
fe=(135)
469 31262051
fi=(54)
22 31262051 0 31262051 0 0 1
cfi=(17)
cfn=(80)
calls=31262051 +29 
* 562716918 187572306 93786153 0 11 0 0 4 0 125048204 2
fe=(135)
470 62524102 31262051 0 0 0 0 0 0 0 31262051 8
fi=(13)
1653 31262048 31262048
fe=(135)
470 31262048 0 0 0 0 0 0 0 0 31262048 4
+1 31262043
fi=(17)
112 31262043
fi=(54)
-80 62524086 0 31262043 3 0 0 2
cfi=(17)
cfn=(94)
calls=31262043 +83 
* 750289032 250096344 93786129 0 0 0 0 0 0 218834301 5
fe=(135)
472 125048172 62524086
cfi=(28)
cfn=(721) runtime.bgsweep'2
calls=1 285 
* 137 38 36 9 5 2 0 0 2 13 4 1
+2 72 8 48 16 0 0 9
cfi=(2)
cfn=(75)
calls=8 -11 
* 224 80 56 0 10 4 0 2 2 32 8 8 8
* 16 8
+12 8
fi=(17)
112 8
fi=(13)
1653 16 8 8
fi=(54)
32 16 0 8
cfi=(17)
cfn=(94)
calls=8 +83 
* 192 64 24 0 0 0 0 0 0 56 8
fi=(13)
1653 16 8
fe=(135)
485 8
+2 24 16
cfi=(28)
cfn=(721)
calls=8 285 
* 4948362593 1341697432 830478277 6248 512892 9699 3908 486632 8442 989183250 267753 73758 95
-20 2 0 2 1
cfi=(2)
cfn=(782) runtime.morestack_noctxt.abi0
calls=1 576 
* 26 11 9 3 4 2 0 0 0 2

fn=(1330) runtime.(*gcWork).balance
287 8530 1706 1706 18 21 0 9 0 0 1706 23
+1 6824 1706 0 0 0 0 0 0 0 1706 166
-1 1690 0 1690
+4 5070 3380 0 0 57 0 0 0 0 1690 2
+4 3380 1690 0 0 57 0 0 0 0 1690 119
+1 315 0 105 18 0 4 9
cfn=(1374)
calls=105 436 
* 17947 4332 3070 345 109 100 111 0 48 2673 225
* 210 105 105
+1 105 0 105
+5 105
-3 4755 3170
+3 210 105 0 2 4 0 2 0 0 105
+1 210 0 105
cfi=(34) /usr/lib/go-1.19/src/runtime/mgcpacer.go
cfn=(1380) runtime.(*gcControllerState).enlistWorker
calls=105 770 
* 20615 4515 735 158 462 0 58 0 0 2835 485
+2 315 210
-16 48 32 0 16 0 0 7

fn=(1348)
341 6090 1218 1218 18 0 0 9 0 0 1218
+1 2436 1218 0 0 0 0 0 0 0 1218 1
+3 3654 2436 0 18 0 0 9

fn=(1364) runtime.(*gcWork).putBatch
166 16408 2344 4688 53 100 0 12 0 0 2344
+1 4688 0 0 137 0 0 11 0 0 2344 99
-1 16 0 16
+6 16 16
+1 32 0 0 0 0 0 0 0 0 16 2
+19 32 0 0 16 0 0 7
-24 6984 4656 0 122 0 0 4
+20 128
-10 128 0 48 16 0 0 7 0 0 32 7
+1 16
+7 208 0 0 0 0 0 0 0 0 32 8
-7 16 0 16
+7 16 0 16 16 0 0 7
+5 16 0 16
-5 64 0 16
cfi=(31)
cfn=(170)
calls=16 39 
* 256 32 16 32 0 0 8 0 0 96 25
-5 16 16
+7 16 16
-1 16 16
+1 16 16
+3 16 16
-3 16 16
-1 48 16 16
+1 32 0 0 16 0 0 7 0 0 16 16
+3 32 0 0 0 0 0 0 0 0 16 2
+3 48 32
-15 64 16 0 16 0 0 7 0 0 16

fn=(1342) runtime.getempty.func1
376 98 28 28 14 0 0 7 0 0 14
+1 56 0 14
cfi=(13)
cfn=(334) runtime.(*mheap).allocManual
calls=14 940 
* 30937 4251 2683 992 285 86 231 29 27 3413 529 43
* 28 14 14
+1 42 28 0 14 0 0 6

fn=(1350)
426 14495 2899 2899 371 0 0 9 0 0 2899 1
+1 5798 2899
fi=(52)
44 5798 0 0 312 0 0 9 0 0 2899 117
fi=(136)
+8 315
fi=(52)
-5 105
+1 105 105 0 0 20
fi=(136)
+4 105
fi=(52)
-3 3529 0 105 0 0 0 0 0 0 105
fe=(135)
428 5798 0 0 0 0 0 0 0 0 2899 6
-1 105 0 105
+2 315 0 105 18
cfn=(1378)
calls=105 -94 
* 1050 420 105 0 0 0 0 0 0 210 2
+1 420 315
+2 11176 5588 0 337 0 0 9

fl=(33) /usr/lib/go-1.19/src/runtime/memclr_amd64.s
fn=(264) runtime.memclrNoHeapPointers
18 53802 0 0 42 0 0 10
+1 53802
+5 53802
+1 53802 0 0 0 0 0 0 0 0 53802 16
-1 45979
+1 45979 0 0 0 0 0 0 0 0 45979 2
+1 53802
+1 53802 0 0 0 0 0 0 0 0 53802 76
+1 53798
+1 53798 0 0 0 0 0 0 0 0 53798 132
+1 53789
+1 53789 0 0 0 0 0 0 0 0 53789 6
+1 53787 0 0 0 0 0 0 0 0 53787 53
+1 53771
+1 53771 0 0 0 0 0 0 0 0 53771 34
+1 53734 0 0 29 0 0 5
+1 53734 0 0 0 0 0 0 0 0 53734 6
+1 53728
+1 53728 0 0 0 0 0 0 0 0 53728 25
+1 53699
+1 53699 0 0 0 0 0 0 0 0 53699 6
+1 53694
+1 53694 0 0 0 0 0 0 0 0 53694 55
+2 53613 53613 0 0 7059 0 0 8
+1 53613 0 0 0 0 0 0 0 0 53613
+6 53613
+1 53613 0 0 53 0 0 12 0 0 53613 2153
+4 7634 7634
+1 7634 0 0 0 0 0 0 0 0 7634 4
+28 7634 0 0 84 0 0 14
+4 7634
+1 7634 0 0 0 0 0 0 0 0 7634
+3 100586 0 100586 0 0 100586 0 0 98751
+1 100586 0 100586
+1 100586 0 100586 0 0 100586 0 0 98752
+1 100586 0 100586 15 0 0 2
+1 100586
+1 100586
+1 100586
+1 100586 0 0 0 0 0 0 0 0 100586 7190
+1 7634 0 7634
+1 7634 0 7634
+1 7634 0 7634
+1 7634 0 7634
+1 7634
+1 7634 7634
+4 45979 45979 0 32 0 0 4
+1 45979 0 0 149 0 0 10 0 0 45979
+3 45979
+4 45979
+1 45979 0 0 0 0 0 0 0 0 45979
+5 45979
+1 45979
+1 45979
+1 86766475 0 86720496 0 0 10840046 0 0 10612032 86766475 46152
+1 45979
+32 4 0 4 4 0 0 4
+1 4 0 4
+1 4 4
+2 45979 45979 0 1527 4990 0 3
+2 9 0 9 1 0 0 1
+1 9 0 9
+1 9 9
+2 2 0 2 0 0 1 0 0 1
+1 2 0 2
+1 2 2
+3 16 0 16 8 0 14 5 0 10
+1 16 16
+2 37 0 37 0 0 13 0 0 11
+1 37 0 37
+1 37 37
+2 6 0 6 0 0 6 0 0 4
+1 6 0 6
+1 6 6
+2 29 0 29 4 0 24 0 0 24
+1 29 0 29 0 0 2 0 0 2
+1 29 0 29 1
+1 29 0 29 0 0 2 0 0 2
+1 29 29
+2 5 0 5 1 0 4 1 0 4
+1 5 0 5
+1 5 0 5 0 0 2 0 0 2
+1 5 0 5
+1 5 0 5
+1 5 0 5
+1 5 0 5 0 0 3 0 0 3
+1 5 0 5
+1 5 5
+2 81 0 81 15 0 78 7 0 77
+1 81 0 81 0 0 6 0 0 5
+1 81 0 81 0 0 1 0 0 1
+1 81 0 81 0 0 1 0 0 1
+1 81 0 81 0 0 73 0 0 73
+1 81 0 81 0 0 6 0 0 5
+1 81 0 81 0 0 1 0 0 1
+1 81 0 81 0 0 1 0 0 1
+1 81 0 81 0 0 72 0 0 72
+1 81 0 81
+1 81 0 81 14 0 0 7
+1 81 0 81 0 0 1 0 0 1
+1 81 0 81 0 0 78 0 0 77
+1 81 0 81 0 0 1 0 0 1
+1 81 0 81 0 0 1 0 0 1
+1 81 0 81 0 0 1 0 0 1
+1 81 81

fl=(111)
fn=(954)
37 45 0 15 10 0 0 5
+1 15 0 15
cfi=(112) /usr/lib/go-1.19/src/runtime/internal/syscall/asm_linux_amd64.s
cfn=(956) runtime/internal/syscall.Syscall6
calls=15 -8 
* 150 15 0 13 1 0 6 0 0 15 3
* 45 30 0 1 1

fl=(110) /usr/lib/go-1.19/src/internal/syscall/unix/nonblocking.go
fn=(944) internal/syscall/unix.IsNonblock
15 15 3 3 2 0 0 1 0 0 3
+1 18 3 3 1 1 0 1
cfi=(94)
cfn=(946)
calls=3 +51 
* 930 263 220 47 5 1 30 0 0 124 49
+1 6 0 0 0 0 0 0 0 0 3 3
+3 21 6 0 2 0 0 1

fl=(43) /usr/lib/go-1.19/src/runtime/time_nofake.go
fn=(1486) runtime.(*scavengerState).init.func2
19 15 10 0 5 0 0 3
fi=(69) /usr/lib/go-1.19/src/runtime/mgcscavenge.go
361 15 5 0 0 0 0 0 0 0 5 3
+3 25 15
cfn=(1478) runtime.(*scavengerState).run
calls=5 566 
* 55607819107 24457330797 3802465609 34775 411360919 84727673 2861 246646965 84645538 7924318458 1140124 297895 305
fe=(43)

fn=(1487) runtime.(*scavengerState).init.func2'2
19 39 26
fi=(69)
361 39 13 0 0 0 0 0 0 0 13
+3 65 39
cfn=(1479) runtime.(*scavengerState).run'2
calls=13 566 
* 38842695272 10574182858 6546155496 16750 1152851 28063 8446 1083685 24367 7801744592 796859 243393 287
fe=(43)

fn=(906) runtime.nanotime
18 57 0 19 10 0 0 6
+1 19 0 19
cfi=(3)
cfn=(304) runtime.nanotime1.abi0
calls=19 228 
* 760 266 152 9 97 18 1 37 10 38 6
* 114 76 0 10 13 0 6 5

fn=(1778) runtime.forcegchelper
fi=(12)
1339 10 5 2 0 0 0 0 0 0 1
+1 1 0 1
cfn=(78) runtime.persistentalloc1
calls=1 +9 
* 222 51 48 11 5 1 11 5 1 31 4
* 2 1 1
+1 4 2
cfi=(2)
cfn=(75)
calls=1 496 
* 19828851 4525932 2734680 253 107337 403 251 102009 265 3219988 2627 31 1
fe=(43)
19 3 2
fi=(10)
308 4 0 1
cfi=(35) /usr/lib/go-1.19/src/runtime/mgc.go
cfn=(1178) runtime.gcStart
calls=1 579 
* 586 129 96 25 17 11 25 17 11 96 16 1 1
fe=(43)

fn=(1706) runtime.(*scavengerState).sleep
19 4 2
fi=(69)
464 4 4
fe=(43)
19 4 2 2
fi=(69)
464 4 2
fi=(70) /usr/lib/go-1.19/src/runtime/time.go
235 2
554 22 10 2 2 2 0 2
cfn=(1708) runtime.modtimer
calls=2 438 
* 1757 503 326 149 31 15 55 5 5 242 66 2 1
fi=(69)
-87 2 1 1
+1 1
fi=(10)
-99 6 0 1 1 0 0 1
cfn=(669) runtime.gopark'2
calls=1 -23 
* 100 31 30 4 3 0 0 0 0 7 2 1
fe=(43)
19 3 0 3 3 0 0 1
cfi=(3)
cfn=(304)
calls=3 228 
* 72 24 15 0 3 0 0 0 0 6 2
* 6 3
fi=(69)
473 3
fe=(43)
19 6 3 3 0 0 3 0 0 1
fi=(17)
+29 3
fi=(54)
-26 6 3 3 0 3
cfi=(17)
cfn=(80)
calls=3 +29 
* 54 18 9 0 3 0 0 0 0 12 3
fi=(69)
479 6 6
fi=(70)
223 6 0 3
cfn=(1740) runtime.deltimer
calls=3 +90 
* 135 33 21 18 9 0 18 4 0 18 8 3 2
fi=(69)
480 3
fi=(17)
112 3
fi=(54)
-80 6 3 3 3 0 0 3
cfi=(17)
cfn=(94)
calls=3 +83 
* 72 24 9 0 0 0 0 0 0 21 3
fi=(69)
471 9 6
+16 15 6 0 0 3 0 0 2 0 3 3
+3 3 0 3 3 0 0 3
+19 9 6 3 0 3 0 0 1 0 0 0 3 1
cfn=(1744) runtime.(*scavengerState).init.func4
calls=3 377 
* 6 6 0 3 0 0 1
* 27 6 0 3 0 0 3
+4 18 6 3
cfi=(34)
cfn=(1534) runtime.(*piController).next
calls=3 1432 
* 186 21 3 12 0 0 4 0 0 48 3
* 9 3 3
+1 3 0 0 0 0 0 0 0 0 3 2
+10 12 6 0 3 0 0 2
cfn=(752) runtime.bgscavenge
calls=3 626 
* 4858750547 1322600529 818827371 3003 154343 4070 1547 145106 3579 975779030 113694 37248 50
fi=(10)
3341 6 1 2 1 0 0 0 0 0 1
+1 2 1 1 1
+2 1 0 0 0 0 0 0 0 0 1
+4 3 0 1
cfn=(494) runtime.casgstatus
calls=1 963 
* 36 5 6 0 0 0 0 0 0 7 1
-83 2 2 0 1
+84 1
fi=(42) /usr/lib/go-1.19/src/runtime/runtime2.go
313 1
-8 1
fi=(10)
3265 1 0 1
+1 1 1
fi=(42)
279 1
-13 1
fi=(10)
3266 1 0 1
+85 5 3 0 0 0 0 0 0 0 1
+1 5 3 1 1 0 0 0 0 0 0 0 1
cfn=(716) runtime.parkunlock_c
calls=1 -17 
* 36 11 5 1 0 0 0 0 0 8 1
+1 8 3 1 0 0 0 0 0 0 1 1
cfi=(2)
cfn=(1490) runtime.gcWriteBarrierDX
calls=1 1719 
* 25 10 8 0 0 1 0 0 0 1
+1 8 2 1 1 0 0 0 0 0 1
cfi=(2)
cfn=(1490)
calls=1 1719 
* 25 10 8 0 0 0 0 0 0 1
-2 1
+3 1 0 0 0 0 0 0 0 0 1
+8 1 0 1 1
cfn=(562) runtime.schedule
calls=1 3185 
* 13419 4159 1754 203 93 47 99 36 31 2579 230 5 3
fi=(3)
270 2 2 0 0 1 0 0 1
+1 2 2
+1 2
+6 2 2
+1 2 0 2
+1 2 2
+1 2 0 2
+3 2
+1 2
+1 2 0 2
+1 6 4
cfi=(43)
cfn=(1707) runtime.(*scavengerState).sleep'2
calls=1 19 
* 50749043319 23134719969 2983634061 31569 411206370 84723490 1250 246501892 84641933 6948533162 1025942 260639 244
cfi=(43)
cfn=(650) runtime.pidleget
calls=1 19 
* 31118 9354 4095 246 198 86 98 64 40 5695 457 19 9
+2 2
+1 2
+1 2
fe=(43)

fn=(1707)
fi=(12)
1339 10 5 2 1 0 0 1 0 0 1
+1 1 0 1
cfn=(78)
calls=1 +9 
* 112 19 22 6 3 0 6 3 0 21 3
* 2 1 1
+1 4 2
cfi=(2)
cfn=(75)
calls=1 496 
* 38123 10521 4317 333 289 50 333 274 46 6397 448 22 4
fe=(43)
19 6 3
fi=(69)
464 6 6
fe=(43)
19 6 3 3 0 0 1 0 0 1
fi=(69)
464 6 3
fi=(70)
235 3
554 33 15 3 3 1 0 2 1
cfn=(1708)
calls=3 438 
* 730 212 172 63 7 6 39 5 3 102 25 3 2
fi=(69)
-87 6 3 3
+1 3
fi=(10)
-99 18 0 3 1 0 0 1
cfn=(669)
calls=2 -23 
* 150 43 45 9 4 4 9 2 4 12 4 2
cfn=(668)
calls=1 -23 
* 100 31 30 5 3 0 0 0 0 7 2 1
fe=(43)
19 3 0 3 2
cfi=(3)
cfn=(304)
calls=3 228 
* 72 24 15 0 2 0 0 0 0 6 1
* 6 3
fi=(69)
473 3
fe=(43)
19 6 3 3 0 0 2
fi=(17)
+29 3
fi=(54)
-26 6 3 3 0 2
cfi=(17)
cfn=(80)
calls=3 +29 
* 54 18 9 0 0 0 0 0 0 12
fi=(69)
479 6 6
fi=(70)
223 6 0 3
cfn=(1740)
calls=3 +90 
* 51 15 6 10 2 0 8 1 0 6 0 3 2
fi=(69)
480 3
fi=(17)
112 3
fi=(54)
-80 6 3 3 2 0 0 1
cfi=(17)
cfn=(94)
calls=3 +83 
* 72 24 9 0 0 0 0 0 0 21
fi=(69)
471 9 6
+16 15 6 0 0 2 0 0 1 0 3 3
+3 3 0 3 2 0 0 1
+19 9 6 3 0 1 0 0 0 0 0 0 3
cfn=(1744)
calls=3 377 
* 6 6 0 2 0 0 1
* 27 6 0 2 0 0 1
+4 18 6 3 0 1
cfi=(34)
cfn=(1534)
calls=3 1432 
* 186 21 3 4 0 0 4 0 0 48 2
* 9 3 3
+1 3 0 0 0 0 0 0 0 0 3 1
+10 12 6 0 2 0 0 1
cfn=(753) runtime.bgscavenge'2
calls=3 626 
* 50757934081 23136888404 2985103085 32372 411233188 84724827 1889 246527277 84643208 6950004734 1061393 278689 262
fi=(135)
-50 5 1 1 1 0 0 0 0 0 1
+1 3 2 1 1
-1 3 1 1
+2 2 0 1
+1 1 0 1
+4 2 0 1
cfi=(13)
cfn=(682)
calls=1 1631 
* 24 8 5 3 0 0 0 0 0 4
+1 5 1 1
cfi=(13)
cfn=(1676) runtime.(*mheap).freeManual
calls=1 1515 
* 1165 144 75 54 14 3 0 0 0 126 20
-6 5 2
-2 2 1
+2 4 0 0 1 0 0 0 0 0 2
-2 2
+2 6 2 0 0 0 0 0 0 0 4 1
+1 2 2
+1 4 0 0 0 0 0 0 0 0 2
+6 3 2 0 1
cfi=(2)
cfn=(75)
calls=1 +12 
* 4849423387 1320331019 817297267 1395 126107 2629 655 119599 2251 974241906 76162 18540 20
fi=(10)
3341 18 3 6 3 0 0 2 0 0 3
+1 6 3 3 3 0 0 2
+2 3 0 0 0 0 0 0 0 0 3
+4 9 0 3
cfn=(494)
calls=3 963 
* 108 15 18 0 0 0 0 0 0 21 3
-83 6 6 0 3 0 0 2
+84 3
fi=(42)
313 3
-8 3
fi=(10)
3265 3 0 3
+1 3 3
fi=(42)
279 3
-13 3
fi=(10)
3266 3 0 3
+85 15 9 0 0 0 0 0 0 0 3
+1 15 9 3 3 0 0 2 0 0 0 0 3
cfn=(716)
calls=3 -17 
* 108 33 15 3 0 1 2 0 1 24 1
+1 23 9 3 0 0 0 0 0 0 3 2
cfi=(2)
cfn=(1490)
calls=2 1719 
* 50 20 16 0 0 1 0 0 0 2
+1 22 6 3 3 0 0 2 0 0 3
cfi=(2)
cfn=(1490)
calls=2 1719 
* 50 20 16 0 0 0 0 0 0 2
-2 3
+3 3 0 0 0 0 0 0 0 0 3
+8 3 0 3 3 0 0 2
cfn=(562)
calls=3 3185 
* 26508 7857 3015 256 157 53 142 78 38 4936 316 10 6
+19 46465 9293 9293 2 0 0 2 0 0 9293
+1 18586 9293 0 0 1 0 0 0 0 9293
+3 9293 0 9293
cfn=(1510) runtime.goschedImpl
calls=9293 -20 
* 9067707 2211313 1493254 73 27454 1242 50 24959 1172 1493723 35678 18587 5
fi=(3)
270 1 1
+1 1 1
+1 1
+6 1 1
+1 1 0 1
+1 1 1
+1 1 0 1
+3 1
+1 1
+1 1 0 1
+1 3 2
cfi=(43)
cfn=(1707)
calls=1 19 
* 8876760 2164220 1467199 682 26708 1306 577 25324 1253 1469263 35260 18042 14
+2 1
+1 1
+1 1
fe=(43)

fn=(650)
19 3 2
fi=(10)
5743 4 4
-98 2
-1 1
+1 1
-1 1
+1 12 0 0 0 0 0 0 0 0 1
+1 5 1 1 0 0 0 0 0 0 2
+98 3 3
-92 17 0 0 0 0 0 0 0 0 1
+1 3 0 0 0 0 0 0 0 0 1 1
+94 1 0 1
-94 3 1 1 0 0 0 0 0 0 1
+92 2 1 1
+1 3 1 1 0 0 0 0 0 0 1
+1 5 0 1
cfi=(53) /usr/lib/go-1.19/src/runtime/mgclimit.go
cfn=(652) runtime.(*limiterEvent).stop
calls=1 449 
* 43 5 3 0 0 0 0 0 0 8 2
+2 7 4
cfn=(644) runtime.startm
calls=1 2290 
* 31002 9332 4086 246 198 86 98 64 40 5680 454 19 9
fe=(43)

fn=(1758) runtime.write
27 3 0 1 1 0 0 1
+1 3 1 0 0 1 0 0 0 0 1 1
-1 3 0 3 1 0 0 1
+4 1 0 1
cfi=(3)
cfn=(1760) runtime.write1.abi0
calls=1 +68 
* 7 4 1 1 0 0 1
* 6 4

fl=(86) /usr/lib/go-1.19/src/reflect/abi.go
fn=(876) reflect.init
32 5 1 1 1 0 0 1 0 0 1
fi=(87) /usr/lib/go-1.19/src/reflect/value.go
293 5 0 1 1 0 0 1
cfi=(46) /usr/lib/go-1.19/src/runtime/iface.go
cfn=(878) runtime.convTslice
calls=1 398 
* 15 4 4 3 0 0 3 0 0 2
* 3 0 2
fi=(88) /usr/lib/go-1.19/src/reflect/type.go
1432 2 1
3053 3 0 0 0 0 0 0 0 0 1 1
1433 1
fi=(87)
293 8 1 1 1 0 1 1 0 1 2
1384 4 0 2
fi=(88)
+48 1 1 0 1 0 0 1
3053 3 0 0 0 0 0 0 0 0 1
1433 1
fi=(87)
-49 6 1 1 0 0 0 0 0 0 2
1643 4 0 2 1 0 0 1
fi=(88)
1432 1 1
3053 3 0 0 0 0 0 0 0 0 1 1
1433 1
fi=(87)
1643 9 3 1 1 0 0 1 0 0 2 1
fe=(86)

fl=(99) /usr/lib/go-1.19/src/path/match.go
fn=(912) path.init
14 6 1 1 1 0 0 1 0 0 1
fi=(75) /usr/lib/go-1.19/src/errors/errors.go
+45 2 0 1
cfi=(12)
cfn=(278) runtime.newobject
calls=1 1201 
* 297 71 36 0 0 0 0 0 0 45
* 3 0 2
fe=(99)
-45 9 3 2 1 0 0 1 0 0 1

fl=(108) /usr/lib/go-1.19/src/os/file.go
fn=(1072) os.(*File).Write
172 77 11 22 7 0 0 6 0 0 11
+1 11 0 0 9 0 0 6
fi=(127) /usr/lib/go-1.19/src/os/file_posix.go
+57 33 0 0 0 0 0 0 0 0 11 6
fe=(108)
-57 33 0 0 0 0 0 0 0 0 11
-1 22 0 22
fi=(127)
48 33 22 0 0 4
fe=(108)
176 11
fi=(127)
48 33 0 11 7 0 0 6
cfi=(113)
cfn=(1076)
calls=11 369 
* 6412 1518 1370 619 63 25 380 17 5 825 116 12 2
fe=(108)
177 11 0 0 1
+3 44 11 0 0 1
-3 11 0 0 0 0 0 0 0 0 11 2
+4 22
-1 11 0 11
377 22 0 22
184 22
fi=(109) /usr/lib/go-1.19/src/os/file_unix.go
+10 22 0 0 7 0 0 6 0 0 11 2
fe=(108)
377 11 11 0 10 0 0 6
186 22 0 0 10 0 0 6 0 0 11 2
+4 55 22 0 9 0 0 6

fl=(109)
fn=(964) os.newFile
122 21 3 6 1 0 0 1 0 0 3
+2 6 0 0 1 0 0 1 0 0 3
-2 3 0 3
+11 6 0 6
-11 6 0 3
+12 14 0 2 0 0 0 0 0 0 3 2
-7 6 0 2 1 0 0 1
cfi=(12)
cfn=(278)
calls=2 1201 
* 3250 438 522 11 6 7 0 2 7 501 20 1
+7 1 0 1
-7 3 0 1
cfi=(12)
cfn=(278)
calls=1 1201 
* 240 64 34 2 1 1 0 0 0 40 5
* 9 0 6
cfi=(12)
cfn=(278)
calls=3 1201 
* 2551 554 386 0 5 12 0 3 12 369 16 1
+2 6 3 3
+2 3 0 3
+2 21 9 6 1 0 0 1 0 0 3
+1 6 3 3
-7 18 6 3 0 0 0 0 0 0 3
+10 27 3 3 1 0 0 1 0 0 6 3
+34 12 0 3
cfi=(113)
cfn=(966)
calls=3 54 
* 57 12 12 3 1 0 3 1 0 12 3
* 6 0 0 0 0 0 0 0 0 3 2
-34 6 3 0 1 0 0 1
+41 3 0 0 0 0 0 0 0 0 3
+8 3 3
-8 3
+8 15 3 3 1 0 0 1
cfi=(114)
cfn=(968)
calls=3 341 
* 5124 1238 797 135 35 30 44 6 15 748 115 7 4
+1 12 9

fn=(942) os.NewFile
101 24 3 12 1 0 0 1 0 0 3
+2 3 0 3
cfi=(110)
cfn=(944)
calls=3 -88 
* 990 275 226 52 6 1 33 0 0 130 52
* 15 0 0 0 0 0 0 0 0 6 3
+3 15 9 3 1 0 0 1
cfn=(964)
calls=3 +16 
* 11438 2351 1808 158 48 50 54 12 34 1697 166 9 4
* 9 6

fl=(34)
fn=(1380)
770 525 105 105 47 0 0 9 0 0 105 1
+11 210 105 0 31 4 0 9 0 0 105
+4 210 105 0 0 0 0 0 0 0 105 22
+4 945 210 0 0 4 0 0 0 0 315 11
+3 315 105 105 0 36
+1 630
+2 1050
-2 1260 0 0 26 0 0 10 0 0 630 118
fi=(22)
128 525 525
+7 1575 525 0 18 2 0 10
+1 1050
fe=(34)
793 525
fi=(22)
136 525
fe=(34)
792 525
fi=(22)
136 525
fe=(34)
794 525 525
fi=(22)
135 525 0 525
fe=(34)
794 525
fi=(22)
137 525
+20 1575
fe=(34)
795 1050 0 0 0 0 0 0 0 0 525 81
+1 455 0 0 16 0 0 9
+2 3150 1575 0 2 125 0 1 0 0 525 48
+1 1575 525 0 0 291 0 0 0 0 525 204
+7 315 210 0 18 0 0 10

fn=(1546) runtime.(*gcControllerState).resetLive
901 85 17 17 17 0 0 8 0 0 17
+1 17 0 17
+1 17 0 17
fi=(30)
63 17 17
fe=(34)
904 17 0 17
fi=(30)
63 17 17
fe=(34)
905 17 0 17 17 0 0 8
fi=(30)
63 17 17
fe=(34)
906 17 0 17
+1 17 0 17
+3 51 17 0 0 0 0 0 0 0 17 1
+3 68 34 0 17 0 0 8

fn=(1798) runtime.(*gcControllerState).markWorkerStop
921 10 2 2 2 2 0 2 0 0 2
+2 4 0 0 0 0 0 0 0 0 2
+1 2 2 2 0 0 0 0 0 0 2 2
+1 6 2 2 0 0 0 0 0 0 2
+9 6 4 0 2 0 0 2

fn=(396) runtime.readGOMEMLIMIT
1390 5 1 1 0 0 0 0 0 0 1
+1 3 0 1 1 0 0 1
cfi=(48) /usr/lib/go-1.19/src/runtime/env_posix.go
cfn=(380) runtime.gogetenv
calls=1 11 
* 1389 277 30 0 14 0 0 1 0 325 11
+1 2 0 0 0 0 0 0 0 0 1 1
+1 4 2

fn=(780) runtime.(*gcControllerState).memoryLimitHeapGoal
1032 46860 46860 0 21153 5141 0 9 7
fi=(30)
259 93720 93720
fe=(34)
1034 46860
fi=(30)
259 46860 46860
fe=(34)
1033 46860
+2 140580 0 0 2418 0 0 13 0 0 46860 830
+59 46860
fi=(30)
63 46860 46860 0 0 5066 0 0 5
fe=(34)
1102 93720
-1 46860
+4 93720
-8 93720
+8 93720
-4 46860 0 0 0 0 0 0 0 0 46860 18
+13 46860
+4 234300 0 0 103 0 0 14 0 0 93720 63
+6 93720 46860 0 0 5649 0 0 5
+3 93720
-3 46860 46860

fn=(398) runtime.(*gcControllerState).init
395 5 1 1 1 0 0 1 0 0 1
+1 1 0 1
+1 1 0 1
+2 10 0 6 1 0 1 1 0 1
+21 1
1315 1
fi=(30)
19 1
fe=(34)
1316 1
+3 5 0 0 1 0 0 1
395 1
1319 4 0 1
+1 1
fi=(30)
24 1 1 1 0 0 0 0 0 0 1
fe=(34)
421 1
1364 1
fi=(30)
63 1 1
fe=(34)
1365 2 0 0 0 0 0 0 0 0 1
+1 1
fi=(30)
68 1 1 1 0 0 0 0 0 0 1
fe=(34)
422 3 0 1
cfn=(400) runtime.(*gcControllerState).commit
calls=1 1251 
* 48 16 3 4 3 0 4 3 0 7 3
+5 3 2 0 1 0 0 1

fn=(1468) runtime.(*gcControllerState).findRunnableGCWorker
810 400 80 80 19 0 0 10 0 0 80
+1 240 80 0 0 0 0 0 0 0 80
-1 160 0 160 0 0 2 0 0 2
+9 160 0 0 0 0 0 0 0 0 80 5
+1 72
fi=(43)
19 72 0 72
cfi=(3)
cfn=(304)
calls=72 228 
* 2736 864 576 0 41 0 0 23 0 144 2
* 216 144 0 16 0 0 9
fe=(34)
864 72 72
fi=(35)
1376 72 72
fe=(34)
822 72 0 72
fi=(30)
63 72 72 0 0 6 0 0 4
fi=(53)
+83 216
fe=(34)
822 80 0 8 3 0 0 1 0 0 72 7
fi=(30)
63 8 8
fi=(53)
+83 24
fe=(34)
822 8 0 0 0 0 0 0 0 0 8 2
+1 28 0 7 1 0 0 1
cfi=(53)
cfn=(1402) runtime.(*gcCPULimiterState).update
calls=7 165 
* 7524 1561 688 42 108 8 24 77 6 966 86
+41 7 7
fi=(35)
1376 7 7
fe=(34)
831 7 7
fi=(35)
1376 160 0 0 18 0 0 9 0 0 80 4
fi=(135)
311 240 80 0 0 3 0 0 1 0 80 12
fi=(52)
56 160 80 0 20 6 0 10 6
fi=(35)
1379 80 0 0 0 0 0 0 0 0 80
+3 242 160 0 0 4 0 0 4 0 80 9
fe=(34)
826 318 0 0 0 0 0 0 0 0 80 8
+9 2
fi=(52)
42 2
fe=(34)
831 390 156 0 18 0 0 8
fi=(52)
43 2 2 0 2 0 0 2
+1 4 0 0 0 0 0 0 0 0 2
fi=(136)
+8 6
fi=(52)
-5 2
+1 2 2 0 0 2 0 0 2
fe=(34)
810 2
fi=(52)
49 14 0 2 0 0 0 0 0 0 2
fe=(34)
836 4 0 0 2 0 0 2 0 0 2 2
+28 2 2
-12 2
+1 2 2
+1 4 0 0 0 0 0 0 0 0 2
-1 2 0 2
+5 10 0 2 2 0 0 2 0 0 2
-4 4 2
+10 2 0 0 0 0 0 0 0 0 2 2
+3 4 2 2 2 0 0 2
+21 2 2
fi=(42)
263 2 0 2
fe=(34)
889 6 0 2 2 0 0 2
cfi=(10)
cfn=(494)
calls=2 +74 
* 60 6 10 0 2 2 0 1 2 12 7
+1 4 2 0 0 0 0 0 0 0 2 2
+3 10 8

fn=(1530) runtime.(*gcControllerState).endCycle
663 124 17 60 25 0 0 6 0 0 17 2
974 15 0 15
cfn=(778) runtime.(*gcControllerState).heapGoalInternal
calls=15 +8 
* 900 225 60 69 34 0 0 0 0 120 3
666 15 0 15
+3 45 45 0 0 1
+5 30 0 0 0 0 0 0 0 0 15
fi=(30)
63 15 15
fe=(34)
675 165 30 0 15 0 0 6
+3 60 30 0 0 0 0 0 0 0 15
-4 15 0 0 15 0 0 6
+16 15 0 0 0 0 0 0 0 0 15
+1 120 15
fi=(30)
63 45 45
fe=(34)
721 30 0 0 15 0 0 6
+1 150 30 15 15 0 0 6 0 0 15 2
+1 75 15
-1 15
+19 30 15 15 0 15 0 0 5
+1 90 15 15 15 0 0 6
cfn=(1534)
calls=15 1432 
* 930 105 15 47 0 0 16 0 0 240 27
* 45 15 15
+1 15 0 0 0 0 0 0 0 0 15 15
+8 30 15 0 0 0 0 0 0 0 15 2
+12 45 30 0 15 0 0 6
663 10 0 10 2 0 0 2
cfi=(2)
cfn=(783) runtime.morestack_noctxt.abi0'2
calls=1 -87 
* 99 40 29 0 0 0 0 0 0 10 0 1 1
cfi=(2)
cfn=(782)
calls=1 -87 
* 99 40 29 0 0 0 0 0 0 10 2 1 1
* 10 8 0 2 0 0 1
cfn=(1531) runtime.(*gcControllerState).endCycle'2
calls=2 * 
* 401 88 30 26 11 0 21 8 0 62 9

fn=(1531)
663 16 2 8 2 0 0 2 0 0 2
974 2 0 2
cfn=(778)
calls=2 +8 
* 120 30 8 6 7 0 1 4 0 16 1
666 2 0 2
+3 6 6 0 0 1 0 0 1
+5 4 0 0 0 0 0 0 0 0 2 1
fi=(30)
63 2 2
fe=(34)
675 22 4 0 2 0 0 2
+3 8 4 0 0 0 0 0 0 0 2
-4 2 0 0 2 0 0 2
+16 2 0 0 0 0 0 0 0 0 2
+1 16 2
fi=(30)
63 6 6
fe=(34)
721 4 0 0 2 0 0 2
+1 20 4 2 2 0 0 2 0 0 2
+1 10 2
-1 2
+19 4 2 2 0 2 0 0 2
+1 12 2 2 2 0 0 2
cfn=(1534)
calls=2 1432 
* 123 14 2 8 0 0 8 0 0 32 5
* 6 2 2
+1 2 0 0 0 0 0 0 0 0 2 2
+8 4 2 0 0 1 0 0 1 0 2
+12 6 4

fn=(400)
1251 18 0 0 18 0 0 8
-1 18
+5 18 0 0 0 0 0 0 0 0 18 17
fi=(30)
264 2 1 1 0 0 0 0 0 0 1
fe=(34)
1258 1
+5 34 17
fi=(30)
264 17 17 17 0 0 0 0 0 0 17
19 17 17 0 17 0 0 7
fe=(34)
1270 34 0 0 0 0 0 0 0 0 17
fi=(30)
19 1 1 0 1 0 0 1
fe=(34)
1270 2 0 0 0 0 0 0 0 0 1
+1 144 54
-21 18
+21 90 0 0 18 0 0 8
+4 36 18
+3 18
fi=(30)
264 18 18 18 0 0 0 0 0 0 18
fe=(34)
1303 126 90 0 18 1 0 8 1
-28 18 0 0 0 0 0 0 0 0 18 1
+28 198 36 0 17 15 0 7 6 0 18 1
fi=(30)
264 18 18 18 0 0 0 0 0 0 18 4
fe=(34)
1304 18 18

fn=(268) runtime.(*gcControllerState).update
936 235305 47061 47061 54 1566 0 9 0 0 47061
+1 94122 0 0 0 0 0 0 0 0 47061 11
+1 93578 46789 46789 294 1941 0 10 1 0 46789
+1 93578 46789 0 0 1785 0 0 0 0 46789 465
+5 94122 47061 0 15 21 0 0 0 0 47061 96
+3 42020 0 0 0 0 0 0 0 0 21010 1525
+1 153 51 51 5 0 0 0 0 0 51
+4 26051 0 26051 30 0 0 6
cfn=(1276) runtime.(*gcControllerState).revise
calls=26051 555 
* 3544741 1011048 390765 3493 4118 1265 39 13 1 338663 108
+2 141183 94122 0 40 0 0 4

fn=(1272) runtime.(*gcControllerState).startCycle
432 90 18 18 18 0 0 9 0 0 18
+66 18 0 18
-66 18 0 18
+56 18 0 18
-55 36 18 18 0 13 0 0 2 0 18
+1 18
fi=(30)
68 36 18 18 0 0 0 0 0 0 18
fe=(34)
435 18
fi=(30)
68 36 18 18 18 0 0 9 0 0 18
fe=(34)
436 18 0 18
+1 18
fi=(30)
68 36 18 18 0 18 0 0 9 0 18 17
fe=(34)
439 18 0 18
+1 18 0 18
+1 18 0 18
+19 18 0 18 0 0 15
cfn=(776) runtime.(*gcControllerState).trigger
calls=18 1158 
* 1893 378 126 32 33 16 13 3 5 215 47
+1 36 18 18 18 0 0 9
+7 90 36 0 0 18 0 0 8
+1 72 18 18
+1 108 18 0 18 0 0 9
+2 108 36 0 0 18 0 0 4 0 36 3
+11 36 0 18 18 0 0 9
+4 36 18 0 0 8 0 0 0 0 18 1
+6 360 324 0 18 17 0 9
+1 288
+1 288 0 288 0 0 205
-2 900 0 0 0 0 0 0 0 0 306 38
-33 18 0 18
+38 54 18 0 0 0 0 0 0 0 18 4
+5 4 2 0 2 0 0 2 0 0 2
+1 6 0 2
cfn=(1274) runtime.(*gcControllerState).setMaxIdleMarkWorkers
calls=2 1536 
* 44 8 4 4 0 0 4 0 0 6
* 2
+11 80 16 16 16 0 0 7
cfn=(1274)
calls=16 1536 
* 352 64 32 32 0 0 14 0 0 48
+5 36 18 18
cfn=(1276)
calls=18 +35 
* 2376 684 270 144 0 0 72 0 0 234 54
+2 36 18 0 18 0 0 9 0 0 18 18
+9 54 36 0 18 0 0 9

fn=(1274)
1536 90 18 18 18 0 0 9 0 0 18
+1 18
+1 18 18 0 18 0 0 9
+2 36 0 0 0 0 0 0 0 0 18
+4 72
-8 18
fi=(30)
272 72 0 18
fe=(34)
1545 18 0 0 0 0 0 0 0 0 18
+1 54 36

fn=(1534)
1432 92 23 0 17 0 0 8
+1 46 23
fi=(138) /usr/lib/go-1.19/src/runtime/float.go
14 46
+10 46 0 0 0 0 0 0 0 0 46 1
-5 69
fe=(34)
1437 69 0 0 17 0 0 8 0 0 46
fi=(138)
14 23
fe=(34)
1437 46 0 0 0 0 0 0 0 0 46 11
+8 92 23 0 0 0 0 0 0 0 23
+2 69 23 0 0 0 0 0 0 0 23 1
+6 22
-1 184 46 0 18 0 0 8 0 0 46 23
+1 230 0 23
fi=(138)
14 23
+10 46 0 0 19 0 0 8 0 0 46
-5 69
fe=(34)
1454 46 0 0 0 0 0 0 0 0 46
fi=(138)
14 23
fe=(34)
1454 46 0 0 0 0 0 0 0 0 46 1
+9 46
-9 23
+9 69 23

fn=(1554) runtime.gcControllerCommit
1560 85 17 17 17 0 0 8 0 0 17
fi=(28)
424 17
fe=(34)
1563 17 17
fi=(28)
214 34 0 0 17 0 0 8
fe=(34)
1563 34 0 17
cfn=(400)
calls=17 1251 
* 816 289 51 85 13 0 35 4 0 119 20
+3 34 17 0 0 0 0 0 0 0 17 2
+6 34 17 0 0 0 0 0 0 0 17 4
+4 51 0 17 17 0 0 8
cfn=(776)
calls=17 1158 
* 1791 357 119 51 0 0 18 0 0 204 42
* 17 0 17
+1 17 0 17
cfi=(28)
cfn=(1556) runtime.gcPaceSweeper
calls=17 424 
* 476 102 51 51 0 0 17 0 0 51 17
fi=(30)
63 17 17
fe=(34)
1578 51 34 17
cfi=(69)
cfn=(1560) runtime.gcPaceScavenger
calls=17 149 
* 1130 174 34 119 13 0 54 2 0 174 35
+1 51 34

fn=(392) runtime.readGOGC
1344 5 1 1 1 0 0 1 0 0 1
+1 3 0 1 1 0 0 1
cfi=(48)
cfn=(380)
calls=1 11 
* 1416 280 30 0 13 0 0 1 0 328 11
+1 2 0 0 0 0 0 0 0 0 1 1
fi=(9) /usr/lib/go-1.19/src/runtime/string.go
418 1 0 1
cfn=(46) runtime.atoi64
calls=1 -57 
* 6 1 1 0 0 0 0 0 0 1 1
* 4 0 0 0 0 0 0 0 0 1
fe=(34)
1349 1 0 0 0 0 0 0 0 0 1 1
+3 4 2 0 1 0 0 1

fn=(622) runtime.init.1
82 1 1 0 1 0 0 1

fn=(776)
1158 124644 20774 41548 39 0 0 12 0 0 20774 2
+1 41548 0 20774 0 0 16 0 0 3
cfn=(778)
calls=20774 982 
* 1184118 311610 83096 23009 20715 4866 34 13 2 145418 912
+7 83096 41548 0 0 0 0 0 0 0 20774
+12 20774
+12 20774
-1 124644 0 0 41 0 0 11
+1 20774
+17 20774
-4 41548
+1 20774
-26 20774 0 0 0 0 0 0 0 0 20774 4
+26 61755 0 0 0 0 0 0 0 0 20585 7
+3 16171
+6 16171
fi=(30)
259 16171 16171
fe=(34)
1217 32342 0 0 15 0 0 9
-3 16171
+5 16171
-12 16171
+15 16171
-3 16171
+3 32342
+3 48513
-18 16171 0 0 0 0 0 0 0 0 16171
+6 4603
fi=(30)
259 4603 4603
fe=(34)
1217 9206 0 0 23 0 0 3
-3 4603
+5 4603
-12 4603
+15 4603
-3 4603
+3 9206
+3 13809
-18 4603 0 0 0 0 0 0 0 0 4603
+23 83096 41548

fn=(778)
982 281160 46860 93720 65 0 4864 11 0 0 46860 51
+2 46860 46860 0 0 4902 0 0 2
fi=(30)
259 46860 0 46860 0 0 2 0 0 2
fe=(34)
987 46860 0 46860
cfn=(780)
calls=46860 +45 
* 1499520 328020 0 23674 15856 0 36 17 0 187440 911
* 140580 46860 0 0 0 0 0 0 0 46860 2
+6 46860
fi=(30)
259 93720 93720 0 62 0 0 11
fe=(34)
994 46860
+26 140580 46860
-26 46860 0 0 0 0 0 0 0 0 46860 70
+26 78258 0 0 0 0 0 0 0 0 26086 2
+4 234300 93720

fn=(1276)
555 156414 26069 52138 20 0 0 11 0 0 26069
+1 26069 26069 0 0 3 0 0 2
fi=(30)
19 26069 0 26069 0 0 1264
fe=(34)
562 52138 26069 26069
+1 52138 26069 26069
fi=(30)
63 156414 78207 78207 47 1488 0 11 2
fe=(34)
568 26069
974 26069 0 26069 0 0 1 0 0 1
cfn=(778)
calls=26069 +8 
* 1564140 391035 104276 717 2 0 23 2 0 208552 120
572 104276 104276
+6 26069 26069 0 40 0 0 11
-21 52138 26069
+44 52138
-37 130345 78207
+15 130345 52138
+1 26069 0 0 36 0 0 11
-23 26069 0 0 0 0 0 0 0 0 26069 17
+34 663 51
+10 510 102 0 3 7 0 1 4
+1 51
+3 51
-26 51
+23 51
+23 78054 0 0 37 0 0 10
-18 78207 26069 0 125 0 0 11 0 0 26069 19
+5 104785 20957 0 0 1110 0 0 1
+3 20957
+10 10224
+1 5112
+28 10224
-15 5112
+1 5112
+14 40896 0 0 288 0 0 11
+2 5112
fi=(30)
371 5112
264 5112 5112 5112 0 392 0 0 2 0 5112
fe=(34)
655 5112
+2 5112
fi=(30)
371 5112
264 5112 5112 5112 0 0 0 0 0 0 5112 6
fe=(34)
626 15336 10224 0 278 0 0 11
-1 20957
+1 20957
+28 41914
-15 20957
+1 20957
+14 167656 0 0 1023
+2 20957
fi=(30)
371 20957
264 20957 20957 20957 0 1116 0 0 0 0 20957
fe=(34)
655 20957
+2 20957
fi=(30)
371 20957
264 20957 20957 20957 0 0 0 0 0 0 20957
fe=(34)
626 62871 41914 0 1023

fl=(44) /usr/lib/go-1.19/src/runtime/atomic_pointer.go
fn=(1042) sync/atomic.StorePointer
47 21 0 7 7 0 0 6
+1 14 7 0 0 0 0 0 0 0 7 4
-1 4 0 4
+2 2 0 2
cfn=(1802) runtime.atomicwb
calls=2 -28 
* 38 16 8 4 1 1 4 0 0 2 2
+2 8 4 4
cfi=(4)
cfn=(1044)
calls=2 -50 
* 4 4 2 2 0 0 2 0 0 2 2
* 10 0 10
cfi=(4)
cfn=(1044)
calls=5 -50 
* 10 10 5 5 0 0 4 0 0 5
+1 21 14 0 7 0 0 6

fn=(1802)
21 6 0 2 2 0 0 2
+2 6 4
fi=(51)
145 2 2
fe=(44)
23 4 2 0 0 1
fi=(51)
146 2 0 2 0 0 1
+1 2 0 2
+1 6 2 2 2 0 0 2
+1 2 2
fe=(44)
23 2 0 0 0 0 0 0 0 0 2 2
+3 6 4

fl=(64) /usr/lib/go-1.19/src/runtime/netpoll.go
fn=(1714) runtime.netpollGenericInit
191 5 1 1 1 0 0 1 0 0 1
+1 3 1 0 0 0 0 0 0 0 1 1
+2 1
fi=(17)
48 1
fi=(54)
-26 2 0 1 1 0 1 1
cfi=(17)
cfn=(80)
calls=1 +29 
* 18 6 3 0 1 0 0 0 0 4
fe=(64)
195 2 1 0 0 0 0 0 0 0 1
+1 1 0 1
cfi=(140) /usr/lib/go-1.19/src/runtime/netpoll_epoll.go
cfn=(1716) runtime.netpollinit
calls=1 32 
* 69 23 21 8 0 1 7 0 0 4 3
+1 3 1 1 0 0 0 0 0 0 1
+2 1
fi=(17)
-87 1
fi=(54)
-80 2 0 1
cfi=(17)
cfn=(94)
calls=1 +83 
* 22 7 3 0 0 0 0 0 0 6
fe=(64)
201 4 2 0 1 0 0 1

fl=(38) /usr/lib/go-1.19/src/internal/cpu/cpu_x86.s
fn=(284) internal/cpu.getGOAMD64level.abi0
39 1 0 1 1 0 0 1
+4 1 1

fn=(294) internal/cpu.xgetbv.abi0
22 1
+1 1
+1 1 0 1
+1 1 0 1
+1 1 1

fn=(292) internal/cpu.cpuid.abi0
11 6 6 0 1 0 0 1
+1 6 6
+1 6
+1 6 0 6
+1 6 0 6
+1 6 0 6
+1 6 0 6
+1 6 6

fl=(102) /usr/lib/go-1.19/src/internal/poll/copy_file_range_linux.go
fn=(922) internal/poll.init
13 5 1 1 1 0 0 1 0 0 1
fi=(103) /usr/lib/go-1.19/src/internal/poll/fd.go
+22 1
fi=(75)
+24 2 0 1 1 0 0 1
cfi=(12)
cfn=(278)
calls=1 1201 
* 297 71 36 0 0 1 0 0 1 45
* 3 0 2
fi=(103)
-24 6 1 2 0 0 0 0 0 0 1
fi=(75)
+24 2 0 1 1 0 0 1
cfi=(12)
cfn=(278)
calls=1 1201 
* 297 71 36 0 0 0 0 0 0 45
* 3 0 2
fi=(103)
-20 6 1 2 1 0 0 1 0 0 1
fi=(75)
+20 2 0 1
cfi=(12)
cfn=(278)
calls=1 1201 
* 297 71 36 0 0 0 0 0 0 45
* 3 0 2
fi=(103)
+7 9 3 2 1 0 0 1 0 0 1
fe=(102)

fl=(7)
fn=(34) runtime.getproccount
97 8 1 1 1 0 0 1 0 0 2
+9 1030 0 1026 1 0 124 1 0 124 1024 10
+1 4 0 2 0 0 1 0 0 1
cfi=(3)
cfn=(36) runtime.sched_getaffinity.abi0
calls=1 661 
* 7 4 1 1 0 0 1
* 3 2
+1 2 0 0 0 0 0 0 0 0 1
+4 41 8 0 1 0 0 1 0 0 10 1
+1 8
+5 1
+3 3
-3 3 2
-4 48
+1 16
-2 80 0 0 1 0 0 1 0 0 24 16

fn=(300) runtime.getRandomData
355 16 2 8 1 0 0 1 0 0 2
+1 8 4 0 0 1 0 0 0 0 2
+1 18 0 4 1 0 0 1 0 0 2
cfi=(31)
cfn=(170)
calls=2 39 
* 36 5 3 0 1 2 0 1 2 13 3
+1 10 8 2
cfi=(42)
cfn=(302) runtime.extendRandom
calls=2 932 
* 2370 342 272 11 2 1 11 1 1 452 29
+1 6 4

fn=(530) runtime.minit
392 35 7 7 3 0 0 2 0 0 7
+1 7 0 7
cfi=(58)
cfn=(532)
calls=7 1194 
* 11543 1715 546 51 84 27 24 50 24 3059 181
+5 7 0 7
cfi=(3)
cfn=(546) runtime.gettid.abi0
calls=7 143 
* 28 7 7 5 0 0 2
* 35 21 7 4 0 0 2
+1 28 14

fn=(554) runtime.sysSigaction
521 456 0 228 1 0 0 1
+1 228 0 114
-1 342 0 342 1 0 0 1
+1 114 0 114
cfi=(3)
cfn=(556) runtime.rt_sigaction.abi0
calls=114 306 
* 912 570 114 1 0 0 1
* 456 228 0 0 0 0 0 0 0 114 10
+12 7 1 0 0 0 0 0 0 0 3 1
+7 342 228 0 1 0 0 1

fn=(598) runtime.newosproc
166 36 6 12 2 0 0 2 0 0 6
+1 18 12 6
+10 6 0 6
+1 36 0 24 2 0 0 2
442 6 0 6
cfi=(3)
cfn=(366)
calls=6 294 
* 54 30 0 1 0 0 1 0 0 6 2
* 12 6
179 18 12 6
-12 12 6 6 2 0 0 2
-1 6 0 6
+13 24 0 18
cfi=(3)
cfn=(601) runtime.clone.abi0'2
calls=3 565 
* 63 18 3 5 0 0 1 0 0 9 2
cfi=(3)
cfn=(600) runtime.clone.abi0
calls=3 565 
* 63 18 3 4 0 0 2 0 0 9
* 24 12 6
+1 30 0 24 2 0 0 2
442 6 0 6
cfi=(3)
cfn=(366)
calls=6 294 
* 54 30 0 0 0 0 0 0 0 6 2
* 12 6
182 18 6 0 0 0 0 0 0 0 6
+7 18 12

fn=(38) runtime.getHugePageSize
305 5 1 1 1 0 0 1 0 0 1
+1 2 0 2
+1 6 2 3 1 1 0 1 1 0 1
cfi=(3)
cfn=(40) runtime.open.abi0
calls=1 76 
* 10 4 1 2 0 0 2 0 0 1 1
* 4 2
+1 2 0 0 0 0 0 0 0 0 1
-1 2 0 2
+4 3 0 2 1 0 0 1
+1 1 0 1
cfi=(3)
cfn=(42) runtime.read.abi0
calls=1 108 
* 7 4 1 1 0 0 1
* 4 2 1
-5 2 1 1
+6 1 0 1
cfi=(3)
cfn=(44) runtime.closefd.abi0
calls=1 89 
* 7 2 1 0 0 0 0 0 0 1 1
* 2 1
+1 3 1 0 0 0 0 0 0 0 1
+3 1
+1 1 0 0 1 0 0 1
fi=(9)
+91 2 0 1
cfn=(46)
calls=1 -48 
* 166 9 1 4 0 0 4 0 0 34 6
* 1
fe=(7)
-90 3 0 0 0 0 0 0 0 0 2 1
+3 4 0 0 0 0 0 0 0 0 1 1
+4 3 2

fn=(560)
466 168 0 56 1 0 0 1
+1 112 0 112
+1 56 0 56
+1 56
fi=(59)
37 56 0 56
fe=(7)
474 112 0 56
+2 168 0 0 1 0 0 1 0 0 56
+1 112 56 0 0 0 0 0 0 0 56 3
+3 168
+3 56 0 56
+1 168 0 56
cfi=(60)
cfn=(552)
calls=56 21 
* 2023 673 616 0 0 0 0 0 0 115 8
+1 224 112 0 1 0 0 1

fn=(692) runtime.futexsleep
62 744 0 248 44 0 0 12
+6 496 0 0 0 0 0 0 0 0 248 23
-6 665 0 665 0 0 7 0 0 5
+7 133 0 133
cfi=(3)
cfn=(694) runtime.futex.abi0
calls=133 552 
* 1322 927 129 9 48 66 3 18 22
* 258 129 0 9 71 0 7 18
+1 387 258 0 0 30 0 0 4
+3 115 0 115 26 0 0 5
+1 115
-12 115
fi=(143) /usr/lib/go-1.19/src/runtime/defs_linux_amd64.go
+53 115
fe=(7)
-53 115
fi=(143)
+53 230
-1 115 0 115
+1 345 0 115
fe=(7)
-53 345 0 345 32 0 8 9 0 1
+13 575 0 460 0 0 19 0 0 7
cfi=(3)
cfn=(694)
calls=115 552 
* 1148 804 114 55 33 42 13 16 22
* 228 114 0 1 41 0 1 23
+1 342 228 0 9 25 0 1 9

fn=(22) runtime.sysargs
224 6 1 1 1 0 0 1 0 0 1
+1 1
+3 1
+1 75
fi=(5)
63 225 75 0 0 9 0 0 9
fe=(7)
228 75 0 0 0 0 0 0 0 0 75 9
fi=(5)
63 3 1 0 0 1 0 0 1
fe=(7)
228 1 0 0 0 0 0 0 0 0 1 1
+5 1
+3 1 0 0 1 0 0 1
fi=(22)
18 1
fe=(7)
237 3 0 1 0 0 1 0 0 1
cfn=(26) runtime.sysauxv
calls=1 +46 
* 711 165 67 7 5 3 7 5 3 143 19
* 2 0 0 0 0 0 0 0 0 1 1
+1 3 2 0 1 0 0 1

fn=(742) runtime.futexwakeup
81 908 0 454 27 0 0 11
+1 454 0 454 0 0 3 0 0 3
-1 681 0 681 54 0 0 13
+1 227 0 227
cfi=(3)
cfn=(694)
calls=227 552 
* 2270 1589 227 15 1 1 8 1 1
* 681 454 0 1 1 0 1 1
+1 454 0 0 0 0 0 0 0 0 227 28
+1 681 454

fn=(26)
283 5 1 1 1 0 0 1 0 0 1
+2 4 0 2 1 0 1 1 0 1
+13 60 0 20
cfi=(8) /usr/lib/go-1.19/src/runtime/vdso_linux.go
cfn=(28) runtime.vdsoauxv
calls=20 -30 
* 220 60 20 3 0 0 3 0 0 40 5
-13 225 81 0 0 0 0 0 0 0 42 1
+1 60 0 0 1 0 0 1 0 0 20
-1 20 0 20
+1 20 20 0 0 5 0 0 5
+7 40 0 0 0 0 0 0 0 0 20 7
+1 2 0 1 0 0 1 0 0 1
-6 38 0 0 0 0 0 0 0 0 19 6
+3 8 1 3 1 0 1 1 0 1 1
+7 1
-7 1
+9 7 2

fn=(32)
329 5 1 1 1 0 0 1 0 0 1
+1 1 0 1
cfn=(34)
calls=1 97 
* 1254 17 1030 5 0 125 5 0 125 1061 27
* 2 0 1
+1 1 0 1
cfn=(38)
calls=1 -26 
* 242 31 19 11 1 0 11 1 0 43 10
* 1 0 1
+1 2 1 0 0 0 0 0 0 0 1 1
+19 3 2 0 1 0 0 1

fn=(324) runtime.mpreinit
383 35 7 7 5 0 0 2 0 0 7
+2 7 0 7
-1 21 0 7
cfi=(10)
cfn=(326) runtime.malg
calls=7 4075 
* 21984 3667 2441 212 51 70 149 24 62 2622 256 25 5
* 42 14 7 0 0 6 0 0 6 7
+1 35 7 7 3 0 2 2 0 2 7
+1 21 14

fl=(13)
fn=(64) runtime.(*mheap).init
703 6 1 2 1 0 0 1 0 0 1
+1 1 1 0 0 1 0 0 1
+3 8 0 1 1 0 0 1
cfi=(14) /usr/lib/go-1.19/src/runtime/mfixalloc.go
cfn=(66) runtime.(*fixalloc).init
calls=1 53 
* 36 5 10 4 0 2 4 0 2 5
+1 8 1 1 1 0 0 1
cfi=(14)
cfn=(66)
calls=1 53 
* 36 5 10 0 0 1 0 0 1 5
+1 8 1 1
cfi=(14)
cfn=(66)
calls=1 53 
* 36 5 10 0 0 1 0 0 1 5
+1 8 1 1 1 0 0 1
cfi=(14)
cfn=(66)
calls=1 53 
* 36 5 10 0 0 1 0 0 1 5
+1 8 1 1
cfi=(14)
cfn=(66)
calls=1 53 
* 36 5 10 0 0 1 0 0 1 5
+1 8 1 1 1 0 0 1
cfi=(14)
cfn=(66)
calls=1 53 
* 36 5 10 0 0 1 0 0 1 5
+9 3 1 1
+4 1
+1 272
fi=(27)
47 136 0 136 0 0 136 0 0 136
fe=(13)
725 546 0 0 1 0 0 1 0 0 137 10
+4 5 0 1
cfi=(15) /usr/lib/go-1.19/src/runtime/mpagealloc.go
cfn=(68) runtime.(*pageAlloc).init
calls=1 309 
* 924 249 218 48 13 7 48 11 7 88 23 1 1
+1 3 2

fn=(154) runtime.(*mheap).reclaim
738 83095 16619 16619 302 0 0 8 0 0 16619 8
+7 16619
fi=(30)
259 16619 16619 0 0 2348 0 0 2
fe=(13)
745 49857 0 0 0 0 0 0 0 0 16619 27
-7 2123 0 2123
fi=(5)
478 2123 2123
fe=(13)
752 2123
fi=(5)
478 2123 0 2123
+1 4246 2123 2123 17 0 1 8
fe=(13)
754 4246 2123 0 0 0 0 0 0 0 2123 11
+4 14861 6369 6369 16 4234 0 6 2
+2 2123
-14 43488 28992 0 2 0 0 1
fi=(30)
300 2819
fe=(13)
760 12703 0 0 0 0 0 0 0 0 4942 22
fi=(30)
300 5660 2830
fe=(13)
762 5660 0 0 16 0 0 7 0 0 2830 19
+2 2110
+4 8440
-30 2110
fi=(30)
335 6330 0 2110
fe=(13)
760 2110
+9 4220
-9 4220
+11 2110
+4 720
fi=(30)
287 1440 720 720 16 0 0 7 0 0 720 10
fe=(13)
776 2880 0 0 0 0 0 0 0 0 720 13
-16 709 0 709
+22 1418 0 0 0 0 0 0 0 0 709 2
fi=(30)
287 31 0 31
fe=(13)
784 31
fi=(17)
48 31
fi=(54)
-26 31 0 31 0 0 20
cfi=(17)
cfn=(80)
calls=31 +29 
* 558 186 93 0 6 0 0 0 0 124 19
fe=(13)
789 279 155 31 15 0 0 7
cfn=(1646) runtime.(*mheap).reclaimChunk
calls=31 +25 
* 2706782 412334 217245 520 4361 591 203 3258 87 283649 12815 1135 9
* 2712 0 678
cfn=(1646)
calls=678 +25 
* 738517 186254 57212 85 1398 26 0 413 0 142016 807 2 2
+1 2127 709 0 0 0 0 0 0 0 709 8
+1 688
fi=(30)
300 688 688
fe=(13)
791 688
+3 21
fi=(30)
350 63 42 21 3 0 0 1 0 0 21
fe=(13)
776 21 21
+13 21 21
fi=(30)
300 42
fe=(13)
789 21 21
-29 42
fi=(5)
485 21 21
fe=(13)
760 21
+16 688 688 0 10 0 0 3
+13 688 688
fi=(30)
300 1376
fe=(13)
789 688 688
-29 1376
fi=(5)
485 688 688
fe=(13)
760 688
+18 11 0 0 1 0 0 1
fi=(30)
264 11 11 11 0 0 0 0 0 0 11
fe=(13)
782 11
+16 11 0 0 0 0 0 0 0 0 11 1
-16 2112 0 0 3 0 0 3
+16 2112 0 0 0 0 0 0 0 0 2112 2
+1 31
fi=(17)
112 31
fi=(54)
-80 62 0 31 13 0 0 4
cfi=(17)
cfn=(94)
calls=31 +83 
* 682 217 93 0 0 0 0 0 0 186 25
fi=(5)
485 31 31
fe=(13)
802 4246 2123 0 3 0 0 3 0 0 2123 18
+3 2123
fi=(5)
485 6369 2123 2123
+1 4246 0 0 0 0 0 0 0 0 2123 19
fe=(13)
806 6369 4246 0 16 0 0 7

fn=(158) runtime.(*mheap).allocSpan
1125 327425 46775 93550 50 0 0 11 0 0 46775 1
1233 46775 0 46775
1125 93550 0 93550 32 0 0 10
+2 46775 46775
+12 46775 46775
fi=(42)
285 93550 0 46775
fe=(13)
1140 187050 0 0 0 0 0 0 0 0 93525 57
fi=(55) /usr/lib/go-1.19/src/runtime/mpagecache.go
27 21145 21145 0 0 4
fe=(13)
1144 21145 0 0 0 0 0 0 0 0 21145 10230
+1 7 7
fi=(17)
48 7
fi=(54)
-26 14 0 7 6 0 1 3 0 1
cfi=(17)
cfn=(80)
calls=7 +29 
* 126 42 21 0 0 0 0 0 0 28 2
fe=(13)
1146 28 7 7
cfi=(55)
cfn=(474) runtime.(*pageAlloc).allocToCache
calls=7 116 
* 10640 1056 539 100 30 10 31 4 9 842 112
* 28 7 21
+1 7
fi=(17)
112 7
fi=(54)
-80 14 7 7
cfi=(17)
cfn=(94)
calls=7 +83 
* 154 49 21 0 0 0 0 0 0 42 2
fe=(13)
1141 7 7 0 2 0 0 1
+10 7 7
-10 7
+10 7 0 7
cfi=(55)
cfn=(482) runtime.(*pageCache).alloc
calls=7 38 
* 302 51 23 19 0 0 12 0 0 41 10
-10 21138 0 0 51 0 0 10
+10 21138 0 21138 0 0 4682 0 0 3
cfi=(55)
cfn=(482)
calls=21138 38 
* 908982 169119 63476 23685 1 4657 50 0 0 173911 129
+1 42290 0 0 0 0 0 0 0 0 21145 30
1039 150 150
+3 375 75 0 0 12 0 0 8 0 150 4
+4 355 71 0 3 14 0 2 4 0 71 11
+1 71 0 71
1153 75 0 0 1 0 0 1
+1 221 0 0 0 0 0 0 0 0 75 9
+1 21141 0 0 20 0 0 7
+55 21070
1339 21070
1194 21070
-30 63210 21070 0 49 0 0 8
+46 4
1339 4
1194 4
-30 76902 4 0 6 0 0 4
1339 25630 0 25630 0 0 101
1210 25630 0 25630
-16 25630 0 25630
-30 25630 25630 0 0 100
fi=(17)
48 51260
fi=(54)
-26 25630 0 25630 0 0 101
cfi=(17)
cfn=(80)
calls=25630 +29 
* 461340 153780 76890 4 0 0 4 0 0 102520 5
fe=(13)
1339 21074 0 21074 0 0 4652 0 0 1
1210 21074 0 21074 0 0 2
-16 21074 0 21074
-30 21074 21074 0 0 3231
fi=(17)
48 42148
fi=(54)
-26 21074 0 21074
cfi=(17)
cfn=(80)
calls=21074 +29 
* 379332 126444 63222 19 0 0 3 0 0 84296
fe=(13)
1194 140112 46704 0 0 0 0 0 0 0 46704 9
+26 8
1339 4 4
1194 4
+2 280200 93400 93400 46 0 0 12
cfi=(15)
cfn=(160) runtime.(*pageAlloc).alloc
calls=46700 810 
* 303595352 30745475 10045820 49654 1706442 26386 804 8424 38 52462209 1319088 330697 2
* 46700
+1 183648 0 0 0 0 0 0 0 0 46700 23
+2 4728 3152 1576 0 1575
cfn=(162) runtime.(*mheap).grow
calls=1576 1399 
* 5867727 907347 447634 15266 47853 12901 896 1854 1605 484312 29773 31605 6
* 3152 0 0 212 0 0 8
+1 1576 0 0 0 0 0 0 0 0 1576 2
-1 1576 0 1576 0 0 1575
+5 4728 3152 1576 0 1575
cfi=(15)
cfn=(160)
calls=1576 810 
* 5861520 721109 390679 4790 10777 333 149 0 3 534296 51751 11100
* 1576
+1 3152 0 0 2 0 0 1 0 0 1576
+94 1576 1576
+40 1576 0 1576
-40 1576 0 1576
-79 1576 0 1576
-10 4728 1576 0 0 0 0 0 0 0 1576
1339 45128 0 45128 53 0 0 10
-40 45128 0 45128
-79 45128 0 45128
-10 135384 45128 0 0 0 0 0 0 0 45128 2
+3 93408 46704 46704
cfn=(236) runtime.(*mheap).allocMSpanLocked
calls=46704 1061 
* 4046649 1476494 665472 1047 32449 18814 239 12803 13225 616422 5066 38966 14
+7 93408 0 46704 0 0 4
-5 46704
fi=(17)
112 46704
fi=(54)
-80 93408 46704 46704 151 4 0 9
cfi=(17)
cfn=(94)
calls=46704 +83 
* 1027510 326939 140112 5 6 1577 2 0 0 280235 91
fe=(13)
1220 93408 93408 0 0 4
+79 46704 46704
+40 46704 46704
1220 93408 0 93408
1339 46704 0 46704
-40 46704 0 46704
1602 46704 0 46704 0 0 45498 0 0 39395
+2 46704 0 46704 0 0 800 0 0 625
+1 46704 0 46704 1622 0 10677 9 0 10488
+1 93408 46704 46704 0 0 796 0 0 622
+1 46704 0 46704 0 0 36457 0 0 33739
+1 46704 0 46704
+1 46704 0 46704 0 0 1672 0 0 492
+2 46704 0 46704 0 0 2445 0 0 401
+1 46704 0 46704
+1 46704 0 46704
+1 46704 0 46704 0 0 1408 0 0 257
+2 46704 0 46704 1544 0 0 10
+1 46704
361 186816 46704 93408 0 0 0 0 0 0 46704
1220 46704
+1 186816 46704 46704
cfn=(240) runtime.(*mheap).allocNeedsZero
calls=46704 973 
* 2504415 280515 88062 23623 8913 0 25 118 0 321970 41432
-1 142 0 142 4 0 11 2 0 3
1339 71 0 71
-40 71 0 71
1602 71 0 71 0 0 69 0 0 68
+2 71 0 71 0 0 1 0 0 1
+1 71 0 71 5 0 18 3 0 18
+1 142 71 71 0 0 1 0 0 1
+1 71 0 71 0 0 54 0 0 52
+1 71 0 71
+1 71 0 71 0 0 3 0 0 1
+2 71 0 71
+1 71 0 71
+1 71 0 71
+1 71 0 71 0 0 1
+2 71 0 71 9 0 0 2
+1 71
361 284 71 142 0 0 0 0 0 0 71
1220 71
+1 284 71 71
cfn=(240)
calls=71 973 
* 3658 426 98 43 31 0 10 8 0 453 62
* 93550 0 0 0 0 0 0 0 0 46775 6
+1 16449 5483 5483
+4 41292 41292
-2 165168 41292 41292 19 0 0 3
898 82584 41292
1225 41292 0 0 0 0 0 0 0 0 41292 15
-1 21932 5483 5483 24 0 0 4
898 10966 5483
1225 5483 0 0 0 0 0 0 0 0 5483 20
+1 26 0 26
+1 26 0 26
+1 104 52 26
+1 26
361 78 52 26 14 0 0 4 0 0 26 4
1280 26
-47 93498 46749 46749 34 0 0 5
545 93498
1234 93498 0 0 0 0 0 0 0 0 46749 34
+1 44811 0 44811
+1 44811 0 44811
+1 44811 0 44811
+8 44811
-8 44811
+2 13566 1938 1938 32 21 0 4 0 0 1938
+1 5814 0 0 0 0 0 0 0 0 1938
-20 1938
+20 5814 0 1938
+1 5814 1938 1938 36 541 0 3 10
+4 1938 0 1938
+1 1938 0 1938
+1 1938 0 1938
+1 3876 1938 1938
cfn=(242) runtime.newMarkBits
calls=1938 2047 
* 149454 12093 77916 3489 974 9229 42 10 8801 87759 88
-3 44811 0 44811 25 0 0 6
+1 44811 0 44811
+1 44811 0 44811
+1 89622 44811 44811
cfn=(242)
calls=44811 2047 
* 1770865 269445 155545 4699 9250 8205 96 7 6746 379722 68
* 93498 46749 46749 0 17 17
+1 93498 46749 46749 0 6
cfn=(246) runtime.newAllocBits
calls=46749 2103 
* 2197203 420741 186996 170 0 1 27 0 0 373992 169
* 93498 46749 46749 57 0 0 9
+5 186996 186996 46749 0 97 0 0 4 0 46749
+12 46749
361 140247 93498 46749 0 18 0 0 0 0 46749 21325
1373 46749 46749
470 46749
1346 46749 46749
898 46749 46749
fi=(30)
63 46749 46749 0 45 2292 0 5 1
fi=(53)
+29 46749
fi=(30)
+12 46749 46749 0 0 1597
+36 46749
fe=(13)
1280 46749 0 0 0 0 0 0 0 0 46749 4
fi=(30)
63 26 26 0 11 0 0 3
fi=(53)
+29 26
fi=(30)
+12 26 26
+36 26
fe=(13)
1280 26 0 0 0 0 0 0 0 0 26 5
+59 51210 25605
-59 25605
+3 21170
fi=(30)
259 21170 21170 0 0 119
fe=(13)
1286 42340 21170
+1 42340
-1 21170
+40 42340
fi=(30)
259 21170 21170 0 322 350 0 9
fe=(13)
1290 42340 0 0 0 0 0 0 0 0 21170 22
fi=(30)
259 25605 25605 0 1206 1254 0 2
fe=(13)
1290 60933 3241 0 0 0 0 0 0 0 28846 7
fi=(19) /usr/lib/go-1.19/src/runtime/mstats.go
636 4 4
fi=(69)
125 2
fe=(13)
1299 6 0 0 0 0 0 0 0 0 2
+6 4
+3 4
+18 2
1140 4 2 0 1 0 0 1
1305 2
1140 6478 3239 0 21 0 0 2
1290 3239
1140 87068 43534 0 401 0 0 8
1316 140275 0 0 0 0 0 0 0 0 93525 36
+10 1 0 1 1 0 0 1
-4 1
fi=(43)
19 1 0 1
cfi=(3)
cfn=(304)
calls=1 228 
* 38 12 8 1 2 0 0 0 0 2
* 4 2 1
fi=(30)
259 2 2 0 0 1
fi=(53)
391 2 0 1
+19 2 0 0 0 0 0 0 0 0 1
+3 2
-41 4 0 0 1 0 0 1
fi=(30)
264 1 1 1 0 0 0 0 0 0 1
fe=(13)
1326 8 3 1 1 0 0 1
cfi=(69)
cfn=(1170) runtime.(*pageAlloc).scavenge
calls=1 639 
* 40 10 7 6 0 0 6 0 0 5 4
+5 1
fi=(43)
19 1 0 1
cfi=(3)
cfn=(304)
calls=1 228 
* 38 12 8 0 0 0 0 0 0 2 2
* 3 2
fi=(53)
410 2 1
fe=(13)
1332 1 0 0 0 0 0 0 0 0 1 1
fi=(43)
19 1 0 1
fe=(13)
1323 2 1
+10 3 0 1 1 0 0 1
cfi=(53)
cfn=(652)
calls=1 449 
* 42 5 3 4 1 0 0 0 0 7 2
+2 3 2
fi=(30)
91 2 2 1 0 0 0 0 0 0 1 1
fe=(13)
1373 1 1
-34 1 1
470 1 1
1346 1 1
898 1 1
1339 93550 0 0 74 0 0 11 0 0 46775 33
+3 82892 41446 41446
cfi=(18) /usr/lib/go-1.19/src/runtime/mem.go
cfn=(250) runtime.sysUsed
calls=41446 75 
* 1865070 497352 248676 533 2103 6 32 7 1 290122 71
+1 165784 41446 41446
cfi=(19)
cfn=(84) runtime.(*sysMemStat).add
calls=41446 644 
* 704582 124338 165784 30 0 0 6 0 0 165784 11
+3 290122 82892 41446 22 0 0 4
cfi=(19)
cfn=(84)
calls=41446 644 
* 580256 124338 165784 0 0 0 0 0 0 124342 8
* 26645 0 5329 21 0 0 7
cfi=(19)
cfn=(84)
calls=5329 644 
* 90593 15987 21316 19 0 0 6 0 0 21316 5
898 93550 46775
1347 46775 0 0 0 0 0 0 0 0 46775 30
+1 186996 46749 46749
cfi=(19)
cfn=(84)
calls=46749 644 
* 794733 140247 186996 0 0 0 0 0 0 186996 51
+3 93550 0 46775
cfi=(19)
cfn=(176) runtime.(*consistentHeapStats).acquire
calls=46775 764 
* 1216650 280825 93650 87 8781 0 17 9 0 187150 80
+1 140325 93550 46775 0 4836 0 0 5 0 46775
+1 93550 46775 46775 44 0 0 10 0 0 46775
+1 93550 46775
+3 46775 0 0 0 0 0 0 0 0 46775 15
898 46761
1355 46761 0 0 0 0 0 0 0 0 46761 15
+1 140247 93498 46749 0 0 0 0 0 0 46749
+2 36 24 12 0 0 0 0 0 0 12
+1 28 0 0 0 0 0 0 0 0 14 7
+2 28 0 0 2 0 0 2 0 0 14
+1 28 28 14 0 0 0 0 0 0 14
+2 42 0 14
cfi=(19)
cfn=(178) runtime.(*consistentHeapStats).release
calls=14 793 
* 210 70 28 4 0 0 2 0 0 42 13
* 140283 0 46761 42 0 0 8
cfi=(19)
cfn=(178)
calls=46761 793 
* 701965 233955 93597 27 0 0 10 0 0 140383 112
470 93550 93550 0 0 6
1373 187100 93550 46775 73 0 0 11
cfn=(252) runtime.(*mheap).setSpans
calls=46775 949 
* 10601065 187310 912620 454 34 114465 33 0 107227 1825345 46898
898 93550 46775
1375 46775 0 0 0 0 0 0 0 0 46775 24
696 93498 46749
1381 93498
470 93498 93498
695 46749
565 186996
696 140247 46749 0 60 0 0 10 0 0 46749 2
1382 46749
697 140247
1382 93498
698 233745
1382 46749 46749 46749 0 8515 0 0 1626 0 46749 5
+3 93498 93498 0 40 0 0 8
fi=(30)
287 93498 93498 46749 0 1593 0 0 0 0 46749 4
fe=(13)
1390 46749 0 46749
cfi=(2)
cfn=(254) runtime.publicationBarrier.abi0
calls=46749 764 
* 46749 46749 0 11 0 0 6
* 26 0 26 4 0 0 3
cfi=(2)
cfn=(254)
calls=26 764 
* 26 26 0 12 0 0 3
* 93550 46775 0 0 17
+2 187100 140325

fn=(490)
1656 135 27 27 24 2 0 10 0 0 27
+1 216 81 27 21 3 0 10 0 0 81 14
+4 54 27 27
+1 108 27 0 0 0 0 0 0 0 27 20
+3 6 0 3 0 0 1
+3 24 0 24
+2 24 0 24
+1 24 0 24
+1 96 48 0 23 0 0 10
-2 3 0 3
+1 3 0 3
+1 12 6 0 1

fn=(252)
949 140325 0 46775 310 0 0 11
+3 140325 46775 0 0 17
-1 46775
565 140325
952 93550 0 0 0 0 0 0 0 0 46775
-2 93550
+2 93550 46775 0 77 17 0 11
+1 46775
+6 1731690 0 865845 0 0 114465 0 0 107227
-6 2691085 0 0 0 0 0 0 0 0 912620 46683
+1 1731690
+1 1731690 0 0 0 0 0 0 0 0 865845 213
+2 210 105
-1 315
565 210 0 0 1 0 0 1
957 420 105 0 0 0 0 0 0 0 105 2
-4 865740 0 0 66 0 0 10
+2 865740
+6 187100 93550

fn=(244) runtime.newArenaMayUnlock
2143 170 34 34 25 0 0 13 0 0 34 1
+2 154 34 18 25 0 0 13 0 0 34 15
+9 36 18 18 0 18 0 0 13
+1 36 0 18 0 0 1 0 0 1
cfi=(33)
cfn=(264)
calls=18 18 
* 148140 54 147456 56 34 18414 11 2 16561 147744 56
+2 18 18 0 0 18
-2 18
-9 16
fi=(17)
112 16
fi=(54)
-80 32 0 16 0 0 1 0 0 1
cfi=(17)
cfn=(94)
calls=16 +83 
* 352 112 48 0 0 4 0 0 0 96 5
fe=(13)
2147 48 0 16 7 0 0 5
cfi=(18)
cfn=(82) runtime.sysAlloc
calls=16 49 
* 1344 352 336 57 27 27 10 0 10 128 17
+1 32 0 0 0 0 0 0 0 0 16
-1 16 0 16
+4 16
fi=(17)
48 16
fi=(54)
-26 32 0 16
cfi=(17)
cfn=(80)
calls=16 +29 
* 288 96 48 0 0 0 0 0 0 64 1
fe=(13)
2157 32 16 16 0 0 16 0 0 16
+8 48 32
-8 18 0 18 17 0 18 7
+8 54 36

fn=(984) runtime.addspecial
1757 18 3 6 1 0 0 1 0 0 3
+38 3 0 3
-37 3 0 3
cfn=(986) runtime.spanOfHeap
calls=3 639 
* 93 21 0 3 0 0 2 0 0 18 2
+1 6 0 0 0 0 0 0 0 0 3
-1 3 0 3
fi=(5)
478 3 3
fe=(13)
1766 3
fi=(5)
478 3 0 3
+1 6 3 3 1 0 0 1
fe=(13)
1767 3 0 3
cfi=(28)
cfn=(988) runtime.(*mspan).ensureSwept
calls=3 430 
* 93 27 12 4 0 0 4 0 0 18 5
+2 12 9 3
+1 9 6 3
+2 6 0 3
fi=(17)
48 3
fi=(54)
-26 9 0 3 1 0 0 1
cfi=(17)
cfn=(80)
calls=3 +29 
* 54 18 9 0 0 0 0 0 0 12
fe=(13)
1775 6 3
+1 9 6
+1 6 3
+1 6 0 0 0 0 0 0 0 0 3 2
-1 3 3
+1 6 0 0 0 0 0 0 0 0 3 1
+3 9 3 0 0 0 0 0 0 0 3 3
+5 6 0 0 0 0 0 0 0 0 6 2
+7 6 3 3 1 0 0 1
+1 6 3 3
+1 3 0 3
-56 6 3
+57 3
-58 3
470 3 3
+95 12
1739 9 3 0 1 0 0 1 0 0 3
+1 3
-3 9
+3 27 3 3 1 1 0 1 1 0 6
+57 3
fi=(17)
112 3
fi=(54)
-80 6 3 3
cfi=(17)
cfn=(94)
calls=3 +83 
* 66 21 9 0 0 0 0 0 0 18 3
fe=(13)
1798 3
fi=(5)
485 12 6 3
+1 12 3 0 0 0 0 0 0 0 6 2
fe=(13)
1800 12 6 0 1 0 0 1

fn=(1582) runtime.(*mheap).freeSpanLocked
1522 58198 8314 24942 37 0 0 18 0 0 8314
1099 8314 0 8314
1523 8314
+2 8314 8314
+5 16628 0 0 0 0 0 0 0 0 8314 6
+1 66408 24903 8301 0 0 765 0 0 0 16602 16
+4 16602 8301
fi=(30)
287 8301 8301 8301 10 0 0 6 0 0 8301
fe=(13)
696 16602 8301 0 0 745
1538 16602
470 8301 8301 0 0 441 0 0 409
695 8301
565 24903
696 24903 8301 0 0 789 0 0 0 0 8301
1539 8301
697 24903 0 0 11 0 0 5
1539 16602
698 41505
1539 24903 8301 8301 0 1733 0 0 101 0 8301
-13 26 0 0 11 0 0 4 0 0 13
+1 39 13 0 11 0 0 4 0 0 13
+20 24942 8314 8314 10 4 1 5 3
+1 33256 0 8314 0 0 746 0 0 1
cfi=(19)
cfn=(84)
calls=8314 644 
* 141338 24942 33256 17 10 23 2 3 0 33256 1651
+1 24942 8314 0 0 0 0 0 0 0 8314 2
+1 41505 8301 8301 10 0 0 5
cfi=(19)
cfn=(84)
calls=8301 644 
* 141117 24903 33204 0 0 0 0 0 0 33204 70
+3 16628 0 8314 12 0 0 4
cfi=(19)
cfn=(176)
calls=8314 764 
* 216164 49884 16628 5 1118 0 5 3 0 33256 19
+1 16628 8314
+3 8314 0 0 0 0 0 0 0 0 8314 2
-8 8301
+6 8301 0 0 0 0 0 0 0 0 8301 7
+1 33204 16602 8301 0 767 0 0 0 0 8301 48
+3 26 0 0 12 0 0 4 0 0 13 3
+2 26 0 0 0 0 0 0 0 0 13
+1 39 26 13 0 9 0 0 3 0 13
+2 26 0 13
cfi=(19)
cfn=(178)
calls=13 793 
* 195 65 26 3 0 0 3 0 0 39 11
* 16602 0 8301 774 0 0 4
cfi=(19)
cfn=(178)
calls=8301 793 
* 124515 41505 16602 0 0 0 0 0 0 24903 78
+3 33256 24942 0 775 0 0 8
470 8314 8314
1567 49884 0 8314
cfi=(15)
cfn=(1584) runtime.(*pageAlloc).free
calls=8314 871 
* 13054155 1266662 641530 1452 11713 4922 211 66 120 1006698 59012
+3 8314
365 16628 8314
-4 16628 8314 8314 0 0 0 0 0 0 8314
1096 16628 16628
+2 41570 8314 0 44 787 0 10 5 0 16628 617
+1 4482 0 2241 0 0 955 0 0 41 2241 7
+1 2241 0 2241
1571 2241
1105 6073
fi=(14)
104 24292 18219 6073 0 540 0 0 1
+2 12146 6073 6073 1 0 2541 1 0 2440
+1 6073 0 6073
fe=(13)
1572 24942 16628 0 22 0 0 8

fn=(682)
1631 105 21 21 21 0 0 10 0 0 21
+1 84 21 0 21 17 0 10 3 0 21 4
+5 42 21 0 0 0 0 0 0 0 21
+1 63 21 21 0 5 0 0 2
+4 42 21 0 0 0 0 0 0 0 21 5
+1 60 20 20
+2 3 2 1
+3 1 0 1
+1 1 0 1 1
+1 3 2
-2 20 0 20
+1 20 0 20 19 0 0 10
+1 60 40

fn=(1266) runtime.nextMarkBitArenaEpoch
2121 90 18 18 2 0 0 2 0 0 18
fi=(17)
48 18
fe=(13)
2122 18
fi=(54)
22 18 0 18 18 0 0 10
cfi=(17)
cfn=(80)
calls=18 +29 
* 324 108 54 0 7 0 0 2 0 72
fe=(13)
2123 54 18 0 0 0 0 0 0 0 18 3
+1 48 16 0 0 0 0 0 0 0 16 16
+1 16 0 16
+10 32 16 16
+1 32 16 16
+1 48 16 16 16 0 0 9 0 0 16 11
+1 16
fi=(17)
112 16
fi=(54)
-80 32 0 16
cfi=(17)
cfn=(94)
calls=16 +83 
* 384 128 48 0 0 0 0 0 0 112 11
fe=(13)
2135 4 2 2
+1 4 2 2
+1 6 2 2 2 0 0 1 0 0 2
+1 2
fi=(17)
112 2
fi=(54)
-80 4 0 2
cfi=(17)
cfn=(94)
calls=2 +83 
* 48 16 6 0 0 0 0 0 0 14
fe=(13)
2139 54 36

fn=(152) runtime.(*mheap).alloc.func1
912 467460 233730 93492 109 4688 4663 17 3 0 46746 2
fi=(28)
424 46746
fi=(30)
162 46746 46746 0 0 4199
fi=(28)
+52 46746
fe=(13)
915 46746 0 0 0 0 0 0 0 0 46746 748
-3 49857 0 49857
+4 16619 0 16619 0 0 2340 0 0 2
cfn=(154)
calls=16619 738 
* 3797391 690473 310496 1038 12347 638 269 3675 87 478367 13826 1137 11
+2 99714 49857 16619 18 0 0 2
cfn=(158)
calls=16619 1125 
* 98156252 12111883 5913786 85978 391543 91705 900 9356 54738 14428530 547753 142152 12
* 90381 0 30127 25 0 2334 4 0 2
cfn=(158)
calls=30127 1125 
* 258423410 28421749 11383282 47045 1463562 215728 1515 15498 168957 45723815 978543 269966 10
* 93492 46746 46746 0 0 1595
+1 140238 93492 0 0 1594

fn=(236)
1061 233520 46704 46704 49 0 0 11 0 0 46704 1
+1 46704
+2 93408 93408 0 47 0 0 11
+1 93408 0 0 0 0 0 0 0 0 46704 5
+5 93358 46679 0 0 6397 0 0 3 0 46679 2062
-9 698 0 698
fi=(42)
285 1396 0 698
fe=(13)
1070 698
-3 50 0 25
cfi=(14)
cfn=(106) runtime.(*fixalloc).alloc
calls=25 73 
* 1823 671 332 8 1 12 7 1 4 269 12 26 1
* 75 50
+11 233395 93358 0 51 9484 0 11 41 0 46679 1
+1 46679 0 46679
+1 140037 93358
-8 44672 0 44672 3 0 0 1
+1 134016 0 44672
cfi=(14)
cfn=(106)
calls=44672 73 
* 2522544 968250 435622 863 16563 13420 188 12758 13176 384017 1833 38940 13
* 134016 89344 44672 0 4 5379 0 0 45
-1 44672
+1 89344 44672
-1 90740 0 0 26 0 0 10 0 0 45370 1152
+3 1396 0 698 0 0 3

fn=(162)
1399 9456 1576 3152 22 1575 0 9 0 0 1576
+1 1576
fi=(22)
413 3152
fe=(13)
1407 1576
+5 3152 1576 0 0 1575 0 0 5
+1 1576 1576 0 20 1575 0 9
fi=(22)
413 6304
fe=(13)
1414 7583 1576 0 0 0 0 0 0 0 3053 123
-7 99 0 99
+11 99 0 99 0 0 98
cfi=(12)
cfn=(164) runtime.(*mheap).sysAlloc
calls=99 561 
* 40805 9790 7095 1421 1079 887 198 23 21 4697 280 100 2
+1 198 0 0 0 0 0 0 0 0 99
+6 495 198 0 9 0 0 8 0 0 99 13
+3 490 0 98
+5 6 1 0 0 0 0 0 0 0 1
+15 2 0 1 1 0 0 1
+1 2 0 1 1 0 0 1
+7 4 3
fi=(22)
413 4
fe=(13)
1456 393 294 0 8 0 0 7
fi=(22)
413 392
fe=(13)
1456 98
+4 2954 0 0 24 0 0 8
+19 1477 0 1477
-19 2954 1477 1477
+1 1477 0 1477
+7 10339 0 2954 0 0 1477
cfi=(18)
cfn=(172) runtime.sysMap
calls=1477 140 
* 132930 36925 36925 3213 4431 4431 80 2 0 16247 1020
+11 99 0 99 2 0 0 1
-19 198 99 99
+1 99 0 99
+7 693 0 198
cfi=(18)
cfn=(172)
calls=99 140 
* 8910 2475 2475 23 0 0 17 0 0 1089 110
+4 3152 0 1576 20 0 0 9
cfi=(19)
cfn=(176)
calls=1576 764 
* 40996 9463 3156 6 6105 0 6 1 0 6306 3
+1 3152 3152 1576 0 1575 0 0 0 0 1576 1515
+1 4728 0 1576
cfi=(19)
cfn=(178)
calls=1576 793 
* 23662 7886 3155 4 0 0 4 0 0 4732 1575
+4 7880 4728 1576
cfi=(15)
cfn=(180) runtime.(*pageAlloc).grow
calls=1576 355 
* 5533533 818248 377194 10470 29938 6008 529 1823 1584 444837 25134 31505 4
+1 4728 3152 0 22 0 0 9
+1 6304 3152

fn=(246)
2103 233745 46749 46749 81 0 0 11 0 0 46749
+1 46749 0 46749
cfn=(242)
calls=46749 -57 
* 1776462 280494 93498 36 0 1 7 0 0 327243 169
* 140247 93498 0 53 0 0 9

fn=(1578) runtime.(*mheap).freeSpan
1484 19010 3802 3802 10 0 0 6 0 0 3802 7
+1 34218 0 26614 10 0 26 6 0 3
cfi=(2)
cfn=(74)
calls=2653 463 
* 4988264 630893 339348 2308 20380 9830 27 214 707 446616 22026 2653 751
cfi=(2)
cfn=(75)
calls=1149 463 
* 2166913 263393 138650 563 588 406 117 145 34 193536 9313 1149 21
* 7604 3802
+17 11406 7604
cfi=(28)
cfn=(1572)
calls=1 723 
* 35010411 7308590 4477578 528 125656 2484 483 119496 2199 5108345 75455 18509 8

fn=(1579) runtime.(*mheap).freeSpan'2
1484 22495 4499 4499 0 0 0 0 0 0 4499
+1 40491 0 31493
cfi=(2)
cfn=(75)
calls=4499 463 
* 125972 44990 31493 0 1 0 0 0 0 17996 0 4499 1
* 8998 4499
+17 13497 8998
cfi=(28)
cfn=(1573)
calls=4499 723 
* 124104275397 26739418702 16291033826 2150991 526084291 6575530 1988904 499958133 5590378 18813092981 177361705 42191973 24939

fn=(1646)
814 4963 709 1418 16 0 0 7 0 0 709 1
+6 709 709
fi=(28)
153 709
+1 709
fi=(30)
+8 709 709
fi=(28)
-7 2836 0 0 15 0 0 8 0 0 709 5
+3 709
fe=(13)
814 709
fi=(30)
197 3545 0 709
fi=(28)
-39 709 0 0 0 0 0 0 0 0 709
+1 709 709
-4 709
fe=(13)
824 2127 0 1418 15 0 18 8
+1 709 0 0 0 0 0 0 0 0 709
-11 1418 0 1418 0 0 19
+15 1418 0 1418
-15 1418
+11 709
+45 1418
+1 709
-43 3545 0 0 15 0 0 8 0 0 1418 9
+1 3545 0 0 0 0 0 0 0 0 709 1
+1 1418 709
-1 1418 709 0 0 35
+1 2127 709 0 15 32 0 8 0 0 709 16
+4 709
-1 1418
+1 7799 0 0 15 0 0 8 0 0 709 13
+1 1418
+1 2836 0 0 0 0 0 0 0 0 709 59
+8 44
-16 44 0 44
+16 44 0 44
-14 44 0 44
+3 44 0 44
+1 44 0 44
+1 44 0 44
-6 88 0 44
+14 44
-15 665 0 665
+16 665 0 665
-14 665 0 665
+3 665 0 665
+1 665 0 665 15 0 0 8
+1 665 0 665
-6 1330 0 665
+14 665
+39 709 0 709
-9 2836 1418 709 0 0 5
cfi=(28)
cfn=(146)
calls=709 166 
* 19852 3545 1418 0 2 0 0 0 0 3545 28
+1 1418 709 0 0 0 0 0 0 0 709 2
+8 2836 2127 0 15 0 0 8
-39 45376
-13 45376 45376
+41 45376 45376
-28 92170 0 0 15 0 0 8 0 0 46085 736
+1 136128 45376 45376 0 709 0 0 432
-1 45376
+1 181504 45376 0 0 709 0 0 12 0 45376
+1 90752 0 0 15 0 0 8 0 0 45376 281
-2 1978 0 989
+2 989
+4 7912
-20 7912 7912
+41 7912 7912
-21 17802 0 0 0 0 0 0 0 0 8901 990
+1 39560 0 0 0 0 0 0 0 0 7912 860
+1 5690 0 0 10 0 0 6 0 0 1138 42
-2 1138 0 1138
+33 1138 0 1138
-32 1138 0 1138 0 0 18
+1 1138 1138 0 0 989 0 0 912
+1 2276 0 1138
cfi=(28)
cfn=(1638)
calls=1138 315 
* 26168 6828 2275 7 1128 0 7 941 0 4551 263
* 3414 0 1138 0 0 0 0 0 0 1138 3
+11 1 1
-19 1 1
+7 1 1
-1 1 1
+32 1 1
-30 1
+1 2274 1137 1137 10 898 0 6 719
+1 1137
fi=(17)
112 1137
fi=(54)
-80 2274 1137 1137
cfi=(17)
cfn=(94)
calls=1137 +83 
* 25014 7959 3411 0 0 0 0 0 0 6822 1
fe=(13)
855 3411 0 1137
cfi=(28)
cfn=(1572)
calls=1137 470 
* 2458138 344135 193440 397 1257 557 87 655 87 242474 10235 1137 11
* 1137 0 1137
+3 1137
fi=(17)
48 1137
fi=(54)
-26 2274 1137 1137 10 0 0 6
cfi=(17)
cfn=(80)
calls=1137 +29 
* 20466 6822 3411 0 0 0 0 0 0 4548 77
fe=(13)
863 2274 2274
-7 3411 2274
+26 4548 1137
-19 5685 3411 0 10 0 0 6
+14 1137 1137
-28 1137 1137
+2 1137 1137
-7 1137
-1 1137 1137
+8 1137 1137
-7 1137 1137
+7 1137 1137
-2 1137
+33 1137
-53 2274 1137 0 10 0 0 6
+48 1 1
-28 1 1
+2 1 1
-7 1
-1 1 1
+8 1 1
-7 1 1
+7 1 1
-2 1
+33 1
-53 2 1

fn=(240)
973 280650 46775 46775 55 0 0 5 0 0 46775 32
+1 46775
+46 93744
+1 93744
-45 46872
-2 46872
+49 46872
-49 187294 0 0 0 0 0 0 0 0 93647 94
+2 140616 46872 0 21136 60 0 7 1
-1 46872
565 187488
976 140616 46872 0 0 1557 0 0 5 0 46872 5
+2 93744 46872 0 0 7327 0 0 120
+1 93744 0 0 2396 0 0 10
+1 93744
+18 140616
+25 93744
-24 93938 0 0 0 0 0 0 0 0 46872 151
-23 5487
+28 5487
+19 187100 93550
-19 93744 0 0 79 0 0 13 0 0 46872 52
-31 41385
+32 206925 0 41385 0 0 0 0 0 0 41385 41160

fn=(242)
2047 863295 172659 172659 53 0 2451 9 0 0 172659 6
+5 172659 172659 0 0 7165 0 0 10
-4 345318
-16 1381182 172641 0 57 7451 0 10 8 0 172659 18
+17 36
-17 36 0 0 0 0 0 0 0 0 18
+17 345282
-17 345282 0 0 0 0 0 0 0 0 172641 167
+4 68
+17 34
-17 517875 172625 172625 0 0 0 0 0 0 172625
+1 345250 0 0 0 0 0 0 0 0 172625 24
+4 517875
+1 690500 0 0 39 0 0 4 0 0 172625
+11 345318 0 0 18 0 0 5 0 0 172659 5
-4 34 0 34
-1 34 0 34
+11 34
fi=(17)
48 34
fi=(54)
-26 68 0 34 0 0 1 0 0 1
cfi=(17)
cfn=(80)
calls=34 +29 
* 612 204 102 0 0 0 0 0 0 136 12
fe=(13)
2063 68 34
-31 164 32 0 31 0 0 18 0 0 34 4
+4 36 18
-4 68 0 0 0 0 0 0 0 0 34
+4 68 34
+27 136 0 0 26 0 0 13 0 0 34
+6 34 0 34 25 0 0 13
cfn=(244)
calls=34 +74 
* 150932 802 148074 187 97 18481 59 15 16589 148116 95
+4 34 34 0 0 18
-41 164 32 0 0 6 0 0 0 0 34 10
+4 36 18 0 0 15
-4 68 0 0 0 0 0 0 0 0 34
+4 102 34
+37 102 0 0 62 0 0 36 0 0 34
-41 340 34 0 0 0 0 0 0 0 68 14
+4 136 34 34 0 0 0 0 0 0 34
+1 68 0 0 25 0 0 13 0 0 34 8
+4 34
+1 136 0 0 0 0 0 0 0 0 34
+43 68 0 0 0 0 0 0 0 0 34
-1 34 0 34
+6 68 34 34
+1 68 34 34 25 0 0 13 0 0 34
+2 34
fi=(17)
112 34
fi=(54)
-80 68 0 34
cfi=(17)
cfn=(94)
calls=34 +83 
* 748 238 102 0 36 18 0 0 0 204 15
fe=(13)
2094 136 102
-40 690500 345250 0 7847 0 0 19

fn=(986)
639 3 0 0 1 0 0 1
+41 3
565 6
+77 6 0 0 0 0 0 0 0 0 3
+9 3 3 0 1 0 0 1
+4 6 3
+1 6 0 0 0 0 0 0 0 0 3
+3 12 3
470 3
680 3
+6 6 0 0 0 0 0 0 0 0 3
365 3 3
686 15 0 0 1 0 0 0 0 0 3
470 3 3
686 9 3 0 0 0 0 0 0 0 6 2
+3 6 3

fn=(1676)
1515 104 13 52 22 0 0 11 0 0 13
+1 13 0 13 0 0 13 0 0 6
+1 13 13 0 0 1 0 0 1
fi=(17)
48 13
fi=(54)
-26 13 0 13
cfi=(17)
cfn=(80)
calls=13 +29 
* 234 78 39 0 0 0 0 0 0 52 6
fe=(13)
1518 65 39 13
cfn=(1582)
calls=13 +4 
* 15060 1645 835 355 163 44 169 58 12 1547 274
+1 13
fi=(17)
112 13
fi=(54)
-80 26 13 13
cfi=(17)
cfn=(94)
calls=13 +83 
* 286 91 39 0 0 0 0 0 0 78 4
fe=(13)
1520 39 26

fn=(334)
940 130 26 26 6 0 0 3 0 0 26
+1 52 0 0 0 0 0 0 0 0 26 9
+3 52 0 26 0 0 1
cfn=(158)
calls=26 1125 
* 49799 8128 4991 1165 319 154 365 46 87 5724 745 122
* 78 52 0 22 0 0 7

fn=(1580) runtime.(*mheap).freeSpan.func1
1485 26607 7602 7602 10 741 741 6 0 0 3801
+1 3801 3801 0 0 1
-1 7602 3801 3801
fi=(17)
48 3801
fi=(54)
-26 3801 0 3801 0 0 24
cfi=(17)
cfn=(80)
calls=3801 +29 
* 68418 22806 11403 0 0 0 0 0 0 15204 1
fe=(13)
1499 15204 7602 3801
cfn=(1582)
calls=3801 +23 
* 6810291 764003 408538 2849 18050 7939 133 357 740 585433 30753
+1 3801
fi=(17)
112 3801 0 0 12 0 0 5
fi=(54)
-80 7602 3801 3801
cfi=(17)
cfn=(94)
calls=3801 +83 
* 83630 26611 11403 0 0 0 0 0 0 22810 562
fe=(13)
1501 11403 7602

fn=(150)
907 233740 46748 46748 50 0 4 8 0 3 46748 2
+4 46748 0 46748 0 0 587 0 0 4
+1 654472 0 467480 88 0 7 16 0 5
cfi=(2)
cfn=(75)
calls=25610 463 
* 239459268 26341189 10102080 19214 1358038 165006 422 9045 143612 43193455 856939 260504 127
cfi=(2)
cfn=(74)
calls=21138 463 
* 123697928 16054409 8179384 116841 535441 167948 2303 19487 80180 17717677 683972 199499 897
* 93496 46748
+8 186992 140244 0 0 1594
cfi=(27)
cfn=(148)
calls=2 244 
* 37817 11846 4107 319 42 48 42 8 35 6894 444 10 2

fn=(151)
907 5 1 1 1 0 1 0 0 1 1
+4 1 0 1
+1 14 0 10 1 0 1 0 0 1
cfi=(2)
cfn=(74)
calls=1 463 
* 28 10 7 0 1 1 0 0 0 4 0 1 1
* 2 1
+8 4 3
cfi=(27)
cfn=(149)
calls=1 244 
* 9263 2903 1029 78 4 9 0 3 6 1664 110 3

fn=(238) runtime.recordspan
495 193120 38624 38624 20 0 0 6 0 0 38624
+4 38624
+2 115872 77248 0 21 0 0 8 0 0 38624 24
-6 5 0 5
+29 5 0 5
-18 10 0 10
-3 30
+5 30 0 10 4 0 0 4
cfi=(18)
cfn=(82)
calls=5 49 
* 420 110 105 12 7 0 0 0 0 40 4
* 5 0 5
+1 5
-6 5 0 0 0 0 0 0 0 0 5
+9 15 10 5
+1 10 5 5 4 0 0 4
+1 20 10 0 0 0 0 0 0 0 5 1
+1 28 4 4 0 0 0 0 0 0 4
cfi=(31)
cfn=(170)
calls=4 39 
* 50124 16668 16660 29 8321 8324 25 7198 8320 4212 22
+2 12 12 0 3 8 0 3
+1 12 12 0 0 4
-1 4 4
+1 12 0 12
+1 4 0 0 0 0 0 0 0 0 4
-2 2 2 0 1 0 0 1
+1 3 3
-1 1 1
+1 3 0 3
+1 1 0 0 0 0 0 0 0 0 1 1
+1 16 0 4
cfi=(18)
cfn=(1772) runtime.sysFree
calls=4 100 
* 236 68 60 19 20 4 19 0 0 32 9
+3 8 4
+1 4 4
-1 21 8 0 1 0 0 1 0 0 4 4
+1 1 1
-1 231724 77240 38624 241 0 0 7 0 0 38620
+1 154496 38624 38624 0 0 5041 0 0 4835 38624
+1 115872 77248 0 150 0 0 8

fn=(982)
1860 15 3 3 1 0 0 1 0 0 3
+8 3 0 3
-1 3 0 3 1 0 0 1
-1 3 0 3
-1 3 0 3
-5 3 0 3
fi=(17)
48 3
fe=(13)
1861 3
fi=(54)
22 3 0 3
cfi=(17)
cfn=(80)
calls=3 +29 
* 54 18 9 0 1 0 0 0 0 12
fe=(13)
1862 6 0 3
cfi=(14)
cfn=(106)
calls=3 73 
* 219 67 46 17 3 0 0 0 0 30 9 1 1
* 3 0 3
+1 3
fi=(17)
112 3
fi=(54)
-80 6 0 3
cfi=(17)
cfn=(94)
calls=3 +83 
* 72 24 9 0 0 0 0 0 0 21 1
fe=(13)
1864 6 3 3 1 0 2 1 0 2
+1 21 6 6 0 0 0 0 0 0 3
+1 6 3 3
+1 12 6 3 1 0 0 1 0 0 3
+1 6 3 3 0 0 1 0 0 1
-1 3
+2 9 3 3 1 0 0 1
cfn=(984)
calls=3 1757 
* 588 165 84 14 1 0 13 1 0 102 20
* 6 0 0 0 0 0 0 0 0 3
+5 9 3 0 0 0 0 0 0 0 3 2
+12 15 6 0 2 0 0 2

fl=(49)
fn=(382)
13 22 0 0 2 0 0 1
+1 22 0 0 0 0 0 0 0 0 22 6
+4 22
+1 22
+1 22
+1 22
cfn=(384) memeqbody
calls=22 +24 
* 352 68 0 6 5 0 3 5 0 88 13

fn=(384)
45 22 0 0 2 0 0 1
+1 22 0 0 0 0 0 0 0 0 22 6
+1 15
+1 15 0 0 0 0 0 0 0 0 15 4
+58 16 0 0 2 0 0 1
+1 16 0 0 0 0 0 0 0 0 16 2
+1 14 14 0 0 1 0 0 1
+1 14 14 0 0 2 0 0 2
+1 14
+1 14
+1 14
+1 14
+1 14 0 0 0 0 0 0 0 0 14 1
+1 13
+1 13 13
+4 2 2
+1 2 2
+1 2
+1 2
+1 2 2
+3 7 0 0 2 0 0 1
+1 7 0 0 0 0 0 0 0 0 7
+2 7
+1 7
+2 7
+1 7 0 0 0 0 0 0 0 0 7
+3 7 7
+1 7
+8 7
+1 7 0 0 0 0 0 0 0 0 7
+1 7 7 0 0 2 0 0 2
+1 7
+6 7
+1 7
+2 7
+1 7 7

fl=(70)
fn=(1748) runtime.runtimer
773 35 5 15 9 0 0 8 0 0 5
+1 5
+1 31 18 0 0 5 0 0 0 0 6
+1 18 6 0 0 3 0 0 0 0 6
+3 24 6 0 0 2 0 0 0 0 6
-4 6 0 6 4 0 0 4
+4 12 6 0 0 6 0 0 5 0 0 0 6 6
+2 9 3 0 0 0 0 0 0 0 3 3
-8 3
+13 21 0 3 0 0 0 0 0 0 3
-13 2
+22 12 0 2 2 0 0 2 0 0 2 2
+3 4 0 2
cfn=(1750) runtime.dodeltimer0
calls=2 412 
* 154 56 30 11 0 1 10 0 1 28 8
+1 14 2 2 0 0 0 0 0 0 2
+3 6 4 2 2 0 0 2 0 0 2
+1 8 2 0 0 0 0 0 0 0 2
-30 1 0 0 1 0 0 1
+35 6 0 1 0 0 0 0 0 0 1
+3 2 1 1 1 0 0 1
+1 2 0 1 0 0 1 0 0 1
cfn=(1750)
calls=1 412 
* 77 28 15 5 0 2 5 0 2 14 3
+1 3 2 1
cfn=(1712) runtime.doaddtimer
calls=1 289 
* 104 37 21 10 0 0 10 0 0 17 2
+1 8 1 1 1 0 0 1 0 0 1 1
-39 2 1
+39 1
-39 1
+6 3 1 0 1 0 0 1
+10 12 0 3 1 0 0 1
cfn=(1762) runtime.runOneTimer
calls=3 +49 
* 1771 487 334 55 10 8 31 1 7 288 58 3 1
+1 12 6
+12 8 4 0 4 0 0 4

fn=(1712)
289 36 6 12 6 0 0 5 0 0 6
+12 6 0 6
-9 12 6 0 0 0 0 0 0 0 6 3
+1 1 0 1 0 0 1
cfi=(64)
cfn=(1714)
calls=1 191 
* 135 42 32 11 1 2 10 0 0 18 4
fi=(42)
-5 1 1
fe=(70)
+8 19 7 0 6 0 0 5 0 0 6
+3 6
fi=(42)
-11 12 0 6
fe=(70)
+12 24 18
+1 18 0 0 0 0 0 0 0 0 6 2
-1 4
+1 4
-1 2 0 2
+1 10 0 2 2 0 1 2 0 1
cfi=(39)
cfn=(286)
calls=2 178 
* 1644 430 215 146 40 16 56 14 11 239 55
* 12 4 3 0 0 0 0 0 0 2 1
-1 1
-11 1
+12 2 0 1
cfi=(2)
cfn=(1288) runtime.gcWriteBarrier
calls=1 1628 
* 21 9 7 0 0 1 0 0 0 1
* 4 0 0 1 0 0 1
+1 1 1
-1 9 2 1 1 0 0 1 0 0 1 1
+1 1 1
-1 34 6 11 4 0 3 3 0 2 5 2
cfi=(2)
cfn=(1488) runtime.gcWriteBarrierBX
calls=4 1727 
* 100 40 32 0 1 3 0 0 1 4
+1 36 18 6 6 0 1 5 0 1
cfn=(1728) runtime.siftupTimer
calls=6 1068 
* 174 42 24 30 0 0 25 0 0 42 18
+1 42 30 0 0 0 0 0 0 0 12
+1 12 12 6 6 0 0 5 0 0 6
+2 12 6 6 0 0 0 0 0 0 6
+1 18 12

fn=(1750)
412 30 6 6 5 0 0 4 0 0 6
+1 48 24 0 0 0 0 0 0 0 12
+3 6 0 6 5 0 0 4
+2 18 12
+1 12 0 0 0 0 0 0 0 0 6 6
+3 60 18 6 5 0 2 4 0 2 12 5
cfi=(2)
cfn=(1452) runtime.gcWriteBarrierSI
calls=5 1743 
* 125 50 40 1 0 3 0 0 3 5
+1 24 6 6 5 0 0 4 0 0 6 4
-4 6
+5 6 0 0 0 0 0 0 0 0 6 3
+3 6
1005 18 12 0 0 0 0 0 0 0 6 1
+1 18 6 6 4 0 0 4 0 0 6
428 18 6 6 0 0 0 0 0 0 6 1
+1 12 0 0 0 0 0 0 0 0 6
+2 12 6 6 0 0 0 0 0 0 6 1
+2 18 12

fn=(1728)
1068 36 6 12 6 0 0 5 0 0 6 2
+1 6 0 6
+3 6 0 6
-3 12 0 0 0 0 0 0 0 0 6 6
+3 18 12 0 6 0 0 5 0 0 6
+1 12 0 0 0 0 0 0 0 0 6 5
+3 6 6
+1 18 0 0 6 0 0 5 0 0 6 3
+8 36 6 0 6 0 0 5 0 0 12 2
+3 24 12 0 6 0 0 5

fn=(1226) runtime.timeSleepUntil
1030 115 23 23 20 0 0 11 0 0 23
fi=(17)
48 23
fe=(70)
1034 23
fi=(54)
22 23 0 23
cfi=(17)
cfn=(80)
calls=23 +29 
* 414 138 69 0 3 0 0 2 0 92 3
fe=(70)
1035 1656 414 0 22 9 0 11 6 0 391 44
+1 736 0 0 0 0 0 0 0 0 368
+6 368 368 0 0 104 0 0 61
+1 742 0 0 0 0 0 0 0 0 370 19
+11 2
-7 2 2
+1 4 0 0 0 0 0 0 0 0 2 2
-1 366 366
+1 732 0 0 0 0 0 0 0 0 366 9
+6 23 0 23 22 0 0 11
-2 23
fi=(17)
112 23
fi=(54)
-80 46 0 23
cfi=(17)
cfn=(94)
calls=23 +83 
* 506 161 69 0 0 0 0 0 0 138 13
fe=(70)
1054 115 69

fn=(1708)
438 42 6 18 12 0 0 10 0 0 6
+1 12 0 0 0 0 0 0 0 0 6
+3 12 0 0 0 0 0 0 0 0 6
+59 6 0 6
-2 6 0 6
-1 6 0 6
-60 12 0 12
+62 12 0 12
-58 6
+10 36 12 0 6 10 0 5 9 0 6 0 6 3
fi=(5)
+26 3 1 1
+1 1 1
fe=(70)
-41 1
+41 7 0 1 1 0 0 1 0 0 1 1
fi=(5)
-1 5 5 0 5 0 0 4
fe=(70)
-13 5
fi=(5)
+13 5 0 5 5 0 0 4
+1 5 5
fe=(70)
-41 5
+31 35 0 5 0 0 0 0 0 0 5 2
+11 6 3 1 2 0 0 2 0 0 1
+2 11 0 0 5 0 0 4
-10 5
+26 6 0 6
+1 28 6 2 4 0 0 3 0 0 6 4
+46 4
-46 8 0 4
cfi=(2)
cfn=(1490)
calls=4 1719 
* 100 40 32 4 0 0 1 0 0 4
+46 4
-45 30 6 12 2 0 0 2 0 0 6 2
cfi=(2)
cfn=(1404) runtime.gcWriteBarrierR8
calls=4 1751 
* 100 40 32 0 0 1 0 0 0 4
+37 6 0 6
+8 6 0 6 0 0 1 0 0 1
-44 6 0 6
+2 12 0 0 0 0 0 0 0 0 6 5
+17 1 0 1 1 0 0 1
+3 1 1
+6 3
-2 1 1
+2 1
-6 1 0 0 0 0 0 0 0 0 1 1
-19 5 0 5 5 0 0 4
+1 10 10
fi=(42)
285 5 0 5
fe=(70)
506 15 5 5 5 0 0 4
fi=(17)
48 5
fi=(54)
-26 10 0 5
cfi=(17)
cfn=(80)
calls=5 +29 
* 90 30 15 0 4 0 0 2 0 20 3
fe=(70)
507 15 10 5
cfn=(1712)
calls=5 289 
* 2310 656 352 209 42 28 108 14 16 343 84
+1 5
fi=(17)
112 5
fi=(54)
-80 10 5 5
cfi=(17)
cfn=(94)
calls=5 +83 
* 110 35 15 0 0 0 0 0 0 30 2
fe=(70)
509 35 5 5 5 0 0 4 0 0 5 5
+3 5
fi=(5)
-27 20 10 5
+1 10 0 0 0 0 0 0 0 0 5
fe=(70)
+27 15 5 5 5 0 0 4
cfi=(10)
cfn=(1730) runtime.wakeNetPoller
calls=5 3078 
* 589 155 100 21 13 1 14 7 1 86 21
+32 24 18
cfi=(69)
cfn=(1704) runtime.(*scavengerState).sleep
calls=1 -78 
* 30872 9287 4062 242 198 85 98 64 39 5660 450 19 9
-11 5 0 1 1 0 0 1 0 0 1 1
fi=(5)
-49 3 1 1 1 0 0 1
+1 2 0 0 0 0 0 0 0 0 1
fe=(70)
+43 1
+11 1 0 0 0 0 0 0 0 0 1 1

fn=(1762)
840 21 3 9 3 0 0 3 0 0 3
+9 6 3 3
+1 12 6 6
+1 6 3 3 3 0 0 3
+2 9 3 0 0 0 0 0 0 0 3 1
+14 6 0 3 6 0 0 6
cfn=(1750)
calls=3 412 
* 206 74 37 9 0 2 5 0 2 41 10
+1 21 3 3 0 0 0 0 0 0 3 2
+14 12 3 3
fi=(17)
112 3
fi=(54)
-80 3 0 3
cfi=(17)
cfn=(94)
calls=3 +83 
* 72 24 9 0 0 0 0 0 0 21
fe=(70)
884 21 15 3 3 2 0 3 0 0 0 0 3 1
cfi=(69)
cfn=(1764) runtime.(*scavengerState).init.func1
calls=3 329 
* 1298 323 240 31 8 6 11 1 5 205 43
+2 3
fi=(17)
48 3
fi=(54)
-26 6 3 3
cfi=(17)
cfn=(80)
calls=3 +29 
* 54 18 9 0 0 0 0 0 0 12 2
fe=(70)
892 9 6

fn=(1740)
313 36 6 12 5 0 0 4 0 0 6
+1 6
+1 36 12 0 5 8 0 4 5 0 6 0 6 4
fi=(5)
478 3 3 0 3 0 0 3
fe=(70)
319 3
fi=(5)
478 3 0 3
+1 3 3
fe=(70)
313 3
+7 21 0 3 3 0 0 3 0 0 3 3
+43 12 6 0 6 0 0 6
-39 3 3 0 3 3 0 3
+1 18 0 3 0 0 0 0 0 0 3 3
+3 3
fi=(5)
485 9 3 3 3 0 0 3
+1 6 0 0 0 0 0 0 0 0 3 2
fe=(70)
329 9 6 3 0 0 0 0 0 0 3
+2 12 6

fn=(1746) runtime.adjusttimers
668 25 5 5 4 0 0 4 0 0 5 1
+6 10 5 0 5 0 0 4
+1 10 0 0 0 0 0 0 0 0 5 1
+4 15 10

fl=(73) /usr/lib/go-1.19/src/math/exp_amd64.go
fn=(828) math.init
11 6 3 1 1 1 0 1 0 0 1

fl=(128)
fn=(1088)
248 66 11 22 7 0 0 6 0 0 11
+1 44 0 11 7 0 0 6
cfn=(1090) internal/poll.(*fdMutex).rwunlock
calls=11 -87 
* 451 55 22 30 1 0 24 0 0 66 5
* 22 0 0 0 0 0 0 0 0 11 2
+3 33 22

fn=(1090)
162 66 11 11 7 0 0 6 0 0 11
+3 11 0 0 0 0 0 0 0 0 11 4
+9 66 11 0 7 1 0 6
+3 11 11 0 9 0 0 6
+1 44 0 0 0 0 0 0 0 0 22 1
+4 44
+2 22
-1 11
+3 11
-24 11
+24 44 0 11
-3 33 0 0 7 0 0 6 0 0 11
+4 11 0 0 0 0 0 0 0 0 11
+3 66 22

fn=(1078)
117 66 11 11 8 0 0 6 0 0 11
+3 11 0 0 0 0 0 0 0 0 11 8
+9 55 11 0 8 9 0 6 5
-12 11 0 11
+37 11 0 11
-8 11 0 11
-1 11 0 11
-8 22 0 11
-5 11 11
+1 33 0 0 0 0 0 0 0 0 11
+4 22 0 0 9 0 0 6 0 0 11
+2 33
+1 22 0 0 0 0 0 0 0 0 11 11
-23 11
+33 66 0 11 10 0 0 6 0 0 11 5
-13 11
+14 11 0 0 0 0 0 0 0 0 11 2
+1 44 22

fl=(68) /usr/lib/go-1.19/src/runtime/chan.go
fn=(1012) runtime.closechan
357 6 1 1 1 0 0 1 0 0 1
+1 2 0 0 0 0 0 0 0 0 1
-1 1 0 1
+5 2 0 1
fi=(17)
48 1
fi=(54)
-26 3 0 1 1 0 0 1
cfi=(17)
cfn=(80)
calls=1 +29 
* 18 6 3 0 1 0 0 0 0 4
fe=(68)
363 3 2 0 0 1 0 0 0 0 1
+11 1 0 1
+2 1 0 1
+3 1
fi=(42)
266 1
fe=(68)
771 3 0 0 1 0 0 1
381 2 0 0 0 0 0 0 0 0 1 1
772 1 1 0 1 0 0 1
+1 2 0 0 0 0 0 0 0 0 1
-2 2 0 0 1 0 0 1
403 2 0 0 0 0 0 0 0 0 1 1
772 1 1 0 1 0 0 1
+1 2 0 0 0 0 0 0 0 0 1 1
418 1 0 0 1 0 0 1
fi=(17)
112 1
fi=(54)
-80 2 1 1
cfi=(17)
cfn=(94)
calls=1 +83 
* 24 8 3 0 0 0 0 0 0 7 1
fe=(68)
421 1
fi=(10)
6112 2 1
fe=(68)
421 1 0 0 0 0 0 0 0 0 1 1
+5 3 2 0 1 0 0 1

fn=(660) runtime.chanrecv1
441 6 0 2 1 0 0 1
+1 4 0 2
cfn=(662) runtime.chanrecv
calls=2 +15 
* 6537 1459 1010 133 20 29 78 7 25 914 108 6 4
+1 6 4 0 1

fn=(674) runtime.chanparkcommit
657 5 1 1 1 0 0 1 0 0 1
+6 1 0 1
+4 3 1 1 0 0 0 0 0 0 1
+6 1
fi=(17)
112 1
fi=(54)
-80 2 0 1
cfi=(17)
cfn=(94)
calls=1 +83 
* 24 8 3 0 0 0 0 0 0 7 3
fe=(68)
674 4 2

fn=(724) runtime.chansend
160 12 2 2 1 0 0 1 0 0 2
+1 4 0 0 1 0 0 1 0 0 2 2
-1 2
+33 2 0 0 0 0 0 0 0 0 2 1
-33 6 0 6 1 0 0 1
+38 10 2 0 0 0 0 0 0 0 2
+43 2 0 2 1 0 1 1 0 1
-39 4 0 2
fi=(17)
48 2
fi=(54)
-26 4 0 2 0 0 1 0 0 1
cfi=(17)
cfn=(80)
calls=2 +29 
* 36 12 6 0 1 0 0 0 0 8
fe=(68)
204 6 4 0 0 2 0 0 0 0 2
771 2
+1 2 2 0 1 0 0 1
+1 4 0 0 0 0 0 0 0 0 2 1
-1 1
+4 2 1 0 0 1
+1 2 0 0 1 0 0 1 0 0 1 1
+1 2 1 0 1 0 0 1 0 0 1
+1 1 0 1
-1 1
+16 2 1 0 0 0 0 0 0 0 1 1
-22 3 0 0 1 0 0 1
+22 3 0 0 0 0 0 0 0 0 1
216 3
-7 4 0 0 1 0 0 1 0 0 2 1
+7 3 2 0 0 0 0 0 0 0 1 1
+2 1 1 0 1 0 0 1
+4 1 1
-99 2 1
fi=(22)
18 1 1
fe=(68)
222 2 1 1 1 0 0 1
cfi=(50)
cfn=(756) runtime.typedmemmove
calls=1 -65 
* 36 7 6 5 1 0 3 0 0 9 3
+1 5 2 1
+1 2 1 0 0 0 0 0 0 0 1
+3 1 0 1
+1 1
fi=(17)
112 1
fi=(54)
-80 2 1 1
cfi=(17)
cfn=(94)
calls=1 +83 
* 24 8 3 0 0 0 0 0 0 7 1
fe=(68)
229 4 2 0 1
-17 11 1 4 2 0 0 2
cfn=(726) runtime.send
calls=1 +82 
* 106 31 28 8 0 2 7 0 2 16 3 2 2
+1 4 2
cfn=(722) runtime.chansend1
calls=1 -67 
* 26331 8061 3223 276 63 55 30 7 37 4378 283 74 4

fn=(726)
294 7 1 3 1 0 0 1 0 0 1
+17 2 1 0 0 0 0 0 0 0 1 1
+4 2 1 1 1 0 0 1
+1 3 1 1 1 0 1 1 0 1 0 0 1 1
cfn=(728) runtime.chansend.func1
calls=1 212 
* 36 11 5 1 0 0 1 0 0 7
+1 8 3 1 0 0 0 0 0 0 1
+1 1 0 1
+1 2 1 0 0 0 0 0 0 0 1 1
+3 3 1 1 1 0 0 1
cfi=(10)
cfn=(730) runtime.goready
calls=1 +50 
* 42 11 15 3 0 1 2 0 1 5 1 1 1
+1 3 2
cfn=(724)
calls=1 213 
* 26335 8063 3223 276 63 55 30 7 37 4378 283 74 4

fn=(658) runtime.makechan
72 10 2 2 2 0 0 1 0 0 2
+1 2 2 0 0 2 0 0 2
+3 8 2 0 0 2 0 0 2 0 2
+3 4 2 0 0 0 0 0 0 0 2
-6 2 0 2 0 0 1 0 0 1
+10 4 0 0 2 0 0 1
+1 14 0 0 0 0 0 0 0 0 6 1
+28 2 0 2
-18 4 0 0 0 0 0 0 0 0 2 1
+5 3 2 0 1 0 0 1 0 0 1
+3 4 0 1
cfi=(12)
cfn=(126)
calls=1 842 
* 3305 538 342 28 11 9 0 0 9 348 41 1 1
+1 1
fi=(22)
-85 1
fe=(68)
+85 4 1 1 0 0 1 0 0 1 1
-7 4 0 1 1 0 0 1
cfi=(12)
cfn=(126)
calls=1 842 
* 1488 362 251 32 5 13 10 0 8 215 32 1
+2 1
808 1
98 4 1 1 0 0 0 0 0 0 1
+12 6 4 2 2 0 0 1
+1 10 2 2 0 0 0 0 0 0 2
+1 4 2 2
+6 6 4

fn=(662)
457 12 2 2 2 0 0 1 0 0 2
+8 4 0 0 0 0 0 0 0 0 2
-8 2
+17 10 0 0 2 0 0 1 0 0 4 2
-17 6 0 6 4 0 0 2
+50 8 2 0 0 0 0 0 0 0 2
+58 2 0 2 2 0 0 1
-54 4 0 2
fi=(17)
48 2
fi=(54)
-26 4 0 2
cfi=(17)
cfn=(80)
calls=2 +29 
* 36 12 6 0 1 0 0 1 0 8
fe=(68)
513 6 4 0 0 1 0 0 0 0 2
771 2
537 4 2 0 2 0 0 1 0 0 2 1
+2 1 1
123 2 1
fi=(22)
18 1 1
fe=(68)
543 3 1 0 0 0 0 0 0 0 1 1
+3 3 1 1 1 0 0 1
cfi=(50)
cfn=(774) runtime.typedmemclr
calls=1 315 
* 25 5 3 3 0 0 2 0 0 6 2
+1 4 2 1
+1 2 1 0 0 0 0 0 0 0 1 1
+3 1 0 1 1
+1 1
fi=(17)
112 1
fi=(54)
-80 2 1 1
cfi=(17)
cfn=(94)
calls=1 +83 
* 24 8 3 0 0 0 0 0 0 7 2
fe=(68)
553 5 2
-96 2 1 0 1 0 0 1
+99 1 0 0 0 0 0 0 0 0 1 1
+6 1 0 1 1 0 0 1
+1 1 0 1
cfi=(10)
cfn=(664) runtime.acquireSudog
calls=1 379 
* 1665 394 271 9 8 11 9 4 11 237 23 1 1
+1 1 0 1
+1 3 1 0 0 0 0 0 0 0 1 1
+5 4 2 1 1 0 0 1 0 0 1 1
+1 1 0 1 0 0 1 0 0 1
-1 1
+2 6 2 1 1 0 0 1 0 0 1
+1 1 0 1
-1 1
+2 1 0 1
+1 1
+1 1
-1 5 2 1 1 0 0 1 0 0 1
+1 1 0 1
-1 1
+2 1 0 0 1 0 0 1
757 4 1 1 0 0 0 0 0 0 1
563 1 0 1
+9 1 0 1 1 0 0 1
+3 1 0 1
+1 1 0 1
758 2 1
+1 2 0 0 0 0 0 0 0 0 1 1
+1 3 1 1 1 0 0 1 0 0 1
+1 1 0 1
+1 1 0 1
-2 1
582 3 1 1 1 0 0 1 0 0 1
+1 6 1 1 1 0 0 1
cfi=(10)
cfn=(668)
calls=1 346 
* 4531 974 675 83 6 15 38 2 13 611 64 5 3
+3 4 3 0 1 1 0 0 0 0 1
+3 4 1 1 1 0 0 1 0 0 1
+1 1 0 1
+1 4 1 0 0 1 0 0 0 0 1 1
+3 2 1 1 1 0 0 1
+1 3 1 1 0 0 0 0 0 0 1
+1 1 0 1 0 0 1
-1 1
+2 1 0 1
cfi=(10)
cfn=(770) runtime.releaseSudog
calls=1 417 
* 57 20 8 7 1 1 7 0 0 12 4
+1 5 3 0 0 1
772 4 2 0 1 0 0 1
+1 4 0 0 1 0 0 1 0 0 2 2
537 4 0 0 2 0 0 1
-10 4 0 0 0 0 0 0 0 0 2 1
+10 2
-10 2

fn=(728)
212 8 2 1 1 0 0 1 0 0 1
fi=(17)
112 1
fi=(54)
-80 2 0 1
cfi=(17)
cfn=(94)
calls=1 +83 
* 22 7 3 0 0 0 0 0 0 6
fe=(68)
212 3 2

fn=(722)
144 6 0 2 2 0 0 1
+1 6 2 2 0 0 1 0 0 1
cfn=(724)
calls=2 +15 
* 325 85 66 27 5 4 23 0 4 60 15 2 2
+1 6 4
cfi=(28)
cfn=(720)
calls=1 278 
* 26328 8059 3223 276 63 55 30 7 37 4378 283 74 4

fl=(71) /usr/lib/go-1.19/src/errors/wrap.go
fn=(822) errors.init
104 8 1 3 1 0 0 1 0 0 1
fi=(72) /usr/lib/go-1.19/src/internal/reflectlite/type.go
719 1 1
974 3 0 0 0 0 0 0 0 0 1
720 1
fe=(71)
104 3 1 1 1 1 0 1 1 0 0 0 1 1
cfi=(72)
cfn=(826) internal/reflectlite.(*rtype).Elem
calls=1 602 
* 24 5 1 3 2 1 3 2 1 5 2
* 8 3 2 0 0 1 0 0 1 1

fl=(77) /usr/lib/go-1.19/src/sync/map.go
fn=(836) sync.init
77 8 1 2 1 0 0 1 0 0 1
cfi=(12)
cfn=(278)
calls=1 1201 
* 297 71 36 0 2 2 0 2 2 45 3
* 7 3 1 1 0 1 1 0 0 1 1

fl=(55)
fn=(474)
116 35 7 7 7 0 0 3 0 0 7
+1 7
+4 7 7
fi=(15)
-14 42
fe=(55)
+14 14 7 0 7 0 0 3 0 0 7 7
+6 28 14 0 0 0 0 0 0 0 7
-11 7 0 7
+11 21 7 0 0 6 0 0 0 0 7 2
+2 7 0 0 7 0 0 3
fi=(15)
-1 7
348 14 0 0 0 0 0 0 0 0 7
107 7 0 7 6 0 1 3 0 1
348 21 7 7 0 1
137 7
348 14 0 7
fe=(55)
130 14 0 7
fi=(15)
-12 14
fe=(55)
+12 21 0 7 0 0 2 0 0 2
cfi=(32) /usr/lib/go-1.19/src/runtime/mpallocbits.go
cfn=(224) runtime.(*pallocBits).find
calls=7 239 
* 196 31 7 10 6 0 3 2 0 34 5
fi=(15)
348 21 14 0 7 0 0 3
fe=(55)
131 14 0 0 0 0 0 0 0 0 7
fi=(32)
379 7
21 35 0 0 0 0 0 0 0 0 7 3
fi=(22)
418 7
fe=(55)
135 7
fi=(15)
-23 14 7
fe=(55)
+23 21 0 0 6 0 0 3
fi=(32)
21 14 14
fe=(55)
136 7
+1 14
fi=(32)
21 7 7 0 0 4 0 0 2
fe=(55)
165 7 7
-4 7
fi=(15)
-43 14
fi=(32)
385 7
63 21 0 0 0 0 0 0 0 0 7
fe=(55)
+97 21 0 21 7 0 0 3
fi=(32)
-97 7 0 7
fe=(55)
+99 7
fi=(32)
-57 14 0 7
fe=(55)
+60 42 0 7
cfi=(15)
cfn=(218) runtime.(*pageAlloc).update
calls=7 424 
* 9772 885 434 36 13 7 4 0 6 752 95
+10 28 14 7 7 0 0 3
+1 42 28

fn=(484) runtime.(*pageCache).allocN
58 105510 21102 21102 54 0 4654 10 0 0 21102 16
+1 21102 21102
fi=(32)
396 42204
+2 21102
+11 1738
+3 1738
-11 1738
-3 45680 0 0 0 0 0 0 0 0 22840 2
+1 45680 0 0 0 0 0 0 0 0 22840 19
+6 67803 0 0 48 0 0 10
+1 66065 0 0 0 0 0 0 0 0 22601 28
fe=(55)
59 20863
fi=(32)
401 956
+16 717
fe=(55)
60 42204 0 0 0 0 0 0 0 0 21102 17
+3 288 0 0 5 0 0 1
+1 256 64 0 0 1 0 0 0 0 32 1
+1 64 0 32 6 0 0 1
+1 32 0 32
+1 288 96 0 9 0 0 1
-6 105350 42140 0 67 0 0 10

fn=(482)
38 105725 21145 21145 21052 0 2 7 0 0 21145 2
+1 84580 21145 0 0 0 0 0 0 0 21145 38
+3 42290 0 0 0 0 0 0 0 0 21145 16
+1 43
+2 43
-1 86 43
+1 258 0 43 12 0 0 4
+1 43 0 43
-2 129
+3 301 129
+2 21102 0 21102 2377 0 1 6
cfn=(484)
calls=21102 +9 
* 591378 84504 21166 189 1 4654 33 0 0 110517 83
* 63306 42204 0 74 0 0 12

fl=(104) /usr/lib/go-1.19/src/internal/safefilepath/path.go
fn=(928) internal/safefilepath.init
12 6 1 1 1 0 0 1 0 0 1
fi=(75)
+47 2 0 1
cfi=(12)
cfn=(278)
calls=1 1201 
* 297 71 36 0 0 0 0 0 0 45
* 3 0 2
fe=(104)
-47 9 3 2 1 0 0 1 0 0 1

fl=(131) /usr/lib/go-1.19/src/strconv/ftoa.go
fn=(1146) strconv.formatDigits
199 108 18 36 9 0 0 6 0 0 18
+1 18 0 0 9 0 0 6
+5 18 0 0 0 0 0 0 0 0 18 12
-4 36 0 0 0 0 0 0 0 0 18 5
+2 36 0 0 9 0 0 6 0 0 18 15
+1 180 54 72 18 0 9 12 0 6
cfn=(1148) strconv.fmtF
calls=18 435 
* 3352 702 276 92 0 19 69 0 16 696 76
* 54 36

fn=(1136) strconv.bigFtoa
163 270 18 180 16 0 16 12 0 9 18
+1 126 0 54 7 0 9 6 0 6
cfi=(47) /usr/lib/go-1.19/src/runtime/duff_amd64.s
cfn=(364) runtime.duffzero
calls=18 27 
* 1170 18 918 54 0 117 33 0 67
* 18 18
+1 72 0 18
cfi=(132) /usr/lib/go-1.19/src/strconv/decimal.go
cfn=(1138) strconv.(*decimal).Assign
calls=18 -84 
* 8968 674 958 41 0 0 30 0 0 1560 114
+1 108 54 18 9 0 0 6
cfi=(132)
cfn=(1140) strconv.(*decimal).Shift
calls=18 315 
* 21471 758 1032 91 0 0 62 0 0 3860 162
+1 54 0 54
+1 36 18
+1 18 0 0 0 0 0 0 0 0 18
+14 54 18 0 9 0 0 6
+5 18 0 0 0 0 0 0 0 0 18 18
-4 36 0 0 0 0 0 0 0 0 18 14
+2 36 0 0 9 0 0 6 0 0 18 1
+1 90 18 18 9 0 0 6
cfi=(132)
cfn=(1144) strconv.(*decimal).Round
calls=18 354 
* 632 100 46 44 0 0 29 0 0 148 33
-19 36 18
+28 36 18 0 9 0 0 6
-2 216 36 144 9 0 0 6
+2 108 54 54 9 0 9 6 0 6
-28 18
+28 108 72 18 9 0 0 6
cfn=(1146)
calls=18 +3 
* 3802 810 384 137 0 28 99 0 22 768 108
* 54 36

fn=(1134) strconv.genericFtoa
57 126 18 36 18 0 0 12 0 0 18
+4 36 0 0 0 0 0 0 0 0 18 14
+3 36 0 0 0 0 0 0 0 0 18
+1 18
fi=(144) /usr/lib/go-1.19/src/math/unsafe.go
-42 36
fe=(131)
+48 18 0 18 9 0 4 6 0 1
-14 36 0 36
+14 108 36 0 0 9 0 0 6
+1 18
-1 18
+1 36 0 18 0 0 4 0 0 1
+1 54 0 18 9 0 0 6
-2 54
+1 180 18
+1 162 36 0 9 0 0 6
-2 18
+5 36 0 0 0 0 0 0 0 0 18 2
+13 36 0 0 7 0 0 6 0 0 18 2
+6 18
-24 36
+26 36 18 0 0 9 0 0 6
+3 36 0 0 0 0 0 0 0 0 18
+3 72 0 0 0 0 0 0 0 0 36 4
+4 36 18 0 8 9 0 6 5 0 18
-20 18 0 18
-16 18 0 18
-14 36 0 36 9 0 0 6
+54 54 0 54 0 0 3
+3 18
+1 18 0 0 0 0 0 0 0 0 18
+15 36 0 0 0 0 0 0 0 0 18 2
-16 36 0 0 9 0 0 6
+42 36 0 0 0 0 0 0 0 0 18 2
+1 90 18 0 7 0 0 6
57 18
157 54 0 18 0 0 9 0 0 5
cfn=(1136)
calls=18 +6 
* 37555 2738 3896 462 0 179 319 0 110 6426 450
* 54 36

fn=(1148)
435 162 18 54 9 0 9 6 0 6 18
+2 18 0 0 0 0 0 0 0 0 18 11
+7 36 0 18 9 0 0 6
-2 54 18 0 0 0 0 0 0 0 18 2
+7 48 0 8 4 0 0 1 0 0 8 4
-6 10 10 0 5 0 0 5
574 10
443 10
+1 40 20 0 5 0 0 5
574 10 0 0 0 0 0 0 0 0 10
443 10 0 10 0 0 5 0 0 5
+1 100 0 40 5 0 5 5 0 5 10 2
cfi=(31)
cfn=(170)
calls=10 39 
* 128 30 20 0 0 0 0 0 0 24 6
+1 70 50 0 5 0 0 5 0 0 10 2
+9 30 0 0 5 0 0 5
-1 46 10 0 2 0 0 1 0 0 18
+1 90 0 18 7 0 0 6 0 0 18 6
+1 18
+9 72 36
-4 108 0 108
-5 108
+5 216
-5 252 0 0 9 0 0 6 0 0 126 19
+2 738 210 0 7 0 0 5 0 0 210 11
+1 608 300 0 2 0 0 1 0 0 100
+2 324 0 0 0 0 0 0 0 0 108 13
+4 18 0 0 9 0 0 6
-9 18 0 0 9 0 0 6

fl=(89) /usr/lib/go-1.19/src/io/io.go
fn=(884) io.init
29 6 1 1 1 0 0 1 0 0 1
fi=(75)
+30 2 0 1 1 0 0 1
cfi=(12)
cfn=(278)
calls=1 1201 
* 297 71 36 1 2 1 0 0 0 45 2
* 3 0 2
fe=(89)
-30 6 1 2 0 0 1 0 0 1 1 1
fi=(75)
+30 2 0 1 1 0 0 1
cfi=(12)
cfn=(278)
calls=1 1201 
* 297 71 36 0 0 1 0 0 1 45 2
* 3 0 2
fe=(89)
-27 6 1 2 1 0 1 1 0 1 1
fi=(75)
+27 2 0 1
cfi=(12)
cfn=(278)
calls=1 1201 
* 297 71 36 0 0 0 0 0 0 45
* 3 0 2
fe=(89)
-24 6 1 2 1 0 0 1 0 0 1
fi=(75)
+24 2 0 1
cfi=(12)
cfn=(278)
calls=1 1201 
* 297 71 36 0 0 0 0 0 0 45
* 3 0 2
fe=(89)
-15 6 1 2 1 0 1 1 0 1 1
fi=(75)
+15 2 0 1
cfi=(12)
cfn=(278)
calls=1 1201 
* 297 71 36 0 0 0 0 0 0 45
* 3 0 2 1 0 0 1
fe=(89)
-11 6 1 2 0 0 0 0 0 0 1
fi=(75)
+11 2 0 1
cfi=(12)
cfn=(278)
calls=1 1201 
* 297 71 36 0 0 1 0 0 1 45
* 3 0 2 1 0 0 1
fe=(89)
-6 6 1 2 0 0 0 0 0 0 1
fi=(75)
+6 2 0 1 1 0 0 1
cfi=(12)
cfn=(278)
calls=1 1201 
* 297 71 36 0 0 0 0 0 0 45
* 3 0 2
fe=(89)
518 6 1 2 0 0 0 0 0 0 1
fi=(75)
59 2 0 1 1 0 0 1
cfi=(12)
cfn=(278)
calls=1 1201 
* 297 71 36 0 0 0 0 0 0 45
* 3 0 2
fe=(89)
519 6 1 2 1 0 0 1 0 0 1
fi=(75)
59 2 0 1
cfi=(12)
cfn=(278)
calls=1 1201 
* 297 71 36 0 0 0 0 0 0 45
* 3 0 2
fi=(90) /usr/lib/go-1.19/src/io/pipe.go
-23 9 3 2 1 0 0 1 0 0 1
fe=(89)

fl=(122) /home/just/OneDrive/Documents/Ucsp/Semestre X/Computacion Paralela y Distribuida/1-Comparacion-bucles-anidados/code/bucles.go
fn=(1020) main.main
24 6 1 1 2 0 0 2 0 0 1
+1 36 7 18 4 0 2 4
+1 17 1 8 1 0 1 1
cfi=(120) /usr/lib/go-1.19/src/fmt/print.go
cfn=(1022) fmt.Println
calls=1 293 
* 7394 1561 1392 166 22 51 114 11 48 1260 119 6 5
+1 16 1 8 2 0 0 2
cfi=(120)
cfn=(1022)
calls=1 293 
* 2552 622 483 1 4 7 0 2 7 357 40 3
+2 82 49 14 15 10 2 10 4 0 9 8
+2 27 0 9
cfi=(39)
cfn=(372) runtime.makeslice
calls=9 +57 
* 720607 90908 105875 1220 271 869 452 103 826 106245 3204 47 2
* 45 18 27 8 0 11 5 0 4
+1 255572 153327 51118 302 100 103 9 0 2 51109 31
+1 204400 102200 51100
cfi=(39)
cfn=(372)
calls=51100 +55 
* 531997169 59367782 115254264 255866 2447893 11403309 8288 171138 11013753 160805311 2140304 466961 2996
* 1175300 306600 306600 137 25572 31872 18 2 14916 102200 25
cfi=(2)
cfn=(1288)
calls=26277 1628 
* 2795568 703037 315924 690 97734 8065 30 5 123 335150 434 100 100
* 128477 0 0 21112 0 0 5
-1 204400 51100 51100 0 6791
+3 36 18 9
cfi=(39)
cfn=(372)
calls=9 +53 
* 27482 4226 3930 42 12 235 2 2 235 4233 174 34
* 45 18 27 13 0 9 5 0 4
+1 36 18 9
cfi=(39)
cfn=(372)
calls=9 +52 
* 23900 3603 3835 46 5 250 0 0 250 4164 153 33
* 45 18 27 9 0 9 5 0 4
+2 153354 102218 9 0 0 0 0 0 0 51109 13
+1 408800 204400 51100 9 89654 45663 5 0 6375 51100 8
+1 408800 153300 51100 9 44847 45655 5 0 6375 51100 8
+1 102200 0 51100
+5 9 0 9 0 0 9 0 0 5
cfi=(96) /usr/lib/go-1.19/src/time/time.go
cfn=(1096) time.Now
calls=9 1089 
* 12383 3459 1389 189 242 49 166 174 44 1909 111 9 3
* 27 0 27 10 0 1 7 0 1
+1 135 90 18 9 16 9 6 6 5
cfn=(1100) main.test1
calls=9 -39 
* 38448355589 18350265536 1747722299 46 218053169 0 36 109118939 0 5242962209 51169
+1 45 27 9 10 9 0 7 5
cfi=(96)
cfn=(1103) time.Since'2
calls=1 890 
* 544 169 114 19 21 18 19 21 18 97 12
cfi=(96)
cfn=(1102) time.Since
calls=8 890 
* 3834027 746889 345716 1481 58428 2433 1338 54294 2323 682358 40529 216 38
* 8 0 8 1 0 1 0 0 1
+3 127564 76524 25516 6 8 8 5 3 4 25508 19
+1 204000 51000 25500 0 8 3174 0 3 2693 25500 5
-1 102000 25500 25500 6 0 0 5
+4 8 0 8 0 0 2 0 0 1
cfi=(96)
cfn=(1096)
calls=8 1089 
* 552 168 72 9 26 0 9 1 0 32 9
* 24 0 24
+1 120 80 16 13 10 2 10 4 1
cfn=(1106) main.test2
calls=8 -40 
* 9612157168 4587577532 436951088 40 327292171 0 25 212791873 0 1310751008 25554
+1 40 24 8 0 8 0 0 4
cfi=(96)
cfn=(1103)
calls=1 890 
* 2245 561 302 23 67 21 23 67 21 318 37 2
cfi=(96)
cfn=(1102)
calls=7 890 
* 728 217 168 0 70 14 0 30 6 63 3
* 8 0 8
+2 16 8 8
cfi=(96)
cfn=(1108) time.Duration.Seconds
calls=8 757 
* 136 16 0 16 8 0 10 4
* 24 8 16 8 0 8 5 0 4
cfi=(96)
cfn=(1108)
calls=8 757 
* 136 16
* 64 8 48 6 8 16 5 4 8
cfi=(46)
cfn=(1110) runtime.convT64
calls=8 378 
* 7710 2166 643 182 175 40 168 128 29 1112 135
* 82 16 24 1 7 0 1 3 0 8 7
cfi=(2)
cfn=(1288)
calls=1 1628 
* 21 9 7 0 0 0 0 0 0 1 1
* 57 16 24 5 0 0 4
cfi=(46)
cfn=(1110)
calls=8 378 
* 959 212 161 7 22 4 0 1 0 179 35
* 89 16 24 6 0 8 5 0 4 8 4
cfi=(2)
cfn=(1288)
calls=1 1628 
* 21 9 7 0 0 0 0 0 0 1
* 65 16 24 6 0 0 5
cfi=(46)
cfn=(1110)
calls=8 378 
* 1480 349 238 9 8 0 4 0 0 249 46
* 81 16 24 7 0 0 5 0 0 8 2
cfi=(2)
cfn=(1288)
calls=1 1628 
* 21 9 7 0 0 1 0 0 1 1
* 90 16 32 6 0 8 5 0 4
cfi=(120)
cfn=(1112) fmt.Printf
calls=8 212 
* 108110 17255 21841 2396 537 1592 1633 310 1409 25137 1758 32 4
* 8 0 0 5
-30 40 8 8 5 2 0 4
+12 2621634400 1747722200 0 7 2 0 5 2 0 873861100 51120
+1 13107150000 5242860000 873810000 9 19165 109226301 5 17689 109116575 1747620000 25
-1 3495240000 873810000 873810000
-3 255500 51100 51100

fn=(1100)
8 108 0 90 18 0 0 12
+1 153354 102218 9 0 0 0 0 0 0 51109 15
+1 102200 0 51100
+4 27 18
-4 2621634400 1747722200 0 7 3 0 6 3 0 873861100 51113
+1 32330970000 15728580000 873810000 14 218053166 0 12 109118936 0 4369050000 41
-1 3495240000 873810000 873810000 7 0 0 6
-1 255500 51100 51100

fn=(1106)
16 108 0 90 9 0 0 6
+1 153354 102218 9 9 0 0 6 0 0 51109 12
+1 102200 0 51100
+4 27 18
-4 2621634400 1747722200 0 0 0 0 0 0 0 873861100 51106
+1 32330970000 15728580000 873810000 28 1310335371 0 19 870985282 0 4369050000 46
-1 3495240000 873810000 873810000
-1 255500 51100 51100

fl=(140)
fn=(1736) runtime.netpoll
106 396 66 66 65 0 0 27 0 0 66 15
+1 132 66 0 0 27 0 0 20 0 66 28
+4 132 0 0 0 0 0 0 0 0 66 32
+2 66 0 0 0 0 0 0 0 0 66 3
-2 128
+13 64
-9 4 0 0 0 0 0 0 0 0 2 2
+2 6 0 0 1 0 0 1 0 0 2 2
-11 2
+12 8
-12 66 0 66 32 0 66 13 0 39
+20 66 0 66 0 0 38 0 0 30
-2 12936 0 12672 32 0 1138 13 0 750 12672 94
+1 66
+1 462 66 330 0 0 15 0 0 9
cfi=(3)
cfn=(1738) runtime.epollwait.abi0
calls=66 699 
* 594 330 66 37 0 3 15 0 1
* 264 132 66 32 3 0 13 1
+1 132 0 0 0 0 0 0 0 0 66 4
+12 66 0 66 31 0 1 12
+1 336 66 0 0 2 0 0 1 0 68 7
+1 10 0 0 0 0 0 0 0 0 2
+1 6 2 0 0 0 0 0 0 0 2 2
-2 2 0 2 1 0 0 1
+6 10 2 0 0 0 0 0 0 0 2
+1 4 0 0 0 0 0 0 0 0 2 1
-36 2
+40 2 0 0 0 0 0 0 0 0 2 1
+4 1 0 1
+1 6 1 4 1 1 0 1
cfi=(3)
cfn=(42)
calls=1 -48 
* 7 4 1
* 2 1
+1 3 1 1 0 0 0 0 0 0 1
-17 2 2
-29 2 1 0 1 0 0 1
+46 1
+18 264 198 0 34 3 0 13 1

fn=(1756) runtime.netpollBreak
81 10 2 2 1 0 0 1 0 0 2
+1 14 0 2 0 0 0 0 0 0 2 1
+2 1
+15 6 4
-15 1 0 1 1 0 0 1
+1 4 1 1 0 1 0 0 1
cfi=(43)
cfn=(1758)
calls=1 -58 
* 23 9 6 3 1 0 3 0 0 1 1
+1 2 0 0 0 0 0 0 0 0 1 1

fn=(1716)
32 5 1 1 1 0 0 1 0 0 1
+1 3 0 2 1 0 1 1
cfi=(3)
cfn=(1718) runtime.epollcreate1.abi0
calls=1 679 
* 5 2 1 1 0 0 1
* 5 2 1
+1 2 0 0 0 0 0 0 0 0 1 1
+8 1 0 1 1 0 0 1
fi=(141) /usr/lib/go-1.19/src/runtime/nbpipe_pipe2.go
-32 1 0 1
cfi=(3)
cfn=(1720) runtime.pipe2.abi0
calls=1 118 
* 6 2 1 1
* 5 4 0 1 0 0 1
fe=(140)
+33 2 0 0 0 0 0 0 0 0 1 1
fi=(141)
-33 2 0 2
fe=(140)
+37 2 0 2
+3 2 0 1
+1 3 1 2 1 0 0 1
fi=(141)
-41 1 0 1
fe=(140)
+41 3 0 2
cfi=(3)
cfn=(1724) runtime.epollctl.abi0
calls=1 687 
* 8 5 1
* 3 2
+1 2 0 0 0 0 0 0 0 0 1 1
+4 3 1 1
+1 2 1 1 1 0 0 1
+1 3 2

fl=(8)
fn=(28)
268 120 20 20 2 0 0 2 0 0 20
+2 40 0 0 0 0 0 0 0 0 20 5
+12 60 40 0 1 0 0 1

fl=(69)
fn=(1744)
377 12 12 0 5 0 0 2

fn=(1172) runtime.(*scavengeIndex).find
997 87 0 29 7 0 0 4
+1 29
fi=(16) /usr/lib/go-1.19/src/runtime/mranges.go
199 29 29 0 0 8 0 0 1
+2 58 0 0 0 0 0 0 0 0 29 11
+2 36
-2 17
+4 34
fe=(69)
999 34 17 0 0 2 0 0 0 0 17 2
fi=(16)
205 24
fe=(69)
999 24 12 0 0 4 0 0 0 0 12
+7 27
fi=(30)
19 27 27
fe=(69)
1007 27
+1 54 0 0 5 0 0 3
+1 27
-8 10 4 0 2 0 0 1
+8 57 0 0 0 0 0 0 0 0 28
+2 140 56 0 0 0 0 0 0 0 28 1
fi=(30)
104 56 28 0 0 7 0 0 2
fe=(69)
1012 56 0 0 0 0 0 0 0 0 28 1
+7 27
+1 27 0 0 5 0 0 4
fi=(133) /usr/lib/go-1.19/src/runtime/internal/sys/intrinsics_common.go
133 108
fe=(69)
1020 54
fi=(15)
107 81
fe=(69)
1021 54 0 0 0 0 0 0 0 0 27 17
+4 4
fi=(15)
112 8
fi=(16)
+89 4
fe=(69)
1026 4 0 0 0 0 0 0 0 0 4 2
+10 2
fi=(16)
170 2
+1 2
fe=(69)
1033 2
fi=(16)
187 4
fe=(69)
997 2
fi=(30)
76 6 0 2
fi=(16)
187 2
fi=(15)
-69 46 0 0 5 0 0 4
fe=(69)
1022 92 46
+16 20 8 0 4 0 0 4
fi=(16)
172 2
fi=(30)
63 2 2
fi=(16)
173 4 0 0 0 0 0 0 0 0 2
fe=(69)
997 2
fi=(30)
76 8 0 2
fi=(16)
176 4 0 0 0 0 0 0 0 0 2
fe=(69)

fn=(1484) runtime.(*scavengerState).init.func2
357 54 9 18 6 0 0 4 0 0 9
+1 9
fi=(43)
19 9 0 9 6 0 4 4 0 1
cfi=(3)
cfn=(304)
calls=9 228 
* 280 96 57 0 5 0 0 1 0 18 4
fe=(69)
358 18 9
fi=(43)
19 18 9 9
fe=(69)
359 36 9 9
cfn=(1170)
calls=9 639 
* 21387 2650 1447 90 46 11 72 9 4 1961 151 8 5
* 5 0 5
+1 5
fi=(43)
19 5 0 5
cfi=(3)
cfn=(304)
calls=5 228 
* 184 64 37 0 0 0 0 0 0 10 1
* 12 8 0 1 0 0 1
fe=(69)
361 12 4 0 0 0 0 0 0 0 4
+3 20 12
646 44 24 8 8 0 0 6 0 0 4
+1 8 4 4
cfn=(1688) runtime.(*pageAlloc).scavengeOne
calls=4 +48 
* 13752 1770 931 349 61 0 116 4 0 1326 190
* 8 4 4 1
+1 12 8
cfi=(2)
cfn=(74)
calls=2 496 
* 4849852139 1320434080 817359043 1987 127644 2785 812 119699 2307 974308370 78254 19187 38
cfi=(2)
cfn=(75)
calls=2 496 
* 50757957339 23136892997 2985105337 32699 411233221 84724866 2050 246527266 84643230 6950007753 1061768 278704 265
fi=(3)
270 1 1
+1 1 1
+1 1
+6 1 1
+1 1 0 1
+1 1 1
+1 1 0 1
+3 1
+1 1
+1 1 0 1
+1 3 2
cfi=(43)
cfn=(1486)
calls=1 19 
* 15358 4634 1685 126 68 22 7 0 1 2875 188 6 3
+2 1
+1 1
+1 1
fe=(69)

fn=(1485) runtime.(*scavengerState).init.func2'2
357 80 14 26 0 0 0 0 0 0 14 2
+1 13
fi=(43)
19 13 0 13
cfi=(3)
cfn=(304)
calls=13 228 
* 312 104 65 0 0 0 0 0 0 26 2
fe=(69)
358 26 13
fi=(43)
19 26 13 13
fe=(69)
359 52 13 13
cfn=(1171) runtime.(*pageAlloc).scavenge'2
calls=13 639 
* 1445 299 325 0 2 0 0 0 0 169 16 13 1
* 17 0 17 3
+1 17
fi=(43)
19 17 0 17
cfi=(3)
cfn=(304)
calls=17 228 
* 408 136 85 0 1 0 0 0 0 34 1
fe=(69)
357 3 0 2
cfi=(2)
cfn=(782)
calls=1 576 
* 26 11 9 3 0 0 3 0 0 2 1
646 143 78 26 2 0 0 0 0 0 13
+1 26 13 13
cfn=(1688)
calls=13 +48 
* 52984 6629 3505 33 9 0 0 0 0 4756 275
* 26 13 13 1
+1 39 26
cfi=(2)
cfn=(75)
calls=13 496 
* 38842711591 10574185314 6546156771 16773 1152860 28063 8449 1083692 24367 7801746095 796982 243397 287
fi=(3)
270 17 17
+1 17 17
+1 17
+6 17 17
+1 17 0 17
+1 17 17
+1 17 0 17
+3 17
+1 17
+1 17 0 17
+1 51 34
cfi=(43)
cfn=(1487)
calls=13 19 
* 38842695415 10574182936 6546155496 16750 1152851 28063 8446 1083685 24367 7801744605 796859 243393 287
cfi=(43)
cfn=(1486)
calls=4 19 
* 55607803804 24457326193 3802463924 34654 411360851 84727651 2857 246646965 84645537 7924315588 1139939 297889 302
+2 17
+1 17
+1 17
fe=(69)

fn=(1686) runtime.(*pageAlloc).scavenge.func1
646 44 24 8 2 0 0 2 0 0 4
+1 8 4 4
cfn=(1688)
calls=4 +48 
* 20269 2364 1216 43 19 1 43 6 0 1836 136
* 8 4 4
+1 12 8

fn=(752)
613 6 1 2 1 0 1 1 0 1 1
+1 2 0 1
cfn=(754) runtime.(*scavengerState).init
calls=1 320 
* 330 69 69 6 4 9 2 2 9 51 4 1 1
+2 3 1 1
cfi=(68)
cfn=(722)
calls=1 144 
* 149 42 25 9 2 0 5 0 0 29 7
+1 3 0 1 1 0 0 1
cfn=(758) runtime.(*scavengerState).park
calls=1 383 
* 89 22 23 4 1 2 2 0 2 11 3 1
+3 26 0 13 1
cfn=(1478)
calls=13 -80 
* 22838 3196 1659 138 64 6 91 14 2 2182 189 29 3
+1 22 0 0 0 0 0 0 0 0 11 2
+1 24 0 8
cfn=(759) runtime.(*scavengerState).park'2
calls=6 383 
* 834 246 228 16 8 13 3 0 6 78 12 6
cfn=(758)
calls=2 383 
* 278 82 76 13 6 2 1 0 0 26 6 2
+1 9 0 0 9 0 0 3
+2 6 3 3 0 0 0 0 0 0 3
+1 6 0 3
cfn=(1704)
calls=3 429 
* 2152 585 364 115 34 12 109 25 12 322 65 4 1
* 6 0 0 6 0 0 2
fi=(13)
912 10 5 2 0 0 1 0 0 0 1
fi=(28)
424 1
fi=(30)
162 1 1
fi=(28)
+52 1
fi=(13)
915 1 0 0 0 0 0 0 0 0 1 1
+3 3 0 1 1
cfn=(158)
calls=1 1125 
* 575 131 89 25 3 3 0 0 2 86 4
* 2 1 1
+1 3 2
cfi=(2)
cfn=(74)
calls=1 496 
* 9276 2912 1031 78 4 9 0 3 6 1664 110 3
fi=(10)
3341 30 5 10 3 0 0 0 0 0 5
+1 10 5 5 4
+2 5 0 0 0 0 0 0 0 0 5 1
+4 15 0 5
cfn=(494)
calls=5 963 
* 188 25 31 1 0 0 0 0 0 38 4
-83 10 10 0 2
+84 5
fi=(42)
313 5
-8 5
fi=(10)
3265 5 0 5
+1 5 5
fi=(42)
279 5
-13 5
fi=(10)
3266 5 0 5
+85 25 15 0 0 0 0 0 0 0 5
+1 25 15 5 3 0 0 0 0 0 0 0 5 2
cfn=(716)
calls=5 -17 
* 180 55 25 4 0 0 1 0 0 40 4
+1 38 15 5 0 0 0 0 0 0 5 3
cfi=(2)
cfn=(1490)
calls=3 1719 
* 75 30 24 0 0 3 0 0 2 3
+1 36 10 5 3 0 0 0 0 0 5 1
cfi=(2)
cfn=(1490)
calls=3 1719 
* 75 30 24 0 0 0 0 0 0 3
-2 5
+3 5 0 0 0 0 0 0 0 0 5 1
+8 5 0 5 3
cfn=(562)
calls=5 3185 
* 55420 16051 6106 498 236 96 163 135 64 9664 721 23 6
fi=(3)
270 3 3
+1 3 3
+1 3
+6 3 3
+1 3 0 3
+1 3 3
+1 3 0 3
+3 3
+1 3
+1 3 0 3
+1 9 6
cfi=(69)
cfn=(1484)
calls=2 +71 
* 4858722638 1322592993 818824079 2643 154188 4010 1399 144972 3526 975774571 113300 37222 46
cfi=(43)
cfn=(1706)
calls=1 19 
* 50749058416 23134724619 2983636121 31908 411206495 84723549 1384 246501932 84641966 6948535957 1026226 260647 248
+2 3
+1 3
+1 3
fi=(4)
1 3 1
cfi=(6)
cfn=(788)
calls=1 962 
* 32708 9812 4389 286 210 96 124 66 47 5933 492 22 10
fe=(69)

fn=(753)
620 22 0 11
cfn=(1479)
calls=9 -80 
* 878 294 126 45 25 0 28 13 0 155 19 10
cfn=(1478)
calls=2 -80 
* 190 64 26 12 8 0 12 6 0 34 3 2
+1 26 0 0 0 0 0 0 0 0 13
+1 30 0 10
cfn=(758)
calls=2 383 
* 228 63 61 6 3 5 2 0 2 24 4 2 1
cfn=(759)
calls=8 383 
* 962 271 259 32 24 26 16 13 20 98 19 8
+1 8 0 0 8 0 0 6
+2 6 3 3 0 0 0 0 0 0 3
+1 6 0 3
cfn=(1704)
calls=3 429 
* 133 46 39 8 0 0 5 0 0 16 7
* 6 0 0 4 0 0 2
fi=(10)
3341 24 4 8 1 0 0 0 0 0 4
+1 8 4 4 1
+2 4 0 0 0 0 0 0 0 0 4 1
+4 12 0 4
cfn=(494)
calls=4 963 
* 144 20 24 0 0 0 0 0 0 28 2
-83 8 8
+84 4
fi=(42)
313 4
-8 4
fi=(10)
3265 4 0 4
+1 4 4
fi=(42)
279 4
-13 4
fi=(10)
3266 4 0 4
+85 20 12 0 0 0 0 0 0 0 4
+1 20 12 4 1 0 0 0 0 0 0 0 4 1
cfi=(35)
cfn=(1202) runtime.gcBgMarkWorker.func1
calls=1 1235 
* 44 9 6 2 2 0 2 1 0 5 2
cfn=(716)
calls=3 -17 
* 108 33 15 0 0 0 0 0 0 24 1
+1 30 12 4 0 0 0 0 0 0 4 2
cfi=(2)
cfn=(1490)
calls=2 1719 
* 50 20 16 0 0 1 0 0 1 2
+1 28 8 4 1 0 0 0 0 0 4 1
cfi=(2)
cfn=(1490)
calls=2 1719 
* 50 20 16 0 0 0 0 0 0 2
-2 4
+3 4 0 0 0 0 0 0 0 0 4 1
+8 4 0 4
cfn=(562)
calls=4 3185 
* 26656 8009 3154 260 220 47 173 121 35 4553 362 10 5
fi=(3)
270 2 2
+1 2 2
+1 2
+6 2 2
+1 2 0 2
+1 2 2
+1 2 0 2
+3 2
+1 2
+1 2 0 2
+1 6 4
cfi=(69)
cfn=(1485)
calls=1 +71 
* 8876448 2164129 1467156 680 26708 1306 575 25324 1253 1469213 35258 18038 13
cfi=(43)
cfn=(1707)
calls=1 19 
* 8882674 2166098 1467995 769 26719 1317 652 25329 1264 1470274 35379 18049 17
+2 2
+1 2
+1 2
fi=(4)
1 6 2
cfi=(6)
cfn=(789) runtime.newstack'2
calls=1 962 
* 8858074 2161282 1465597 601 26683 1305 549 25319 1253 1467342 35125 18027 11
cfi=(6)
cfn=(788)
calls=1 962 
* 4849773584 1320417919 817351255 1637 127410 2689 679 119633 2260 974298360 77481 19139 27
fi=(96)
890 4 3 0 1 1
cfn=(1102)
calls=1 * 
* 50749029805 23134715926 2983632541 31405 411206251 84723468 1130 246501831 84641917 6948530804 1025754 260631 242
fe=(69)

fn=(1764)
329 21 3 9 2 0 0 2 0 0 3
+1 15 0 3 3 0 0 3 0 0 3 3
cfn=(1258) runtime.(*scavengerState).wake
calls=3 +70 
* 1253 314 228 26 8 6 6 1 5 199 40
+1 9 6

fn=(1478)
540 90 15 30 15 0 0 7 0 0 15 8
+1 15 15 0 0 6 0 0 1
fi=(17)
48 15
fi=(54)
-26 15 0 15
cfi=(17)
cfn=(80)
calls=15 +29 
* 270 90 45 0 0 0 0 0 0 60
fe=(69)
542 60 30 0 0 0 0 0 0 0 15
+3 15
fi=(54)
32 15 0 15
cfi=(17)
cfn=(94)
calls=15 +83 
* 360 120 45 0 0 0 0 0 0 105 14
* 30 0 0 15 0 0 7
fi=(17)
+80 15
fe=(69)
547 8
+38 8
-38 89 23 20 0 15 0 0 2 0 23 4
+38 20 0 20
-36 80 60 20 0 14 0 0 5 0 0 0 20 1
cfn=(1482) runtime.(*scavengerState).init.func3
calls=20 370 
* 216 98 0 27 7 0 13 1 0 20 7
* 60 0 0 15 0 0 7 0 0 20 8
+17 55 33 11 0 0 0 0 0 0 0 0 11 1
cfn=(1485)
calls=2 357 
* 64 18 16 0 0 0 0 0 0 6
cfn=(1484)
calls=9 357 
* 21497 2745 1472 67 28 6 63 9 2 1943 149 4 1
* 9
+10 18 0 0 0 0 0 0 0 0 9 6
+7 36 9 0 6 0 0 4
+2 36 18 0 0 6 0 0 2
+5 18 0 0 0 0 0 0 0 0 9 1
+4 16 8 0 0 5 0 0 2 0 8 6
+4 9 9 0 9 0 0 4
+7 9 9
-55 9
+48 3 0 0 3 0 0 1
+7 3
-7 32 3 0 1 0 0 1 0 0 16 3
+7 65 26
cfn=(752)
calls=3 +16 
* 50749106583 23134739097 2983642229 32324 411206772 84723667 1519 246501998 84642014 6948544778 1026911 260675 261
fi=(3)
270 2 2
+1 2 2
+1 2
+6 2 2
+1 2 0 2
+1 2 2
+1 2 0 2
+3 2
+1 2
+1 2 0 2
+1 6 4
cfi=(69)
cfn=(1485)
calls=2 +71 
* 4858712260 1322591619 818823350 2443 154138 4006 1338 144965 3524 975773647 113199 37216 44
+2 2
+1 2
+1 2
fe=(69)

fn=(1479)
540 54 9 18 8 0 0 5 0 0 9 3
+1 9 9 0 0 3 0 0 1
fi=(17)
48 9
fi=(54)
-26 9 0 9
cfi=(17)
cfn=(80)
calls=9 +29 
* 162 54 27 0 0 0 0 0 0 36
fe=(69)
542 36 18 0 0 0 0 0 0 0 9
+3 9
fi=(54)
32 9 0 9
cfi=(17)
cfn=(94)
calls=9 +83 
* 216 72 27 0 0 0 0 0 0 63 7
* 18 0 0 8 0 0 5
fi=(17)
+80 9
fe=(69)
547 13
+38 13
-38 85 22 19 0 8 0 0 3 0 22 3
+38 19 0 19
-36 76 57 19 0 9 0 0 6 0 0 0 19
cfn=(1482)
calls=19 370 
* 203 92 0 14 5 0 9 3 0 19 4
* 57 0 0 7 0 0 4 0 0 19 6
+17 55 33 11 0 0 0 0 0 0 0 0 11
cfn=(1485)
calls=11 357 
* 351 102 91 3 0 0 3 0 0 33 2
* 13
+10 26 0 0 0 0 0 0 0 0 13 1
+7 52 13
+2 52 26
+5 26 0 0 0 0 0 0 0 0 13
+4 26 13 0 0 1 0 0 0 0 13 2
+4 8 8 0 8 0 0 5
+7 8 8
-55 8
+48 3 0 0 2 0 0 1
+7 3
-7 28 3 0 0 0 0 0 0 0 14
+7 55 22
cfn=(753)
calls=3 +16 
* 4867514505 1324745356 820284895 3015 180812 5311 1885 170281 4777 977235998 147992 55215 55
fi=(3)
270 9 9
+1 9 9
+1 9
+6 9 9
+1 9 0 9
+1 9 9
+1 9 0 9
+3 9
+1 9
+1 9 0 9
+1 27 18
cfi=(69)
cfn=(1485)
calls=9 +71 
* 33966313973 9247274556 5724404124 13065 945337 21446 5985 888082 18337 6823040281 613657 170127 219
+2 9
+1 9
+1 9
fi=(4)
1 3 1 0 1 0 0 1
cfi=(6)
cfn=(788)
calls=1 962 
* 8865805 2162624 1466327 664 26701 1306 571 25322 1253 1468205 35201 18031 13
fe=(69)

fn=(1692) runtime.(*pallocData).findScavengeCandidate
853 162 27 54 5 0 0 4 0 0 27
+1 135 0 0 0 0 0 0 0 0 54
+3 81 0 0 0 0 0 0 0 0 27 1
+9 54 0 0 5 0 0 4 0 0 27 7
+3 27
fi=(22)
413 135
fe=(69)
876 27
-23 27 0 27
+61 27 0 27
-42 27
+2 471 333
+40 111 111
-40 414 0 138 5 0 0 4 0 0 138 4
+2 1072 268 134 0 18 0 0 10 0 134
cfn=(1694) runtime.fillAligned
calls=134 -94 
* 1742 402 134 13 0 0 8 0 0 402 19
+1 268 0 0 0 0 0 0 0 0 134 27
-3 46 23
+15 23 23 0 5 0 0 4
+25 23 23
-25 46 46
-8 27 0 0 0 0 0 0 0 0 27 2
+8 207 46 23 0 0 0 0 0 0 23
cfn=(1694)
calls=23 782 
* 299 69 23 0 0 0 0 0 0 69 8
+1 46 0 0 5 0 0 4
fi=(133)
130 115
fe=(69)
892 46
-1 161 23
fi=(133)
130 23 0 0 5 0 0 4
fe=(69)
892 23
-3 23
+3 115 0 0 0 0 0 0 0 0 23 3
fi=(133)
130 4
fe=(69)
895 1
-4 44 0 44
+9 22
+1 44
-18 20 8 0 1 0 0 1
+18 148 74
fi=(133)
130 74
fe=(69)
917 74 74
+19 74 74
-35 341 0 75 4 0 0 3 0 0 96 19
+2 75 0 75
-1 375 300 75 2 0 0 1
cfn=(1694)
calls=75 782 
* 975 225 75 0 0 0 0 0 0 225 23
fi=(133)
130 300
fe=(69)
903 225 75
+1 150 0 0 0 0 0 0 0 0 75 4
+13 1 1
+19 1 1
-22 2 1 0 1 0 0 1
+3 4
+7 3 1
-10 45 22 0 4 0 0 3 0 0 1
+3 88
+7 66 22
-10 22 0 0 0 0 0 0 0 0 22 1
+10 46 23 0 0 0 0 0 0 0 23 1
+7 23
+1 23
fi=(22)
413 92 0 0 5 0 0 4
fe=(69)
936 46 0 0 0 0 0 0 0 0 23 8
+2 6
+2 6
fi=(22)
418 6
fe=(69)
940 12 0 0 0 0 0 0 0 0 6
+5 12
+1 6
+4 17
-14 17
+14 115 46

fn=(758)
383 30 5 10 5 0 0 2 0 0 5
+1 5 5
fi=(17)
48 5
fi=(54)
-26 10 0 5 4 0 0 2
cfi=(17)
cfn=(80)
calls=5 +29 
* 90 30 15 0 0 0 0 0 0 20
fe=(69)
385 20 10 0 0 0 0 0 0 0 5
+3 5 0 5
+1 5
fi=(10)
-20 25 0 5
cfn=(669)
calls=3 -23 
* 300 93 90 10 8 4 1 0 2 21 8 3
cfn=(668)
calls=2 -23 
* 100 24 30 4 2 5 0 0 2 10 5 2 1
fe=(69)
+21 54 36 0 18 18 0 9 6
cfn=(753)
calls=8 623 
* 1786 527 379 87 54 26 57 32 20 242 36 16
cfn=(752)
calls=9 623 
* 25337 3848 2162 247 100 30 186 39 20 2503 250 32 2
cfn=(752)
calls=1 620 
* 120 38 23 8 3 1 7 0 0 19 3 2 2

fn=(759)
383 84 14 28 14 0 0 8 0 0 14
+1 14 14
fi=(17)
48 14
fi=(54)
-26 28 0 14
cfi=(17)
cfn=(80)
calls=14 +29 
* 252 84 42 0 0 0 0 0 0 56 2
fe=(69)
385 56 28 0 0 0 0 0 0 0 14
+3 14 0 14
+1 14
fi=(10)
-20 70 0 14
cfn=(668)
calls=5 -23 
* 450 136 135 20 18 15 6 3 8 33 12 5
cfn=(669)
calls=9 -23 
* 800 241 240 14 14 24 5 10 18 59 17 9
fe=(69)

fn=(1170)
639 60 10 20 5 0 0 3 0 0 10 1
+7 20 0 20 7 0 0 4
-6 10 0 10 0 0 6 0 0 3
+1 10
+1 8 8
+7 8
-8 52 26 0 0 0 0 0 0 0 18 2
+1 44 11 11 0 6
cfn=(1172)
calls=11 997 
* 482 80 11 24 19 0 16 3 0 58 11
* 11
+1 22 0 0 7 0 0 4 0 0 11 1
+3 144 18 99 5 0 0 4
cfi=(2)
cfn=(74)
calls=6 463 
* 20537 2484 1282 45 21 3 45 6 0 1864 139 6 3
cfi=(2)
cfn=(75)
calls=3 463 
* 84 30 21 0 3 2 0 0 1 12 1 3 3
* 16 8 0 1
+3 56 8 0 5 0 0 3 0 0 16 10
+4 36 27 0 2 0 0 1
cfn=(1485)
calls=3 359 
* 55607771142 24457316395 3802459551 34362 411360639 84727555 2728 246646899 84645490 7924309649 1139440 297867 292
-7 11 6 2 1 0 0 0 0 0 1
+1 2 1 1
cfn=(1688)
calls=1 +48 
* 406 109 46 5 0 0 1 0 0 74 10
* 2 1 1
+1 3 2
cfi=(2)
cfn=(75)
calls=1 496 
* 37711 10493 4751 313 223 96 131 66 47 6376 562 23 10

fn=(1171)
639 78 13 26 0 0 0 0 0 0 13
+7 26 0 26
-6 13 0 13
+1 13
+1 19 19 0 0 1
+7 19
-8 102 51 0 0 0 0 0 0 0 32 6
+1 72 18 18
cfn=(1172)
calls=18 997 
* 944 149 22 4 2 0 4 0 0 119 23
* 18
+1 36 0 0 0 0 0 0 0 0 18 2
+3 288 36 198
cfi=(2)
cfn=(75)
calls=18 463 
* 504 180 126 0 0 0 0 0 0 72 2 18 1
* 38 19
+3 133 19 0 1 0 0 0 0 0 38 3
+4 56 42
cfn=(1485)
calls=14 359 
* 38842728808 10574192972 6546160039 17045 1153064 28159 8575 1083751 24414 7801750578 797359 243415 297
-7 55 30 10 0 0 0 0 0 0 5
+1 10 5 5
cfn=(1688)
calls=5 +48 
* 19357 2443 1321 36 18 0 1 7 0 1765 165
* 10 5 5
+1 15 10
cfi=(2)
cfn=(75)
calls=5 496 
* 35542821 8668874 5873923 3125 107043 5341 2570 101368 5081 5883951 141765 72190 68

fn=(1258)
400 156 26 52 24 0 0 10 0 0 26 3
+1 26 26 0 0 16 0 0 2
fi=(17)
48 26
fi=(54)
-26 52 0 26
cfi=(17)
cfn=(80)
calls=26 +29 
* 468 156 78 0 2 0 0 0 0 104 5
fe=(69)
402 78 52 0 0 0 0 0 0 0 26 2
+2 24
fi=(30)
178 48 24 24 0 0 0 0 0 0 24
fe=(69)
407 24 0 24
+8 24 0 24 22 0 0 10
+1 24 24
fi=(10)
6117 24 0 24 0 0 15 0 0 6
+1 24
fi=(42)
266 24 0 24
fe=(69)
417 72 0 24
cfi=(10)
cfn=(1260) runtime.injectglist
calls=24 3121 
* 5828 1329 1022 308 67 22 172 35 18 907 156
fi=(54)
32 24 24
fe=(69)
419 24
fi=(17)
112 24
fi=(54)
-80 24 0 24
cfi=(17)
cfn=(94)
calls=24 +83 
* 566 187 72 0 14 0 0 1 0 163 8
fe=(69)
419 2 0 0 2
fi=(17)
112 2
fi=(54)
-80 2 0 2
cfi=(17)
cfn=(94)
calls=2 +83 
* 48 16 6 0 1 0 0 0 0 14 2
fe=(69)
420 78 52

fn=(1704)
429 48 9 18 12 0 0 10 0 0 9 3
+1 6 6 0 0 1
fi=(17)
48 6
fi=(54)
-26 6 0 6 0 0 1 0 0 1
cfi=(17)
cfn=(80)
calls=6 +29 
* 108 36 18 0 0 0 0 0 0 24 1
fe=(69)
431 24 12 0 0 0 0 0 0 0 6
+4 24 12 0 0 1 0 0 1 0 6 3
+15 6 0 6
+4 24 6 6 6 0 0 5
+3 12 6 0 0 0 0 0 0 0 6
+6 6 0 0 6 0 0 5
fi=(43)
19 6 0 6
cfi=(3)
cfn=(304)
calls=6 228 
* 160 54 33 0 2 0 0 2 0 12 7
* 2 1
fe=(69)
464 2 2
fi=(43)
19 2 1 1
fe=(69)
464 2 1
fi=(70)
235 1
554 11 5 1 1 1 0 1 1
cfn=(1708)
calls=1 438 
* 1376 354 211 87 31 10 83 22 10 206 41 1
fe=(69)
-87 4 2 2
+1 2
fi=(10)
-99 12 0 2 2 0 0 2
cfn=(668)
calls=2 -23 
* 661 189 134 20 5 2 13 2 2 100 19 4 1
fe=(69)
+60 12 0 9 4 0 0 3
cfi=(2)
cfn=(782)
calls=3 576 
* 78 33 27 1 0 0 0 0 0 6 5
fi=(10)
3341 6 1 2 1 0 0 0 0 0 1
+1 2 1 1 1
+2 1 0 0 0 0 0 0 0 0 1
+4 3 0 1
cfn=(494)
calls=1 963 
* 36 5 6 0 0 0 0 0 0 7 1
-83 2 2 0 1
+84 1
fi=(42)
313 1
-8 1
fi=(10)
3265 1 0 1
+1 1 1
fi=(42)
279 1
-13 1
fi=(10)
3266 1 0 1
+85 5 3 0 0 0 0 0 0 0 1
+1 5 3 1 1 0 0 0 0 0 0 0 1
cfn=(716)
calls=1 -17 
* 36 11 5 1 0 0 0 0 0 8
+1 8 3 1 0 0 0 0 0 0 1 1
cfi=(2)
cfn=(1490)
calls=1 1719 
* 25 10 8 0 0 0 0 0 0 1
+1 8 2 1 1 0 0 0 0 0 1
cfi=(2)
cfn=(1490)
calls=1 1719 
* 25 10 8 0 0 1 0 0 1 1
-2 1
+3 1 0 0 0 0 0 0 0 0 1
+8 1 0 1 1
cfn=(562)
calls=1 3185 
* 16050 4841 2114 84 76 51 18 1 16 3228 247 3 3
fi=(3)
270 1 1 0 0 1
+1 1 1
+1 1
+6 1 1
+1 1 0 1
+1 1 1
+1 1 0 1
+3 1
+1 1
+1 1 0 1
+1 3 2
cfi=(43)
cfn=(1707)
calls=1 19 
* 14524 4356 1876 145 118 33 79 63 22 2402 197 14 6
+2 1
+1 1
+1 1
fe=(69)

fn=(1588) runtime.(*scavengeIndex).mark
1049 24942 0 8314 23 0 0 9
+1 8314
fi=(15)
107 58198
fe=(69)
1051 16628 0 0 0 0 0 0 0 0 8314 104
+4 490 0 0 4 0 0 4 0 0 98 21
+6 11
+1 11
fi=(22)
413 22
fe=(69)
1065 55 0 0 0 0 0 0 0 0 11 4
+1 22
fi=(15)
107 11
fe=(69)
1066 88
+1 44 22 0 0 1 0 0 0 0 11
fi=(30)
127 22 11 11 0 1 0 0 0 0 11
fe=(69)
1067 11
fi=(22)
418 22
fe=(69)
1071 11
-14 957 0 0 4 0 0 4
+1 348 174 0 0 7 0 0 0 0 87
fi=(30)
127 174 87 87 0 7 0 0 0 0 87
fe=(69)
1058 87
-4 49296 16432 0 34 783 0 18 4 0 8216 2
-1 32864
fi=(30)
127 16432 8216 8216 0 808 0 0 7 0 8216 1
fi=(16)
+72 8216
fe=(69)
1089 8216 8216
fi=(16)
203 16432
-2 8216
+4 8216
fe=(69)
1095 8216
fi=(16)
124 8216
+77 8216 0 0 0 0 0 0 0 0 8216 905
-2 98
fe=(69)
1089 98 98
fi=(16)
203 196
-2 98
+4 98
fe=(69)
1095 98
fi=(16)
124 98
+77 98 0 0 0 0 0 0 0 0 98 13
fe=(69)
1096 700
fi=(16)
193 700
fi=(30)
68 700 700 700 0 0 0 0 0 0 700 2
fe=(69)
1098 33256 16628 0 17 0 0 9
fi=(16)
124 196
fe=(69)
1071 22 0 0 0 0 0 0 0 0 11 4
+12 44 0 0 2 0 0 2 0 0 11
+1 55
+1 44 22 0 0 0 0 0 0 0 11
-1 11
fi=(30)
127 22 11 11 0 0 0 0 0 0 11 4
fe=(69)
1085 11

fn=(1688)
695 216 27 108 13 0 0 8 0 0 27
+22 27 27
-5 54 27 27 0 5 0 0 2
+5 27 27 0 0 1
fi=(17)
48 27
fi=(54)
-26 54 0 27
cfi=(17)
cfn=(80)
calls=27 +29 
* 486 162 81 0 0 0 0 0 0 108 9
fe=(69)
712 54 27
+1 27
+5 54
-16 81 27 0 6 0 0 4
+2 27
-1 27
+18 27
-3 135 108 0 0 5
-15 27 0 0 0 0 0 0 0 0 27
+15 27 27 0 0 6 0 0 3
fi=(15)
947 54 0 0 5 0 0 4 0 0 27 4
+3 54
fe=(69)
718 54 0 0 0 0 0 0 0 0 27
fi=(15)
128 81
348 54 0 0 0 0 0 0 0 0 27
128 27 0 27
348 54 27 0 0 5
137 27
348 81 0 27 7 0 0 4
fe=(69)
721 81 0 27
cfn=(1692)
calls=27 853 
* 9608 2341 904 60 18 0 45 10 0 1556 127
+3 54 0 0 0 0 0 0 0 0 27 4
1104 8 8
768 4
1104 48 8 0 2 0 0 0 0 0 4
fi=(30)
118 8 4 4 0 0 0 0 0 0 4 2
fe=(69)
769 4 4
fi=(17)
112 4
fi=(54)
-80 4 0 4
cfi=(17)
cfn=(94)
calls=4 +83 
* 96 32 12 0 0 0 0 0 0 28 4
fe=(69)
771 16 8
-50 46 0 46 11 0 0 8
+5 23
fi=(15)
112 46 23
fe=(69)
726 92 0 23
+5 92 23 23
cfi=(15)
cfn=(226) runtime.(*pageAlloc).allocRange
calls=23 512 
* 44993 4323 2415 168 36 1 7 1 0 3425 301
* 46 0 0 0 0 0 0 0 0 23 1
+5 46 46 0 5 0 0 4
fi=(17)
112 23
fi=(54)
-80 23 0 23
cfi=(17)
cfn=(94)
calls=23 +83 
* 552 184 69 0 0 0 0 0 0 161 6
fe=(69)
738 69 46 0 0 0 0 0 0 0 23
+3 92 46 23
cfi=(18)
cfn=(1698) runtime.sysUnused
calls=23 60 
* 2304 575 400 63 0 0 43 0 0 351 73
+4 69 23 23
+1 46 0 23 5 0 0 4
cfi=(19)
cfn=(84)
calls=23 644 
* 391 69 92 8 2 0 1 0 0 92 3
+1 138 23 46
cfi=(19)
cfn=(84)
calls=23 644 
* 391 69 92 0 0 0 0 0 0 92 5
+2 46 0 23
cfi=(19)
cfn=(176)
calls=23 +15 
* 598 138 46 20 5 0 1 0 0 92
+1 46 46 23 0 7 0 0 0 0 23 3
+1 46 46 23 5 0 0 4 0 0 23 1
+1 46 0 23
cfi=(19)
cfn=(178)
calls=23 +41 
* 345 115 46 8 0 0 0 0 0 69
+5 46 46
fi=(17)
48 23
fi=(54)
-26 46 0 23
cfi=(17)
cfn=(80)
calls=23 +29 
* 414 138 69 0 0 0 0 0 0 92 2
fe=(69)
758 115 69 23
cfi=(15)
cfn=(1584)
calls=23 871 
* 41938 3870 1997 68 9 0 16 0 0 3177 210
fi=(15)
348 92 92 0 5 8 0 4 1
fe=(69)
761 138 69 23
cfi=(32)
cfn=(216) runtime.(*pageBits).setRange
calls=23 30 
* 790 46 62 2 0 0 0 0 0 91 17
+1 46 46
fi=(17)
112 23
fi=(54)
-80 23 0 23
cfi=(17)
cfn=(94)
calls=23 +83 
* 552 184 69 0 0 0 0 0 0 161 4
fe=(69)
764 115 69 0 5 0 0 4

fn=(754)
320 5 1 1 1 0 0 1 0 0 1
+1 3 1 0 0 1 0 0 1 0 1
+7 1 0 1
-3 5 1 1 0 0 0 0 0 0 1
+2 2 0 1 1 0 1 1 0 1
cfi=(12)
cfn=(278)
calls=1 1201 
* 314 66 65 4 3 8 0 1 8 48 4 1 1
* 5 2 1 0 0 0 0 0 0 1
+1 6 1 2 1 0 1 1 0 1 1
+1 7 2 1 1 0 0 1 0 0 1
+13 11 0 6 1 0 1 1 0 1
+11 2 1 1 0 1
+3 2 1 0 1 0 0 1 0 0 1
+1 5 1 1 0 0 0 0 0 0 1
+10 2 1 0 1 0 0 1 0 0 1
+1 5 1 1 0 0 0 0 0 0 1
+7 3 1 0 1 0 0 1 0 0 1
+1 5 1 1 0 0 0 0 0 0 1
+4 3 2
cfn=(752)
calls=1 616 
* 23731 7431 2601 192 33 34 29 4 22 4323 294 7 1

fn=(1482)
370 39 39 0 23 12 0 12 4
fi=(19)
636 39 39
fi=(30)
259 39 39
fe=(69)
125 39
370 78 0 0 0 0 0 0 0 0 39 11
fi=(30)
259 34 34 0 14 0 0 8
fe=(69)
372 34
-2 117 39 0 4 0 0 2

fn=(1560)
149 170 34 0 17 0 0 8 0 0 17 8
+4 17
fi=(30)
259 34 17
fe=(69)
159 34 0 0 17 0 0 8 0 0 17 5
fi=(30)
264 51 17 17 0 0 0 0 0 0 17
fe=(69)
160 17
+11 34 0 0 0 0 0 0 0 0 17
+5 68 0 0 0 0 0 0 0 0 17
-5 17
+5 102 0 0 34 0 0 16 0 0 17
+1 204 17 0 17 0 0 8 0 0 34
+8 17 17 0 0 13 0 0 2
+13 17
fi=(19)
636 34 34
fe=(69)
182 17
+3 17
-3 51
+3 68 0 0 17 0 0 8
-60 17
+78 50 4 0 0 0 0 0 0 0 21 10
+1 13
fi=(30)
+60 39 13 13 0 0 0 0 0 0 13 12
fe=(69)
-56 13
-2 4
fi=(30)
+58 8 4 4 4 0 0 2 0 0 4
fe=(69)
-56 17 17 0 13 0 0 4

fn=(1694)
782 1160 232 232 7 0 0 4 0 0 232 5
+21 232
+5 464 0 0 0 0 0 0 0 0 232 6
-4 464 0 0 0 0 0 0 0 0 232 39
+1 696 464 0 6 0 0 4

fl=(96)
fn=(1102)
890 141 18 75 8 16 2 5 8 0 18 3
+2 30 0 0 0 0 0 0 0 0 15
+2 15 0 15 0 0 15 0 0 7
cfi=(43)
cfn=(906)
calls=15 18 
* 750 270 150 22 106 15 9 40 7 30 4
* 60 15 0 6 15 0 3 7
+4 105 45 15
cfn=(1104) time.Time.Sub
calls=15 -35 
* 420 90 105 24 0 0 15 0 0 75 7
* 45 30
cfi=(122)
cfn=(1020)
calls=1 48 
* 50749029701 23134715895 2983632517 31398 411206248 84723465 1125 246501829 84641915 6948530795 1025750 260631 242
-8 12 0 12 2 0 0 2
cfi=(2)
cfn=(782)
calls=3 576 
* 3835937 747296 345855 1453 58438 2438 1334 54345 2336 682672 40553 218 39
* 8 6
cfn=(1103)
calls=2 * 
* 208 62 48 5 4 4 5 4 4 18 4

fn=(1103)
890 31 5 15 1 2 0 1 2 0 5 2
+2 6 0 0 0 0 0 0 0 0 3
+2 3 0 3 0 0 3 0 0 3
cfi=(43)
cfn=(906)
calls=3 18 
* 150 54 30 2 2 3 2 2 3 6 1
* 12 3 0 0 3 0 0 3
+4 21 9 3
cfn=(1104)
calls=3 -35 
* 84 18 21 3 0 0 3 0 0 15 3
* 9 6
-8 8 0 8 1 0 0 1
cfi=(2)
cfn=(782)
calls=2 576 
* 2669 694 384 40 85 37 40 85 37 404 47 2
* 4 3
cfn=(1103)
calls=1 * 
* 104 31 24 0 1 2 0 1 2 9

fn=(1104)
863 198 18 126 9 0 0 6 0 0 18
+1 108 36 0 9 0 0 6 0 0 18 2
+1 18 18
+2 36
+1 36 0 0 0 0 0 0 0 0 18 6
+3 54 0 0 9 0 0 6 0 0 36 2
+3 54 36

fn=(1108)
757 126 0 0 9 0 0 6
+1 36
+1 144 36 0 9 9 0 6 5

fn=(1096)
1089 84 18 16 11 12 0 8 5 0 18 3
+1 16 0 16
cfi=(130) /usr/lib/go-1.19/src/runtime/time_linux_amd64.s
cfn=(1098) time.now
calls=16 14 
* 736 256 112 46 70 0 32 21 0 32 10
+1 16 16 0 0 10 0 0 3
+1 32
+1 64 0 0 0 0 0 0 0 0 16 4
+3 160 48 0 9 16 0 6 4
-7 4 0 2 4 0 0 4
cfi=(2)
cfn=(782)
calls=2 576 
* 11752 3268 1306 127 165 48 127 138 44 1871 101 9 3
* 2 0 0 1
cfn=(1097) time.Now'2
calls=2 * 
* 138 42 18 7 5 1 5 4 0 8 3

fn=(1097)
1089 10 2 2 1 0 1 0 0 0 2 1
+1 2 0 2
cfi=(130)
cfn=(1098)
calls=2 14 
* 92 32 14 5 3 0 5 2 0 4
+1 2 2 0 0 2 0 0 2
+1 4
+1 8 0 0 0 0 0 0 0 0 2 2
+3 20 6 0 1

fl=(78) /usr/lib/go-1.19/src/sync/pool.go
fn=(1028) sync.(*Pool).Get
127 66 11 22 7 0 0 6 0 0 11
+4 22 0 11 0 0 3
cfn=(1030) sync.(*Pool).pin
calls=11 +67 
* 42117 7316 14136 629 277 1386 528 179 1358 14523 517 13 4
+1 22 22 0 0 3
+1 57 11 22 9 0 0 6 0 0 11 2
cfi=(2)
cfn=(1452)
calls=2 1743 
* 50 20 16 0 0 2 0 0 2 2
+1 22 0 0 0 0 0 0 0 0 11 4
-3 7 0 7 0 0 1
+7 21 0 7
cfi=(125) /usr/lib/go-1.19/src/sync/poolqueue.go
cfn=(1050) sync.(*poolChain).popHead
calls=7 258 
* 105 28 7 14 0 0 12 0 0 14 10
+1 14 0 0 0 0 0 0 0 0 7
+1 21 14 7
cfn=(1052) sync.(*Pool).getSlow
calls=7 +16 
* 4576 1064 381 49 1 0 42 1 0 584 62
+10 28 0 14 7 0 0 6
-7 7 0 7
cfi=(10)
cfn=(1036) sync.runtime_procUnpin
calls=7 6163 
* 28 14 7
+7 8 0 8 3
-7 4 0 4
cfi=(10)
cfn=(1036)
calls=4 6163 
* 16 8 4
+7 57 23 0 0 6 0 0 5 0 17 9
+3 5 5
-3 5
+1 12 6 6 0 6 0 0 5 0 0 0 6 1
cfi=(120)
cfn=(1056) fmt.glob..func1
calls=6 -19 
* 6931 1570 919 33 77 25 26 52 21 981 110
+2 33 22

fn=(838) sync.init.0
275 5 1 1 1 0 0 1 0 0 1
+1 3 0 1
cfi=(35)
cfn=(840) sync.runtime_registerPoolCleanup
calls=1 1578 
* 12 4 2 2 0 0 2 0 0 2
+1 3 2

fn=(1052)
156 49 7 21 14 0 0 12 0 0 7 1
+2 14 7 7
+1 21 7 7
+2 231 112
+10 112 112
-10 112 112
+2 112 112
-1 112 112
-1 350 0 112 0 0 0 0 0 0 119 9
+1 224 0 0 7 0 0 6
-3 112
+3 560 0 0 0 0 0 0 0 0 112 2
280 112
163 336 0 112
cfi=(125)
cfn=(1054) sync.(*poolChain).popTail
calls=112 271 
* 1792 448 112 14 0 0 12 0 0 224 28
* 224 0 0 0 0 0 0 0 0 112 19
+8 14 7
+1 14 0 0 7 0 0 6 0 0 7 2
+3 1 1
+1 1
280 2
177 4 2 0 0 1 0 0 1 0 1
+1 7 1 2 1 0 0 1 0 0 1 1
cfi=(2)
cfn=(1286) runtime.gcWriteBarrierCX
calls=1 1711 
* 25 10 8 0 0 0 0 0 0 1
+1 5 2
-6 30 12 0 6 0 0 5

fn=(1034) sync.(*Pool).pinSlow
212 56 7 14 14 0 0 12 0 0 7
+14 7 0 7
-14 21 0 21
+3 7 0 7
cfi=(10)
cfn=(1036)
calls=7 6163 
* 28 14 7
+1 7
fi=(124) /usr/lib/go-1.19/src/sync/mutex.go
83 49 0 7 7 0 0 6 0 0 7 7
fe=(78)
217 56 0 35 7 0 0 6
+1 7 0 7
cfi=(10)
cfn=(1032) sync.runtime_procPin
calls=7 6154 
* 35 28 7
+2 28 21
+2 7 0 0 0 0 0 0 0 0 7
-4 7 0 7
+7 14 0 0 0 0 0 0 0 0 7
+1 70 21 7 7 7 0 6 5 0 7
cfi=(39)
cfn=(286)
calls=7 -48 
* 10083 2847 798 120 68 52 103 59 45 1443 166
* 40 7 14 7 0 0 6 0 0 7 5
cfi=(2)
cfn=(1288)
calls=2 1628 
* 42 18 14 0 0 0 0 0 0 2
* 21 7
+7 7 7
-7 47 7 14 2 0 0 2 0 0 7 1
cfi=(2)
cfn=(1286)
calls=2 1711 
* 50 20 16 0 0 0 0 0 0 2
+3 14 0 7 5 0 0 4
cfi=(123) /usr/lib/go-1.19/src/runtime/debug.go
cfn=(1038) runtime.GOMAXPROCS
calls=7 16 
* 448 133 77 16 4 0 13 3 0 84 7
* 7 0 7
+1 35 0 7
cfi=(39)
cfn=(372)
calls=7 88 
* 30150 3860 12886 368 178 1333 306 104 1313 12849 312 6 3
+1 21 7 0 0 1 0 0 0 0 7
-1 7 0 7
+1 21 7 7 7 1 0 6
cfi=(44)
cfn=(1042)
calls=7 47 
* 132 55 42 25 1 1 22 0 0 16 8
+1 28 21 7 0 0 0 0 0 0 7
+1 91 28 28 7 0 0 6 0 0 7 0 7 1
cfn=(1046) sync.(*Pool).pinSlow.func1
calls=7 -16 
* 189 63 28 14 1 0 12 0 0 35 4
* 35 28

fn=(1094) sync.(*Pool).Put
95 77 11 33 14 0 0 12 0 0 11
+1 22 0 0 0 0 0 0 0 0 11
-1 11 0 11
+1 11 0 11
+11 11 0 11
cfn=(1030)
calls=11 +91 
* 264 110 44 13 1 0 0 0 0 22 6
+1 22 11 0 0 1 0 0 0 0 11 5
+1 77 33 22 2 0 0 2 0 0 11 2
cfi=(2)
cfn=(1288)
calls=2 1628 
* 42 18 14 0 0 0 0 0 0 2
* 2
+4 11 0 11 7 0 0 4
cfi=(10)
cfn=(1036)
calls=11 6163 
* 44 22 11
+4 33 22

fn=(1270) sync.poolCleanup
236 90 18 18 18 0 0 10 0 0 18
+8 72 36 0 18 17 0 10 5
+2 5 0 5
-2 56 5 0 0 5 0 0 2 0 23 16
+1 25 5 5 0 3 5 0 0 2 5
+5 72 36 0 18 0 0 10
+4 6 0 6
-4 60 6 0 0 6 0 0 1 0 24 11
+1 30 12 6 6 8 0 5 1 0 6
+1 12 6 6
+1 24 6 6 0 0 0 0 0 0 6 4
+6 252 90 90 48 3 18 25 0 8 36 4
+1 54 36

fn=(1046)
217 70 21 14 7 0 0 6 0 0 14 2
cfi=(124)
cfn=(1048) sync.(*Mutex).Unlock
calls=7 -5 
* 98 28 14 7 1 0 6 0 0 21 2
* 21 14

fn=(1030)
198 132 22 44 12 0 0 6 0 0 22
+1 22 0 22
cfi=(10)
cfn=(1032)
calls=22 6154 
* 110 88 22 14 7 0 6 3
+5 44 44 0 10 10 0 6 5
+1 22 22
+1 44 0 0 0 0 0 0 0 0 22 13
+74 45
-73 60 30
+2 14 0 7
cfn=(1034)
calls=7 +3 
* 41867 7206 14085 606 261 1386 510 171 1358 14501 510 13 4
* 21 14

fl=(82)
fn=(872) runtime.makemap_small
293 20 4 4 1 0 0 1 0 0 4
+1 12 0 4
cfi=(12)
cfn=(278)
calls=4 1201 
* 1560 306 200 0 1 3 0 0 3 244 19
fi=(22)
128 4 4
+7 8 4
+1 8 0 0 1 0 0 1
fe=(82)
294 4
fi=(22)
136 4
-1 4
+1 4
-1 4 0 4
+2 4
fe=(82)
295 4 0 4
+1 16 8

fn=(848) runtime.makemap
304 15 3 3 1 0 0 1 0 0 3
+1 6 6 0 0 2 0 0 2
-1 3
+1 6
+1 12 0 0 0 0 0 0 0 0 6 3
+5 6 0 0 1 0 0 1 0 0 3
-7 3 0 3
+15 3 0 3
-7 6 0 3
cfi=(12)
cfn=(278)
calls=3 1201 
* 2438 540 365 14 4 21 0 3 20 356 38 1
1086 3 3
329 3 3
-15 3
fi=(22)
128 3 3
+7 9 3 3 2 0 0 1
+1 9
+1 3
fe=(82)
314 6 0 3
+5 3
+1 11
+2 11
1086 28 0 0 0 0 0 0 0 0 14
314 14
186 42
1086 56 0 0 1 0 0 1
319 17 0 0 0 0 0 0 0 0 14 13
+3 3 0 3
+5 6 0 0 0 0 0 0 0 0 3
-13 3 0 3
+15 12 0 3
cfn=(850) runtime.makeBucketArray
calls=3 +16 
* 12004 1796 2670 27 10 201 11 1 201 2575 126 2
* 15 6 3 0 0 0 0 0 0 3
+1 6 0 0 1 0 0 1 0 0 3 2
-1 1 0 1
+2 2 0 1
cfi=(12)
cfn=(278)
calls=1 1201 
* 1568 381 251 2 6 7 0 3 7 223 14 1
* 4 2 1 0 0 0 0 0 0 1
+1 2 1 1
-1 1
+5 15 6 0 1 0 0 1

fn=(868)
246 8 1 4 2 0 0 2 0 0 1
+2 6 2 0 0 0 0 0 0 0 2
-39 1 1
fi=(22)
18 3
fe=(82)
209 2 1
+43 1 0 0 0 0 0 0 0 0 1 1
fi=(22)
18 1 0 0 1 0 0 1
fe=(82)
254 4 1 1 1 0 0 1 0 0 1
-23 3 1 0 1 0 0 1 0 0 1
+1 3 1 1
+43 1
fi=(22)
18 1
fe=(82)
265 1
+1 3 2 0 1 0 0 1 0 0 1 1
-53 1 1 0 1 0 0 1
fi=(22)
18 2
fe=(82)
213 1
+57 1
-57 5 1 1 0 0 0 0 0 0 1
+58 4 2

fn=(850)
345 15 3 3 1 0 0 1 0 0 3
+1 3
186 9
350 6 0 0 0 0 0 0 0 0 3 3
+5 1 1
-1 1
186 2
354 1 0 0 1 0 0 1
+1 3 1
fi=(40) /usr/lib/go-1.19/src/runtime/msize.go
14 3 0 0 0 0 0 0 0 0 1
+1 2 0 0 0 0 0 0 0 0 1 1
fi=(22)
425 2 0 0 1 0 0 1
fi=(40)
18 8 2 0 1 0 0 1 0 0 2
fe=(82)
356 1
+1 2 0 0 0 0 0 0 0 0 1
+1 2 0 0 0 0 0 0 0 0 1
-13 1
+13 1
-13 1
+13 3
+4 2 0 0 2 0 0 1
+7 4
-24 2 0 2
186 2 0 2
369 2 0 2 1 0 0 1
-7 4 0 0 0 0 0 0 0 0 2 2
-17 1 0 1
186 1 0 1
369 1 0 1
-7 2 0 0 0 0 0 0 0 0 1 1
+1 3 3
+6 3 0 0 1 0 0 1
-6 9 0 3
cfi=(12)
cfn=(852) runtime.newarray
calls=3 1216 
* 11860 1771 2654 18 10 201 3 1 201 2556 116 2
+14 12 6 0 0 0 0 0 0 0 3 3
+6 2 2
+1 2
fi=(22)
18 3
fe=(82)
213 1
383 1
+2 1
fi=(22)
18 1
fe=(82)
213 6 1 1 1 0 0 1 0 0 1
387 12 6

fl=(17)
fn=(690) runtime.notesleep
148 570 114 114 49 0 0 13 0 0 114
+1 114 114
+1 456 114 0 0 42 0 0 16 0 114 21
-2 114 0 114
+1 114 0 114
+5 228 228 0 0 4 0 0 4
+6 456 0 114 14 0 0 6
-6 114
+10 330 220 110 21 109 51 6 36 13
-6 110 110 0 0 27 0 0 4
+2 110 110
-2 672 224 0 0 50 0 0 13 0 224 12
+1 228 114 114
+1 228 0 114 17 0 2 7 0 2
cfi=(7)
cfn=(692)
calls=114 -98 
* 2936 1124 908 28 147 72 15 40 27 114
+1 440 220 0 26 10 0 6 10 0 110 16
+5 330 220 0 39 0 0 12

fn=(1194) runtime.notetsleep_internal
173 524 0 262 41 0 0 10
+1 262 0 131 0 0 17 0 0 6
+2 131 0 0 0 0 0 0 0 0 131 8
+1 32 32 0 0 2
+6 48 0 16
-6 16
+15 460 115 0 46 0 0 10 0 0 115
-19 115 0 115
fi=(43)
19 115 0 115 0 0 6
cfi=(3)
cfn=(304)
calls=115 228 
* 4370 1380 920 0 5 21 0 4 7 230 25
* 345 230
fe=(17)
196 345 115 115
+1 115
+1 345 230 0 48 95 0 10 8 0 115 4
+3 345 230 115
+1 575 115 115 29 0 0 8
cfi=(7)
cfn=(692)
calls=115 62 
* 4478 1146 1379 156 99 69 36 48 30 115 23
+1 456 228 0 1 36 0 1 31 0 114 11
+3 342 228 114 39 64 41 11 41 23
+1 456 228 0 0 59 0 0 31 0 114 63
+3 22
fi=(43)
19 22 0 22
cfi=(3)
cfn=(304)
calls=22 228 
* 836 264 176 0 49 0 0 43 0 44 8
* 66 44
fe=(17)
211 66 22 0 0 0 0 0 0 0 22
+5 706 364 0 31 0 0 10
-29 45 30 15
-6 15 15
+2 15 15
-2 93 31 0 2 0 0 1 0 0 31 7
+1 45 30 15
+1 60 0 15 1 0 0 1
cfi=(7)
cfn=(692)
calls=15 62 
* 390 150 120 1 0 0 0 0 0 15
+1 60 30 0 0 0 0 0 0 0 15 4
+5 64 32 0 3 0 0 1

fn=(94)
115 313085660 62617132 62617132 4 18 4 2 0 0 62617132 251
+1 187851396 62617132 62617132 0 5 0 0 0 0 62617132 5
+1 125234264 0 0 8 0 0 3 0 0 62617132 109
+3 125234264 0 0 0 0 0 0 0 0 62617132 806
+1 16 0 8
cfi=(7)
cfn=(742)
calls=8 -40 
* 224 88 72 0 0 0 0 0 0 8
+4 125234264 62617132 62617132 0 21 1596
+1 250468528 125234264 0 0 0 0 0 0 0 62617132
+3 187732750 62557809 0 0 243 0 0 78 0 125174941 5422
+1 4 0 4
+2 187851396 125234264 0 3 0 0 1

fn=(740) runtime.notewakeup
139 1095 219 219 24 0 0 8 0 0 219
+1 438 219 219 0 0 0 0 0 0 219
+1 438 0 0 0 0 0 0 0 0 219
+4 438 0 219 39 0 0 13
cfi=(7)
cfn=(742)
calls=219 -64 
* 6132 2409 1971 97 2 4 33 2 4 219 28
+1 657 438 0 1 1 0 1 1

fn=(1188) runtime.notetsleepg
230 80 16 16 5 0 0 1 0 0 16
+1 16 16
+1 64 16 0 4 0 0 1 0 0 16 1
-2 32 0 32
+6 16 0 16
cfi=(10)
cfn=(1190) runtime.entersyscallblock
calls=16 3712 
* 5901 1888 1362 83 6 1 8 0 0 869 81 16 16
+1 64 32 16
cfn=(1194)
calls=16 -64 
* 995 365 229 9 2 0 4 0 0 77 11
* 16 0 16 2
+1 16 0 16
cfi=(10)
cfn=(958)
calls=16 3773 
* 7391 1988 1424 62 1 0 7 0 0 1053 68 16 16
+1 64 48

fn=(80)
51 313085660 62617132 62617132 50 68 2 8 33 2 62617132 152
+1 62617132 62617132 0 0 8 0 0 1
+2 187851396 62617132 0 0 60 0 0 28 0 62617132 444
+3 125234264 0 62617132
+3 125234264 62617132 62617132 0 388 0 0 142 0 62617132 41
+1 125234264 0 0 0 0 0 0 0 0 62617132 328
-10 4 0 4
+26 4 4
+5 16 0 4
-5 4
-15 187851384 125234256 0 20 0 0 8
+45 12 0 4
cfi=(7)
cfn=(692)
calls=4 -45 
* 104 40 32 0 2 1 0 0 0 4
-24 4 4 0 0 1
-1 8 4
+12 8 0 4
-12 4
+12 8 0 4 4 0 0 3
-12 12
+20 8 4 4 0 0 0 0 0 0 4
+1 8 0 0 0 0 0 0 0 0 4
-21 32 0 32
+6 16 0 16
cfi=(2)
cfn=(1662) runtime.procyield.abi0
calls=16 753 
* 1472 32 0 4 0 0 0 0 0 480 41
* 32 16
-6 152 64 0 5 0 0 3 0 0 24 9
+16 4 0 4
cfi=(3)
cfn=(1664) runtime.osyield.abi0
calls=4 656 
* 12 4 0 4 0 0 2
* 8 4
-6 8 8
+2 4
-12 4 4
+10 24 0 0 4 0 0 3 0 0 8 2
+1 8 4 0 0 0 0 0 0 0 4 2
-10 40 20 0 5 0 0 3 0 0 20 6
-32 4
+33 20 0 4 0 0 0 0 0 0 4
+1 12 8

fn=(1228) runtime.notetsleep
219 575 115 115 40 0 0 10 0 0 115
+1 115 115
+1 460 115 0 35 38 0 9 23 0 115 36
+4 115 0 115
cfn=(1194)
calls=115 -52 
* 15385 4939 3531 389 407 154 95 206 66 984 142
* 342 228 0 3 2 0 2 1

fl=(1) /usr/lib/go-1.19/src/runtime/rt0_linux_amd64.s
fn=(0) _rt0_amd64_linux
fi=(10)
145 8 1 3 1 0 1 1 0 1 1
+1 1 0 1
+4 3 2 1 0 0 1 0 0 1
+6 1 0 1 1 0 1 1
+8 1 0 1
+3 3 0 2
+3 1 0 1 0 0 1 0 0 1
cfi=(2)
cfn=(74)
calls=1 463 
* 5500 1136 809 90 27 25 33 6 25 745 105 4 3
* 2 1
4418 1 1
181 1
4418 1 0 1 1 0 0 1
-38 1 1
+39 1
fi=(42)
266 1
fi=(10)
4380 1 0 1
+1 1 1
fi=(42)
305 1 0 1
fi=(10)
183 5 2 0 0 0 0 0 0 0 1
fi=(43)
19 1 0 1
cfi=(3)
cfn=(304)
calls=1 228 
* 40 14 8 2 2 0 0 0 0 2 1
* 3 2 0 1 0 0 1
fi=(10)
189 1 0 1
+1 2 0 0 0 0 0 0 0 0 1
+4 2 1 0 0 0 0 0 0 0 1 1
+5 2 0 1 1 0 0 1
cfn=(606) runtime.doInit
calls=1 6294 
* 7299 1515 975 104 32 28 55 18 25 956 147 11 8
+3 1 0 1
+1 8 0 5
+6 1 0 1
cfi=(35)
cfn=(656) runtime.gcenable
calls=1 -34 
* 15179 3152 2134 194 50 58 88 19 53 2015 225 12 8
+2 3 0 1 1 0 0 1
cfi=(68)
cfn=(658)
calls=1 72 
* 1536 373 259 36 7 13 11 2 8 224 34 1
* 4 1 1 0 0 1 0 0 0 1
+1 2 1 0 0 0 0 0 0 0 1 1
+21 2 0 1 1 0 0 1
cfn=(606)
calls=1 6294 
* 13176 2933 1727 183 39 58 142 22 27 1599 316 7 2
6303 5 3 0 0 0 0 0 0 0 1
+6 2 1 0 0 0 0 0 0 0 1
+10 6 1 0 0 1 0 0 0 0 1
+25 2 0 2
-2 1 0 1
-17 1 1
fi=(22)
18 2
fi=(10)
6325 2 0 1
+1 2 0 1
+1 2
fi=(22)
18 1 1
fi=(10)
6329 2 1 1 0 1 0 0 1 0 0 0 1 1
cfi=(71)
cfn=(822)
calls=1 104 
* 48 11 7 5 3 2 5 3 2 8 2 1 1
-3 3 2
+18 1 1
-2 1 1
+3 1 1
-19 4 2 0 1 0 0 0 0 0 2 1
+6 2 1 0 0 0 0 0 0 0 1 1
+17 1 0 1 1
+2 3 2 0 1
-57 2 1
cfn=(606)
calls=1 * 
* 46 14 7 1 1 2 0 1 2 9 4
fe=(1)
8 1 0 0 1 0 0 1
cfi=(2)
cfn=(2) _rt0_amd64
calls=1 +8 
* 363335 59913 43171 1094 898 1260 1013 606 1218 47336 2481 149 23

fl=(16)
fn=(204) runtime.addrRange.subtract
60 47255 9451 9451 1485 0 0 8 0 0 9451
+1 9451 0 0 378 0 0 8
+69 28353
-69 9451 0 0 0 0 0 0 0 0 9451
+69 28353
-69 9451 0 0 0 0 0 0 0 0 9451 33
+69 8
-69 4
+1 47235 18894
+1 4 0 0 0 0 0 0 0 0 4 3
+61 12 0 0 2 0 0 2
-59 4 0 0 0 0 0 0 0 0 4 2
+59 4
-59 4 0 0 0 0 0 0 0 0 4 3
+65 8
-65 4
+2 4 0 0 0 0 0 0 0 0 4 3
+3 12 8

fn=(70) runtime.(*addrRanges).init
230 7 1 3 1 0 0 1 0 0 1
+1 1 0 1 0 0 1 0 0 1
+2 1 0 1
+1 5 0 1 1 0 0 1
cfi=(12)
cfn=(72)
calls=1 1337 
* 331 91 72 33 9 2 33 7 2 46 14 1 1
* 2 1 1
+1 6 2 1 0 0 1 0 0 1 1
+1 1 0 1 1 0 0 1
+1 3 2

fn=(214) runtime.(*addrRanges).add
312 7880 1576 1576 22 0 0 9 0 0 1576
+12 1576 0 0 20 0 0 9
124 4728
-81 1576 0 0 0 0 0 0 0 0 1576
+5 1576
+70 3152
324 1576
+46 3152 0 3152
-46 3152 0 0 0 0 0 0 0 0 1576 14
124 3152 0 3152
312 1576 0 1576
+18 3152 0 1576 19 0 0 9
cfn=(184) runtime.(*addrRanges).findSucc
calls=1576 -89 
* 50418 7879 1576 0 0 0 0 0 0 7877 22
+1 20477 7875 0 0 0 0 0 0 0 3151 1
137 3150
331 1575 0 0 16 0 0 8
+1 1 1 0 1 0 0 1
+16 2 1
-16 9456 4728 0 17 0 0 9 0 0 1576 3
+12 3152 1576
-12 1576
+1 1576 0 0 0 0 0 0 0 0 1576 123
-2 1576 0 0 26 0 0 9
+10 1576 0 0 0 0 0 0 0 0 1576 1
+3 7875 0 1575 0 0 0 0 0 0 1575
124 4725 3150
344 1575
-12 1
+13 1 0 0 0 0 0 0 0 0 1 1
-15 1 0 1 1 0 0 1
+22 3 0 0 0 0 0 0 0 0 1
+15 2 0 1 0 0 0 0 0 0 1
+1 29 2 1 2 0 0 2 0 0 3
cfi=(31)
cfn=(170)
calls=1 39 
* 6 1 0 0 0 0 0 0 0 1 1
+2 4 4
-2 1
+2 7 2 2 1 0 0 1 0 0 1
124 3 2
-81 1576 0 0 22 0 0 8 0 0 1576
+5 1576
+70 1576
372 3152 0 1576
+1 4728 3152 0 22 0 0 9

fn=(184)
241 9456 0 3152 22 0 0 9
+7 12608 6304 0 0 1575
+1 15760 0 0 0 0 0 0 0 0 3152 29
+24 18904 0 0 22 0 0 9 0 0 6302 6
+1 15750 3150 0 0 1575 0 0 7 0 3150
124 12600 0 0 22 0 0 8
274 3150 0 0 0 0 0 0 0 0 3150 23
+4 12608 6304 0 1 0 0 1

fn=(186) runtime.makeAddrRange
33 63040 12608 12608 23 0 0 9 0 0 12608
+2 113472 0 0 22 0 0 9 0 0 12608 2
+3 37824 25216

fl=(46)
fn=(878)
398 8 1 4 2 0 0 2 0 0 1
+2 2 1 0 0 0 0 0 0 0 1
+1 2
+5 3 2 0 1 0 0 1

fn=(354) runtime.itabsinit
246 5 1 1 1 0 0 1 0 0 1
fi=(17)
48 1
fe=(46)
248 1
fi=(54)
22 1 0 1 1 0 0 1
cfi=(17)
cfn=(80)
calls=1 +29 
* 18 6 3 0 0 0 0 0 0 4 1
fi=(11)
501 1 1
+1 2 0 0 0 0 0 0 0 0 1
+3 2 2
fe=(46)
249 12 1 3 0 0 0 0 0 0 2 1
+1 6 2 2 1 0 0 1
+4 1
fi=(17)
112 1
fi=(54)
-80 2 0 1
cfi=(17)
cfn=(94)
calls=1 +83 
* 24 8 3 0 0 0 0 0 0 7 2
fe=(46)
255 3 2
-5 22 11 11 0 2 0 0 1
+1 11 0 11
cfn=(358) runtime.itabAdd
calls=11 122 
* 473 176 44 5 37 0 5 37 0 66 5
-1 22 11
-1 33 33
+1 47 22 0 1 0 0 1 0 0 12 4

fn=(1110)
378 135 27 27 9 0 0 6 0 0 27
+1 54 0 0 0 0 0 0 0 0 27 17
+1 6
+3 25 0 25
-1 125 25 25 6 9 0 5 5
cfi=(12)
cfn=(126)
calls=25 842 
* 10866 2929 1110 264 225 47 242 153 35 1665 230
+1 50 25 25 0 0 3
+2 133 54 0 1 0 0 1

fn=(358)
122 55 11 11 1 0 0 1 0 0 11
+5 33 22 0 0 0 0 0 0 0 11 2
+4 11 11 0 0 1 0 0 1
+1 77 22 0 1 1 0 1 1 0 11 3
+22 33 0 11 1 0 0 1
cfn=(360) runtime.(*itabTableType).add
calls=11 +9 
* 231 88 22 2 35 0 2 35 0 33
+1 33 22

fn=(360)
163 22 22 0 1 8 0 1 8
-1 22 11
31 22 22 0 0 17 0 0 17
163 22
+1 11
+1 11
+1 11 11 0 0 10 0 0 10
fi=(22)
18 22
fe=(46)
167 33 0 0 0 0 0 0 0 0 11
+7 22 0 0 1 0 0 1 0 0 11
+5 11 11 11 0 0 0 0 0 0 11
+1 11 0 11
+1 11 11

fl=(72)
fn=(826)
602 5 1 1 1 0 1 1 0 1 1
+1 1 1 0 0 1 0 0 1
-65 2
+65 1
+4 1 0 0 0 0 0 0 0 0 1 1
+3 2 0 0 1 0 0 1 0 0 1 1
+3 2 0 0 0 0 0 0 0 0 1
+2 1 1 0 0 1 0 0 1
974 4 0 0 0 0 0 0 0 0 1
615 5 2 0 1 0 0 1

fl=(81) /usr/lib/go-1.19/src/unicode/casetables.go
fn=(846) unicode.init
13 5 1 1 1 0 0 1 0 0 1
fi=(83) /usr/lib/go-1.19/src/unicode/tables.go
-4 4 0 1 1 0 0 1
cfi=(82)
cfn=(848)
calls=1 304 
* 4730 952 752 39 12 57 13 6 57 668 68 2
* 6 0 2
cfi=(84)
cfn=(856)
calls=1 203 
* 149 33 15 17 4 0 14 3 0 22 9 1 1
* 11 3 2 1 1 0 1 1 0 1
cfi=(84)
cfn=(856)
calls=1 203 
* 149 33 15 0 0 0 0 0 0 22 7 1
* 12 3 2 1 0 0 1 0 0 1
cfi=(84)
cfn=(856)
calls=1 203 
* 149 33 15 0 1 0 0 1 0 22 2 1
* 12 3 2 1 0 0 1 0 0 1
cfi=(84)
cfn=(856)
calls=1 203 
* 161 34 15 0 0 0 0 0 0 26 2 1
* 12 3 2 1 1 0 1 1 0 1
cfi=(84)
cfn=(856)
calls=1 203 
* 161 34 15 0 0 0 0 0 0 26 2 1
* 12 3 2 1 0 0 1 0 0 1
cfi=(84)
cfn=(856)
calls=1 203 
* 173 35 15 0 0 0 0 0 0 30 2 1
* 12 3 2 1 1 0 1 1 0 1
cfi=(84)
cfn=(856)
calls=1 203 
* 149 33 15 0 0 0 0 0 0 22 1 1
* 12 3 2 1 1 0 1 1 0 1
cfi=(84)
cfn=(856)
calls=1 203 
* 173 35 15 0 0 0 0 0 0 30 2 1
* 12 3 2 1 0 0 1 0 0 1
cfi=(84)
cfn=(856)
calls=1 203 
* 157 33 15 0 0 0 0 0 0 23 4 1
* 12 3 2 1 0 0 1 0 0 1
cfi=(84)
cfn=(856)
calls=1 203 
* 193 36 15 0 0 0 0 0 0 35 6 1
* 12 3 2 1 0 0 1 0 0 1
cfi=(84)
cfn=(856)
calls=1 203 
* 157 33 15 0 0 0 0 0 0 23 1 1
* 12 3 2 1 0 0 1 0 0 1
cfi=(84)
cfn=(856)
calls=1 203 
* 169 34 15 0 0 0 0 0 0 27 0 1
* 12 3 2 1 1 0 1 1 0 1
cfi=(84)
cfn=(856)
calls=1 203 
* 169 34 15 0 0 0 0 0 0 27 0 1
* 12 3 2 1 1 0 1 1 0 1
cfi=(84)
cfn=(856)
calls=1 203 
* 169 34 15 0 0 0 0 0 0 27 0 1
* 12 3 2 1 0 0 1 0 0 1
cfi=(84)
cfn=(856)
calls=1 203 
* 157 33 15 0 0 0 0 0 0 23 1 1
* 12 3 2 1 1 0 1 1 0 1
cfi=(84)
cfn=(856)
calls=1 203 
* 157 33 15 0 1 0 0 0 0 23 1 1
* 12 3 2 1 0 0 1 0 0 1
cfi=(84)
cfn=(856)
calls=1 203 
* 181 35 15 0 0 0 0 0 0 31 2 1
* 12 3 2 1 1 0 1 1 0 1
cfi=(84)
cfn=(856)
calls=1 203 
* 181 35 15 0 0 0 0 0 0 31 1 1
* 12 3 2 1 0 0 1 0 0 1
cfi=(84)
cfn=(856)
calls=1 203 
* 181 35 15 0 0 0 0 0 0 31 1 1
* 12 3 2 1 0 0 1 0 0 1
cfi=(84)
cfn=(856)
calls=1 203 
* 193 36 15 0 0 0 0 0 0 35 3 1
* 12 3 2 1 1 0 1 1 0 1
cfi=(84)
cfn=(856)
calls=1 203 
* 205 37 15 0 0 0 0 0 0 39 2 1
* 12 3 2 1 0 0 1 0 0 1
cfi=(84)
cfn=(856)
calls=1 203 
* 193 36 15 0 0 0 0 0 0 35 1 1
* 12 3 2 1 0 0 1 0 0 1
cfi=(84)
cfn=(856)
calls=1 203 
* 169 34 15 0 0 0 0 0 0 27 1 1
* 12 3 2 1 1 0 1 1 0 1
cfi=(84)
cfn=(856)
calls=1 203 
* 217 38 15 0 0 0 0 0 0 43 2 1
* 12 3 2 1 0 0 1 0 0 1
cfi=(84)
cfn=(856)
calls=1 203 
* 193 36 15 0 0 0 0 0 0 35 1 1
* 12 3 2 1 0 0 1 0 0 1
cfi=(84)
cfn=(856)
calls=1 203 
* 205 37 15 0 0 0 0 0 0 39 1 1
* 12 3 2 1 0 0 1 0 0 1
cfi=(84)
cfn=(856)
calls=1 203 
* 181 35 15 0 0 0 0 0 0 31 1 1
* 12 3 2 1 0 0 1 0 0 1
cfi=(84)
cfn=(856)
calls=1 203 
* 193 36 15 0 0 0 0 0 0 35 1 1
* 12 3 2 1 1 0 1 1 0 1
cfi=(84)
cfn=(856)
calls=1 203 
* 229 39 15 0 0 0 0 0 0 47 1 1
* 12 3 2 1 1 0 1 1 0 1
cfi=(84)
cfn=(856)
calls=1 203 
* 205 37 15 0 0 0 0 0 0 39 1 1
* 12 3 2 1 1 0 1 1 0 1
cfi=(84)
cfn=(856)
calls=1 203 
* 217 38 15 0 0 0 0 0 0 43 1 1
* 12 3 2 1 0 0 1 0 0 1
cfi=(84)
cfn=(856)
calls=1 203 
* 205 37 15 0 0 0 0 0 0 39 1 1
* 12 3 2 1 0 0 1 0 0 1
cfi=(84)
cfn=(856)
calls=1 203 
* 205 37 15 0 0 0 0 0 0 39 1 1
* 12 3 2 1 1 0 1 1 0 1
cfi=(84)
cfn=(856)
calls=1 203 
* 271 54 20 6 0 0 3 0 0 49 9 1
* 12 3 2 1 0 0 1 0 0 1
cfi=(84)
cfn=(856)
calls=1 203 
* 229 39 15 0 0 0 0 0 0 47 1 1
* 12 3 2 1 0 0 1 0 0 1
cfi=(84)
cfn=(856)
calls=1 203 
* 229 39 15 0 0 0 0 0 0 47 1 1
* 8 3 2 1 0 0 1 0 0 1
3655 4 0 1
cfi=(82)
cfn=(848)
calls=1 304 
* 9516 1478 2253 6 9 142 4 3 142 2231 90 2
* 1 0 1
fe=(81)
0 5 0 1 1 0 0 1
fi=(85) ???
cfi=(84)
cfn=(856)
calls=1 203 
0 149 33 15 0 2 0 0 2 0 22 2 1
0 11 3 2 1 1 0 1 0 0 1 1
fi=(85)
cfi=(84)
cfn=(856)
calls=1 203 
0 149 33 15 0 1 0 0 0 0 22 2 1
0 11 3 2 1 0 0 1 0 0 1
fi=(85)
cfi=(84)
cfn=(856)
calls=1 203 
0 152 34 15 1 1 0 1 1 0 22 6 1
0 11 3 2 1 1 0 1 1 0 1
fi=(85)
cfi=(84)
cfn=(856)
calls=1 203 
0 149 33 15 0 1 0 0 1 0 22 0 1
0 11 3 2 1 0 0 1 0 0 1
fi=(85)
cfi=(84)
cfn=(856)
calls=1 203 
0 149 33 15 0 2 0 0 2 0 22 0 1
0 12 3 2 1 0 0 1 0 0 1
fi=(85)
cfi=(84)
cfn=(856)
calls=1 203 
0 149 33 15 0 1 0 0 1 0 22 0 1
0 12 3 2 1 0 0 1 0 0 1 1
fi=(85)
cfi=(84)
cfn=(856)
calls=1 203 
0 149 33 15 0 0 0 0 0 0 22 0 1
0 12 3 2 1 0 0 1 0 0 1
fi=(85)
cfi=(84)
cfn=(856)
calls=1 203 
0 149 33 15 0 1 0 0 1 0 22 0 1
0 12 3 2 1 0 0 1 0 0 1 1
fi=(85)
cfi=(84)
cfn=(856)
calls=1 203 
0 157 33 15 0 1 0 0 1 0 23 1 1
0 12 3 2 1 0 0 1 0 0 1
fi=(85)
cfi=(84)
cfn=(856)
calls=1 203 
0 157 33 15 0 0 0 0 0 0 23 1 1
0 12 3 2 1 0 0 1 0 0 1
fi=(85)
cfi=(84)
cfn=(856)
calls=1 203 
0 169 34 15 0 0 0 0 0 0 27 2 1
0 12 3 2 1 1 0 1 1 0 1
fi=(85)
cfi=(84)
cfn=(856)
calls=1 203 
0 157 33 15 0 0 0 0 0 0 23 0 1
0 12 3 2 1 0 0 1 0 0 1
fi=(85)
cfi=(84)
cfn=(856)
calls=1 203 
0 157 33 15 0 0 0 0 0 0 23 0 1
0 12 3 2 1 0 0 1 0 0 1
fi=(85)
cfi=(84)
cfn=(856)
calls=1 203 
0 157 33 15 0 0 0 0 0 0 23 0 1
0 12 3 2 1 0 0 1 0 0 1
fi=(85)
cfi=(84)
cfn=(856)
calls=1 203 
0 169 34 15 0 0 0 0 0 0 27 1 1
0 12 3 2 1 0 0 1 0 0 1
fi=(85)
cfi=(84)
cfn=(856)
calls=1 203 
0 157 33 15 0 0 0 0 0 0 23 0 1
0 12 3 2 1 0 0 1 0 0 1
fi=(85)
cfi=(84)
cfn=(856)
calls=1 203 
0 181 35 15 0 0 0 0 0 0 31 2 1
0 12 3 2 1 0 0 1 0 0 1
fi=(85)
cfi=(84)
cfn=(856)
calls=1 203 
0 172 35 15 0 1 0 0 1 0 27 8 1
0 12 3 2 1 0 0 1 0 0 1
fi=(85)
cfi=(84)
cfn=(856)
calls=1 203 
0 157 33 15 0 0 0 0 0 0 23 0 1
0 12 3 2 1 0 0 1 0 0 1
fi=(85)
cfi=(84)
cfn=(856)
calls=1 203 
0 160 34 15 0 1 0 0 1 0 23 1 1
0 12 3 2 1 0 0 1 0 0 1
fi=(85)
cfi=(84)
cfn=(856)
calls=1 203 
0 169 34 15 0 0 0 0 0 0 27 1 1
0 12 3 2 1 0 0 1 0 0 1
fi=(85)
cfi=(84)
cfn=(856)
calls=1 203 
0 157 33 15 0 0 0 0 0 0 23 0 1
0 12 3 2 1 0 0 1 0 0 1
fi=(85)
cfi=(84)
cfn=(856)
calls=1 203 
0 157 33 15 0 0 0 0 0 0 23 0 1
0 12 3 2 1 0 0 1 0 0 1
fi=(85)
cfi=(84)
cfn=(856)
calls=1 203 
0 157 33 15 0 1 0 0 0 0 23 0 1
0 12 3 2 1 0 0 1 0 0 1
fi=(85)
cfi=(84)
cfn=(856)
calls=1 203 
0 169 34 15 0 0 0 0 0 0 27 1 1
0 12 3 2 1 0 0 1 0 0 1
fi=(85)
cfi=(84)
cfn=(856)
calls=1 203 
0 169 34 15 0 0 0 0 0 0 27 1 1
0 12 3 2 1 0 0 1 0 0 1
fi=(85)
cfi=(84)
cfn=(856)
calls=1 203 
0 157 33 15 0 0 0 0 0 0 23 1 1
0 12 3 2 1 0 0 1 0 0 1
fi=(85)
cfi=(84)
cfn=(856)
calls=1 203 
0 169 34 15 0 0 0 0 0 0 27 1 1
0 12 3 2 1 0 0 1 0 0 1
fi=(85)
cfi=(84)
cfn=(856)
calls=1 203 
0 169 34 15 0 0 0 0 0 0 27 0 1
0 12 3 2 1 1 0 1 1 0 1
fi=(85)
cfi=(84)
cfn=(856)
calls=1 203 
0 157 33 15 0 0 0 0 0 0 23 1 1
0 12 3 2 1 0 0 1 0 0 1
fi=(85)
cfi=(84)
cfn=(856)
calls=1 203 
0 157 33 15 0 0 0 0 0 0 23 1 1
0 12 3 2 1 0 0 1 0 0 1
fi=(85)
cfi=(84)
cfn=(856)
calls=1 203 
0 181 35 15 0 1 0 0 1 0 31 2 1
0 12 3 2 1 0 0 1 0 0 1
fi=(85)
cfi=(84)
cfn=(856)
calls=1 203 
0 170 34 15 0 0 0 0 0 0 27 3 1
0 12 3 2 1 0 0 1 0 0 1
fi=(85)
cfi=(84)
cfn=(856)
calls=1 203 
0 157 33 15 0 0 0 0 0 0 23 1 1
0 12 3 2 1 1 0 1 1 0 1
fi=(85)
cfi=(84)
cfn=(856)
calls=1 203 
0 172 35 15 0 1 0 0 1 0 27 3 1
0 12 3 2 1 0 0 1 0 0 1
fi=(85)
cfi=(84)
cfn=(856)
calls=1 203 
0 169 34 15 0 1 0 0 0 0 27 1 1
0 12 3 2 1 0 0 1 0 0 1
fi=(85)
cfi=(84)
cfn=(856)
calls=1 203 
0 169 34 15 0 0 0 0 0 0 27 0 1
0 12 3 2 1 0 0 1 0 0 1
fi=(85)
cfi=(84)
cfn=(856)
calls=1 203 
0 181 35 15 0 0 0 0 0 0 31 1 1
0 12 3 2 1 0 0 1 0 0 1
fi=(85)
cfi=(84)
cfn=(856)
calls=1 203 
0 157 33 15 0 1 0 0 1 0 23 1 1
0 12 3 2 1 0 0 1 0 0 1
fi=(85)
cfi=(84)
cfn=(856)
calls=1 203 
0 181 35 15 0 1 0 0 1 0 31 1 1
0 12 3 2 1 0 0 1 0 0 1
fi=(85)
cfi=(84)
cfn=(856)
calls=1 203 
0 169 34 15 0 0 0 0 0 0 27 0 1
0 12 3 2 1 1 0 1 1 0 1
fi=(85)
cfi=(84)
cfn=(856)
calls=1 203 
0 181 35 15 0 0 0 0 0 0 31 1 1
0 12 3 2 1 0 0 1 0 0 1
fi=(85)
cfi=(84)
cfn=(856)
calls=1 203 
0 193 36 15 0 0 0 0 0 0 35 3 1
0 12 3 2 1 0 0 1 0 0 1
fi=(85)
cfi=(84)
cfn=(856)
calls=1 203 
0 181 35 15 0 0 0 0 0 0 31 2 1
0 12 3 2 1 0 0 1 0 0 1
fi=(85)
cfi=(84)
cfn=(856)
calls=1 203 
0 181 35 15 0 2 0 0 2 0 31 2 1
0 12 3 2 1 0 0 1 0 0 1
fi=(85)
cfi=(84)
cfn=(856)
calls=1 203 
0 169 34 15 0 0 0 0 0 0 27 0 1
0 12 3 2 1 0 0 1 0 0 1
fi=(85)
cfi=(84)
cfn=(856)
calls=1 203 
0 158 33 15 0 1 0 0 1 0 23 1 1
0 12 3 2 1 0 0 1 0 0 1
fi=(85)
cfi=(84)
cfn=(856)
calls=1 203 
0 181 35 15 0 0 0 0 0 0 31 1 1
0 12 3 2 1 0 0 1 0 0 1
fi=(85)
cfi=(84)
cfn=(856)
calls=1 203 
0 157 33 15 0 1 0 0 1 0 23 1 1
0 12 3 2 1 1 0 1 1 0 1
fi=(85)
cfi=(84)
cfn=(856)
calls=1 203 
0 193 36 15 0 0 0 0 0 0 35 3 1
0 12 3 2 1 0 0 1 0 0 1
fi=(85)
cfi=(84)
cfn=(856)
calls=1 203 
0 157 33 15 0 0 0 0 0 0 23 1 1
0 12 3 2 1 0 0 1 0 0 1
fi=(85)
cfi=(84)
cfn=(856)
calls=1 203 
0 169 34 15 0 0 0 0 0 0 27 0 1
0 12 3 2 1 0 0 1 0 0 1
fi=(85)
cfi=(84)
cfn=(856)
calls=1 203 
0 169 34 15 0 0 0 0 0 0 27 0 1
0 12 3 2 1 0 0 1 0 0 1
fi=(85)
cfi=(84)
cfn=(856)
calls=1 203 
0 151 32 15 0 1 0 0 1 0 22 4 1
0 12 3 2 1 1 0 1 1 0 1
fi=(85)
cfi=(84)
cfn=(856)
calls=1 203 
0 193 36 15 0 0 0 0 0 0 35 3 1
0 12 3 2 1 0 0 1 0 0 1
fi=(85)
cfi=(84)
cfn=(856)
calls=1 203 
0 184 36 15 0 1 0 0 1 0 31 4 1
0 12 3 2 1 0 0 1 0 0 1
fi=(85)
cfi=(84)
cfn=(856)
calls=1 203 
0 184 36 15 0 1 0 0 1 0 31 4 1
0 12 3 2 1 0 0 1 0 0 1
fi=(85)
cfi=(84)
cfn=(856)
calls=1 203 
0 193 36 15 0 0 0 0 0 0 35 3 1
0 12 3 2 1 0 0 1 0 0 1
fi=(85)
cfi=(84)
cfn=(856)
calls=1 203 
0 169 34 15 0 1 0 0 1 0 27 1 1
0 12 3 2 1 1 0 1 1 0 1
fi=(85)
cfi=(84)
cfn=(856)
calls=1 203 
0 193 36 15 0 0 0 0 0 0 35 2 1
0 12 3 2 1 0 0 1 0 0 1
fi=(85)
cfi=(84)
cfn=(856)
calls=1 203 
0 169 34 15 0 0 0 0 0 0 27 1 1
0 12 3 2 1 0 0 1 0 0 1
fi=(85)
cfi=(84)
cfn=(856)
calls=1 203 
0 193 36 15 0 1 0 0 1 0 35 2 1
0 12 3 2 1 0 0 1 0 0 1
fi=(85)
cfi=(84)
cfn=(856)
calls=1 203 
0 157 33 15 0 0 0 0 0 0 23 1 1
0 12 3 2 1 0 0 1 0 0 1
fi=(85)
cfi=(84)
cfn=(856)
calls=1 203 
0 160 34 15 0 1 0 0 1 0 23 2 1
0 12 3 2 1 0 0 1 0 0 1
fi=(85)
cfi=(84)
cfn=(856)
calls=1 203 
0 181 35 15 0 0 0 0 0 0 31 1 1
0 12 3 2 1 0 0 1 0 0 1
fi=(85)
cfi=(84)
cfn=(856)
calls=1 203 
0 169 34 15 0 0 0 0 0 0 27 1 1
0 12 3 2 1 0 0 1 0 0 1
fi=(85)
cfi=(84)
cfn=(856)
calls=1 203 
0 205 37 15 0 1 0 0 1 0 39 2 1
0 12 3 2 1 0 0 1 0 0 1
fi=(85)
cfi=(84)
cfn=(856)
calls=1 203 
0 157 33 15 0 0 0 0 0 0 23 1 1
0 12 3 2 1 0 0 1 0 0 1
fi=(85)
cfi=(84)
cfn=(856)
calls=1 203 
0 205 37 15 0 0 0 0 0 0 39 1 1
0 12 3 2 1 0 0 1 0 0 1
fi=(85)
cfi=(84)
cfn=(856)
calls=1 203 
0 181 35 15 0 0 0 0 0 0 31 1 1
0 12 3 2 1 0 0 1 0 0 1
fi=(85)
cfi=(84)
cfn=(856)
calls=1 203 
0 169 34 15 0 0 0 0 0 0 27 1 1
0 12 3 2 1 0 0 1 0 0 1
fi=(85)
cfi=(84)
cfn=(856)
calls=1 203 
0 181 35 15 0 0 0 0 0 0 31 2 1
0 12 3 2 1 0 0 1 0 0 1
fi=(85)
cfi=(84)
cfn=(856)
calls=1 203 
0 217 38 15 0 0 0 0 0 0 43 2 1
0 12 3 2 1 0 0 1 0 0 1
fi=(85)
cfi=(84)
cfn=(856)
calls=1 203 
0 169 34 15 0 0 0 0 0 0 27 1 1
0 12 3 2 1 0 0 1 0 0 1
fi=(85)
cfi=(84)
cfn=(856)
calls=1 203 
0 193 36 15 0 0 0 0 0 0 35 2 1
0 12 3 2 1 0 0 1 0 0 1
fi=(85)
cfi=(84)
cfn=(856)
calls=1 203 
0 181 35 15 0 0 0 0 0 0 31 1 1
0 12 3 2 1 0 0 1 0 0 1
fi=(85)
cfi=(84)
cfn=(856)
calls=1 203 
0 216 50 20 1 0 0 0 0 0 32 4 1
0 12 3 2 1 0 0 1 0 0 1
fi=(85)
cfi=(84)
cfn=(856)
calls=1 203 
0 169 34 15 0 0 0 0 0 0 27 1 1
0 12 3 2 1 0 0 1 0 0 1
fi=(85)
cfi=(84)
cfn=(856)
calls=1 203 
0 205 37 15 0 0 0 0 0 0 39 2 1
0 12 3 2 1 0 0 1 0 0 1
fi=(85)
cfi=(84)
cfn=(856)
calls=1 203 
0 169 34 15 0 0 0 0 0 0 27 1 1
0 12 3 2 1 0 0 1 0 0 1
fi=(85)
cfi=(84)
cfn=(856)
calls=1 203 
0 217 38 15 0 0 0 0 0 0 43 2 1
0 12 3 2 1 0 0 1 0 0 1
fi=(85)
cfi=(84)
cfn=(856)
calls=1 203 
0 193 36 15 0 1 0 0 1 0 35 1 1
0 12 3 2 1 0 0 1 0 0 1
fi=(85)
cfi=(84)
cfn=(856)
calls=1 203 
0 217 38 15 0 0 0 0 0 0 43 1 1
0 12 3 2 1 0 0 1 0 0 1
fi=(85)
cfi=(84)
cfn=(856)
calls=1 203 
0 169 34 15 0 0 0 0 0 0 27 1 1
0 12 3 2 1 0 0 1 0 0 1
fi=(85)
cfi=(84)
cfn=(856)
calls=1 203 
0 193 36 15 0 1 0 0 1 0 35 2 1
0 12 3 2 1 0 0 1 0 0 1
fi=(85)
cfi=(84)
cfn=(856)
calls=1 203 
0 181 35 15 0 0 0 0 0 0 31 1 1
0 12 3 2 1 0 0 1 0 0 1
fi=(85)
cfi=(84)
cfn=(856)
calls=1 203 
0 163 33 15 0 1 0 0 1 0 26 6 1
0 12 3 2 1 0 0 1 0 0 1
fi=(85)
cfi=(84)
cfn=(856)
calls=1 203 
0 208 38 15 0 1 0 0 1 0 39 3 1
0 12 3 2 1 0 0 1 0 0 1
fi=(85)
cfi=(84)
cfn=(856)
calls=1 203 
0 169 34 15 0 0 0 0 0 0 27 2 1
0 12 3 2 1 0 0 1 0 0 1
fi=(85)
cfi=(84)
cfn=(856)
calls=1 203 
0 205 37 15 0 0 0 0 0 0 39 2 1
0 12 3 2 1 0 0 1 0 0 1
fi=(85)
cfi=(84)
cfn=(856)
calls=1 203 
0 181 35 15 0 0 0 0 0 0 31 1 1
0 12 3 2 1 0 0 1 0 0 1
fi=(85)
cfi=(84)
cfn=(856)
calls=1 203 
0 181 35 15 0 0 0 0 0 0 31 1 1
0 12 3 2 1 0 0 1 0 0 1
fi=(85)
cfi=(84)
cfn=(856)
calls=1 203 
0 181 35 15 0 0 0 0 0 0 31 1 1
0 12 3 2 1 0 0 1 0 0 1
fi=(85)
cfi=(84)
cfn=(856)
calls=1 203 
0 193 36 15 0 0 0 0 0 0 35 1 1
0 12 3 2 1 0 0 1 0 0 1
fi=(85)
cfi=(84)
cfn=(856)
calls=1 203 
0 181 35 15 0 0 0 0 0 0 31 1 1
0 12 3 2 1 0 0 1 0 0 1
fi=(85)
cfi=(84)
cfn=(856)
calls=1 203 
0 181 35 15 0 1 0 0 1 0 31 1 1
0 12 3 2 1 0 0 1 0 0 1
fi=(85)
cfi=(84)
cfn=(856)
calls=1 203 
0 193 36 15 0 0 0 0 0 0 35 1 1
0 12 3 2 1 0 0 1 0 0 1
fi=(85)
cfi=(84)
cfn=(856)
calls=1 203 
0 205 37 15 0 0 0 0 0 0 39 1 1
0 12 3 2 1 0 0 1 0 0 1
fi=(85)
cfi=(84)
cfn=(856)
calls=1 203 
0 193 36 15 0 0 0 0 0 0 35 1 1
0 12 3 2 1 0 0 1 0 0 1
fi=(85)
cfi=(84)
cfn=(856)
calls=1 203 
0 229 39 15 0 0 0 0 0 0 47 1 1
0 12 3 2 1 1 0 1 1 0 1
fi=(85)
cfi=(84)
cfn=(856)
calls=1 203 
0 244 41 15 0 1 0 0 1 0 51 2 1
0 12 3 2 1 0 0 1 0 0 1
fi=(85)
cfi=(84)
cfn=(856)
calls=1 203 
0 193 36 15 0 0 0 0 0 0 35 1 1
0 12 3 2 1 0 0 1 0 0 1
fi=(85)
cfi=(84)
cfn=(856)
calls=1 203 
0 181 35 15 0 0 0 0 0 0 31 1 1
0 12 3 2 1 0 0 1 0 0 1
fi=(85)
cfi=(84)
cfn=(856)
calls=1 203 
0 217 38 15 0 0 0 0 0 0 43 1 1
0 12 3 2 1 0 0 1 0 0 1
fi=(85)
cfi=(84)
cfn=(856)
calls=1 203 
0 205 37 15 0 0 0 0 0 0 39 1 1
0 12 3 2 1 0 0 1 0 0 1
fi=(85)
cfi=(84)
cfn=(856)
calls=1 203 
0 172 35 15 0 1 0 0 1 0 27 2 1
0 12 3 2 1 0 0 1 0 0 1
fi=(85)
cfi=(84)
cfn=(856)
calls=1 203 
0 205 37 15 0 0 0 0 0 0 39 2 1
0 12 3 2 1 1 0 1 1 0 1
fi=(85)
cfi=(84)
cfn=(856)
calls=1 203 
0 218 38 15 0 0 0 0 0 0 43 5 1
0 12 3 2 1 0 0 1 0 0 1
fi=(85)
cfi=(84)
cfn=(856)
calls=1 203 
0 181 35 15 0 0 0 0 0 0 31 1 1
0 12 3 2 1 0 0 1 0 0 1
fi=(85)
cfi=(84)
cfn=(856)
calls=1 203 
0 196 37 15 0 0 0 0 0 0 35 2 1
0 12 3 2 1 0 0 1 0 0 1
fi=(85)
cfi=(84)
cfn=(856)
calls=1 203 
0 169 34 15 0 1 0 0 1 0 27 1 1
0 12 3 2 1 0 0 1 0 0 1
fi=(85)
cfi=(84)
cfn=(856)
calls=1 203 
0 181 35 15 0 0 0 0 0 0 31 2 1
0 12 3 2 1 0 0 1 0 0 1
fi=(85)
cfi=(84)
cfn=(856)
calls=1 203 
0 206 37 15 0 1 0 0 1 0 39 5 1
0 12 3 2 1 0 0 1 0 0 1
fi=(85)
cfi=(84)
cfn=(856)
calls=1 203 
0 193 36 15 0 0 0 0 0 0 35 1 1
0 12 3 2 1 0 0 1 0 0 1
fi=(85)
cfi=(84)
cfn=(856)
calls=1 203 
0 193 36 15 0 0 0 0 0 0 35 1 1
0 12 3 2 1 0 0 1 0 0 1
fi=(85)
cfi=(84)
cfn=(856)
calls=1 203 
0 169 34 15 0 0 0 0 0 0 27 1 1
0 12 3 2 1 0 0 1 0 0 1
fi=(85)
cfi=(84)
cfn=(856)
calls=1 203 
0 157 33 15 0 0 0 0 0 0 23 1 1
0 12 3 2 1 0 0 1 0 0 1
fi=(85)
cfi=(84)
cfn=(856)
calls=1 203 
0 169 34 15 0 0 0 0 0 0 27 0 1
0 12 3 2 1 0 0 1 0 0 1
fi=(85)
cfi=(84)
cfn=(856)
calls=1 203 
0 181 35 15 0 0 0 0 0 0 31 1 1
0 12 3 2 1 0 0 1 0 0 1
fi=(85)
cfi=(84)
cfn=(856)
calls=1 203 
0 205 37 15 0 0 0 0 0 0 39 3 1
0 12 3 2 1 0 0 1 0 0 1
fi=(85)
cfi=(84)
cfn=(856)
calls=1 203 
0 181 35 15 0 0 0 0 0 0 31 1 1
0 12 3 2 1 0 0 1 0 0 1
fi=(85)
cfi=(84)
cfn=(856)
calls=1 203 
0 217 38 15 0 0 0 0 0 0 43 1 1
0 12 3 2 1 0 0 1 0 0 1
fi=(85)
cfi=(84)
cfn=(856)
calls=1 203 
0 193 36 15 0 0 0 0 0 0 35 1 1
0 12 3 2 1 0 0 1 0 0 1
fi=(85)
cfi=(84)
cfn=(856)
calls=1 203 
0 310 59 23 7 0 0 7 0 0 60 5 1
0 12 3 2 1 0 0 1 0 0 1
fi=(85)
cfi=(84)
cfn=(856)
calls=1 203 
0 181 35 15 0 0 0 0 0 0 31 1 1
0 12 3 2 1 0 0 1 0 0 1
fi=(85)
cfi=(84)
cfn=(856)
calls=1 203 
0 193 36 15 0 0 0 0 0 0 35 1 1
0 12 3 2 1 0 0 1 0 0 1
fi=(85)
cfi=(84)
cfn=(856)
calls=1 203 
0 193 36 15 0 0 0 0 0 0 35 1 1
0 12 3 2 1 0 0 1 0 0 1
fi=(85)
cfi=(84)
cfn=(856)
calls=1 203 
0 279 44 16 0 0 0 0 0 0 61 3 1
0 12 3 2 1 0 0 1 0 0 1
fi=(85)
cfi=(84)
cfn=(856)
calls=1 203 
0 193 36 15 0 1 0 0 1 0 35 1 1
0 12 3 2 1 0 0 1 0 0 1
fi=(85)
cfi=(84)
cfn=(856)
calls=1 203 
0 181 35 15 0 0 0 0 0 0 31 1 1
0 12 3 2 1 0 0 1 0 0 1
fi=(85)
cfi=(84)
cfn=(856)
calls=1 203 
0 229 39 15 0 1 0 0 1 0 47 1 1
0 12 3 2 1 0 0 1 0 0 1
fi=(85)
cfi=(84)
cfn=(856)
calls=1 203 
0 193 36 15 0 0 0 0 0 0 35 1 1
0 12 3 2 1 0 0 1 0 0 1
fi=(85)
cfi=(84)
cfn=(856)
calls=1 203 
0 193 36 15 0 1 0 0 1 0 35 1 1
0 12 3 2 1 0 0 1 0 0 1
fi=(85)
cfi=(84)
cfn=(856)
calls=1 203 
0 217 38 15 0 0 0 0 0 0 43 1 1
0 12 3 2 1 1 0 1 1 0 1
fi=(85)
cfi=(84)
cfn=(856)
calls=1 203 
0 181 35 15 0 0 0 0 0 0 31 1 1
0 12 3 2 1 0 0 1 0 0 1
fi=(85)
cfi=(84)
cfn=(856)
calls=1 203 
0 193 36 15 0 0 0 0 0 0 35 1 1
0 12 3 2 1 0 0 1 0 0 1
fi=(85)
cfi=(84)
cfn=(856)
calls=1 203 
0 229 39 15 0 0 0 0 0 0 47 1 1
0 12 3 2 1 0 0 1 0 0 1
fi=(85)
cfi=(84)
cfn=(856)
calls=1 203 
0 205 37 15 0 0 0 0 0 0 39 1 1
0 12 3 2 1 0 0 1 0 0 1
fi=(85)
cfi=(84)
cfn=(856)
calls=1 203 
0 205 37 15 0 0 0 0 0 0 39 1 1
0 12 3 2 1 0 0 1 0 0 1
fi=(85)
cfi=(84)
cfn=(856)
calls=1 203 
0 193 36 15 0 1 0 0 1 0 35 1 1
0 12 3 2 1 0 0 1 0 0 1
fi=(85)
cfi=(84)
cfn=(856)
calls=1 203 
0 181 35 15 0 0 0 0 0 0 31 1 1
0 12 3 2 1 0 0 1 0 0 1
fi=(85)
cfi=(84)
cfn=(856)
calls=1 203 
0 169 34 15 0 0 0 0 0 0 27 1 1
0 12 3 2 1 1 0 1 1 0 1
fi=(85)
cfi=(84)
cfn=(856)
calls=1 203 
0 229 39 15 0 1 0 0 1 0 47 2 1
0 12 3 2 1 0 0 1 0 0 1
fi=(85)
cfi=(84)
cfn=(856)
calls=1 203 
0 181 35 15 0 0 0 0 0 0 31 1 1
0 12 3 2 1 0 0 1 0 0 1
fi=(85)
cfi=(84)
cfn=(856)
calls=1 203 
0 205 37 15 0 0 0 0 0 0 39 1 1
0 12 3 2 1 0 0 1 0 0 1
fi=(85)
cfi=(84)
cfn=(856)
calls=1 203 
0 229 39 15 0 0 0 0 0 0 47 1 1
0 12 3 2 1 0 0 1 0 0 1
fi=(85)
cfi=(84)
cfn=(856)
calls=1 203 
0 205 37 15 0 0 0 0 0 0 39 1 1
0 12 3 2 1 0 0 1 0 0 1
fi=(85)
cfi=(84)
cfn=(856)
calls=1 203 
0 205 37 15 0 0 0 0 0 0 39 1 1
0 12 3 2 1 0 0 1 0 0 1
fi=(85)
cfi=(84)
cfn=(856)
calls=1 203 
0 241 40 15 0 0 0 0 0 0 51 1 1
0 12 3 2 1 1 0 1 1 0 1
fi=(85)
cfi=(84)
cfn=(856)
calls=1 203 
0 217 38 15 0 0 0 0 0 0 43 1 1
0 12 3 2 1 0 0 1 0 0 1
fi=(85)
cfi=(84)
cfn=(856)
calls=1 203 
0 241 40 15 0 0 0 0 0 0 51 1 1
0 12 3 2 1 0 0 1 0 0 1
fi=(85)
cfi=(84)
cfn=(856)
calls=1 203 
0 205 37 15 0 0 0 0 0 0 39 1 1
0 12 3 2 1 0 0 1 0 0 1
fi=(85)
cfi=(84)
cfn=(856)
calls=1 203 
0 181 35 15 0 1 0 0 1 0 31 1 1
0 12 3 2 1 0 0 1 0 0 1
fi=(85)
cfi=(84)
cfn=(856)
calls=1 203 
0 205 37 15 0 0 0 0 0 0 39 1 1
0 12 3 2 1 0 0 1 0 0 1
fi=(85)
cfi=(84)
cfn=(856)
calls=1 203 
0 241 40 15 0 0 0 0 0 0 51 1 1
0 12 3 2 1 0 0 1 0 0 1
fi=(85)
cfi=(84)
cfn=(856)
calls=1 203 
0 200 36 15 0 0 0 0 0 0 38 6 1
0 8 3 2 0 0 0 0 0 0 1
fi=(83)
5745 4 0 1 1 0 0 1
cfi=(82)
cfn=(848)
calls=1 304 
* 2115 323 315 5 1 30 0 0 29 305 38
* 6 0 2
cfi=(84)
cfn=(856)
calls=1 203 
* 149 33 15 0 0 0 0 0 0 22 4 1
* 11 3 2 1 0 0 1 0 0 1
cfi=(84)
cfn=(856)
calls=1 203 
* 149 33 15 0 0 0 0 0 0 22 2 1
* 11 3 2 1 0 0 1 0 0 1
cfi=(84)
cfn=(856)
calls=1 203 
* 161 34 15 0 0 0 0 0 0 26 2 1
* 11 3 2 1 0 0 1 0 0 1
cfi=(84)
cfn=(856)
calls=1 203 
* 173 35 15 0 0 0 0 0 0 30 2 1
* 11 3 2 1 0 0 1 0 0 1
cfi=(84)
cfn=(856)
calls=1 203 
* 149 33 15 0 0 0 0 0 0 22 1 1
* 12 3 2 1 0 0 1 0 0 1
cfi=(84)
cfn=(856)
calls=1 203 
* 161 34 15 0 0 0 0 0 0 26 0 1
* 12 3 2 1 0 0 1 0 0 1
cfi=(84)
cfn=(856)
calls=1 203 
* 149 33 15 0 0 0 0 0 0 22 1 1
* 12 3 2 1 0 0 1 0 0 1
cfi=(84)
cfn=(856)
calls=1 203 
* 149 33 15 0 0 0 0 0 0 22 1 1
* 12 3 2 1 0 0 1 0 0 1
cfi=(84)
cfn=(856)
calls=1 203 
* 160 34 15 0 0 0 0 0 0 23 3 1
* 12 3 2 1 0 0 1 0 0 1
cfi=(84)
cfn=(856)
calls=1 203 
* 160 34 15 0 0 0 0 0 0 23 3 1
* 12 3 2 1 0 0 1 0 0 1
cfi=(84)
cfn=(856)
calls=1 203 
* 169 34 15 0 0 0 0 0 0 27 2 1
* 12 3 2 1 0 0 1 0 0 1
cfi=(84)
cfn=(856)
calls=1 203 
* 181 35 15 0 0 0 0 0 0 31 1 1
* 12 3 2 1 0 0 1 0 0 1
cfi=(84)
cfn=(856)
calls=1 203 
* 160 34 15 0 2 0 0 2 0 23 1 1
* 12 3 2 1 0 0 1 0 0 1
cfi=(84)
cfn=(856)
calls=1 203 
* 172 35 15 0 0 0 0 0 0 27 2 1
* 12 3 2 1 0 0 1 0 0 1
cfi=(84)
cfn=(856)
calls=1 203 
* 176 34 15 0 0 0 0 0 0 30 4 1
* 12 3 2 1 1 0 1 1 0 1
cfi=(84)
cfn=(856)
calls=1 203 
* 193 39 15 3 1 0 3 1 0 28 6 1
* 12 3 2 1 0 0 1 0 0 1
cfi=(84)
cfn=(856)
calls=1 203 
* 172 35 15 0 0 0 0 0 0 27 1 1
* 12 3 2 1 0 0 1 0 0 1
cfi=(84)
cfn=(856)
calls=1 203 
* 172 35 15 0 0 0 0 0 0 27 0 1
* 12 3 2 1 0 0 1 0 0 1
cfi=(84)
cfn=(856)
calls=1 203 
* 169 34 15 0 1 0 0 1 0 27 1 1
* 12 3 2 1 0 0 1 0 0 1
cfi=(84)
cfn=(856)
calls=1 203 
* 181 35 15 0 0 0 0 0 0 31 2 1
* 12 3 2 1 0 0 1 0 0 1
cfi=(84)
cfn=(856)
calls=1 203 
* 181 35 15 0 0 0 0 0 0 31 1 1
* 12 3 2 1 0 0 1 0 0 1
cfi=(84)
cfn=(856)
calls=1 203 
* 193 36 15 0 0 0 0 0 0 35 3 1
* 12 3 2 1 0 0 1 0 0 1
cfi=(84)
cfn=(856)
calls=1 203 
* 193 36 15 0 0 0 0 0 0 35 2 1
* 12 3 2 1 0 0 1 0 0 1
cfi=(84)
cfn=(856)
calls=1 203 
* 184 36 15 0 0 0 0 0 0 31 2 1
* 12 3 2 1 0 0 1 0 0 1
cfi=(84)
cfn=(856)
calls=1 203 
* 208 38 15 0 2 0 0 2 0 39 2 1
* 12 3 2 1 0 0 1 0 0 1
cfi=(84)
cfn=(856)
calls=1 203 
* 181 35 15 0 1 0 0 1 0 31 2 1
* 12 3 2 1 0 0 1 0 0 1
cfi=(84)
cfn=(856)
calls=1 203 
* 193 36 15 0 0 0 0 0 0 35 1 1
* 12 3 2 1 0 0 1 0 0 1
cfi=(84)
cfn=(856)
calls=1 203 
* 196 37 15 0 0 0 0 0 0 35 2 1
* 12 3 2 1 0 0 1 0 0 1
cfi=(84)
cfn=(856)
calls=1 203 
* 185 36 15 0 1 0 0 1 0 31 4 1
* 12 3 2 1 0 0 1 0 0 1
cfi=(84)
cfn=(856)
calls=1 203 
* 193 36 15 0 0 0 0 0 0 35 3 1
* 12 3 2 1 0 0 1 0 0 1
cfi=(84)
cfn=(856)
calls=1 203 
* 193 36 15 0 0 0 0 0 0 35 1 1
* 12 3 2 1 0 0 1 0 0 1
cfi=(84)
cfn=(856)
calls=1 203 
* 196 37 15 0 1 0 0 1 0 35 2 1
* 12 3 2 1 0 0 1 0 0 1
cfi=(84)
cfn=(856)
calls=1 203 
* 208 38 15 0 0 0 0 0 0 39 2 1
* 12 3 2 1 0 0 1 0 0 1
cfi=(84)
cfn=(856)
calls=1 203 
* 196 37 15 0 1 0 0 1 0 35 1 1
* 12 3 2 1 0 0 1 0 0 1
cfi=(84)
cfn=(856)
calls=1 203 
* 217 38 15 0 0 0 0 0 0 43 2 1
* 8 3 2 1 0 0 1 0 0 1
7736 1 0 1
cfi=(82)
cfn=(872)
calls=1 293 
* 416 82 54 2 0 0 2 0 0 63 8
* 6 0 2 1 0 0 1
cfi=(84)
cfn=(856)
calls=1 203 
* 1926 442 305 15 13 14 0 1 10 269 21 2
* 12 3 2 1 1 0 1 1 0 1
cfi=(84)
cfn=(856)
calls=1 203 
* 161 34 15 0 0 0 0 0 0 26 3 1
* 12 3 2 1 0 0 1 0 0 1
cfi=(84)
cfn=(856)
calls=1 203 
* 173 35 15 0 0 0 0 0 0 30 2 1
* 12 3 2 1 0 0 1 0 0 1
cfi=(84)
cfn=(856)
calls=1 203 
* 185 36 15 0 0 0 0 0 0 34 2 1
* 12 3 2 1 0 0 1 0 0 1
cfi=(84)
cfn=(856)
calls=1 203 
* 197 37 15 0 0 0 0 0 0 38 1 1
* 12 3 2 1 0 0 1 0 0 1
cfi=(84)
cfn=(856)
calls=1 203 
* 209 38 15 0 0 0 0 0 0 42 1 1
* 8 3 2 0 0 0 0 0 0 1
8026 1 0 1 1 0 0 1
cfi=(82)
cfn=(872)
calls=1 293 
* 412 81 54 0 0 1 0 0 1 61 2
* 6 0 2
cfi=(84)
cfn=(856)
calls=1 203 
* 660 132 90 0 0 3 0 0 3 97 12 1
* 12 3 2 1 0 0 1 0 0 1
cfi=(84)
cfn=(856)
calls=1 203 
* 161 34 15 0 0 0 0 0 0 26 1 1
* 12 3 2 1 0 0 1 0 0 1
cfi=(84)
cfn=(856)
calls=1 203 
* 173 35 15 0 0 0 0 0 0 30 2 1
* 11 5 2 1 0 0 1 0 0 1
fe=(81)

fl=(132)
fn=(1140)
315 90 18 18 9 0 0 6 0 0 18
+2 36 18 0 9 0 0 6 0 0 18
-2 18 0 18
+4 36 0 0 0 0 0 0 0 0 18
+6 18 0 0 0 0 0 0 0 0 18 13
+7 54 36
-6 36 0 0 0 0 0 0 0 0 18
+4 54 0 18 9 0 0 6
cfn=(1142) strconv.rightShift
calls=18 110 
* 21111 686 978 64 0 0 44 0 0 3770 149
* 18

fn=(1142)
110 90 0 18 7 0 0 6
+6 293
+13 275 275
+1 825
-14 275
+16 275
-16 2344 0 0 7 0 0 6 0 0 293 8
+1 570 285 0 0 0 0 0 0 0 285 13
+12 550 0 0 0 0 0 0 0 0 275 17
-11 20 0 0 0 0 0 0 0 0 10 1
+14 72 18 18 9 0 0 6
+2 90
+3 18
+4 18 0 9
-4 9
+5 9
+1 36
-6 54 27 0 9 0 0 6 0 0 27 17
+1 27 9 0 0 0 0 0 0 0 9
+1 27
+1 9
+1 18 0 0 0 0 0 0 0 0 9 4
+15 2745
-9 1866 0 0 9 0 0 6 0 0 933 33
+1 2745
+1 915
+1 1830 0 0 0 0 0 0 0 0 915 8
+1 2745 0 915 0 0 0 0 0 0 915 13
+1 1830
+7 18 0 18
+1 36
-88 216 36 0 9 0 0 6 0 0 54 8
+3 18 0 0 0 0 0 0 0 0 18 17
+86 54 36 0 9 0 0 6
-37 34
+1 17
-2 108 0 0 5 0 0 2 0 0 27 10
+24 20
-20 10

fn=(1138)
81 54 0 18 9 0 0 6
+1 54 0 36
+4 18
+3 576 0 288
+1 288
+5 288
-9 900 0 0 0 0 0 0 0 0 306 22
-5 288
+6 288 0 0 9 0 0 6
-6 288
+6 576
+1 864
+1 576 0 0 0 0 0 0 0 0 288 25
+6 18 0 18
+1 36
+1 288 0 288
+1 288 0 288
-2 900 0 0 9 0 0 6 0 0 306 21
+1 2016 576 0 0 0 0 0 0 0 576 20
+3 36 18 18
+1 18
-29 18
+1 4 0 4
-1 216 44 0 7 0 0 6 0 0 66 22
+3 18 0 0 0 0 0 0 0 0 18 4
+27 54 36 0 7 0 0 6

fn=(1144)
354 54 0 18 9 0 0 6
+1 108 18 0 0 0 0 0 0 0 36
-16 100 18 0 10 0 0 7 0 0 38 14
+8 2
+11 4 0 0 0 0 0 0 0 0 2
-11 16 0 0 8 0 0 5
+11 32 0 0 0 0 0 0 0 0 16 10
+23 20
-20 8
+9 8 0 8
+1 8
72 88 16 0 3 0 0 1 0 0 24 3
+3 8 0 0 0 0 0 0 0 0 8 2
363 54 36 0 5 0 0 5
+18 26 0 0 9 0 0 5 0 0 12
+1 12 12
+1 24 0 0 0 0 0 0 0 0 12 4
+1 20 0 10
+1 30 0 10
-26 10

fl=(124)
fn=(1048)
212 35 7 7 7 0 0 6 0 0 7
+7 28 7 7 0 1 0 0 0 0 7
+1 14 0 0 0 0 0 0 0 0 7 2
+5 21 14

fl=(130)
fn=(1098)
14 105 0 35 26 0 0 14
+1 35
+2 35 35 0 0 10 0 0 3
+5 35 35 0 0 11 0 0 4
+1 35 35 0 27 0 0 14
+1 35 0 35
+1 35 0 35
+2 35
+1 35 35
+1 35 0 35
+1 35 0 35
+2 35 35 0 0 10 0 0 3
+1 35 0 0 0 0 0 0 0 0 35 17
+2 35 35 0 0 10 0 0 3
+1 35 35 0 0 10 0 0 3
+3 35
+1 35
+2 35
+1 35 0 0 27 0 0 14
+1 35 35 0 0 11 0 0 4
+1 35
+1 35 0 0 0 0 0 0 0 0 35 11
+9 35 35 0 0 11 0 0 3
+1 35 35
+1 35 35
+1 35
+1 35 35
+2 35
+7 35 35
+1 35 0 35
+1 35 35
+1 35 0 35
+3 35
+1 35
+1 105 70
+3 35 0 0 28 0 0 15
+1 35
+2 35
+1 35
+1 35 0 0 28 0 0 15
+1 35
+2 35

fl=(10)
fn=(432) runtime.acquirep
4944 822 137 274 39 38 0 12 12 0 137
+2 137 0 137
cfn=(434) runtime.wirep
calls=137 +19 
* 3014 959 685 44 11 0 15 6 0 411 26
+6 411 274 137 48 73 0 13 12
cfi=(24)
cfn=(436) runtime.(*mcache).prepareForSweep
calls=137 311 
* 67571 15507 7641 174 702 36 91 233 24 11694 469 32 8
+2 274 137 0 0 35 0 0 4 0 137 10
+3 411 274

fn=(562)
3185 82325 16465 16465 46 0 0 14 0 0 16465
+1 16465 16465
+2 32930 16465 0 0 0 0 0 0 0 16465 50
-2 16465 0 16465
+6 32930 16465 0 0 46 0 0 16 0 16465 50
+1 1 0 1
cfn=(676) runtime.stoplockedm
calls=1 2435 
* 4240 892 610 66 3 14 26 0 12 568 47 2
+1 6 3 1
cfn=(572) runtime.execute
calls=1 2517 
* 94 28 23 3 0 0 0 0 0 13 3 1 1
+5 65856 49392 0 42 0 0 14 0 0 16464 49
+49 1 0 1
cfn=(736) runtime.startlockedm
calls=1 2463 
* 408 142 85 37 9 2 13 0 0 61 11
+1 1 1 0 1
-45 2 2 0 1
+1 2 0 1 0 0 1 0 0 1
+5 3 2 0 0 0 0 0 0 0 1
-6 32928 32928 0 15 0 0 6
+1 32928 0 16464 0 0 63 0 0 31
+5 49412 32940 0 0 4 0 0 0 0 16472 14
+4 16465 0 16465 0 0 14 0 0 8
cfn=(564) runtime.findRunnable
calls=16465 2561 
* 3675522 995514 473902 4272 2706 672 1622 1024 322 710532 24756 97 50
* 49383 0 49383 52 0 3 16
+5 65844 49383 0 0 26 0 0 8 0 16461 25
+1 112 0 56
cfn=(710) runtime.resetspinning
calls=56 3097 
* 35653 8490 5239 735 323 120 202 122 107 4828 430 78 4
+25 56 56 0 2 0 0 1
-31 56 56
-10 56 56 0 0 1 0 0 1
+48 56 56
-29 98766 16461 0 49 0 0 16 0 0 32922 23
-9 16461 0 0 43 0 0 15
+28 16461 0 0 0 0 0 0 0 0 16461 6
+1 2 0 2
cfn=(642) runtime.wakep
calls=2 2422 
* 28 10 2 0 0 0 0 0 0 6 2
+2 2 2
-41 2 2
+48 2 2
-7 32922 16461 0 39 95 0 14 43 0 16461 1
+7 16460 0 16460
cfn=(572)
calls=16460 2517 
* 9721469 2271114 1633346 1164 46723 1610 535 43445 1433 1466622 53949 32887 99

fn=(632) runtime.init.6
289 5 1 1 1 0 0 1 0 0 1
+1 3 0 1
cfn=(456)
calls=1 4094 
* 5649 1111 765 65 15 19 21 5 17 774 98 4 1
+1 3 2

fn=(672) runtime.park_m
3341 120 20 40 4 0 0 2 0 0 20
+1 40 20 20 4 0 0 2
+2 20 0 0 0 0 0 0 0 0 20 2
+4 60 0 20
cfn=(494)
calls=20 963 
* 736 100 122 1 0 0 0 0 0 146 13
-83 40 40 0 4 0 0 2
+84 20
fi=(42)
313 20
-8 20
fe=(10)
3265 20 0 20
+1 20 20
fi=(42)
279 20
-13 20
fe=(10)
3266 20 0 20
+85 100 60 0 0 0 0 0 0 0 20
+1 100 60 20 4 1 0 2 1 0 0 0 20 1
cfn=(716)
calls=6 -17 
* 216 66 30 3 0 0 1 0 0 48 3
cfi=(35)
cfn=(1202)
calls=13 1235 
* 676 143 91 18 0 0 0 0 0 91 1
cfi=(68)
cfn=(674)
calls=1 657 
* 41 12 7 1 0 0 1 0 0 9 3
+1 145 60 20 0 0 0 0 0 0 20 5
cfi=(2)
cfn=(1490)
calls=5 1719 
* 125 50 40 0 0 3 0 0 2 5
+1 130 40 20 6 0 0 2 0 0 20 1
cfi=(2)
cfn=(1490)
calls=5 1719 
* 125 50 40 0 0 0 0 0 0 5
-2 20
+3 20 0 0 0 0 0 0 0 0 20 2
+8 20 0 20 4 0 0 2
cfn=(562)
calls=20 3185 
* 175577 53300 19071 775 549 156 173 95 74 31297 1505 68 26
+19 185 37 37 1 0 0 1 0 0 37
+1 74 37 0 0 0 0 0 0 0 37 1
+3 37 0 37
cfn=(1510)
calls=37 -20 
* 59665 13967 7105 40 480 9 40 478 8 9346 267 74 2
fi=(3)
270 1 1 0 0 1
+1 1 1
+1 1
+6 1 1
+1 1 0 1
+1 1 1
+1 1 0 1
+3 1
+1 1
+1 1 0 1
+1 3 2
cfi=(69)
cfn=(1484)
calls=1 +71 
* 15449 4661 1704 132 71 23 7 0 1 2882 191 6 3
+2 1
+1 1
+1 1
fe=(10)

fn=(960) runtime.exitsyscallfast
3857 90 0 30 15 0 0 6
+1 30 30
+3 30 0 0 0 0 0 0 0 0 30
-3 30 0 30 0 0 1
+8 88 14 0 0 0 0 0 0 0 44 6
-9 13
+9 78 0 13 9 0 0 5 0 0 13
+2 26 0 13
cfn=(434)
calls=13 4965 
* 286 91 65 15 0 0 7 0 0 39 9
+1 13 0 13
cfn=(962) runtime.exitsyscallfast_reacquired
calls=13 +32 
* 156 78 13 26 0 0 15 0 0 13 13
+1 65 26
+6 17 0 0 5 0 0 1
-2 34 17 0 0 0 0 0 0 0 17
+1 17 0 17
+1 204 17 136 2 0 0 2
cfi=(2)
cfn=(74)
calls=17 463 
* 5972 1663 1011 35 6 4 10 0 0 831 49 17 17
* 34 17
+13 34 17 0 2 0 0 2 0 0 17 1
+1 68 34

fn=(1466) runtime.runSafePointFn
1678 280 56 56 19 0 0 10 0 0 56
+1 112 112 0 25 0 0 11
+4 392 0 56 0 0 0 0 0 0 56
+3 224 112 56 0 8 0 0 8 0 0 0 56 35
cfi=(35)
cfn=(1616) runtime.gcMarkTermination.func4.1
calls=17 1078 
* 374 153 51 0 1 0 0 0 0 51 17
cfi=(35)
cfn=(1462) runtime.gcMarkDone.func1.1
calls=39 814 
* 6782 1625 806 18 99 8 12 51 8 1007 91
+1 56
fi=(17)
48 56
fi=(54)
-26 112 0 56
cfi=(17)
cfn=(80)
calls=56 +29 
* 1008 336 168 0 2 0 0 2 0 224 1
fe=(10)
1688 168 56 56 33 0 0 11
+1 112 0 0 0 0 0 0 0 0 56 4
+1 104 0 52
cfi=(17)
cfn=(740)
calls=52 139 
* 2184 780 624 57 0 0 13 0 0 208 13
+2 56
fi=(17)
112 56
fi=(54)
-80 112 0 56
cfi=(17)
cfn=(94)
calls=56 +83 
* 1434 481 198 0 33 0 0 5 0 395 45
fe=(10)
1693 168 112

fn=(1514) runtime.globrunqget
5603 82010 16402 16402 28 0 0 14 0 0 16402
+3 65608 16402 0 0 0 0 0 0 0 16402 1540
+4 49206 16402 0 0 11 0 0 7 0 16402 13
-7 16402
+7 16402
-4 32804
+4 98412 0 0 30 0 0 16 0 0 16402
+1 16402
+6 16402
-3 16402
-3 16402 0 0 0 0 0 0 0 0 16402 287
+3 538 0 0 0 0 0 0 0 0 269 2
+3 16402
+4 65608 0 16402
+2 16402
6087 32804 16402
+1 16402 0 0 24 0 0 13
5617 16402 0 0 0 0 0 0 0 0 16402 16140
6089 32804 16402 16402 0 10 0 0 1
+1 32804 0 0 0 0 0 0 0 0 16402 19
+1 16395 0 16395
fi=(42)
263 16395 0 16395
fe=(10)
5603 16395 0 16395
+21 16395
+1 16395
fi=(42)
263 7 0 7
fe=(10)
5603 7 0 7
+21 7
+1 32811 0 0 28 0 0 15 0 0 16402 18
+4 49206 32804 0 28 0 0 14

fn=(408) runtime.procresize
4801 216 36 36 72 0 0 20 0 0 36
+4 36 36
+1 144 0 0 0 0 0 0 0 0 72
-1 36 0 36
-4 36 0 36
+8 72 36 0 0 0 0 0 0 0 36 36
+5 36 0 0 36 0 0 10
fi=(43)
19 72 0 36
cfi=(3)
cfn=(304)
calls=36 228 
* 1368 432 288 0 9 4 0 1 0 72 5
* 72 36
fe=(10)
4815 36 36 0 0 19 0 0 2
fi=(43)
19 72 36
fe=(10)
4815 72 0 0 36 0 0 10 0 0 36 2
+1 245 35 35
+38 1 1
-36 1
fi=(43)
19 1 0 1
fe=(10)
4818 1 0 1
+2 8 1 1 1 0 0 1
+3 4 1 0 0 1 0 0 1 0 1
fi=(43)
19 35 0 35
fe=(10)
4818 35 0 35
+2 280 35 35 35 0 0 9
+3 140 35 0 0 0 0 0 0 0 35 35
+3 1
fi=(17)
48 1
fi=(54)
-26 2 0 1
cfi=(17)
cfn=(80)
calls=1 +29 
* 18 6 3 0 0 0 0 0 0 4
fe=(10)
4827 4 2 0 1 0 0 1 0 0 1 1
+3 5 0 2
cfi=(39)
cfn=(372)
calls=1 88 
* 3851 655 413 0 14 10 0 2 7 407 37 2
* 1 0 1 1 0 0 1
+3 6 3 1
cfi=(50)
cfn=(412)
calls=1 247 
* 11 2 1 2 0 0 2 0 0 1 1
+1 8 3 3 1 0 0 1 0 0 1
+20 1 1
-17 6 4 0 1 1 0 1 1 0 1 1
+9 2 0 1 1 0 0 1
-5 3 0 1
cfi=(39)
cfn=(414) runtime.makeslicecopy
calls=1 38 
* 148 29 26 6 1 0 6 1 0 29 7
+3 7 2 3 0 0 0 0 0 0 1
+2 4 2 1 1 1 0 1
cfi=(39)
cfn=(414)
calls=1 38 
* 224 49 38 0 0 1 0 0 1 40 13
+2 7 2 3 1 0 1 1 0 1 1
+2 1
fi=(17)
112 1
fi=(54)
-80 2 0 1
cfi=(17)
cfn=(94)
calls=1 +83 
* 22 7 3 0 0 0 0 0 0 6 1
fe=(10)
4854 2 2
+67 1 1
-13 1 1
4805 1
+49 1
-49 35 0 0 35 0 0 9
+49 35
fi=(44)
35 32 32 16 0 2 0 0 0 0 16
fe=(10)
4854 48 32
+44 16 16
+23 16 16
-13 32 16
-54 104 0 0 36 0 0 10 0 0 52 9
+1 96 32 0 1 0 0 1 0 0 16
-1 16 0 16
+1 32 16 16 0 2 0 0 2
+1 32 0 0 0 0 0 0 0 0 16
+1 32 0 16
cfi=(12)
cfn=(278)
calls=16 1201 
* 105068 18377 13359 22 36 93 16 10 93 11240 209 8 3
+2 112 16 32 1 0 0 1
cfn=(416) runtime.(*p).init
calls=16 4671 
* 18118 3128 2812 17 3 359 8 0 357 2627 49 16 5
+1 112 48 0 0 0 0 0 0 0 16
fi=(44)
32 32 16 0 0 0 0 0 0 0 16 3
fe=(10)
4863 36 0 36 36 0 0 10
+1 144 72 0 0 0 0 0 0 0 36 1
fi=(42)
285 70
fe=(10)
4864 70 35 0 35 8 0 10 0 0 35 2
+2 35 0 35 35 0 0 9
+1 140 105 35
cfi=(24)
cfn=(436)
calls=35 311 
* 63855 14377 7140 1140 738 13 282 187 1 10987 624 15 9
* 35
+17 3 2 1 1 0 0 1
+1 4 3 0 1 1 0 1 0 0 1
+1 1 0 1 0 0 1
+1 2 0 1
+1 1 0 1
cfn=(432)
calls=1 +56 
* 49 18 10 7 2 0 7 0 0 7 2
+1 2 1 0 0 0 0 0 0 0 1 1
+6 36 0 36 35 0 35 9 0 8
+3 72 72 0 36 0 0 10
-97 36
+97 108 0 0 0 0 0 0 0 0 36 4
+7 108 36 0 36 0 0 10 0 0 36 5
+9 720 36 0 36 0 0 10
+21 1152 0 576
-21 1152 0 0 0 0 0 0 0 0 576 57
+21 36 0 36 36 0 0 10
-21 72 0 0 0 0 0 0 0 0 36
+1 2880 1152 0 0 0 0 0 0 0 576
+1 576 576
-1 576 576 0 0 2
+1 1728 576 0 0 0 0 0 0 0 576 42
+19 36
-18 36
+2 540 0 540 36 0 146 10
5759 540
+5 1620 0 0 0 0 0 0 0 0 540
4920 540 0 0 0 0 0 0 0 0 540
-6 540 0 540
+7 1620 540 540
cfn=(438) runtime.pidleput
calls=540 5707 
* 86460 22020 11274 158 377 4 59 156 0 14496 161
6235 540 540
4931 540 540
-17 540 540
+2 540 540 0 36 0 0 10
+19 540 540
-14 540
+7 36 0 0 36 0 0 10
6235 36 0 36 0 0 19 0 0 9
+1 72 0 36
+1 2988 0 0 0 0 0 0 0 0 612 43
4801 576
6266 576
-28 1152 0 0 0 0 0 0 0 0 576 250
+1 1728 864 0 36 0 0 10 0 0 288 10
-2 3 0 3
+2 12 0 3
cfi=(39)
cfn=(286)
calls=3 178 
* 811 145 110 6 6 1 0 0 1 147 26
* 15 3 6 1 0 0 1 0 0 3
4931 3 3
6239 3 3
-2 3 3
+2 6
4935 3 3
6239 1440 0 576 35 0 21 9 0 8
4930 108 36 36 0 0 0 0 0 0 36
+1 72 0 0 0 0 0 0 0 0 36 2
+2 4 1 1
cfi=(53)
cfn=(444) runtime.(*gcCPULimiterState).resetCapacity
calls=1 321 
* 880 221 87 19 2 0 19 2 0 99 10
+2 1909 73 0 36 0 0 10
6267 5400
4935 1800
6238 1800
+28 1800
4931 1800 1800
6266 5328 0 0 0 0 0 0 0 0 2376 601
5760 540 540 0 36 526 0 10 146
+1 540 540
+1 540 540 0 0 495 0 0 132
+1 2700 540 0 36 0 0 10 0 0 540

fn=(596) runtime.newm1
2145 30 6 6 2 0 0 2 0 0 6
+1 18 6 0 2 0 0 2 0 0 6 2
-1 6 0 6 2 0 0 2
+20 18 0 6
cfi=(61)
cfn=(588)
calls=6 33 
* 108 36 18 0 2 0 0 2 0 18 1
+1 12 6 6
cfi=(7)
cfn=(598)
calls=6 166 
* 516 174 132 18 0 0 12 0 0 42 6
+1 12 0 6
cfi=(61)
cfn=(592)
calls=6 62 
* 114 36 18 0 0 0 0 0 0 24 5
+1 18 12 0 2 0 0 2

fn=(644)
2269 777 111 333 126 0 0 28 0 0 111 1
fi=(5)
477 111 111
fe=(10)
2286 111
fi=(5)
478 111 0 111
fe=(10)
2287 111
fi=(5)
479 222 111 111 0 0 4 0 0 4
fi=(17)
48 111
fi=(54)
-26 333 0 111
cfi=(17)
cfn=(80)
calls=111 +29 
* 1998 666 333 2 3 1 1 2 1 444 9
fe=(10)
2288 333 111 0 0 0 0 0 0 0 111 24
+1 186 0 93
cfn=(646) runtime.pidleget
calls=93 5734 
* 15496 3324 1848 302 159 10 110 78 9 1845 87
+1 186 0 0 0 0 0 0 0 0 93
+53 93 0 0 61 0 0 15
-40 93
5555 93 93
+1 186 0 0 0 0 0 0 0 0 93 4
2303 18 0 0 2
5555 18 18
+1 36 0 0 0 0 0 0 0 0 18 2
+1 212 106 106 0 49 0 0 14
+1 106 0 106
-2 106
2343 106 0 106
-39 106 0 0 0 0 0 0 0 0 106 4
+39 5 0 5
-39 5 0 0 0 0 0 0 0 0 5
+13 5 0 5
cfn=(314) runtime.mReserveID
calls=5 773 
* 150 55 25 3 0 0 3 0 0 20
* 5 0 5
+1 5
fi=(17)
112 5
fi=(54)
-80 10 0 5 2 0 0 2
cfi=(17)
cfn=(94)
calls=5 +83 
* 110 35 15 0 0 0 0 0 0 30
fe=(10)
2325 45 15 5
cfn=(584) runtime.newm
calls=5 2096 
* 34582 7306 4643 473 100 153 227 51 148 4402 352 91 5
+3 5
fi=(5)
485 20 10 5 2 0 0 1
+1 5
fe=(10)
2321 5 0 0 0 0 0 0 0 0 5 1
fi=(5)
486 8 4 0 0 1 0 0 1 0 4 3
fe=(10)
2329 15 10
fi=(42)
302 106 0 106 47 0 0 10
fe=(10)
2331 106
fi=(17)
112 106
fi=(54)
-80 212 0 106
cfi=(17)
cfn=(94)
calls=106 +83 
* 2332 742 318 1 0 0 1 0 0 636 69
fe=(10)
2332 318 212 0 58 53 0 13 19 0 106
+3 212 106 0 0 45 0 0 14 0 106
-66 318 106
+69 106 0 0 0 0 0 0 0 0 106 30
5759 188 82
2338 24
+4 106 0 106 53 0 0 12
fi=(42)
288 212 106 106
fe=(10)
2344 212 0 106 57 0 0 14
cfi=(17)
cfn=(740)
calls=106 139 
* 4452 1590 1272 55 3 2 27 3 2 424 1
+3 106 0 0 1 0 0 1
fi=(5)
485 530 212 106 0 1 0 0 1
+1 302 45 0 0 7 0 0 5 0 151 117
fe=(10)
2348 318 212 0 4 1 0 3 1
cfn=(642)
calls=1 +83 
* 30882 9294 4062 243 198 85 98 64 39 5660 450 19 9
5760 82 82 0 41 28 0 10 8
+1 82 82
+1 82 82 0 0 27 0 0 8
+1 328 82 0 0 0 0 0 0 0 82 18
+1 246 0 0 0 0 0 0 0 0 82 53
2338 82 0 0 0 0 0 0 0 0 82 45

fn=(645) runtime.startm'2
2269 21 3 9 1 0 0 0 0 0 3
fi=(5)
477 3 3
fe=(10)
2286 3
fi=(5)
478 3 0 3
fe=(10)
2287 3
fi=(5)
479 6 3 3
fi=(17)
48 3
fi=(54)
-26 9 0 3
cfi=(17)
cfn=(80)
calls=3 +29 
* 54 18 9 0 0 0 0 0 0 12
fe=(10)
2288 9 3 0 0 0 0 0 0 0 3
+1 6 0 3
cfn=(646)
calls=3 5734 
* 504 108 60 7 8 0 2 0 0 60
+1 6 0 0 0 0 0 0 0 0 3
+53 3 0 0 1
-40 3
5555 3 3
+1 6 0 0 0 0 0 0 0 0 3
+1 6 3 3 0 2
+1 3 0 3
-2 3
2343 3 0 3
-39 3 0 0 0 0 0 0 0 0 3
fi=(42)
302 3 0 3 2
fe=(10)
2331 3
fi=(17)
112 3
fi=(54)
-80 6 0 3
cfi=(17)
cfn=(94)
calls=3 +83 
* 66 21 9 0 0 0 0 0 0 18 2
fe=(10)
2332 9 6 0 1 3 0 0 1 0 3
+3 6 3 0 0 2 0 0 0 0 3
-66 9 3
+69 3 0 0 0 0 0 0 0 0 3 1
5759 5 2
2338 1
+4 3 0 3 1
fi=(42)
288 6 3 3
fe=(10)
2344 6 0 3 1
cfi=(17)
cfn=(740)
calls=3 139 
* 126 45 36 0 0 0 0 0 0 12
+3 3
fi=(5)
485 15 6 3
+1 10 2 0 0 0 0 0 0 0 5 4
fe=(10)
2348 9 6
5760 2 2 0 1 2
+1 2 2
+1 2 2 0 0 1
+1 8 2 0 0 0 0 0 0 0 2
+1 6 0 0 0 0 0 0 0 0 2
2338 2 0 0 0 0 0 0 0 0 2

fn=(688) runtime.mPark
1455 3 0 1 1 0 0 1
+1 2 1 1
+1 4 0 1
cfi=(17)
cfn=(690)
calls=1 148 
* 67 26 15 7 0 1 6 0 0 6 3
+1 3 2 1 1
+1 3 2 0 1 0 0 1

fn=(762) runtime.checkRunqsNoP
2979 497 71 213 30 0 0 12 0 0 71
5639 71
2980 4757 1136 0 0 2 0 0 0 0 1207 136
5637 3408
+2 5680 2272 1136 35 0 46 12 0 24 1136 33
2981 3196 0 0 0 0 0 0 0 0 1136 106
5759 106
+5 530 0 0 0 0 0 0 0 0 106 20
2981 2378 0 0 0 0 0 0 0 0 1136 45
+13 284 142
5760 106 106 0 28 0 0 12
+1 106 106
+1 106 106
+1 424 106 0 0 0 0 0 0 0 106 17

fn=(948)
3678 42 0 14 9 0 0 6
+1 42 14 14
cfn=(950) runtime.reentersyscall
calls=14 -67 
* 1598 504 394 169 17 14 97 3 5 244 46
+1 42 28 0 10 0 0 6

fn=(1036)
6163 29 29
+13 29
-12 29 0 29
+13 29 29

fn=(1214) runtime.exitsyscallfast.func1
3876 187 68 68 2 0 1 2 0 0 17
+1 17 0 17
cfn=(1216) runtime.exitsyscallfast_pidle
calls=17 +42 
* 5003 1272 756 30 2 2 6 0 0 712 43
* 68 17 17 2 0 0 2
+1 51 17 0 0 0 0 0 0 0 34 2
+10 51 34

fn=(440) runtime.updateTimerPMask
5681 3110 622 622 52 0 0 14 0 0 622
+1 2488 622 0 0 333 0 0 144 0 622 9
-1 613 0 613
+8 1226 0 613
fi=(17)
48 613
fi=(54)
-26 1839 0 613 45 0 4 13
cfi=(17)
cfn=(80)
calls=613 +29 
* 11034 3678 1839 0 0 0 0 0 0 2452 105
fe=(10)
5690 2452 1226 0 0 0 0 0 0 0 613
+1 1839 1839 0 0 16 0 0 2
-39 2452
-1 613
+1 6743 0 0 50 0 0 14 0 0 613 2
+1 3678 613 613 0 17 0 0 2 0 1226 1
+40 613
fi=(17)
112 613
fi=(54)
-80 1226 613 613
cfi=(17)
cfn=(94)
calls=613 +83 
* 13486 4291 1839 0 0 0 0 0 0 3678 81
fe=(10)
5694 1839 1226
-11 27 18 0 1

fn=(458) runtime.newproc.func1
4097 168 84 21 6 0 0 1 0 0 21 1
+1 21 0 21
cfn=(460) runtime.newproc1
calls=21 +14 
* 47626 10435 6748 742 206 245 85 39 197 6606 604 90 11
+2 42 42
+1 105 0 21 7 0 0 1
cfn=(518) runtime.runqput
calls=21 5785 
* 468 93 54 13 0 0 3 0 0 90 16
+2 42 21 0 0 0 0 0 0 0 21 1
+1 20 0 20
cfn=(642)
calls=20 2422 
* 7836 1762 1148 64 4 12 17 0 12 1091 86 2
+2 63 42

fn=(664)
379 6 0 2 2 0 0 2
fi=(5)
+98 2 2
fe=(10)
-89 2
fi=(5)
+90 2 0 2
+1 2 2
fe=(10)
-90 2 2
fi=(5)
+90 4
fe=(10)
-89 4 2 0 0 1 0 0 0 0 2
fi=(5)
+89 2 0 2
fi=(42)
285 2 0 2
fe=(10)
391 2
fi=(54)
22 4 0 2 2 0 0 2
cfi=(17)
cfn=(80)
calls=2 +29 
* 36 12 6 0 1 0 0 1 0 8 1
fe=(10)
390 8 2 2
fi=(17)
48 2
fe=(10)
405 4 4
+1 14 2 0 2 0 0 2 0 0 2 1
+1 8 2 2 0 0 0 0 0 0 2 1
+1 8 2 2 2 0 0 2 0 0 2
+1 4 2 0 0 1 0 0 1 0 2
+3 2
fi=(5)
+73 8 2 2
+1 6 1 0 0 1 0 0 0 0 3 1
fe=(10)
-73 8 4
-20 14 6 0 4 3 0 4 1 0 4 2
+6 2 0 0 2 0 0 2
fi=(17)
112 2
fi=(54)
-80 4 0 2
cfi=(17)
cfn=(94)
calls=2 +83 
* 44 14 6 0 0 0 0 0 0 12
fe=(10)
401 6 4 0 2 0 0 2 0 0 2
+1 4 0 2
cfi=(12)
cfn=(278)
calls=2 1201 
* 2435 559 368 87 23 16 87 17 14 344 40 1 1
* 28 10 4 2 1 0 2 0 0 4 2
fi=(5)
+83 2 2
fe=(10)
-80 4

fn=(680) runtime.handoffp
2354 90 18 18 7 0 0 2 0 0 18
+5 18 18
5761 18 18 0 7 0 0 2
+1 18 18
+1 54 18 0 0 0 0 0 0 0 18
+1 68 0 0 0 0 0 0 0 0 18 3
2359 18 1 0 0 0 0 0 0 0 17 4
+1 36 0 18 7 0 0 2
cfn=(644)
calls=18 -91 
* 12805 2737 1900 302 64 45 205 37 43 1700 195 11 1
+1 54 36

fn=(686) runtime.checkdead
5017 580 116 116 39 0 2 13 0 1 116
+6 580 232 0 41 3 0 13 3 0 232 1
+8 348 116 0 0 3 0 0 3 0 116
+9 580 232 0 0 0 0 0 0 0 232 8
+9 232 116 0 44 0 0 13
4491 232 232
5049 696 232 0 50 0 0 13
+1 232 0 0 0 0 0 0 0 0 116 8
+1 348 232 0 59 0 0 14

fn=(698) runtime.mspinning
2254 6 3 3 1
+1 3 3

fn=(706) runtime.runqsteal
6018 3726 621 1242 45 0 0 8 0 0 621
+1 1242 621 621
+1 3726 0 621 0 0 5
cfn=(708) runtime.runqgrab
calls=621 -57 
* 16961 3497 3309 215 188 42 73 72 23 2154 199
* 621 0 0 13 0 0 5
+1 1242 0 0 54 0 0 13 0 0 621 26
+4 287 123
+1 82 0 0 0 0 0 0 0 0 41 16
+1 164 82 0 27 0 0 7
-5 2320 1160 0 30 0 0 7

fn=(734) runtime.ready
843 133 19 57 19 0 0 9 0 0 19 16
+1 38 19 0 0 0 0 0 0 0 19 12
+4 19
+54 19 19 0 0 10 0 0 2
fi=(5)
478 19 19 0 19 0 0 9
fe=(10)
852 19
fi=(5)
478 19 0 19
fe=(10)
853 19
fi=(5)
479 19 19
fe=(10)
853 38 0 0 0 0 0 0 0 0 19 6
-2 19 0 19
fi=(5)
479 19 0 19
fe=(10)
859 57 0 19
cfn=(494)
calls=19 963 
* 774 117 135 7 12 0 0 1 0 130 18
+1 114 95 19 19 0 0 9
cfn=(518)
calls=19 5785 
* 396 79 42 39 1 1 17 1 1 78 8
+1 19 0 19
cfn=(642)
calls=19 2422 
* 215 78 19 6 0 0 0 0 0 40 4
+1 19
fi=(5)
485 76 38 19
+1 38 0 0 0 0 0 0 0 0 19 3
fe=(10)
863 57 38 0 19 0 0 9

fn=(736)
2463 5 1 1 1 0 0 1 0 0 1
+1 1 1
+2 1
+1 2 1 0 1 0 0 1 0 0 1
+3 2 1 0 0 0 0 0 0 0 1
fi=(42)
302 1 0 1
fe=(10)
2474 2 0 1
cfn=(684) runtime.incidlelocked
calls=1 5005 
* 62 18 11 2 0 0 0 0 0 13 3
* 1
+1 1 0 1
cfn=(678) runtime.releasep
calls=1 4985 
* 29 10 8 2 0 0 0 0 0 5 1
+1 1
fi=(42)
288 2 1 1
fe=(10)
2477 2 0 1
cfi=(17)
cfn=(740)
calls=1 139 
* 42 15 12 5 0 0 4 0 0 4
* 1
+1 1 0 1 1 0 0 1
cfn=(744) runtime.stopm
calls=1 2231 
* 249 92 47 24 8 2 6 0 0 36 7
+1 3 2 0 1 1

fn=(746) runtime.mput
5538 565 113 113 42 0 0 13 0 0 113 23
+3 226 113 113 0 0 6 0 0 5
+1 113 0 0 55 0 0 13
fi=(42)
305 113 0 113
fe=(10)
5543 113 0 113
+1 113 0 113 0 0 1 0 0 1
cfn=(686)
calls=113 5017 
* 3729 1469 113 228 6 2 61 6 1 791 14
+1 339 226

fn=(1032)
6154 29 29 0 14 0 0 6
+3 29 0 29
+1 58 58 0 0 7 0 0 3
+12 29 29

fn=(1234) runtime.forEachG
576 108 18 36 18 0 0 10 0 0 18
fi=(17)
48 18
fe=(10)
577 18 0 0 18 0 0 10
fi=(54)
22 18 0 18 0 0 3
cfi=(17)
cfn=(80)
calls=18 +29 
* 324 108 54 0 3 0 0 1 0 72 14
fe=(10)
578 864 414 414 0 53 0 0 24
+1 1512 756 378 0 0 0 0 0 0 0 0 378 1
cfi=(35)
cfn=(1236) runtime.gcResetMarkState.func1
calls=378 1552 
* 1134 378 756 0 0 718 0 0 333
-1 2304 1134 0 18 0 0 10 0 0 396 42
+3 18
fi=(17)
112 18
fi=(54)
-80 54 0 18
cfi=(17)
cfn=(94)
calls=18 +83 
* 432 144 54 0 15 0 0 6 0 126 18
fe=(10)
582 54 36

fn=(1260)
3121 445 89 89 39 0 0 12 0 0 89
+1 178 89
6112 89 0 0 39 0 0 12
3122 89 0 0 0 0 0 0 0 0 89 20
-1 26 0 26
+4 52 26 0 0 8 0 0 4 0 26 2
-2 189 126
+10 26 26
fi=(42)
263 104 0 26 0 0 2 0 0 2
fe=(10)
3136 52 0 26
+3 104 0 26
cfn=(494)
calls=26 963 
* 882 108 150 29 1 5 8 0 3 164 37
-3 52 52
+2 52 26
+8 26 26
fi=(42)
266 26 26
fe=(10)
3179 26 0 26
-43 52 0 0 0 0 0 0 0 0 26
+43 26 0 26 22 0 3 10 0 2
-43 52 0 0 0 0 0 0 0 0 26 14
+7 26 0 26
+1 26
fi=(42)
266 26 0 26 23 0 0 11
fe=(10)
3145 26
fi=(42)
266 26 0 26
fe=(10)
3146 26 0 26
+8 78 52
+1 52 0 0 0 0 0 0 0 0 26 8
+8 19 19
+1 19 0 19
-1 38
+3 19
-10 7
fi=(17)
48 7
fi=(54)
-26 14 0 7 5 0 0 5
cfi=(17)
cfn=(80)
calls=7 +29 
* 126 42 21 0 0 0 0 0 0 28 2
fe=(10)
3157 7
5596 14 14
6072 14 0 0 0 0 0 0 0 0 7
fi=(42)
263 7
fe=(10)
6075 7 0 7
+1 21 7 0 0 1 0 0 1 0 7 2
+3 7 0 7 5 0 0 5
+2 7 0 7
5597 14 7 7
+1 7 0 7
3158 7
fi=(17)
112 7
fi=(54)
-80 14 0 7
cfi=(17)
cfn=(94)
calls=7 +83 
* 154 49 21 0 0 0 0 0 0 42 5
fe=(10)
3159 7
-10 21 7 7
+1 21 0 7
cfn=(644)
calls=7 2269 
* 2219 553 378 51 56 1 50 46 1 301 27
-1 56 14 0 5 0 0 5 0 0 21 9
+11 21 14
6066 2
fi=(42)
266 2 0 2
fe=(10)
3166 44 0 0 17 0 0 5 0 0 21 14
6046 8 4
3166 4 0 0 0 0 0 0 0 0 4 2
+1 2
6087 2
+1 4 0 0 0 0 0 0 0 0 2 2
+1 4 2 2 2 0 0 2
+1 4 0 0 0 0 0 0 0 0 2
+1 2 0 2
3168 2
6060 2 0 2
+1 6 2 0 0 0 0 0 0 0 2 2
fi=(42)
266 6 0 2 2
fe=(10)
6064 2
3170 38 0 0 17 0 0 8 0 0 19 2
fi=(42)
285 2 0 2
fe=(10)
3166 2 0 2
+5 2
fi=(17)
48 2
fi=(54)
-26 4 0 2
cfi=(17)
cfn=(80)
calls=2 +29 
* 36 12 6 0 0 0 0 0 0 8 1
fe=(10)
3172 2
5596 4 4
6072 4 0 0 0 0 0 0 0 0 2
fi=(42)
263 2
fe=(10)
6075 2 0 2 2 0 0 2
+1 6 2 0 0 0 0 0 0 0 2 2
+3 2 0 2
+2 2 0 2
5597 4 2 2
+1 2 0 2
3173 2
fi=(17)
112 2
fi=(54)
-80 4 0 2 2
cfi=(17)
cfn=(94)
calls=2 +83 
* 44 14 6 0 0 0 0 0 0 12 2
fe=(10)
3174 2
-25 2 2
+17 2
-17 2
6046 19 19 0 17 0 0 8
3178 19 0 0 0 0 0 0 0 0 19 2
+1 51 0 17
cfn=(1262) runtime.runqputbatch
calls=17 5863 
* 731 170 85 68 12 8 34 2 7 136 28
+2 57 38
-32 2 0 2
+1 6 0 2
cfn=(644)
calls=1 2269 
* 317 79 54 1 3 3 0 1 3 43 6
cfn=(645)
calls=1 2269 
* 317 79 54 1 5 0 0 0 0 43 3
-1 4 2
+26 2 2
-26 12 2 0 2 0 0 2 0 0 6 4
+26 4 2
+4 2 2
-4 2

fn=(1510)
3366 98358 16393 32786 23 0 0 14 0 0 16393
+1 16393 16393 0 26 0 0 16
+1 49179 0 0 0 0 0 0 0 0 16393
+4 49179 0 16393 0 0 13 0 0 8
cfn=(494)
calls=16393 963 
* 696644 112685 120886 37 8 2 15 2 2 122943 2121
3265 32786 32786 0 0 2
3373 16393
fi=(42)
313 16393
-8 16393
fe=(10)
3265 16393 0 16393
+1 16393 16393
fi=(42)
279 16393
-13 16393
fe=(10)
3266 16393 0 16393
3374 16393 0 0 25 0 0 15
fi=(17)
48 16393
fi=(54)
-26 32786 0 16393
cfi=(17)
cfn=(80)
calls=16393 +29 
* 295074 98358 49179 0 10 0 0 7 0 65572
fe=(10)
3375 16393
5571 16393
6060 32786 16393 16393
+1 49179 16393 0 0 10 0 0 7 0 16393 12
fi=(42)
266 7
fe=(10)
6062 14 0 7 0 0 3 0 0 2
+2 16386
fi=(42)
266 32772 0 16386 29 0 0 15
fe=(10)
6066 16386
fi=(42)
266 16386 0 16386
fe=(10)
5572 16386 0 16386
3376 16386
fi=(17)
112 16386
fi=(54)
-80 32772 0 16386
cfi=(17)
cfn=(94)
calls=16386 +83 
* 393264 131088 49158 0 13 0 0 6 0 114702 42
fe=(10)
6066 7 0 0 1 0 0 1
fi=(42)
266 7 0 7
fe=(10)
5572 7 0 7
3376 7
fi=(17)
112 7
fi=(54)
-80 14 0 7
cfi=(17)
cfn=(94)
calls=7 +83 
* 168 56 21 0 3 0 0 3 0 49 4
* 16393
fe=(10)
3378 16393 0 16393
cfn=(562)
calls=16393 3185 
* 13510530 3357705 2176350 708 46783 1472 397 43565 1330 2239438 72339 32772 47

fn=(1640) runtime.gosched_m
3382 20 4 4 4 0 0 3 0 0 4
+1 8 4 0 0 0 0 0 0 0 4 1
+3 4 0 4
cfn=(1510)
calls=4 -20 
* 1788 480 316 27 6 1 8 3 1 324 52 4 4

fn=(52)
658 5 1 1 1 0 0 1 0 0 1
+23 2 0 2 1 0 1 1 0 1
+10 1
fi=(11)
-99 2 0 1
+1 1 0 1
cfn=(56) runtime.moduledataverify1
calls=1 +6 
* 17314 2906 12 10 186 0 10 186 0 4320 8
-1 6 2 0 0 1 0 0 1 0 2 1
fe=(10)
692 1
fi=(6)
179 1
+1 8
fi=(13)
1627 8 0 4 0 0 4 0 0 4
+1 4 0 4
fi=(6)
179 16 0 0 1 0 0 1 0 0 5 4
+5 70
fi=(13)
1627 70 0 35 0 0 1 0 0 1
+1 35 0 35 0 0 8 0 0 8
fi=(6)
183 107 0 0 1 0 0 1 0 0 36 10
fe=(10)
693 1 0 1
cfi=(12)
cfn=(62) runtime.mallocinit
calls=1 351 
* 9831 2303 1981 77 18 219 77 16 219 1279 95 4 3
+1 1 0 1
cfn=(112) runtime.cpuinit
calls=1 -89 
* 24718 4569 2977 431 82 63 429 55 49 2729 498 16 5
+1 1 0 1
cfi=(41) /usr/lib/go-1.19/src/runtime/alg.go
cfn=(298) runtime.alginit
calls=1 311 
* 2424 357 281 15 4 2 15 2 2 464 30
+1 1
839 4 0 1
cfi=(7)
cfn=(300)
calls=1 355 
* 61 14 11 0 0 1 0 0 1 11 2
697 6 2 1 1 0 0 1
cfn=(312) runtime.mcommoninit
calls=1 +89 
* 7240 1154 731 43 20 17 36 6 13 752 82 4 1
+1 1 0 1
cfi=(11)
cfn=(342) runtime.modulesinit
calls=1 526 
* 63863 3877 4673 40 64 72 38 52 69 7697 300 6 2
+1 1 0 1
cfi=(45)
cfn=(352) runtime.typelinksinit
calls=1 509 
* 11 4 1 3 0 0 3 0 0 2 1
+1 1 0 1
cfi=(46)
cfn=(354)
calls=1 246 
* 688 276 80 9 39 0 9 38 0 93 13
+1 1 0 1
cfi=(6)
cfn=(362) runtime.stkobjinit
calls=1 1364 
* 72 13 26 8 2 1 8 2 1 6
+2 3 2
fi=(58)
1140 2 0 2
fe=(10)
703 3 0 2 1 0 0 1
fi=(7)
442 1 0 1
cfi=(3)
cfn=(366)
calls=1 294 
* 9 5 0 1 0 0 1 0 0 1 1
* 2 1
fe=(10)
704 4 3 1
+7 1 0 1
cfi=(5)
cfn=(370) runtime.goargs
calls=1 72 
* 3819 666 422 15 14 9 8 5 9 406 26 2 1
+1 1
fi=(7)
368 1 0 1
cfi=(5)
cfn=(376) runtime.goenvs_unix
calls=1 82 
* 69306 13264 9372 33 156 191 15 101 183 8623 528 24
fe=(10)
713 1 0 1
cfi=(5)
cfn=(378) runtime.parsedebugvars
calls=1 358 
* 2078 428 69 29 53 0 25 13 0 462 57
* 1
+1 1 0 1 1 0 0 1
cfi=(35)
cfn=(390) runtime.gcinit
calls=1 152 
* 2961 591 89 14 30 2 14 5 2 673 29
+2 1
fi=(17)
48 1
fi=(54)
-26 2 0 1
cfi=(17)
cfn=(80)
calls=1 +29 
* 18 6 3 0 0 0 0 0 0 4 1
fi=(43)
-3 1 0 1
cfi=(3)
cfn=(304)
calls=1 228 
* 38 12 8 1 2 0 0 0 0 2 2
* 3 2
fe=(10)
717 1 0 1
+1 2 1 1
+1 3 0 1 1 0 0 1
cfi=(48)
cfn=(380)
calls=1 11 
* 1389 277 30 0 13 0 0 0 0 325 10
fi=(9)
418 1 0 1
cfn=(46)
calls=1 -57 
* 6 1 1 0 0 0 0 0 0 1 1
* 2
fe=(10)
719 2
fi=(9)
418 1
fe=(10)
719 2
fi=(9)
418 1 0 0 0 0 0 0 0 0 1 1
fe=(10)
722 3 1 1
cfn=(408)
calls=1 4801 
* 133889 23872 17406 117 122 471 96 65 461 15333 426 26 8
* 2 0 0 0 0 0 0 0 0 1
+3 1
fi=(17)
112 1 0 0 1 0 0 1
fi=(54)
-80 2 0 1
cfi=(17)
cfn=(94)
calls=1 +83 
* 24 8 3 0 1 0 0 0 0 7 2
fe=(10)
733 2 1 0 0 1 0 0 0 0 1 1
+8 2 1 0 1 1 0 1 1 0 1 1
+5 2 1 0 1 1 0 1 1 0 1 1
+5 3 2 0 1 1 0 1

fn=(416)
4671 80 16 16 1 0 0 1 0 0 16 1
+1 16 0 16 0 0 16 0 0 16
+1 16 0 16
+1 112 16 48 1 0 32 1 0 32 16
-2 16 0 16
+3 128 16 48 1 0 16 1 0 16 16
-4 16 0 16
+5 48 0 16
cfi=(51)
cfn=(418) runtime.(*wbBuf).reset
calls=16 80 
* 288 96 48 2 0 16 2 0 16 48 4
+1 48 32 0 0 0 0 0 0 0 16 2
+1 48 16 0 0 0 0 0 0 0 16 2
+1 3 1 0 1 0 0 1 0 0 1
+5 2 0 1
+2 15 0 15
cfi=(24)
cfn=(102) runtime.allocmcache
calls=15 84 
* 16709 2777 2509 9 3 279 0 0 277 2418 40 16 5
* 30 15 15
5645 15 15
4701 30 30
5645 45
-1 30
+1 75 0 0 0 0 0 0 0 0 15
4701 2 2
5645 3
-1 2 0 0 1 0 0 1
+1 85 0 0 0 0 0 0 0 0 1
+1 80 16 16 0 0 0 0 0 0 32
4704 48 32
5653 80 16 16 1 0 0 1 0 0 32
4705 48 32

fn=(434)
4965 450 0 150 28 0 0 11
+1 150 150
+2 450 150 0 0 1 0 0 0 0 150 10
+3 900 300 150 0 10 0 0 6 0 300 25
+8 150
fi=(42)
288 300 0 150 31 0 0 11
fe=(10)
4980 150 150
fi=(42)
305 150 0 150
fe=(10)
4981 150 0 150
+1 450 300

fn=(438)
5707 3110 622 622 47 0 0 13 0 0 622 1
+3 622 622 0 0 1
+51 622 622
+1 622 622 0 0 1
+1 1866 622 0 0 0 0 0 0 0 622 34
+1 2488 0 0 46 0 0 13 0 0 622
-54 622 0 0 0 0 0 0 0 0 622 5
-3 622 0 622
+6 1244 0 0 0 0 0 0 0 0 622 31
+1 46
fi=(43)
19 46 0 46
cfi=(3)
cfn=(304)
calls=46 228 
* 1748 552 368 0 9 0 0 6 0 92 7
* 138 92
fe=(10)
5716 46 46
+5 46 0 46
-5 46 0 46
cfn=(440)
calls=46 -35 
* 4232 1104 552 22 12 0 11 8 0 736 9
+5 576 0 576
-5 576 0 576
cfn=(440)
calls=576 -35 
* 52272 13644 6813 126 354 4 30 140 0 9090 189
+1 2488 2488 0 46 16 0 13 2
-72 2488
-1 622
+1 4354 0 0 0 0 0 0 0 0 622
+72 622
-72 2488 0 0 46 0 0 13
+1 3110 622 622 0 23 0 0 2 0 1244 6
+72 1244 622 622 0 2
+1 622
fi=(42)
288 1244 0 622
fe=(10)
5720 1866 622 622 0 0 0 0 0 0 622
fi=(30)
259 622 622 0 0 16 0 0 15
fi=(53)
391 622 0 0 47 0 0 13
+19 1244 0 0 0 0 0 0 0 0 622
+3 1244
-41 2488 622
fi=(30)
264 622 622 622 0 0 0 0 0 0 622
fe=(10)
5724 1866 1244

fn=(460)
4112 147 21 63 3 0 0 1 0 0 21
+40 21 0 21
-39 42 0 21
+2 21 0 0 0 0 0 0 0 0 21 3
fi=(5)
478 21 21 0 3 0 0 1
fe=(10)
4118 21
fi=(5)
478 21 0 21
fe=(10)
4120 42 42
fi=(5)
479 42 21
fe=(10)
4120 21 21
fi=(42)
285 21 0 21
fe=(10)
4121 21 0 21
cfn=(464) runtime.gfget
calls=21 4284 
* 504 126 42 22 14 0 4 1 0 126 6
+1 42 0 0 0 0 0 0 0 0 21
+1 42 0 21
cfn=(326)
calls=21 -48 
* 27663 5637 3575 236 79 108 37 3 82 3475 276 86 7
* 21 0 21 3 0 0 1
+1 63 0 21
cfn=(494)
calls=21 963 
* 630 63 105 10 11 21 7 11 21 126 23
+1 42 21 21
cfn=(496) runtime.allgadd
calls=21 533 
* 10024 2396 1495 246 51 52 6 4 31 1550 164 4 4
+2 63 42 0 0 0 0 0 0 0 21
902 21 21
4131 42 0 0 0 0 0 0 0 0 21
-4 21 0 21
+10 42 21 21 3 0 0 1
+9 105 0 42
cfi=(33)
cfn=(264)
calls=21 18 
* 462 21 84 5 0 21 0 0 21 168 11
-9 42 21
+10 42 21 21
+1 21 0 21
+1 63 0 21 8 0 0 1
+1 42 0 21
+1 63 42 21
cfi=(6)
cfn=(500) runtime.gostartcallfn
calls=21 1127 
* 504 147 105 15 4 21 2 2 20 63 10
+1 63 42 21 0 0 21 0 0 21
+1 42 21 21
cfn=(504) runtime.saveAncestors
calls=21 +55 
* 273 84 21 7 0 0 2 0 0 42 2
* 105 42 21 4 0 0 1 0 0 21
+1 63 42 21
+1 84 0 21 3 0 0 1
cfi=(57) /usr/lib/go-1.19/src/runtime/traceback.go
cfn=(506) runtime.isSystemGoroutine
calls=21 1133 
* 3979 977 464 153 35 0 11 15 0 599 40
* 42 0 0 0 0 0 0 0 0 21 2
+1 60 20 20 0 1 0 0 0 0 20
+44 20 20
-28 20 20
-16 20
+3 5 3 0 0 0 0 0 0 0 1 1
fi=(30)
178 1 1 0 1 0 0 1
fe=(10)
4162 2 1 0 1 1 0 1 1 0 1 1
fi=(22)
128 21 21 0 2
+7 42 21
+1 42
-1 21
+1 21
-1 21 0 21
+2 21 0 0 3 0 0 1
fe=(10)
4172 21 0 21
+1 42 0 0 0 0 0 0 0 0 21 8
+1 2 0 2
+2 10 0 2
cfn=(494)
calls=2 963 
* 162 36 30 2 0 1 2 0 1 20 17
* 95 0 19
cfn=(494)
calls=19 963 
* 570 57 95 0 0 0 0 0 0 114 11
+1 63 63
fi=(34)
957 63 21 0 0 0 0 0 0 0 21
+4 63 21 21 3 3 0 1 1
+1 105 0 0 0 0 0 0 0 0 21 8
+1 8 4 4 0 1 0 0 0 0 4 2
+1 8 0 4
fe=(10)
4179 63 42 0 3 3 0 1 1 0 21 7
+4 9 3 3 0 1 0 0 0 0 3
+1 6 0 3
+1 6 0 3 2 0 0 1
+2 6 3 3
+1 3 0 3
+9 6 3 0 0 0 0 0 0 0 3 2
-10 36 18 18 1
+1 18 0 18
+9 36 18 0 0 0 0 0 0 0 18 4
+3 42 42
fi=(5)
485 63 21 21 3 0 0 1
+1 84 21 0 0 2 0 0 0 0 42 6
fe=(10)
4202 63 42

fn=(494)
963 133344 0 66672 32 0 0 14
+2 66672 0 66672
-1 233352 0 0 42 0 0 15 0 0 100008 115
+7 66672 0 0 32 0 0 14
+1 33336
-9 33336
+17 200016 0 33336 39 0 82 13 0 34 33336 139
+18 66672 0 0 40 0 0 14 0 0 33336 16577
+2 49869 16623 0 0 11 0 0 0 0 16623 2082
+1 2076 0 2076 2 0 0 2
+2 6228 2076 2076
+2 4152 2076 0 0 0 0 0 0 0 2076
-2 43641 14547 14547 16 0 0 5
+2 66680 31260 0 21 44 0 10 21 0 31260 2097
+1 8320 0 0 0 0 0 0 0 0 4160 47
+4 2056
fi=(43)
19 2056 0 2056 0 0 3
cfi=(3)
cfn=(304)
calls=2056 228 
* 78128 24672 16448 0 6 0 0 0 0 4112 2
* 6168 4112
fe=(10)
1011 6168 4112 2056 6 0 0 1
+1 2056 0 2056
+2 2056 2056
+9 2056 2056
-9 8320 0 0 36 0 0 11 0 0 4160 25
+5 4208 0 0 0 0 0 0 0 0 2104 2
+4 2076 0 2076
+1 2076 2076 0 31 0 0 12
fi=(115) /usr/lib/go-1.19/src/runtime/histogram.go
90 4152 0 0 0 0 0 0 0 0 2076 3
+9 4152 0 0 0 0 0 0 0 0 2076 10
+3 8224
+1 8224 0 0 15 0 0 10 0 0 2056 2
+11 28804 0 0 22 0 0 8
+5 16628 2076 2076 0 105 0 0 27 0 4152
fe=(10)
1025 4152 0 2076
-8 2056 0 0 13 0 0 4
fi=(43)
19 4112 0 2056 0 0 2 0 0 2
cfi=(3)
cfn=(304)
calls=2056 228 
* 78128 24672 16448 0 7 3 0 2 2 4112 4
* 6168 4112
fe=(10)
1018 4112 2056 2056 0 0 3 0 0 2
+10 100008 66672 0 24 0 0 10

fn=(524)
1356 21 0 7 6 0 0 2
+1 14 7 7
+2 21 0 7
+1 7 0 0 0 0 0 0 0 0 7 7
+18 28 14 7 5 0 0 2
+3 7 0 7
+1 7 0 7
cfn=(526) runtime.mstart1
calls=7 +16 
* 194261 49815 33291 2357 2323 1346 901 1230 970 41097 2552 171 22
fi=(2)
496 4 4
+1 4 4
+1 4 4
+1 4 0 4
+1 4 4
+1 4 0 4
+1 4 4
cfi=(135)
cfn=(1656)
calls=2 -28 
* 4849863603 1320436444 817360336 2469 127773 2811 866 119702 2308 974309783 78444 19203 42
cfi=(13)
cfn=(150)
calls=1 912 
* 24384 7585 2704 231 36 41 35 6 29 4408 306 7 1
cfi=(10)
cfn=(730)
calls=1 373 
* 26343 8068 3223 276 63 55 30 7 37 4378 283 74 4
fe=(10)

fn=(646)
5734 3220 644 644 66 0 0 16 0 0 644 4
+3 1288 644 0 0 15 0 0 3
+1 1288 0 0 71 0 0 16 0 0 644 36
fi=(42)
285 608 0 608 0 0 3 0 0 3
fe=(10)
5740 1216 0 0 0 0 0 0 0 0 608 34
+1 113
fi=(43)
19 113 0 113 0 0 6 0 0 4
cfi=(3)
cfn=(304)
calls=113 228 
* 4282 1354 901 15 21 2 8 15 2 226 12
* 336 224
fe=(10)
5743 448 448 0 0 46 0 0 19
-98 224 0 0 42 0 0 10
-1 112
+1 112
-1 112
+1 672 0 0 0 0 0 0 0 0 112
+98 1485 1485 0 0 17 0 0 5
-98 990 0 0 17 0 0 4
-1 495
+1 495
-1 495
+1 6612 0 0 0 0 0 0 0 0 495 27
+1 3035 607 607 44 46 0 14 12 0 1214
+98 1821 1821 0 0 34 0 0 11
-92 10319 0 0 44 0 0 13 0 0 607 27
+1 1821 0 0 0 0 0 0 0 0 607 33
+94 607 0 607
-94 1821 607 607 0 37 0 0 13 0 607
+92 1214 607 607 47 0 0 11
+1 1821 607 607 0 0 0 0 0 0 607
+1 3035 0 607 0 0 1
cfi=(53)
cfn=(652)
calls=607 449 
* 26091 3034 1820 91 298 0 45 130 0 4852 109
+2 4429 2500 0 39 0 0 12

fn=(684)
5005 24 4 8 3 0 0 2 0 0 4
fi=(17)
48 4
fe=(10)
5006 4
fi=(54)
22 4 0 4
cfi=(17)
cfn=(80)
calls=4 +29 
* 72 24 12 0 0 0 0 0 0 16 2
fe=(10)
5007 8 4 4
+1 8 0 0 0 0 0 0 0 0 4 2
+1 2 0 2
cfn=(686)
calls=2 +8 
* 66 26 2 5 0 0 5 0 0 14 2
+2 4
fi=(17)
112 4
fi=(54)
-80 8 0 4 1
cfi=(17)
cfn=(94)
calls=4 +83 
* 92 30 12 0 0 0 0 0 0 26 4
fe=(10)
5012 12 8

fn=(312)
786 35 7 7 6 0 0 2 0 0 7
+11 7 0 7
-11 7 0 7
+1 7 7
+3 21 7 0 0 2 0 0 2 0 7 7
+4 7 0 0 6 0 0 2
fi=(17)
48 7
fi=(54)
-26 14 0 7
cfi=(17)
cfn=(80)
calls=7 +29 
* 126 42 21 0 1 0 0 0 0 28
fe=(10)
796 28 7 0 0 0 0 0 0 0 7 2
+1 15 5 5 0 0 5 0 0 5
+2 2 0 2
cfn=(314)
calls=2 -26 
* 60 22 10 6 1 0 3 1 0 8
* 4 2 2 2 0 1 1 0 1
+3 8 4 2 0 1
fi=(41)
290 6 0 2
cfi=(2)
cfn=(318) runtime.memhash64
calls=2 1482 
* 18 12 0 4 1 0 1 0 0 2
fe=(10)
802 15 10 5 3 1 0 1 1
fi=(41)
290 15 0 5
cfi=(2)
cfn=(318)
calls=5 1482 
* 45 30 0 7 1 0 2 1 0 5 5
* 7 0 7
fe=(10)
803 7 0 7
cfi=(2)
cfn=(322) runtime.cputicks.abi0
calls=7 1075 
* 49 14 7 6 2 0 2 0 0 7
* 42 21 7 6 0 0 2
fi=(41)
290 14 0 7
cfi=(2)
cfn=(318)
calls=7 1482 
* 63 42 0 0 0 0 0 0 0 7
fe=(10)
804 28 7
+8 56 7 7 4 0 6 2 0 6
+3 7 0 7
cfi=(7)
cfn=(324)
calls=7 383 
* 22145 3709 2476 220 51 78 153 24 70 2643 256 25 5
+1 21 14
-12 7 0 0 0 0 0 0 0 0 7
+13 21 7 7
+5 35 14 7 0 3 7 0 1 7 7
+4 7 0 0 3 0 0 2
fi=(44)
32 14 7 0 0 0 0 0 0 0 7 2
+3 14 7 7 0 0 0 0 0 0 7
fe=(10)
827 7
fi=(17)
112 7
fi=(54)
-80 21 0 7 6 0 0 2
cfi=(17)
cfn=(94)
calls=7 +83 
* 156 50 21 0 0 0 0 0 0 43 7
fe=(10)
830 14 7 0 0 0 0 0 0 0 7 3
+3 21 14 0 5 0 0 2

fn=(330) runtime.malg.func1
4079 272 102 68 10 0 0 2 0 0 34
+1 34 0 34 10 0 0 2
cfi=(6)
cfn=(332) runtime.stackalloc
calls=34 344 
* 24242 5183 3060 313 86 103 189 29 98 3123 332 79
* 102 34 68 0 0 34 0 0 34
+1 102 68

fn=(712) runtime.forcegchelper
293 5 1 1 1 0 0 1 0 0 1
+1 6 1 1 0 0 1 0 0 0 1
fi=(43)
19 4 0 2 4 0 0 4
cfi=(3)
cfn=(304)
calls=2 228 
* 64 22 13 0 1 0 0 1 0 4 2
* 3 2
fe=(10)
308 4 0 1
cfi=(35)
cfn=(1178)
calls=1 579 
* 24711 5631 4047 191 572 439 191 525 409 4155 177 26 5
fi=(17)
48 3 0 0 1 0 0 1
fi=(54)
-26 6 0 3 0 0 1 0 0 1
cfi=(17)
cfn=(80)
calls=3 +29 
* 54 18 9 0 2 0 0 2 0 12
fe=(10)
298 6 3 0 0 0 0 0 0 0 3
+3 9 3 3 1 0 0 1 0 0 3 1
+1 3
+67 18 0 3
cfn=(668)
calls=3 -23 
* 3806469 740460 341125 1162 57704 1940 1040 53658 1868 677781 40305 187 29
-65 4 2 0 2 1 0 2 1 0 2 2

fn=(764) runtime.checkIdleGCNoP
3017 355 71 71 30 0 0 12 0 0 71
+7 284 71 0 32 0 0 13 0 0 71 18
fi=(34)
1510 35
fi=(30)
259 35 35 0 0 7 0 0 2
fi=(34)
1511 70
+1 35
fe=(10)
3024 35 0 0 0 0 0 0 0 0 35 2
fi=(52)
56 64 32
fi=(35)
1379 32 0 0 0 0 0 0 0 0 32
+3 96 64 0 0 0 0 0 0 0 32 23
fe=(10)
3027 128 0 0 18 0 0 7 0 0 32 2
+1 160 64 0 16 0 0 5
-3 195 78 0 9 0 0 7

fn=(770)
417 6 0 2 2 0 0 2
+1 4 2 0 0 0 0 0 0 0 2
+3 6 2 0 0 0 0 0 0 0 2
+3 4 2 0 0 0 0 0 0 0 2
+3 4 2 0 0 0 0 0 0 0 2 1
+3 4 2 0 2 0 0 2 0 0 2
+3 4 2 0 0 0 0 0 0 0 2
+4 6 2 0 0 0 0 0 0 0 2
+25 2 0 2 0 0 1 0 0 1
fi=(5)
+16 2 2
fe=(10)
-38 2
fi=(5)
+38 2 0 2
+1 4 2 2 0 0 1
fe=(10)
-38 2 2 0 2 0 0 2
fi=(42)
285 2 0 2
fi=(5)
479 4
fe=(10)
-37 8 4 0 0 2 0 0 1 0 2 1
+20 26 8 4 6 0 0 6 0 0 4 2
+1 2
fi=(5)
+22 6 2 2
+1 8 2 0 0 0 0 0 0 0 4 2
fe=(10)
-22 6 4 0 2 0 0 2

fn=(950)
3612 70 0 42 10 0 0 6
+1 28 14 14
+4 14 0 14
+6 14 0 14
+1 14 0 14
+3 14 0 14
cfn=(952) runtime.save
calls=14 -76 
* 252 84 56 22 0 4 12 0 0 42 7
+1 42 28 14 10 0 0 6
+1 28 14 14
+1 56 0 14
cfn=(494)
calls=14 963 
* 520 70 86 64 0 0 31 0 0 104 21
+1 84 56 0 0 0 0 0 0 0 28 5
+7 28 14 0 9 3 0 6 0 0 14 4
+8 42 14 0 10 9 0 6 3 0 14 4
+5 84 42 0 18 3 0 12 0 0 14 3
+6 56 42 14 8 2 10 6 0 5
+1 14 0 14
+1 28 28
+1 14 0 14
+1 14 14
fi=(42)
288 14
fe=(10)
3661 14 0 14
+1 28 14 14
+1 28 14 14 8 0 0 6 0 0 14
+1 28 14 0 0 0 0 0 0 0 14 2
+5 28 14 14 10 0 0 6
+1 42 28

fn=(952)
3551 138 0 46 17 0 0 6
+1 46 46
+2 276 92 0 15 0 0 6 0 0 92 2
+9 46 0 46
+1 46 0 46
+2 46 0 46 0 0 4
+4 92 46 0 0 0 0 0 0 0 46 9
+3 138 92

fn=(1192) runtime.entersyscallblock_handoff
3753 80 16 16 1 0 0 1 0 0 16
+1 32 16 0 0 0 0 0 0 0 16 2
+4 16 0 16 1 0 0 1
cfn=(678)
calls=16 4985 
* 464 160 128 3 0 0 0 0 0 80 2
* 16 0 16
cfn=(680)
calls=16 2354 
* 2637 800 560 36 4 0 0 0 0 415 56
+1 48 32

fn=(1460) runtime.forEachP
1586 265 53 53 48 0 0 10 0 0 53
+9 53 0 53
fi=(5)
477 106 53 53 38 0 0 10
fe=(10)
1587 53
fi=(5)
478 53 0 53
fe=(10)
1588 106 106
+2 53
fi=(5)
479 159 106 53
fi=(42)
285 53 0 53
fi=(17)
48 53
fi=(54)
-26 106 0 53
cfi=(17)
cfn=(80)
calls=53 +29 
* 954 318 159 21 18 0 4 0 0 212 4
fe=(10)
1591 106 53 0 38 20 0 10 0 0 53 23
+3 159 53 53
+1 265 106 53 0 0 0 0 0 0 53 2
cfi=(2)
cfn=(1288)
calls=36 +33 
* 756 324 252 6 0 0 0 0 0 36
+3 4611 1007 0 27 3 0 10 0 0 901 67
+1 1696 0 0 0 0 0 0 0 0 848 104
+1 3180 1590 795 0 728 0 0 174 0 795 42
+3 53 0 53
cfn=(1242) runtime.preemptall
calls=53 5365 
* 7593 2518 409 187 24 4 11 8 4 1999 192
+8 3168 792 0 35 32 0 10 2 0 792 55
+1 4434 0 739 0 0 22 0 0 0 739 47
-1 739 0 739
+2 2956 1478 739 0 0 0 0 0 0 0 0 739 35
cfi=(35)
cfn=(1616)
calls=238 1078 
* 432228 70599 56406 110 4611 9 27 1767 0 86933 948 41 11
cfi=(35)
cfn=(1462)
calls=501 814 
* 59507 15337 8537 173 370 0 36 139 0 9043 261
+1 739 0 739
-3 1478 739 0 36 0 0 10
+3 739
+5 53
fi=(17)
112 53
fe=(10)
1618 106 53 53
fi=(54)
32 159 0 53
cfi=(17)
cfn=(94)
calls=53 +83 
* 1166 371 159 0 1 0 0 0 0 318 26
fe=(10)
1622 212 159 53 0 0 0 0 0 0 0 0 53 35
cfi=(35)
cfn=(1616)
calls=17 1078 
* 374 153 51 0 12 0 0 0 0 51 17
cfi=(35)
cfn=(1462)
calls=36 814 
* 13812 3102 1622 52 44 0 9 4 0 2001 344
+4 3816 954 106 34 5 0 10 0 0 901 53
+1 848 848 0 0 4
+1 848 0 0 0 0 0 0 0 0 848 14
-2 2544 0 0 37 0 0 10
+2 1696 0 0 0 0 0 0 0 0 848 39
-10 106 53 0 38 0 0 10
+21 105 0 0 0 0 0 0 0 0 53 1
+10 6 0 6
cfn=(1242)
calls=6 5365 
* 1004 336 72 0 86 8 0 76 8 252 20
-4 174 0 58 20 0 0 10
cfi=(17)
cfn=(1228)
calls=58 219 
* 8317 2691 1850 249 132 18 26 63 15 596 67
* 114 0 0 7 0 0 1 0 0 57 6
+1 51
fi=(17)
136 51 0 51
fe=(10)
1652 104 52 0 0 0 0 0 0 0 52 2
+3 4472 936 0 24 7 0 11 6 0 884 90
+1 2496 832 0 0 162 0 0 62 0 832 13
+5 52
fi=(17)
48 52
fi=(54)
-26 156 0 52
cfi=(17)
cfn=(80)
calls=52 +29 
* 2469 471 240 18 4 0 9 4 0 622 46
fe=(10)
1662 243 52 52 19 3 0 10 2 0 52 37
cfi=(2)
cfn=(1286)
calls=35 +49 
* 875 350 280 22 7 3 3 6 3 35
+1 52 0 0 5 0 0 1
fi=(17)
112 52
fi=(54)
-80 104 0 52
cfi=(17)
cfn=(94)
calls=52 +83 
* 1234 397 186 0 0 0 0 0 0 315 40
fe=(10)
1664 52
fi=(5)
485 208 104 52 0 3 0 0 3
+1 174 35 0 0 3 0 0 3 0 87 24
fe=(10)
1665 156 104 0 26 5 0 11 4

fn=(1508) runtime.gopreempt_m
3402 135 27 27 21 0 0 13 0 0 27
+1 54 27 0 0 8 0 0 7 0 27 5
+3 27 0 27 24 0 12 14 0 8
cfn=(1510)
calls=27 -40 
* 43395 11811 5826 603 525 151 282 327 98 7246 589 43 30

fn=(1652) runtime.gcstopm
2483 160 32 32 20 2 0 10 1 0 32
+1 64 32
+2 32 0 0 20 0 0 10 0 0 32
+3 96 64 0 0 5 0 0 4 0 32 12
+1 12 0 12
+3 72 12 12 0 1 0 0 1 0 24 3
+4 32 0 32 0 0 1 0 0 1
cfn=(678)
calls=32 4985 
* 928 320 256 48 2 3 18 2 2 160 52
* 32 0 32
+1 32
fi=(17)
48 32
fi=(54)
-26 64 0 32 20 0 0 10
cfi=(17)
cfn=(80)
calls=32 +29 
* 576 192 96 0 1 0 0 1 0 128 5
fe=(10)
2499 64 32 32
+1 96 32 32
+1 64 0 0 0 0 0 0 0 0 32 13
+1 40 0 20
cfi=(17)
cfn=(740)
calls=20 139 
* 840 300 240 42 0 2 11 0 2 80 9
+2 32
fi=(17)
112 32
fi=(54)
-80 96 0 32 20 0 0 10
cfi=(17)
cfn=(94)
calls=32 +83 
* 798 267 106 0 18 0 0 15 0 225 21
fe=(10)
2505 32 0 32
cfn=(744)
calls=32 2231 
* 20762 6010 2826 430 431 77 167 156 29 3348 197 6
+1 90 60 0 23 24 0 1 4

fn=(518)
5785 240 40 40 27 0 0 9 0 0 40 3
+5 40 0 0 0 0 0 0 0 0 40 10
-5 4 0 4
+22 8 0 4
-3 4 4
+1 4 4
+1 16 0 0 3 0 0 2 0 0 4 3
+1 4
fi=(42)
266 4 0 4 0 0 1 0 0 1
fe=(10)
5808 8 4 4 0 0 0 0 0 0 4
+1 12 8
-17 40 40 0 22 1 0 9 1
+1 40
-8 40
fi=(42)
270 160 0 40
fe=(10)
5793 40 0 0 0 0 0 0 0 0 40
+3 80 0 0 0 0 0 0 0 0 40 8
+8 4
+3 4
-7 4
-3 108 72

fn=(668)
346 180 36 36 25 0 0 7 0 0 36 4
fi=(5)
477 36 36
fe=(10)
350 36
fi=(5)
478 36 0 36
+1 108 36
fe=(10)
351 36 36
+1 36
902 72 36
353 72 0 0 18 0 0 6 0 0 36 23
+3 98 36 26 0 0 16 0 0 9 36 9
+1 26 0 26 0 0 14 0 0 7
-1 36
+3 10
-3 20 0 10 0 0 1 0 0 1
cfi=(2)
cfn=(1488)
calls=10 1727 
* 250 100 80 8 9 4 5 2 2 10 1
+1 20 0 10 9 0 0 3
cfi=(2)
cfn=(1288)
calls=10 1628 
* 210 90 70 0 9 1 0 2 0 10
+2 10
-1 10 0 10
+1 10 0 10
+1 10 0 10
+1 10
fi=(5)
485 30 10 10
+1 20 0 0 0 0 0 0 0 0 10 4
fe=(10)
358 26 0 26 13 0 0 4
+1 26 0 26
+1 26 0 26
+1 26
fi=(5)
485 78 26 26
+1 55 1 0 1 0 0 1 0 0 27 19
fe=(10)
363 72 0 36 6 0 0 1
cfi=(2)
cfn=(670) runtime.mcall
calls=36 +62 
* 50762230545 23137763478 2985499046 37318 411293609 84727301 4368 246582398 84645336 6950764659 1106397 279259 365
+1 4 2 0 0 1

fn=(669)
346 152 31 30 18 0 0 8 0 0 31 10
fi=(5)
477 30 30
fe=(10)
350 30
fi=(5)
478 30 0 30
+1 90 30
fe=(10)
351 30 30
+1 30
902 60 30
353 60 0 0 18 0 0 8 0 0 30 14
+3 74 30 14 0 0 9 0 0 6 30 16
+1 14 0 14 0 0 8 0 0 5
-1 30
+3 16
-3 32 0 16
cfi=(2)
cfn=(1488)
calls=16 1727 
* 400 160 128 8 12 12 4 2 8 16
+1 32 0 16 10 0 0 4
cfi=(2)
cfn=(1288)
calls=16 1628 
* 336 144 112 0 12 1 0 2 1 16
+2 16
-1 16 0 16
+1 16 0 16
+1 16 0 16
+1 16
fi=(5)
485 48 16 16
+1 32 0 0 0 0 0 0 0 0 16 4
fe=(10)
358 14 0 14 8 0 0 4
+1 14 0 14
+1 14 0 14
+1 14
fi=(5)
485 42 14 14
+1 28 0 0 0 0 0 0 0 0 14 8
fe=(10)
363 60 0 30 5 0 0 3
cfi=(2)
cfn=(671) runtime.mcall'2
calls=30 +62 
* 510 150 180 20 28 26 5 13 16 30 13 30 6
-17 6 0 6 1 0 0 1
cfi=(2)
cfn=(783)
calls=1 576 
* 450 136 89 10 4 9 10 4 9 81 8 1 1

fn=(710)
3097 280 56 56 38 8 0 13 2 0 56
+1 56 56
+1 168 56 0 43 0 0 13 0 0 56 1
+3 56 0 56
+1 224 56 56 0 3 0 0 3 0 56 4
+1 112 0 0 0 0 0 0 0 0 56 1
+6 112 0 56 0 0 11 0 0 4
cfn=(643) runtime.wakep'2
calls=3 2422 
* 724 185 115 17 13 0 3 1 0 105 7
cfn=(642)
calls=53 2422 
* 33753 7969 4900 636 298 109 172 115 103 4499 417 78 4
+1 168 112 0 1 1 0 1 1

fn=(744)
2231 565 113 113 40 0 0 13 0 0 113
+1 113 113
+2 226 113 0 38 0 0 13 0 0 113 4
+3 226 113 0 0 1 0 0 1 0 113
+3 339 113 0 0 0 0 0 0 0 113 3
-8 113 0 113
+12 113
fi=(17)
48 113
fi=(54)
-26 226 0 113 0 0 1 0 0 1
cfi=(17)
cfn=(80)
calls=113 +29 
* 2034 678 339 0 0 0 0 0 0 452 39
fe=(10)
2245 339 226 113 5 0 0 4
cfn=(746)
calls=113 5538 
* 5311 1921 678 325 6 9 87 6 7 904 37
+1 113
fi=(17)
112 113
fi=(54)
-80 226 0 113
cfi=(17)
cfn=(94)
calls=113 +83 
* 2712 904 339 0 0 0 0 0 0 791 53
fe=(10)
1456 113 0 113
+1 226 113
2247 113
1457 226 0 113
cfi=(17)
cfn=(690)
calls=113 148 
* 7483 2886 1687 187 389 124 59 123 42 670 46
+1 327 218 109 22 30 0 7 18
2248 436 327 109 36 37 0 11 13
cfn=(432)
calls=109 4944 
* 71268 16784 8594 273 845 36 117 266 24 12183 489 32 8
+1 327 218 109
+1 327 218 0 0 5

fn=(766) runtime.checkTimersNoP
3000 355 0 213 26 0 0 12
5639 71
3001 1207
+3 1136
-3 3550 1136 0 0 0 0 0 0 0 1207 75
5637 2272
+2 5680 2272 1136 33 0 0 12 0 0 1136 10
3002 1136 0 0 0 0 0 0 0 0 1136 190
fi=(70)
757 220 110 0 0 1
+1 110 110
+1 232 0 0 0 0 0 0 0 0 116 56
fe=(10)
3003 6
+1 2516 0 0 0 0 0 0 0 0 122 15
-2 1026
+8 284 142

fn=(1190)
3712 48 0 16 4 0 0 1
+1 32 16 16
+2 16 0 16
+1 16 0 16 2 0 0 1
+1 16 0 16
+1 64 48 16 0 1 1
+1 16 0 16
+1 48 32 16
+5 48 16 16 2 0 0 1
cfn=(952)
calls=16 3551 
* 288 96 64 10 0 0 0 0 0 48 2
+1 48 32 16
+1 48 16 16
+1 64 32 0 0 0 0 0 0 0 32 2
+9 48 0 16 5 0 0 1
cfn=(494)
calls=16 963 
* 592 80 98 1 0 0 0 0 0 118 5
+1 112 64 0 0 0 0 0 0 0 32 6
+7 64 0 32 18 0 0 2
cfi=(2)
cfn=(74)
calls=16 463 
* 3853 1264 880 41 5 0 2 0 0 591 64 16 16
* 32 16
+3 64 16 16
cfn=(952)
calls=16 3551 
* 288 96 64 0 0 0 0 0 0 48 2
+2 48 32 16
+1 48 32

fn=(1208) runtime.sysmon
5134 5 1 1 1 0 0 1 0 0 1
fi=(17)
48 1
fe=(10)
5135 1
fi=(54)
22 1 0 1 1 0 0 1
cfi=(17)
cfn=(80)
calls=1 +29 
* 18 6 3 0 0 0 0 0 0 4
fe=(10)
5136 1 0 1
+1 1 0 1
cfn=(686)
calls=1 5017 
* 33 13 1 0 0 0 0 0 0 7 1
+1 1
fi=(54)
32 2 0 1
cfi=(17)
cfn=(94)
calls=1 +83 
* 24 8 3 0 1 0 0 1 0 7
* 3
fi=(17)
+80 1
fe=(10)
5272 97 0 97 44 0 0 14
+4 97
fi=(17)
112 97
fi=(54)
-80 194 0 97
cfi=(17)
cfn=(94)
calls=97 +83 
* 2328 776 291 0 36 0 0 19 0 679 100
fe=(10)
5145 97 97
+3 97 97 0 42 0 0 13
5272 194 97 97
5145 291 0 97 0 0 0 0 0 0 97 3
5272 1 0 1 1 0 0 1
5145 7 0 1 0 0 0 0 0 0 1
+3 192
-1 96
+3 192
+3 576 0 288 18 0 0 3
cfi=(3)
cfn=(1212) runtime.usleep.abi0
calls=96 125 
* 1725 286 288 92 53 0 24 26
-3 2
+3 12 0 6 1 0 0 1
cfi=(3)
cfn=(1212)
calls=2 125 
* 36 6 6 5 1 0 3
* 194 97 0 34 53 0 10 26
+17 97
fi=(43)
19 97 0 97
cfi=(3)
cfn=(304)
calls=97 228 
* 3686 1164 776 1 173 0 1 96 0 194 34
* 291 194
fe=(10)
5171 97 97 0 0 38 0 0 19
-21 97 0 0 0 0 0 0 0 0 97
+21 810 249 0 41 67 0 12 48 0 194 43
-23 73 73 0 0 35 0 0 19
5261 73 73 0 0 30 0 0 19
-56 73
fi=(43)
19 24 0 24 0 0 18 0 0 7
fe=(10)
5172 24
fi=(17)
48 24
fi=(54)
-26 48 0 24
cfi=(17)
cfn=(80)
calls=24 +29 
* 943 197 100 8 41 1 5 15 0 234 27
fe=(10)
5173 180 32 0 22 1 0 10 0 0 48 7
-25 1 1 0 0 1
5261 1 1
-59 1
-27 23 0 23
cfi=(70)
cfn=(1226)
calls=23 1030 
* 5942 1541 230 64 116 0 33 69 0 1750 90
+1 92 23 0 20 0 0 10 0 0 23 1
-28 1 1
5261 1 1 0 0 1 0 0 1
-85 1
-1 22 0 22
+2 66 22 22 0 0 0 0 0 0 22 4
+1 22
fi=(17)
112 22
fi=(54)
-80 44 0 22
cfi=(17)
cfn=(94)
calls=22 +83 
* 528 176 66 0 17 0 0 6 0 154 7
fe=(10)
5181 110 22 0 17 9 0 8 3
+1 88 44
+3 22
+4 44 0 22
cfi=(17)
cfn=(1228)
calls=22 219 
* 3105 1006 691 52 133 94 8 35 26 223 65
* 22 0 22 14 0 19 3 0 3
+4 22
fi=(17)
48 22
fi=(54)
-26 44 0 22
cfi=(17)
cfn=(80)
calls=22 +29 
* 396 132 66 0 19 0 0 5 0 88 11
fe=(10)
5194 66 22 22 20 0 0 10 0 0 22
+1 22
fi=(17)
136 22 0 22
fe=(10)
5189 44 22
+8 64 0 0 0 0 0 0 0 0 22 1
+5 21
-54 1 1
5261 2 1 1 0 1 0 0 1
5148 1 0 1
fi=(17)
112 1
fi=(54)
-80 3 0 1
cfi=(17)
cfn=(94)
calls=1 +83 
* 24 8 3 0 1 0 0 1 0 7
fe=(10)
5261 23 0 23 2 0 17 1 0 6
5148 23 0 23
fi=(17)
112 23
fi=(54)
-80 69 0 23 19 0 0 6
cfi=(17)
cfn=(94)
calls=23 +83 
* 582 195 79 0 21 1 0 3 0 162 20
fe=(10)
5148 24 24
5261 48 24 24
5148 24 0 24
fi=(17)
48 24
fi=(54)
-26 72 0 24
cfi=(17)
cfn=(80)
calls=24 +29 
* 432 144 72 0 3 0 0 3 0 96 17
fe=(10)
5261 73 0 73 19 0 0 6
5148 73 0 73
fi=(17)
48 73
fi=(54)
-26 219 0 73
cfi=(17)
cfn=(80)
calls=73 +29 
* 1314 438 219 1 81 0 1 55 0 292 19
fe=(10)
5208 97
fi=(43)
19 97 0 97
cfi=(3)
cfn=(304)
calls=97 228 
* 3686 1164 776 0 33 0 0 5 0 194 8
* 194 97
fe=(10)
5211 194 194 0 37 39 0 13 32
fi=(43)
19 194 97 97
fe=(10)
5211 194 0 0 0 0 0 0 0 0 97 2
+4 97 97 0 0 18 0 0 15
fi=(64)
204 194 97 0 45 2 0 15 2
fe=(10)
5216 413 0 0 0 0 0 0 0 0 226 36
fi=(43)
19 35
fe=(10)
5217 140 0 35
+1 70 0 35
cfi=(140)
cfn=(1736)
calls=35 106 
* 8575 490 7105 140 23 838 63 19 657 6930 38
* 35 0 35 0 0 1
6112 35
5219 35 0 0 0 0 0 0 0 0 35 3
+39 35 35 0 16 0 0 10
fi=(30)
162 35 35 0 0 30 0 0 21
fe=(10)
5252 70 0 0 0 0 0 0 0 0 35 7
fi=(30)
162 62 62 0 18 17 0 2
fe=(10)
5252 124 0 0 0 0 0 0 0 0 62 5
+2 10 0 5
cfi=(69)
cfn=(1258)
calls=5 400 
* 2781 700 515 93 43 11 92 32 11 419 53
+4 15 5 5 5 0 0 5
cfn=(1222) runtime.retake
calls=5 +33 
* 8874 1873 1195 277 158 40 236 127 37 1380 151 9 1
* 92 0 92 36 0 0 11
cfn=(1222)
calls=92 +33 
* 34419 8519 5726 158 478 44 56 340 28 8749 478
* 97 0 97
+6 388 97 97
cfi=(35)
cfn=(272) runtime.gcTrigger.test
calls=97 548 
* 2486 756 97 79 116 0 11 48 0 640 55
-3 194 97
-3 194 97
5145 291 0 97
5264 97
-6 97 0 0 0 0 0 0 0 0 97 35
+6 12 4 0 3 3 0 3 3 0 4 2
+1 2
fi=(17)
48 2
fi=(54)
-26 4 0 2
cfi=(17)
cfn=(80)
calls=2 +29 
* 36 12 6 0 2 0 0 2 0 8
fe=(10)
5266 2 0 2
+1 2 0 2
+1 2 2
6117 2 0 2 0 0 2 0 0 2
+1 2
fi=(42)
266 2 0 2
fe=(10)
5269 4 0 2
cfn=(1260)
calls=2 3121 
* 948 230 170 5 19 0 5 19 0 140 21
+1 2
fi=(17)
112 2
fi=(54)
-80 4 0 2
cfi=(17)
cfn=(94)
calls=2 +83 
* 44 14 6 0 0 0 0 0 0 12 1
fe=(10)
5145 4 2
5272 485 194 0 64 3 0 25 0 0 97 64

fn=(1216)
3919 85 17 17 6 0 0 2 0 0 17
fi=(17)
48 17
fe=(10)
3920 17
fi=(54)
22 17 0 17 0 0 1
cfi=(17)
cfn=(80)
calls=17 +29 
* 306 102 51 0 0 0 0 0 0 68
fe=(10)
3921 34 0 17
cfn=(646)
calls=17 5734 
* 2856 612 340 10 2 1 0 0 0 340 15
* 17 0 17
+1 102 17 0 6 0 0 2 0 0 34 6
+1 9 3 3 0 0 0 0 0 0 3
+1 6 0 3
cfi=(17)
cfn=(740)
calls=3 139 
* 126 45 36 0 0 0 0 0 0 12
+2 17
fi=(17)
112 17
fi=(54)
-80 34 0 17
cfi=(17)
cfn=(94)
calls=17 +83 
* 374 119 51 0 0 0 0 0 0 102 18
fe=(10)
3922 34 17
+5 17 0 0 0 0 0 0 0 0 17
+1 17 0 17
cfn=(432)
calls=17 4944 
* 833 306 170 6 0 0 0 0 0 119 4
+1 68 34 0 2 0 0 2

fn=(1242)
5365 545 109 109 36 15 0 11 12 0 109 21
+2 7957 1962 218 0 47 0 0 36 0 1853 144
+1 3488 1744 0 51 549 0 11 292 0 1744 120
-1 138 0 138 0 0 4
+8 138 0 138
-4 276 0 138
cfn=(1244) runtime.preemptone
calls=138 +17 
* 2364 788 192 207 71 39 36 51 32 512 103
+4 276 138
-8 414 414
+4 138
+4 436 218

fn=(456)
4094 105 21 21 8 0 0 1 0 0 21 1
+1 21 0 21
+2 231 21 147 6 0 0 1
cfi=(2)
cfn=(74)
calls=21 463 
* 57102 12785 8213 832 210 257 107 39 209 7911 729 113 31
* 42 21 0 3
+10 63 42

fn=(526)
fi=(135)
474 10 2 2 2 0 1 0 0 0 2
+1 6 4 2 2
-1 6 2 2
+2 4 0 2
+1 2 0 2
+4 4 0 2
cfi=(13)
cfn=(682)
calls=2 1631 
* 48 16 10 6 3 0 0 0 0 8
+1 10 2 2
cfi=(13)
cfn=(1676)
calls=2 1515 
* 1917 246 132 35 24 8 0 0 0 226 36
-6 10 4
-2 4 2
+2 8 0 0 2 0 0 0 0 0 4
-2 4
+2 12 4 0 0 0 0 0 0 0 8 2
+1 4 4
+1 8 0 0 0 0 0 0 0 0 4
+6 6 4 0 2
fi=(13)
912 10 5 2 0 0 0 0 0 0 1
fi=(28)
424 1
fi=(30)
162 1 1
fi=(28)
+52 1
fi=(13)
915 1 0 0 0 0 0 0 0 0 1 1
+3 3 0 1
cfn=(158)
calls=1 1125 
* 7216 2037 1052 40 9 20 0 1 20 898 30 64
* 2 1 1
+1 3 2
fe=(10)
373 7 3 1 1 0 0 1 0 0 1
+1 2 0 1
cfn=(734)
calls=1 843 
* 104 26 18 6 0 0 4 0 0 17 9
+1 3 2
1398 35 7 7 6 0 6 2 0 6 7
+1 7 7
+2 28 7 0 6 3 0 2 0 0 7
-2 7 0 7
+12 7 0 7 0 0 2 0 0 2
+1 14 7 7
+1 14 0 7
+2 7 0 7
cfi=(2)
cfn=(528) runtime.asminit.abi0
calls=7 387 
* 7 7
* 14 7
+1 7 0 7
cfi=(7)
cfn=(530)
calls=7 392 
* 11683 1764 581 63 84 27 30 50 24 3066 181
+4 28 14 0 6 0 0 2 0 0 7 2
+1 1 0 1
cfn=(548) runtime.mstartm0
calls=1 +20 
* 8497 2068 2166 19 1 13 19 0 13 944 62
* 1
+3 29 15 0 0 0 0 0 0 0 7 3
+1 8 4 4 0 2 0 0 1 0 0 0 4 3
cfn=(1208)
calls=1 5134 
* 93470 22382 20592 1515 1916 1086 732 1135 777 23549 1409 9 1
cfn=(698)
calls=3 2254 
* 9 6 3 1
* 3
+3 21 9 0 5 0 0 2 0 0 6 1
+1 10 5 5 0 2
cfn=(432)
calls=5 4944 
* 245 90 50 5 7 0 0 0 0 35 7
+1 15 10 5
+2 5 0 5
cfn=(562)
calls=5 3185 
* 52485 15556 6431 383 179 151 50 38 118 8952 533 83 10
* 1 0 1
cfn=(562)
calls=1 3185 
* 214 66 40 30 6 1 30 2 1 39 23 1 1
3341 18 3 6 2 0 0 0 0 0 3
+1 6 3 3 2
+2 3 0 0 0 0 0 0 0 0 3 1
+4 9 0 3
cfn=(494)
calls=3 963 
* 108 15 18 0 0 0 0 0 0 21 6
-83 6 6 0 1
+84 3
fi=(42)
313 3
-8 3
fe=(10)
3265 3 0 3
+1 3 3
fi=(42)
279 3
-13 3
fe=(10)
3266 3 0 3
+85 15 9 0 0 0 0 0 0 0 3
+1 15 9 3 2 0 0 0 0 0 0 0 3 1
cfi=(35)
cfn=(1202)
calls=1 1235 
* 52 11 7 1 0 0 0 0 0 7
cfn=(716)
calls=2 -17 
* 72 22 10 2 0 0 1 0 0 16 2
+1 22 9 3 0 0 0 0 0 0 3 1
cfi=(2)
cfn=(1490)
calls=1 1719 
* 25 10 8 0 0 1 0 0 1 1
+1 20 6 3 2 0 0 0 0 0 3
cfi=(2)
cfn=(1490)
calls=1 1719 
* 25 10 8 0 0 0 0 0 0 1
-2 3
+3 3 0 0 0 0 0 0 0 0 3 1
+8 3 0 3 2
cfn=(562)
calls=3 3185 
* 17543 5301 2045 208 87 30 26 3 8 3244 242 7 6

fn=(570) runtime.runqget
5899 16281 16281 0 33 37 0 15 16
+4 32562 0 0 0 0 0 0 0 0 16281 24
-6 16
fi=(42)
270 80 0 16 3 0 0 2
fe=(10)
5903 16 0 0 0 0 0 0 0 0 16
+1 48 16
+4 32530 16265 0 32 37 0 13 13
+1 32530 16265
+1 32530 0 0 0 0 0 0 0 0 16265 10
+1 48795 16265 0 57 0 0 16

fn=(586) runtime.allocm
1715 42 6 18 4 0 0 4 0 0 6
+45 6 0 6
-44 12 0 6
cfi=(61)
cfn=(588)
calls=6 33 
* 108 36 18 8 2 0 6 2 0 18 3
fi=(5)
477 6 0 6
+1 6 6
fe=(10)
1721 6
fi=(5)
478 6 0 6
fe=(10)
1723 6 0 6
+1 6 6
fi=(5)
479 12 6
fe=(10)
1724 12 6 0 0 0 0 0 0 0 6 4
+1 4 2 2 1 0 0 1
cfn=(432)
calls=2 4944 
* 98 36 20 13 2 0 7 1 0 14 3
+5 12 6 0 1 0 0 1 0 0 6 4
+29 12 0 6
cfi=(12)
cfn=(278)
calls=6 1201 
* 14937 3579 2155 188 56 60 33 12 59 1901 116 67 3
+1 30 12 6 2 0 6 2 0 6 6
-1 6 0 6
+2 12 6 6
cfn=(312)
calls=6 786 
* 15970 2921 1925 241 44 80 141 24 76 2047 200 21 4
+4 12 6 0 0 0 0 0 0 0 6 2
+3 12 0 6 5 0 0 2
cfn=(326)
calls=6 4075 
* 7244 1303 931 29 14 22 17 10 22 941 85 6
* 30 12 6 5 0 6 2 0 6 6
+2 36 12 6 0 0 4 0 0 4 6 2
+2 36 24 0 4 0 0 2 0 0 6 4
+1 2 0 2
cfn=(678)
calls=2 4985 
* 58 20 16 0 0 0 0 0 0 10 4
+5 2 2
-2 4 4
fi=(5)
485 6 2 2
+1 4 0 0 0 0 0 0 0 0 2 2
fe=(10)
1776 4 4
fi=(5)
485 12 4 4
+1 8 0 0 0 0 0 0 0 0 4 2
fe=(10)
1777 12 0 6 5 0 0 2
cfi=(61)
cfn=(592)
calls=6 62 
* 114 36 18 9 0 0 6 0 0 24 7
+1 24 18

fn=(1018) runtime.unlockOSThread
4463 3 0 1 1 0 0 1
+1 2 1 1
+1 3 1 0 0 1 0 0 0 0 1 1
+3 3 2 1 1 0 0 1
-36 1 1
+37 1
-37 4 2 0 0 0 0 0 0 0 2
+3 1 0 1 0 0 1
+1 1 0 1 0 0 1
+34 3 2 0 1 0 0 1

fn=(1240) runtime.stopTheWorldWithSema
1179 175 35 35 35 0 0 10 0 0 35 5
+1 35 35
+4 70 35 0 35 0 0 10 0 0 35
-4 35 0 35
+8 35
fi=(17)
48 35
fi=(54)
-26 70 0 35
cfi=(17)
cfn=(80)
calls=35 +29 
* 630 210 105 0 15 0 0 3 0 140 11
fe=(10)
1189 70 35 35 0 0 15 0 0 3
+1 105 35 35 0 0 0 0 0 0 35
+1 35 0 35
cfn=(1242)
calls=35 5365 
* 5393 1798 325 107 300 7 47 99 2 1375 153
+2 140 105 35 35 0 0 10
+1 35 0 35
+2 2520 630 70 35 0 0 10 0 0 595 35
+1 560 560
+1 560 0 0 0 0 0 0 0 0 560 4
-2 1680
+2 1120 0 0 0 0 0 0 0 0 560 4
+10 35 0 0 35 0 0 10
fi=(43)
19 70 0 35 35 0 0 10
cfi=(3)
cfn=(304)
calls=35 228 
* 1330 420 280 0 0 0 0 0 0 70 3
* 140 70 35
fe=(10)
1209 35
+5 493 0 493
+1 493 0 493
-5 986 493 493
cfn=(646)
calls=493 5734 
* 57282 9758 5073 0 228 0 0 95 0 8314 103
* 35 0 35
cfn=(646)
calls=35 5734 
* 4340 735 385 156 116 0 37 35 0 630 71
+1 1056 0 0 0 0 0 0 0 0 528 5
+7 35
fi=(17)
112 35
fe=(10)
1217 70 35 35 35 0 0 10
fi=(54)
32 70 0 35
cfi=(17)
cfn=(94)
calls=35 +83 
* 840 280 105 0 0 0 0 0 0 245 54
fe=(10)
1217 70 35
+4 55 0 0 0 0 0 0 0 0 35 20
+7 15 0 15
cfn=(1242)
calls=15 5365 
* 2180 721 127 0 272 24 0 208 18 592 23
-4 105 0 35
cfi=(17)
cfn=(1228)
calls=35 219 
* 5570 1815 1220 166 182 42 82 132 25 395 46
* 70 0 0 0 0 0 0 0 0 35 2
+1 20
fi=(17)
136 20 0 20 20 0 0 9
fe=(10)
1234 70 35 0 15 0 0 1 0 0 35
+3 210 70 0 0 1 0 0 1
+6 105 35 0 0 0 0 0 0 0 35 2
+8 70 0 0 35 0 0 10 0 0 35
+5 105 70 0 0 4 0 0 4
-19 560 560 0 0 2 0 0 2
+1 560 560 0 0 35 0 0 26
+13 2240
-14 1750 0 0 35 0 0 10 0 0 595 65
+14 70
-8 35

fn=(1300) runtime.startTheWorldWithSema
1258 210 35 70 35 0 0 10 0 0 35
fi=(5)
477 35 35
fe=(10)
1261 35 0 0 35 0 0 10
fi=(5)
478 35 0 35
+1 70 35 35
fi=(64)
204 70 35
fe=(10)
1262 35 0 0 0 0 0 0 0 0 35 2
+1 84 0 28
cfi=(140)
cfn=(1736)
calls=28 106 
* 6881 394 5685 113 5 364 35 1 146 5550 121
* 28 0 28
+1 56 0 28
cfn=(1260)
calls=28 3121 
* 336 112 28 2 0 0 0 0 0 56 1
+2 35
fi=(17)
48 35
fi=(54)
-26 105 0 35 35 0 0 10
cfi=(17)
cfn=(80)
calls=35 +29 
* 630 210 105 0 0 0 0 0 0 140 8
fe=(10)
1268 35 35
+1 105 35 0 0 0 0 0 0 0 35 9
+4 105 0 35
cfn=(408)
calls=35 4801 
* 200995 47612 21634 2095 2124 237 541 578 25 32638 1824 15 9
* 35 0 35
+1 35 0 35 0 0 3
+1 70 35 0 35 0 0 10 0 0 35 31
+1 18 0 18
+1 36 0 18
cfi=(17)
cfn=(740)
calls=18 139 
* 756 270 216 1 0 0 0 0 0 72 5
+2 35
fi=(17)
112 35
fi=(54)
-80 70 0 35
cfi=(17)
cfn=(94)
calls=35 +83 
* 770 245 105 0 0 0 0 0 0 210 9
fe=(10)
1281 70 35
+2 70 0 0 0 0 0 0 0 0 35 6
+18 35 0 0 35 0 0 10
fi=(43)
19 35 0 35
cfi=(3)
cfn=(304)
calls=35 228 
* 1330 420 280 0 0 0 0 0 0 70 2
* 140 70 35
fe=(10)
1258 70 35
+44 35 0 0 0 0 0 0 0 0 35 18
+1 17
fi=(139)
1200 102 0 17 17 0 0 1
cfn=(1594)
calls=17 578 
* 952 289 204 119 16 0 56 1 0 136 19
fe=(10)
1309 35 0 35 18 0 0 9
cfn=(642)
calls=35 2422 
* 12355 3115 1995 305 41 0 55 0 0 1750 178
+2 35
fi=(5)
485 140 70 35
+1 70 0 0 0 0 0 0 0 0 35 35
fe=(10)
1313 140 105 0 35 0 0 10

fn=(504)
4208 126 21 21 3 0 0 1 0 0 21
+2 63 21 0 0 0 0 0 0 0 21 2
+1 84 42 0 4 0 0 1

fn=(564)
2561 98790 16465 16465 63 0 0 22 0 0 16465
+1 16465 0 16465 0 0 13 0 0 9
+7 16465 16465
-7 16465 16465
+7 16465 16465
+1 32930 16465 0 0 14 0 0 10 0 16465 20
-1 117 117 0 11 83 0 4 26
-7 117 117 0 0 5 0 0 4
+7 117 117 0 0 2 0 0 2
+1 234 117 0 0 19 0 0 5 0 117 23
+1 32 0 32 0 0 6 0 0 5
cfn=(1652)
calls=32 -88 
* 25078 7353 3824 623 484 83 237 184 34 4093 312 6
+1 30 0 0 17 0 0 3
fi=(42)
285 16550 0 16550 0 0 60 0 0 22
fe=(10)
2574 49650 16550 0 29 31 0 14 21 0 16550 38
+1 56 0 56 0 0 5 0 0 4
cfn=(1466)
calls=56 1678 
* 13790 3823 2235 152 143 8 57 66 8 2053 171 56 35
+7 168 56 56
cfn=(568) runtime.checkTimers
calls=56 3279 
* 2081 616 247 120 25 3 61 7 3 323 50 3 2
* 32988 0 16494 0 0 13 0 0 8
cfn=(568)
calls=16494 3279 
* 317221 88545 20132 48 18 0 35 12 0 51622 50 1 1
* 33100 0 33100 0 0 127 0 0 55
+3 66200 33100 0 0 0 0 0 0 0 33100 8
+10 33100 16550 0 31 10 0 13 7 0 16550 74
+1 320 80 80
cfi=(34)
cfn=(1468)
calls=80 810 
* 13999 3480 1685 147 172 12 82 118 10 1856 148
+1 160 0 0 0 0 0 0 0 0 80 2
2709 234 78 78 19 0 0 8
2605 468 156 0 0 0 0 0 0 0 78 23
2709 16470 0 16470 13 0 0 6
2605 99374 33217 0 0 13 0 0 0 0 16747 286
+1 269
fi=(17)
48 269
fi=(54)
-26 538 0 269
cfi=(17)
cfn=(80)
calls=269 +29 
* 4842 1614 807 0 0 0 0 0 0 1076
fe=(10)
2607 807 269 269 5 0 0 5
cfn=(1514)
calls=269 5603 
* 13988 1883 1614 4 0 0 4 0 0 2421 303
* 269 0 269
+1 269
fi=(17)
112 269
fi=(54)
-80 538 0 269
cfi=(17)
cfn=(94)
calls=269 +83 
* 6456 2152 807 0 1 0 0 1 0 1883 1
fe=(10)
2609 807 269 0 0 0 0 0 0 0 269 3
+6 65100 32550 0 44 0 0 16 0 0 32550 41
+5 65116 32558 0 47 27 0 16 18 0 16279 9
+5 32558 0 16279 43 0 0 15
cfn=(570)
calls=16279 5899 
* 195364 65084 16 125 74 0 46 29 0 32558 30
* 32558 0 0 0 0 0 0 0 0 16279 13
+5 32526 16263 0 0 5 0 0 4 0 16263 74
+1 16132
fi=(17)
48 16132
fi=(54)
-26 32264 0 16132
cfi=(17)
cfn=(80)
calls=16132 +29 
* 290376 96792 48396 0 0 0 0 0 0 64528 27
fe=(10)
2632 48396 16132 16132
cfn=(1514)
calls=16132 5603 
* 806593 112924 96785 133 19 0 67 6 0 129056 17714
* 16132 0 16132 0 0 3
+1 16132
fi=(17)
112 16132
fi=(54)
-80 32264 0 16132 14 0 0 11
cfi=(17)
cfn=(94)
calls=16132 +83 
* 387168 129056 48396 0 3 0 0 3 0 112924 51
fe=(10)
2634 48396 16132 0 0 0 0 0 0 0 16132 41
fi=(64)
204 262 131 0 26 4 0 4 3
fe=(10)
2646 800 69 0 39 0 0 12 0 0 331 13
+18 262 262
-1 131 131
+1 1100 253 0 39 0 0 12 0 0 262 86
+45 22 22
-18 11
-26 360 240 0 0 0 0 0 0 0 120 4
+1 50 0 50
+1 150 50 50 6 0 0 3 0 0 50
+3 100 50 50
cfn=(702) runtime.stealWork
calls=50 2905 
* 163240 53925 16138 284 170 35 152 87 27 30017 1789 3 2
* 140 70 70 26 0 0 5
cfn=(702)
calls=70 2905 
* 181043 60726 16441 564 315 93 158 77 36 34469 1620 2 2
* 120 0 0 4 0 0 2
+2 240 0 0 0 0 0 0 0 0 120 15
-2 79
+6 79 0 0 0 0 0 0 0 0 79 4
+5 156 3 0 2 1 0 0 0 0 75 11
+28 276 69 138 23 1 1 12 1 1
-18 138 69 0 0 1 0 0 1 0 69 11
+18 28 0 28 0 0 1
-18 28 14 0 0 0 0 0 0 0 14 3
fi=(135)
311 140 70 0 0 0 0 0 0 0 35 4
fi=(52)
56 70 35 0 20 0 0 9
fi=(35)
1379 35 0 0 0 0 0 0 0 0 35
+3 105 70 0 0 0 0 0 0 0 35 2
fe=(10)
2691 245 0 0 20 0 0 7 0 0 35
+3 96 48 0 8 2 0 5 1
-3 166 0 0 0 0 0 0 0 0 83 7
+34 498 249 249 39 29 5 12 9 1
+3 498 249 249 30 1 0 12
+1 498 249 249 0 30 3 0 8 2
+3 83 0 0 31 0 0 12
fi=(17)
48 83
fi=(54)
-26 166 0 83
cfi=(17)
cfn=(80)
calls=83 +29 
* 1494 498 249 0 8 0 0 5 0 332 29
fe=(10)
2733 415 249 0 0 2 0 0 1 0 166 4
+4 166 83 0 26 1 0 12 1 0 83 1
+5 82 0 82
cfn=(678)
calls=82 4985 
* 2378 820 656 68 2 0 18 0 0 410 68
* 246 82 0 0 0 0 0 0 0 82
+3 246 82 82
cfn=(438)
calls=82 5707 
* 14986 3992 2103 222 57 0 47 17 0 2264 121
+1 82
fi=(17)
112 82
fi=(54)
-80 164 0 82
cfi=(17)
cfn=(94)
calls=82 +83 
* 1968 656 246 0 10 0 0 3 0 574 75
fe=(10)
2768 328 246 82 29 0 0 12
+1 164 0 0 0 0 0 0 0 0 82 15
+1 71 0 71
+1 426 71 71 0 0 0 0 0 0 142 26
+11 497 426 71 28 0 0 12
cfn=(762)
calls=71 2979 
* 21649 4045 1349 93 2 46 36 0 24 4898 357
+1 142 0 0 0 0 0 0 0 0 71 2
+8 142 0 71 27 0 0 12
cfn=(764)
calls=71 3017 
* 1524 415 71 105 7 0 44 2 0 273 45
+1 142 0 0 0 0 0 0 0 0 71
+20 639 497 71 27 0 0 12
cfn=(766)
calls=71 3000 
* 19801 3770 1349 59 1 0 24 0 0 3717 346
+6 71 71
-49 71 71
+43 71
+56 11 11
fi=(64)
204 33 11
fe=(10)
2816 11 0 0 0 0 0 0 0 0 11
fi=(64)
204 213 71 0 26 0 0 12
fe=(10)
2816 575 45 6 0 0 0 0 0 0 237 20
+1 9 3 3 3 0 0 2 0 0 3
+1 9 6 0 0 0 0 0 0 0 3
+3 9 3 0 0 0 0 0 0 0 3
+47 3 0 3
-43 3
fi=(43)
19 3 0 3
cfi=(3)
cfn=(304)
calls=3 228 
* 114 36 24 0 1 0 0 0 0 6 3
* 12 6 3 3 0 0 2
fe=(10)
2827 9 3 0 0 0 0 0 0 0 3
+1 3
+1 3
+8 6
-4 6 3 0 0 1
+4 9 0 3 2 0 0 1
cfi=(140)
cfn=(1736)
calls=3 106 
* 794 54 617 14 8 59 12 3 26 605 32
* 3 0 3 2 0 2 1 0 1
+1 9 3 3 0 0 0 0 0 0 3 2
+1 9 6 3 0 0 0 0 0 0 3 1
+1 3 3 0 0 2
-7 3 0 0 0 0 0 0 0 0 3 2
+13 3 0 0 2 0 0 2
fi=(17)
48 3
fi=(54)
-26 6 0 3
cfi=(17)
cfn=(80)
calls=3 +29 
* 54 18 9 0 6 0 0 3 0 12 2
fe=(10)
2847 6 3 3
cfn=(646)
calls=3 5734 
* 252 45 22 1 1 1 0 0 0 34 6
* 3 0 3 0 0 2 0 0 1
+1 3
fi=(17)
112 3
fi=(54)
-80 6 0 3
cfi=(17)
cfn=(94)
calls=3 +83 
* 72 24 9 0 2 0 0 1 0 21 2
fe=(10)
2849 12 3 0 2 0 0 2 0 0 3 2
+3 2 0 2
cfn=(432)
calls=2 4944 
* 98 36 20 1 3 0 0 0 0 14
6112 4 2
2853 2 0 0 0 0 0 0 0 0 2
-84 4 2 0 0 1
+93 2 0 0 0 0 0 0 0 0 2
+1 6 4 2
+1 8 2 2 1 0 0 1 0 0 2
2610 1345 538 0 2 0 0 2
+64 164 82 0 70 12 0 21 4
-39 80660 32264 0 55 0 0 25
-9 80 32 0 10 0 0 4
-28 10 4 0 2 0 0 2
2850 2 0 1 1
cfn=(1260)
calls=1 3121 
* 12 4 1 2 0 0 0 0 0 2
+24 1
-6 158 0 0 30 0 0 12 0 0 79 4
fi=(64)
204 9 3
fe=(10)
2868 237 0 0 0 0 0 0 0 0 79 33
+1 3 3
+1 12 0 0 0 0 0 0 0 0 6 5
+1 1 0 1
cfi=(140)
cfn=(1756)
calls=1 81 
* 15 3 2 0 0 0 0 0 0 2 1
2569 1 1
2874 1 0 1
cfn=(744)
calls=1 2231 
* 1879 340 262 8 19 0 0 0 0 378 10
* 79 0 79 22 0 0 7
cfn=(744)
calls=79 2231 
* 70838 18616 9620 464 855 91 138 271 45 11690 457 26 8
+1 78 0 0 14 0 0 6
2738 2 0 1
cfn=(1514)
calls=1 5603 
* 50 7 6 1 2 0 1 2 0 8 2
* 1 0 1
+1 1
fi=(17)
112 1
fi=(54)
-80 2 0 1
cfi=(17)
cfn=(94)
calls=1 +83 
* 24 8 3 0 1 0 0 1 0 7 2
fe=(10)
2740 6 3 0 1 0 0 1

fn=(568)
3279 83500 16700 16700 43 0 0 13 0 0 16700 2
+3 33400 16700 0 30 60 0 11 29
+1 16700 16700
+1 34024 0 0 0 0 0 0 0 0 17012 78
+4 34024 0 0 0 0 0 0 0 0 16700 151
-9 312 0 312
+14 624 0 0 0 0 0 0 0 0 312 2
-5 309 0 309
+6 309
fi=(43)
19 309 0 309
cfi=(3)
cfn=(304)
calls=309 228 
* 11742 3708 2472 0 7 0 0 1 0 618 12
* 927 618 0 9 0 0 4
fe=(10)
3301 309 309
-5 1557 309 312 1 0 0 1 0 0 312 4
+5 3072 1230 0 5 2 0 3 0 0 615 5
+1 1842 614
+4 10 0 5 2 0 0 2
fi=(17)
48 5
fi=(54)
-26 10 0 5
cfi=(17)
cfn=(80)
calls=5 +29 
* 90 30 15 0 1 0 0 0 0 20
fe=(10)
3308 20 10 0 2 0 0 1 0 0 5 3
+1 10 5 5
cfi=(70)
cfn=(1746)
calls=5 668 
* 60 20 5 9 0 0 8 0 0 10 2
* 5
+1 5
-20 98331 32776 0 20 0 0 8
+20 24 16 0 0 0 0 0 0 0 8 2
+22 5 0 5
-19 15 5 5 5 0 0 4
cfi=(70)
cfn=(1748)
calls=5 773 
* 2377 676 440 107 26 12 81 6 11 386 77 9 7
* 10 0 0 0 0 0 0 0 0 5 2
+19 8 2
-6 2 2
-9 5
+9 6
+6 9 0 6
-6 16 6 0 2 0 0 2 0 0 3 3
+6 6 0 4
-6 29 10 0 2 0 0 2 0 0 5 2
+4 5
fi=(17)
112 5
fi=(54)
-80 10 5 5
cfi=(17)
cfn=(94)
calls=5 +83 
* 120 40 15 0 0 0 0 0 0 35
fe=(10)
3332 30 25 0 4 0 0 4

fn=(606)
6294 18 3 3 1 0 0 1 0 0 3
+1 3 3 0 0 3 0 0 3
+3 6 0 0 0 0 0 0 0 0 3
-2 6 0 0 0 0 0 0 0 0 3
-2 3 0 3 1 0 0 1
+7 6 0 3
+2 14 0 11 0 0 2 0 0 2
+2 11 11 0 0 2 0 0 1
+1 22 0 11 0 0 2 0 0 2
cfn=(607) runtime.doInit'2
calls=11 -12 
* 111086 22810 14398 905 302 438 627 162 378 17801 1385 286 26
cfn=(606)
calls=1 +43 
* 504806 89116 61897 2440 1324 1832 1838 818 1712 69194 4387 465 70
cfn=(607)
calls=5 +4 
* 2415604 421406 292886 10776 6198 8748 8476 3970 8263 329840 20413 2221 289
cfn=(607)
calls=49 -9 
* 23434373 4086708 2844653 104887 60410 84800 82100 38517 79986 3188792 197896 20591 2841
cfn=(607)
calls=14 +43 
* 6559056 1140206 795765 29190 16914 23713 22853 10797 22360 888121 55201 5463 790
cfi=(1)
cfn=(0)
calls=1 +43 
* 406272 69094 49130 1720 1061 1451 1355 678 1363 52906 3319 186 46
-3 26 15 0 1 2 0 1 0 0 7 4
+6 8 4 0 0 0 0 0 0 0 4 2
+10 12 2 0 0 0 0 0 0 0 2
+25 4 0 4
-2 2 0 2
-17 2 2
fi=(22)
18 4
fe=(10)
6325 4 0 2 0 0 1
+1 2
-16 2 0 2
+1 6 4 0 1 1
+15 7 0 7
+1 14
fi=(22)
18 7 7
fe=(10)
6329 14 7 7 0 1 0 0 1 0 0 0 7 7
cfi=(120)
cfn=(1006) fmt.init
calls=1 131 
* 625 147 83 4 0 3 4 0 1 93
cfn=(632)
calls=1 289 
* 5660 1114 767 66 15 19 22 5 17 775 98 4 1
cfi=(67)
cfn=(626)
calls=1 317 
* 1371 296 163 20 9 2 15 7 2 144 36
cfi=(19)
cfn=(624) runtime.init.4
calls=1 347 
* 1 1
cfi=(34)
cfn=(622)
calls=1 82 
* 1 1 0 1 0 0 1
cfi=(66)
cfn=(620)
calls=1 15 
* 19 4 1 2 0 0 2 0 0 5 2
cfi=(41)
cfn=(610) runtime.init
calls=1 44 
* 51 17 11 6 4 2 6 2 1 7 1
-3 21 14
+18 7 7
-2 7 7
+3 7 7
-19 18 9 0 0 0 0 0 0 0 9 7
+6 4 2 0 0 0 0 0 0 0 2 1
+17 2 0 2
+2 6 4

fn=(607)
6294 435 73 72 1 0 0 0 0 0 73 2
+1 72 72 0 0 19 0 0 15
+3 144 0 0 0 0 0 0 0 0 72
-2 144 0 0 0 0 0 0 0 0 72 26
-2 22 0 22
+7 44 0 22
+2 22
-6 150 100
+6 62 0 62
+2 62 62 0 0 10 0 0 10
+1 124 0 62
cfn=(607)
calls=62 -12 
* 185071 37226 22936 1249 463 743 971 263 663 30142 2217 537 28
-3 384 226 0 0 1 0 0 0 0 90 43
+6 40 20 0 0 0 0 0 0 0 20 4
+10 90 15 0 0 1 0 0 1 0 15
+25 30 0 30 1 0 2 1 0 1
-2 15 0 15 0 0 1 0 0 1
-17 15 15
fi=(22)
18 30
fe=(10)
6325 30 0 15 0 0 1 0 0 1
+1 15
-16 5 0 5
+1 15 10
+15 19 0 19 1 0 0 1
+1 38
fi=(22)
18 19 19
fe=(10)
6329 38 19 19 0 2 1 0 1 1 0 0 19 19
cfi=(118) /usr/lib/go-1.19/src/os/rlimit.go
cfn=(1000) os.init.1
calls=1 25 
* 64 13 10 6 0 0 5 0 0 6 3
cfi=(117) /usr/lib/go-1.19/src/os/proc.go
cfn=(996) os.init.0
calls=1 18 
* 473 103 62 11 2 1 5 0 1 75 9
cfi=(105) /usr/lib/go-1.19/src/os/dir.go
cfn=(932) os.init
calls=1 108 
* 13500 2890 2196 225 57 55 102 14 37 1985 225 9 4
cfi=(104)
cfn=(928)
calls=1 12 
* 317 75 42 2 0 0 2 0 0 47
cfi=(102)
cfn=(922)
calls=1 13 
* 933 219 124 5 0 1 5 0 1 139
cfi=(100) /usr/lib/go-1.19/src/io/fs/fs.go
cfn=(916) io/fs.init
calls=1 137 
* 352 90 52 7 0 2 7 0 2 52 1
cfi=(99)
cfn=(912)
calls=1 14 
* 317 75 42 2 0 0 2 0 0 47
cfi=(95) /usr/lib/go-1.19/src/time/format.go
cfn=(900) time.init
calls=1 167 
* 4108 861 486 18 8 9 15 4 6 656 38 8
cfi=(92) /usr/lib/go-1.19/src/syscall/env_unix.go
cfn=(894) syscall.init
calls=1 18 
* 3326 664 538 35 28 32 9 0 32 469 44 1
cfi=(91) /usr/lib/go-1.19/src/internal/oserror/errors.go
cfn=(890) internal/oserror.init
calls=1 13 
* 1549 363 206 7 0 4 7 0 4 231
cfi=(89)
cfn=(884)
calls=1 29 
* 2781 651 370 13 2 6 12 0 5 415 5
cfi=(86)
cfn=(876)
calls=1 32 
* 75 13 15 9 0 1 9 0 1 12 3
cfi=(81)
cfn=(846)
calls=1 13 
* 65587 12518 7840 342 125 247 287 94 242 11369 621 241 1
cfi=(79) /usr/lib/go-1.19/src/sync/runtime.go
cfn=(842) sync.init.1
calls=1 45 
* 20 6 3 2 0 0 2 0 0 3
cfi=(78)
cfn=(838)
calls=1 275 
* 23 7 4 3 0 0 3 0 0 3
cfi=(77)
cfn=(836)
calls=1 77 
* 312 75 39 2 2 3 2 2 2 47 4
cfi=(74) /usr/lib/go-1.19/src/strconv/atof.go
cfn=(830) strconv.init
calls=1 15 
* 1892 457 297 25 7 14 4 2 14 266 28 1
cfi=(73)
cfn=(828)
calls=1 11 
* 6 3 1 1 1 0 1 0 0 1
cfi=(62) /usr/lib/go-1.19/src/internal/bytealg/index_amd64.go
cfn=(608) internal/bytealg.init.0
calls=1 12 
* 5 2 1 1 0 0 1 0 0 1
-3 57 38
+18 19 19
-2 19 19
+3 19 19
-19 68 34 0 1 1 0 1 0 0 34 9
+6 30 15 0 0 0 0 0 0 0 15 7
+17 15 0 15 1 0 0 1
+2 45 30 0 1 0 0 1
-57 2 0 2 1 0 0 1
cfi=(2)
cfn=(782)
calls=1 576 
* 13108 2920 1710 182 36 58 141 19 27 1586 313 7 2

fn=(676)
2435 5 1 1 1 0 0 1 0 0 1
+1 1 1
+2 6 2 0 0 0 0 0 0 0 2 1
-2 1 0 1 1 0 0 1
+5 2 1 0 0 0 0 0 0 0 1
+2 1 0 1
cfn=(678)
calls=1 4985 
* 29 10 8 3 1 0 3 0 0 5 1
+1 1 0 1
cfn=(680)
calls=1 -90 
* 3946 787 552 43 2 13 6 0 12 525 38 2
+2 2 0 1
cfn=(684)
calls=1 5005 
* 96 31 13 6 0 0 6 0 0 20 4
* 1
+2 1 0 1
cfn=(688)
calls=1 1455 
* 82 31 19 10 0 1 8 0 0 6 3
+1 3 3 0 1
902 1 1
2450 4 0 0 1 0 0 1 0 0 1
+5 3 2 1
cfn=(432)
calls=1 4944 
* 49 18 10 0 0 0 0 0 0 7
+1 3 2 1
+1 3 2

fn=(702)
2905 600 120 120 28 0 0 12 0 0 120
+1 240 240
fi=(42)
285 480 0 120
fe=(10)
2911 494 0 0 1 0 0 1
+9 374
+42 748
-51 988 0 0 25 0 0 13 0 0 494 11
fi=(22)
128 420 420
+7 1260 420
+1 840
fe=(10)
2962 420
fi=(22)
136 420
fi=(42)
285 420
fi=(22)
136 420
-1 420 0 420 26 0 0 13
+2 420
fe=(10)
6246 420 420 0 0 31 0 0 11
+2 1260 840
-1 2100 0 0 0 0 0 0 0 0 420
+1 840 0 0 0 0 0 0 0 0 420 4
-1 420
+1 2100 0 0 26 0 0 12 0 0 420
2911 420 0 420 0 0 2
6248 420 420 0 0 40 0 0 11
2914 1680 0 1680
-2 1260 0 420
+2 420
+57 518 148 0 1 0 0 1
-59 6333 0 0 1 0 0 1
6258 18999 0 6333
2961 6333
6253 12666 12666
2914 6333 0 0 0 0 0 0 0 0 6333 378
6253 840 840 0 23 0 0 10
2914 420 0 0 0 0 0 0 0 0 420 15
+1 12758 6379 0 0 1 0 0 1 0 6379 261
+4 12748 12748 0 21 7 0 10 6
6262 6374 6374
2919 25496 6374 0 0 27 0 0 12 0 6374 80
+1 12748 0 0 0 0 0 0 0 0 6374 489
-8 5977
+25 8623 2646 0 0 21 0 0 3 0 5977 671
5637 2646 0 0 1 0 0 1
+2 7938 2646 1323 0 10 1 0 3 1 1323 20
2937 17931 0 0 28 0 0 11 0 0 5977 367
-18 150 0 150
+43 300 0 300
-24 600 0 150 35 0 0 13
cfn=(568)
calls=150 3279 
* 4886 1355 550 73 53 9 48 17 8 801 245 5 4
+2 309 3 0 0 0 0 0 0 0 153 1
+22 294 147
-24 147
+5 147 0 0 0 0 0 0 0 0 147 2
-5 3
+5 3 0 0 0 0 0 0 0 0 3
+19 148 148
-19 148
-5 2 0 2
+24 2 0 2
-10 6 2 2 1
cfn=(570)
calls=2 5899 
* 24 8 0 0 0 0 0 0 0 4 4
* 4 0 0 0 0 0 0 0 0 2
+10 6 4
-1 6 4
-41 2 2
+42 4
-50 2 2
+48 4 4
6262 2 2
5637 6
+2 4 0 0 0 0 0 0 0 0 2
2961 444 296 0 49 0 0 13
-41 148 148
+42 296
-50 148 148
+48 296 296
6262 148 148
5637 444
+2 296 0 0 0 0 0 0 0 0 148 8
2960 11654 11654 0 43 34 0 13 5
6262 5827 5827
5637 17481
+2 29585 11954 5977 0 37 63 0 5 28 5827 15
2960 5977 0 0 0 0 0 0 0 0 5977 524
+2 1863 0 1863 4 0 0 1
-1 2484 0 621 0 0 6 0 0 3
cfn=(706)
calls=621 6018 
* 30371 6104 5793 384 188 47 113 72 23 3437 241
* 1242 0 0 13 0 0 6 0 0 621 5
-49 580 580 0 0 7 0 0 5
+49 580 580
+1 2320 1740
-42 580 580 0 0 7 0 0 5
6257 580 0 580 6 0 0 4
+1 2900 1740 0 0 0 0 0 0 0 580 55
-1 5753 0 5753 43 0 0 7
+1 28765 17259 0 0 0 0 0 0 0 5753 13
2962 287 205 0 12 22 0 3 8
-45 40 10 0 4 0 0 4

fn=(326)
4075 204 34 68 5 0 0 2 0 0 34 1
+1 68 0 34 7 0 0 2
cfi=(12)
cfn=(278)
calls=34 1201 
* 25647 4744 3207 112 58 56 2 8 27 3297 211 4 2
+1 102 34 0 0 0 0 0 0 0 34 4
+1 34
fi=(6)
944 34
fe=(10)
4088 102 68
fi=(6)
945 414
-1 1242
fe=(10)
4075 414
fi=(6)
944 2552 0 0 0 0 0 0 0 0 414 60
fe=(10)
4075 34
fi=(6)
944 204 0 0 0 0 0 0 0 0 34 7
fe=(10)
4076 34 0 34 10 0 0 2
+3 340 0 272
cfi=(2)
cfn=(75)
calls=27 463 
* 17140 4172 2310 179 54 104 61 8 101 2244 217 98 7
cfi=(2)
cfn=(74)
calls=7 463 
* 7986 1419 920 154 32 33 132 21 31 981 117 15 3
* 68 34 0 10 0 0 2
+3 136 68 34
+1 34 0 34
+3 102 34 34 0 0 7 0 0 7

fn=(958)
3773 90 0 30 15
+1 30 30 0 0 1
+2 30 0 30 0 0 1
+1 120 30 0 14 1 0 6 0 0 30 4
-3 30 0 30
+7 30 0 30 0 0 1
+2 30 30
-1 30 30 0 0 1
fi=(42)
285 30 0 30
fe=(10)
3783 30 0 30
+1 30 0 30
cfn=(960)
calls=30 +73 
* 7285 2004 1341 109 6 5 48 0 0 1004 78 17 17
* 60 0 0 0 0 0 0 0 0 30 7
+3 60 30 0 13 8 0 6 2 0 30 4
+8 60 30 0 9 0 0 6 0 0 30 4
+6 120 90 30 19 0 0 12
+2 90 0 30
cfn=(494)
calls=30 963 
* 1000 98 162 4 2 0 3 1 0 208 15
+4 60 30 30
+1 60 30 30
+1 60 30 0 0 0 0 0 0 0 30 4
+5 90 30 30 13 1 0 6
+2 30 0 30
+2 60 30 0 0 7 0 0 1 0 30 4
+5 120 60 0 14 0 0 6

fn=(1244)
5388 910 182 182 57 0 0 15 0 0 182 10
+1 364 182
+1 726 181 0 60 0 0 16 0 0 363 90
+3 87 87 0 0 56 0 0 41
+1 306 66 0 0 40 0 0 33 0 153 31
+4 66 0 66 0 0 44 0 0 33
+6 66 0 66 0 0 41 0 0 33
+3 132 66 0 0 22 0 0 17 0 66 10
+5 264 132 0 3 0 0 2
-17 84 42 0 12 0 0 3
-4 380 190 0 95 0 0 18

fn=(1450)
909 3024 378 1512 29 0 0 9 0 0 378 28
+9 756
+1 378 0 0 0 0 0 0 0 0 378 4
+4 1512 0 0 28 0 0 9 0 0 378 371
-14 378
+15 1512 0 378
+3 378 0 0 0 0 0 0 0 0 378 33
+6 1134 756

fn=(1528) runtime.schedEnableUser
5500 102 17 34 17 0 0 8 0 0 17
fi=(17)
48 17
fe=(10)
5501 17 0 0 17 0 0 8
fi=(54)
22 17 0 17
cfi=(17)
cfn=(80)
calls=17 +29 
* 306 102 51 0 0 0 0 0 0 68
fe=(10)
5502 85 34 0 0 0 0 0 0 0 17 2
+1 17 0 0 17 0 0 8
fi=(17)
112 17
fi=(54)
-80 51 0 17 17 0 0 8
cfi=(17)
cfn=(94)
calls=17 +83 
* 410 136 53 0 0 0 0 0 0 119 30
fe=(10)
5504 51 34

fn=(112)
605 5 1 1 1 0 0 1 0 0 1
+6 2 0 1
+6 1
+1 75
-1 225 75
fi=(5)
63 150
fi=(22)
-45 75 75
fi=(5)
+45 75 75 0 0 3
fe=(10)
617 78 1 0 0 0 0 0 0 0 75 9
fi=(5)
63 2
fi=(22)
-45 1 1 0 0 1
fi=(5)
+45 1 1 0 1 1 0 1
fe=(10)
617 4 0 1 0 0 0 0 0 0 1 1
+4 81 26 14 0 0 0 0 0 0 14
+1 42 14
fi=(5)
63 28
fi=(22)
-45 14 14
fi=(5)
+45 28 14 14 1 0 0 1
fe=(10)
623 14 0 14
cfi=(9)
cfn=(114) runtime.findnull
calls=14 509 
* 980 182 168 9 7 0 9 7 0 126 27
* 70 28 42
fi=(9)
350 82 13 0 0 0 0 0 0 0 14 1
fe=(10)
625 28 0 0 1 0 0 1 0 0 14 8
+1 2 0 1
cfi=(9)
cfn=(122) runtime.gostring
calls=1 330 
* 9444 1765 1191 316 32 21 316 32 13 1012 210 10 4
* 8 0 0 0 0 0 0 0 0 1
+1 1
+5 3 0 1
cfi=(36)
cfn=(274)
calls=1 123 
* 13190 2279 1526 101 38 42 99 16 36 1471 242 6 1
+6 2 1 1 1 0 0 1
+1 2 1 1
+1 2 1 1
+8 3 2

fn=(464)
4284 126 21 42 4 0 0 1 0 0 21
+1 21
+1 42 21 0 0 3
6112 21 0 0 7 0 0 1
4286 21 0 0 0 0 0 0 0 0 21
6112 21 21 0 0 11 0 0 1
4286 21 0 0 0 0 0 0 0 0 21
6112 21 21
4286 21 0 0 0 0 0 0 0 0 21 2
+19 21
6131 21
+1 42 0 0 0 0 0 0 0 0 21 2
4306 21 0 0 7 0 0 1 0 0 21 2
+1 84 42 0 4 0 0 1

fn=(496)
533 105 21 21 8 0 0 1 0 0 21
+1 84 21 0 9 0 0 1 0 0 21
+5 21 0 21
-1 21
fi=(17)
48 21
fi=(54)
-26 42 0 21
cfi=(17)
cfn=(80)
calls=21 +29 
* 378 126 63 2 0 0 0 0 0 84 2
fe=(10)
539 156 63 6 6 1 0 1 0 0 21 5
cfi=(39)
cfn=(286)
calls=6 178 
* 8158 1811 1198 173 40 43 0 4 29 1175 137 4 4
* 210 48 54 19 0 9 1 0 2 27 5
+1 126 63 0 19 10 0 1 0 0 42 8
+1 6
fi=(44)
32 12 6 0 0 0 0 0 0 0 6 3
+3 12 6 6 0 0 0 0 0 0 6
fe=(10)
543 18 12 6 6 0 0 1 0 0 6
+1 6
fi=(17)
112 6
fi=(54)
-80 12 0 6
cfi=(17)
cfn=(94)
calls=6 +83 
* 132 42 18 3 0 0 0 0 0 36 4
fe=(10)
543 45 30 15 1 0 0 0 0 0 15
+1 15
fi=(17)
112 15
fi=(54)
-80 30 0 15
cfi=(17)
cfn=(94)
calls=15 +83 
* 330 105 45 0 0 0 0 0 0 90
fe=(10)
545 63 42

fn=(572)
2517 115227 16461 49383 109 1 0 32 1 0 16461 1
+1 32922 16461 16461 0 51 0 0 18
+2 16461 0 0 0 0 0 0 0 0 16461 6
+9 115227 49383 16461 57 15 1 16 9 1 16461 45
cfi=(2)
cfn=(1288)
calls=44 1628 
* 924 396 308 4 1 19 1 0 10 44
+1 98766 32922 16461 0 0 28 0 0 14 16461 4
cfi=(2)
cfn=(1452)
calls=44 1743 
* 1100 440 352 8 10 1 3 4 1 44
+1 49383 0 16461
cfn=(494)
calls=16461 963 
* 687094 90503 111089 125 107 27 51 31 8 119326 18499
+1 32922 16461 16461 38 0 0 14
+1 16461 0 16461
+1 49383 16461 16461 0 26 0 0 7
-17 32922 16461
+18 16461 0 0 0 0 0 0 0 0 16461 15
+6 15 15
-6 15
+1 65784 49338 16446 31 0 5 11 0 5
+5 16446 16446
-1 16446 16446 0 0 20 0 0 8
+1 32907 16461 0 6 0 0 2 0 0 16446 4
-1 15 15 0 0 2 0 0 1
+1 30 15 0 0 0 0 0 0 0 15 2
+4 32922 16461 0 0 3 0 0 2 0 16461 8
+9 49383 0 32922 45 0 0 15
cfi=(2)
cfn=(574) runtime.gogo.abi0
calls=16461 400 
* 8242347 1899996 1307642 744 46487 1529 390 43364 1394 1231994 35368 32888 100

fn=(582) runtime.main.func1
170 5 1 1 1 0 0 1 0 0 1
+1 4 0 1
cfn=(584)
calls=1 2096 
* 5453 1118 798 86 26 25 29 5 25 740 104 3 2
+1 3 2

fn=(678)
4985 670 134 134 41 0 3 13 0 2 134 8
+1 134 134
+2 536 134 134 41 1 0 13 0 0 134 12
fi=(42)
285 134 0 134
fe=(10)
4991 134
+1 804 268 134 0 4 0 0 2 0 268 23
-6 134 0 134
+10 268 134 0 0 0 0 0 0 0 134 85
+3 402 268 134 42 0 0 13
+1 134 0 134
+1 134 0 134
+1 402 268

fn=(732) runtime.goready.func1
373 7 3 1 1 0 0 1 0 0 1
+1 2 0 1
cfn=(734)
calls=1 843 
* 120 29 22 7 1 1 7 1 1 19 4
+1 3 2

fn=(1262)
5863 85 17 17 17 0 0 9 0 0 17
+1 17 17 0 0 12 0 0 2
+1 34 17 0 17 0 0 9
+2 17
+2 17
fi=(42)
266 17 0 17 0 0 8 0 0 7
fe=(10)
5870 17
+1 17
6046 51 17
5867 17 0 0 0 0 0 0 0 0 17 13
6046 51 17
5867 85 0 0 0 0 0 0 0 0 34
+1 17
6087 17
+1 34 0 0 0 0 0 0 0 0 17
+1 34 17 17 17 0 0 8
+1 34 0 0 0 0 0 0 0 0 17
+1 34 0 17
5885 34 17 17 0 0 0 0 0 0 17 8
-12 17
6046 17 17
5886 17 0 0 0 0 0 0 0 0 17 7
+5 51 34 0 17 0 0 8

fn=(1420)
937 2646 378 1134 29 0 0 9 0 0 378
+2 756
+2 378 0 0 0 0 0 0 0 0 378 50
+2 1512 0 0 0 0 0 0 0 0 378 14
-6 378
+7 1134 0 378 29 0 0 9
+4 1134 756

fn=(1730)
3078 25 5 5 5 0 0 4 0 0 5 5
+1 15 5 0 0 0 0 0 0 0 5 2
+5 1 1
+1 4 0 0 0 0 0 0 0 0 2
+1 1 0 1
cfi=(140)
cfn=(1756)
calls=1 81 
* 46 13 10 5 2 0 5 1 0 4 2
* 1
+6 4 0 4
cfn=(642)
calls=4 2422 
* 480 123 80 9 11 1 4 6 1 70 12
+3 15 10 0 3 0 0 1
cfi=(70)
cfn=(1708)
calls=1 545 
* 30876 9290 4062 242 198 85 98 64 39 5660 450 19 9

fn=(548)
1441 5 1 1 1 0 0 1 0 0 1
+4 2 1 0 0 0 0 0 0 0 1 1
+4 2 0 1 1 0 0 1
cfi=(58)
cfn=(550)
calls=1 114 
* 8485 2064 2164 17 1 13 17 0 13 942 61
+1 3 2

fn=(578) runtime.main
cfn=(606)
calls=1 6310 
233 504840 89130 61901 2440 1328 1832 1838 818 1712 69200 4388 465 70
237 1 0 1 1
+2 2 1 1 0 1
cfi=(68)
cfn=(1012)
calls=1 357 
* 90 23 13 8 2 0 8 0 0 19 5
+2 1 0 1
+1 1 0 1
cfn=(1018)
calls=1 4463 
* 22 9 5 3 1 2 3 0 0 3 1
+2 4 2 0 1 0 0 1 0 0 2
+6 3 1 1 0 1 0 0 0 0 0 0 1 1
cfi=(122)
cfn=(1020)
calls=1 24 
* 17078782999 7729740383 1065458605 252799 136930854 36046367 11357 75653003 35524164 2388989359 1289352 206812 2906
cfi=(3)
cfn=(600)
calls=1 61 
* 28836705306 13762859987 1310857178 1150 983043768 3460 668 658193673 3367 3932274623 26681 42 17
+9 3 1 0 1 0 0 1 0 0 1 1
+9 3 1 0 1 0 0 1 0 0 1 1
+4 2 0 2 0 0 1 0 0 1
cfi=(3)
cfn=(1820) runtime.exit.abi0
calls=1 57 
* 3 1 0 1 0 0 1
+92 4 2 0 0 1 0 0 1

fn=(584)
2096 36 6 12 3 0 0 2 0 0 6
fi=(5)
477 6 6
fe=(10)
2107 6
fi=(5)
478 6 0 6
+1 12 6
fe=(10)
2096 6
+13 18 0 6
cfn=(586)
calls=6 1715 
* 38929 8075 5189 515 118 178 226 49 173 5009 438 94 7
fi=(42)
288 6 6 0 1
fe=(10)
2110 6 0 6 4 0 0 2
+1 12 6 6 0 2 0 0 1
+1 42 6 0 0 0 0 0 0 0 12
-3 6 0 6
+3 24 12 0 4 4 0 2 4 0 12 2
+29 6 0 6 4 0 0 2
cfn=(596)
calls=6 +4 
* 852 276 198 26 2 0 20 2 0 96 14
+1 6 6
fi=(5)
485 24 6 6
+1 14 1 0 2 0 0 2 0 0 7 2
fe=(10)
2143 18 12

fn=(642)
2422 665 133 133 45 0 2 13 0 0 133
+1 399 133 0 0 0 0 0 0 0 133 11
+4 1001 107 85 32 0 0 12 0 0 192 100
+1 66 44 0 2
+2 255 0 85
cfn=(644)
calls=85 2269 
* 51951 12420 7841 933 354 120 223 121 116 6998 588 80 4
+1 255 170
cfn=(1730)
calls=1 3095 
* 30879 9292 4062 243 198 85 98 64 39 5660 450 19 9
-7 78 52 0 8

fn=(643)
2422 15 3 3 2 0 0 0 0 0 3
+1 9 3 0 0 0 0 0 0 0 3
+4 25 3 2 1 0 0 1 0 0 5 3
+1 3 2
+2 6 0 2
cfn=(645)
calls=2 2269 
* 660 170 108 14 13 0 2 1 0 94 4
+1 6 4

fn=(314)
773 35 7 7 3 0 0 2 0 0 7
+3 42 7 7 3 0 0 2 0 0 7
+4 7 0 7
+1 7 0 7
cfn=(316) runtime.checkmcount
calls=7 -21 
* 91 42 7 3 1 0 2 1 0 14
+1 28 21

fn=(316)
760 35 7 7 3 0 0 2 0 0 7
+3 7 7
4491 14 14 0 0 1 0 0 1
763 14 0 0 0 0 0 0 0 0 7
+4 21 14

fn=(708)
5963 5589 621 3105 59 0 3 23 0 3 621 11
+1 621
+1 16 8 0 4 6 0 3 4
+1 8 8
+1 8
+1 24
+1 16 0 0 0 0 0 0 0 0 8 5
-4 621 621 0 0 59 0 0 21
+1 621 621
+1 621
+1 1863
+1 1242 0 0 0 0 0 0 0 0 621 58
-6 608
+7 608 0 0 0 0 0 0 0 0 608 41
+2 624 156 0 36 57 0 7 17 0 156 51
+1 56 28 0 0 2 0 0 0 0 28 9
-1 38 0 38
+13 38 0 19
cfi=(3)
cfn=(1212)
calls=19 125 
* 342 57 57 13 19 12 4 9 9
* 38 19 0 9 18 0 4 9
fi=(42)
270 19 19 0 0 2
fe=(10)
6007 19 19 0 0 16 0 0 9
fi=(42)
270 19 19
fe=(10)
6007 19 19 0 16 0 0 7
-44 38 19
fi=(42)
270 95 0 19 0 0 16 0 0 7
fe=(10)
5993 19 0 0 0 0 0 0 0 0 19 6
-30 9 0 0 1
fi=(42)
270 45 0 9
fe=(10)
5993 29 0 0 0 0 0 0 0 0 9 9
+9 42 0 0 19 0 0 5 0 0 21 3
+1 21 0 0 18 0 0 5
-1 21
+7 21
-46 21
+46 105 0 21 0 0 0 0 0 0 21 3
-13 60 0 20 6 0 10 2 0 3
+1 80 40
+3 2320 1160 0 16 0 0 8
+7 21
-1 63 21 0 0 9 0 0 3
+1 63 0 21 0 0 1 0 0 1
-2 126 0 0 18 0 0 5 0 0 42 3
+5 84 42

fn=(716)
3335 240 48 48 35 0 0 14 0 0 48
fi=(17)
112 48
fe=(10)
3336 48
fi=(54)
32 48 0 48 0 0 1 0 0 1
cfi=(17)
cfn=(94)
calls=48 +83 
* 1152 384 144 0 9 0 0 1 0 336 37
fe=(10)
3337 192 96

fn=(730)
372 10 2 2 2 0 0 2 0 0 2
+1 18 0 14 2 0 1 2 0 1
cfi=(2)
cfn=(74)
calls=2 +90 
* 195 59 40 9 1 1 8 1 1 28 6 2 2
* 4 2
+3 6 4
cfi=(68)
cfn=(726)
calls=1 -53 
* 26338 8065 3223 276 63 55 30 7 37 4378 283 74 4

fn=(962)
3901 39 0 13 9 0 0 5
+1 13 13
+1 65 39 0 0 0 0 0 0 0 13 13
+14 39 26 0 17 0 0 10

fn=(1222)
5291 485 97 97 34 0 0 12 0 0 97
+23 97 0 97
fi=(17)
48 97
fe=(10)
5295 97
fi=(54)
22 97 0 97 0 0 6
cfi=(17)
cfn=(80)
calls=97 +29 
* 1746 582 291 0 52 0 0 19 0 388 3
fe=(10)
5299 1940 97
+58 1552 0 1552
-58 4656 3104 0 0 0 0 0 0 0 1552 99
+58 97 0 97
-58 291 194 0 33 22 0 12 18 0 97
+1 1552 1552 0 0 47 0 0 36
+1 3104 0 0 0 0 0 0 0 0 1552
-2 1552 0 1552
+1 1552 0 1552
+7 1552 1552 0 0 410 0 0 317
+2 5994 0 0 0 0 0 0 0 0 2997 208
+2 109 109
+1 327 109 0 0 0 0 0 0 0 109 42
+1 40 0 40
+1 120 0 40 17 0 0 8
+1 276 69 0 24 0 0 6 0 0 69 22
-8 44 0 44
+8 44 0 44
+1 88 0 44
cfn=(1244)
calls=44 +72 
* 1021 340 122 20 47 46 18 40 34 252 38
-1 132 88
-16 44 44
+58 44 44
-33 44 44 0 2 0 0 2
-2 44 44
-7 1581 0 0 20 0 0 9
+7 3104 0 0 5 0 0 2 0 0 1552 43
+2 4 2
+1 7 1 0 0 0 0 0 0 0 3 2
+1 1 0 1
+1 1 0 1
+1 1
5759 1
5356 97
fi=(17)
112 97
fi=(54)
-80 194 0 97 29 0 0 12
cfi=(17)
cfn=(94)
calls=97 +83 
* 2134 679 291 0 0 0 0 0 0 582 58
fe=(10)
5357 388 291
5760 1 1 0 1 0 0 1
+1 1 1
+1 1 1
+1 3 1 0 0 0 0 0 0 0 1
+1 4 0 0 1 0 0 1 0 0 1
5333 13 3 0 0 0 0 0 0 0 3
+4 1
fi=(17)
112 1
fi=(54)
-80 2 0 1 1 0 0 1
cfi=(17)
cfn=(94)
calls=1 +83 
* 22 7 3 0 0 0 0 0 0 6 1
fe=(10)
5342 2 0 1
cfn=(684)
calls=1 5005 
* 60 17 11 1 0 0 1 0 0 12 2
+1 7 1 1 0 0 0 0 0 0 1 1
+1 2 1 0 0 0 0 0 0 0 1 1
+5 1 0 1 1 0 0 1
+1 2 0 1
cfn=(680)
calls=1 2354 
* 6596 1277 824 244 58 32 205 37 31 831 108 9 1
-2 2 1 0 1
+2 1
+7 1 0 1
-5 2 0 1
cfn=(684)
calls=1 5005 
* 94 30 13 0 0 0 0 0 0 19 1
+1 1
fi=(54)
22 3 0 1 1 0 0 1
cfi=(17)
cfn=(80)
calls=1 +29 
* 18 6 3 0 0 0 0 0 0 4
fe=(10)
5299 1 1
+15 1 1
+43 1 1
fi=(17)
48 1
fe=(10)

fl=(19)
fn=(178)
793 336219 0 112073 41 0 0 9
+1 448292 224146 0 0 0 0 0 0 0 112073 9
+1 336135 112045 112045 0 0 0 0 0 0 112045 2188
+1 224090 0 0 0 0 0 0 0 0 112045 143
+6 56
fi=(17)
112 28
fi=(54)
-80 56 0 28 1 0 0 1
cfi=(17)
cfn=(94)
calls=28 +83 
* 616 196 84 0 0 0 0 0 0 168 3
fe=(19)
804 336219 224146 0 41 0 0 9

fn=(176)
764 336219 0 112073 67 0 0 13
+1 448292 224146 0 0 3071 0 0 0 0 112073 17
+1 336135 112045 112045 46 7128 0 7 7 0 112045 171
+1 224090 0 0 0 0 0 0 0 0 112045 20
-3 28 0 28 1 0 0 1
+9 56 28 0 0 1 0 0 1
fi=(17)
48 28
fi=(54)
-26 56 0 28
cfi=(17)
cfn=(80)
calls=28 +29 
* 504 168 84 0 0 0 0 0 0 112 4
fe=(19)
775 224 56 0 1 0 0 1
+1 56 0 0 0 0 0 0 0 0 28
-1 784315 112045 0 56 7085 0 9 7
+1 784455 224146 0 0 0 0 0 0 0 112045 2

fn=(624)
347 1 1

fn=(84)
644 618000 0 309000 48 0 1481 10
+1 618000 154500 309000 41 1987 29 11 18 1 154500 10
+1 802674 0 0 0 0 0 0 0 0 422058 1892
+4 463500 309000

fl=(24)
fn=(1570) runtime.(*mcache).releaseAll
258 1632 272 544 17 0 0 8 0 0 272 2
+2 544 272 272 17 23 0 8
+1 272 0 272
+2 1088 272 272
+2 37264
+21 36992 0 36992
-21 73984 0 0 0 0 0 0 0 0 36992 318
+21 272 0 272
-21 544 0 0 0 0 0 0 0 0 272 1
+1 36992 36992 0 0 4672 0 0 1910
+1 147968 0 0 17 0 0 8 0 0 36992 170
-2 101 0 101
+1 101 0 101
+2 404 202 202 0 95 0 0 8
+1 101 0 101
+3 202 0 101 0 0 1 0 0 1
cfi=(19)
cfn=(176)
calls=101 764 
* 2626 606 202 36 11 0 0 0 0 404 7
+1 101
-5 303 202 0 14 0 0 6
fi=(13)
545 202 101
fe=(24)
273 303 0 0 0 0 0 0 0 0 101
-5 101 0 101
+5 303 101 101 0 40 0 0 17 0 101
+1 202 0 101
cfi=(19)
cfn=(178)
calls=101 793 
* 1515 505 202 19 0 0 0 0 0 303
+4 404 303 0 14 20 0 6 2
fi=(30)
+9 202 101 101 0 3 0 0 0 0 101
fe=(24)
-7 404 202 0 0 1 0 0 0 0 101 21
+6 202 101 101 14 0 0 6
+4 707 101 101
cfi=(27)
cfn=(422)
calls=101 -96 
* 104682 27795 9991 933 682 53 251 162 22 15340 909 88 28
+1 404 202 101
-25 101
+14 101 101 0 13 0 0 5
-15 202
+21 101 101
+19 101 101
-14 101
+5 272 0 272 4 0 1 3
+3 544 0 272 0 0 2 0 0 2
cfi=(19)
cfn=(176)
calls=272 764 
* 7072 1632 544 11 15 0 2 2 0 1088 4
+1 816 816 272 0 12 0 0 1 0 272
+1 272 0 272 17 0 0 8
+1 544 0 272
cfi=(19)
cfn=(178)
calls=272 793 
* 4080 1360 544 6 0 0 0 0 0 816 31
+3 1088 544 272
cfi=(34)
cfn=(268)
calls=272 936 
* 3808 1088 272 45 0 0 0 0 0 1088 6
+1 816 544

fn=(102)
84 80 16 16 2 0 0 1 0 0 16
+1 16 0 16 2 0 0 1
+1 128 0 80
cfi=(2)
cfn=(74)
calls=16 463 
* 2130 701 386 10 3 16 7 0 15 355 28 18 7
* 32 16
-2 16
+8 16
+1 8704 2176 2176 0 0 280 0 0 280
-1 6560 0 0 2 0 0 1 0 0 2192 35
fi=(12)
1249 48 16 0 0 1 0 0 1 0 16 2
+14 16 0 16
cfn=(110) runtime.fastexprand
calls=16 +5 
* 176 32 16 6 0 0 3 0 0 32 3
* 16
fe=(24)
95 32 16 16 0 0 2 0 0 1
+1 64 48

fn=(104) runtime.allocmcache.func1
86 112 32 32 2 0 0 1 0 0 16
+1 16
fi=(17)
-39 16
fi=(54)
-26 32 0 16 2 0 0 1
cfi=(17)
cfn=(80)
calls=16 +29 
* 288 96 48 0 0 0 0 0 0 64 1
fe=(24)
+66 32 0 16
cfi=(14)
cfn=(106)
calls=16 -15 
* 928 300 178 4 3 0 4 0 0 146 18 2 2
* 32 16 16
+1 32 16 16 0 0 16 0 0 15
+1 16
fi=(17)
+22 16
fi=(54)
-80 32 0 16
cfi=(17)
cfn=(94)
calls=16 +83 
* 354 113 48 0 0 0 0 0 0 97 6
fe=(24)
+59 48 32 0 2 0 0 1

fn=(1666) runtime.(*mcache).allocLarge
218 224052 44811 44810 25 15 0 10 0 0 44811 1
+1 179240 0 0 16 0 0 8 0 0 44810 20
-1 44810 0 44810
fi=(13)
541 44810 0 44810
fe=(24)
222 89620
+2 44810
-1 44810
+7 358480 0 134430 10 0 0 5
cfi=(28)
cfn=(140)
calls=44810 808 
* 15349530 3144510 1795190 19224 121538 23982 243 43004 826 2137421 50136 2098 701
+2 44810
fi=(22)
437 134430 44810 44810
fe=(24)
233 179240 44810 44810
cfi=(13)
cfn=(150)
calls=44810 907 
* 354305137 41269061 18040156 114482 1856430 311442 2036 24755 210246 59536124 1490301 444514 875
+1 44810
-11 44810 0 0 0 0 0 0 0 0 44810 3
+10 44810 0 44810
+6 89620 0 44810
cfi=(19)
cfn=(176)
calls=44810 764 
* 1165060 268860 89620 0 0 0 0 0 0 179240 4
+1 89620 89620 44810 23 1565 0 9 0 0 44810
+1 89620 44810 44810 0 6661 0 0 4 0 44810
+1 134430 0 44810
cfi=(19)
cfn=(178)
calls=44810 793 
* 672150 224050 89620 0 0 0 0 0 0 134430 32
+3 44810
fi=(30)
+42 134430 89620 44810 0 0 0 0 0 0 44810
fe=(24)
-39 268860 89620 44810 12 0 0 6
cfi=(34)
cfn=(268)
calls=44810 936 
* 4311931 1276099 504852 3453 9179 1264 30 3 0 580284 182
+4 313670 89620 0 0 0 0 0 0 0 44810 3
fi=(27)
75 313670 0 0 24 0 0 10
fe=(24)
252 134430 44810 44810
cfi=(29)
cfn=(424)
calls=44810 74 
* 2119528 631222 405868 7072 20150 322 59 4882 1 271190 314 25 24
fi=(13)
470 89620 89620
fe=(24)
253 134430 44810 44810
fi=(26)
+73 89620 44810 0 24 0 0 10
fi=(13)
470 44810 44810
fi=(26)
325 44810
fi=(13)
565 179240
fi=(26)
326 134430 44810 0 0 0 0 0 0 0 44810 51
+4 89620 0 0 0 0 0 0 0 0 44810 5
+5 179240 0 0 23 0 0 9
+1 89620
+2 44810
fe=(24)
-84 268860 0 44810
cfi=(26)
cfn=(258)
calls=44810 774 
* 32483801 1032542 27132810 3618 6661 3410200 86 0 3405720 26958535 46672
+1 179240 134430
-37 4 0 4 1 0 0 1
cfi=(2)
cfn=(782)
calls=1 576 
* 94 38 29 0 0 0 0 0 0 8 4 1 1
* 4 3
cfn=(1667) runtime.(*mcache).allocLarge'2
calls=1 * 
* 73753 11161 5977 167 142 44 36 102 31 7847 485 31 2

fn=(1667)
218 5 1 1 0 0 0 0 0 0 1
+1 4 0 0 1 0 0 0 0 0 1 1
-1 1 0 1
fi=(13)
541 1 0 1
fe=(24)
222 2
+2 1
-1 1
+7 8 0 3 1
cfi=(28)
cfn=(140)
calls=1 808 
* 45 11 5 6 2 0 4 0 0 6 1
+2 1
fi=(22)
437 3 1 1
fe=(24)
233 4 1 1
cfi=(13)
cfn=(150)
calls=1 907 
* 72952 10993 5792 123 132 16 32 101 3 7730 471 30 1
+1 1
-11 1 0 0 0 0 0 0 0 0 1
+10 1 0 1
+6 2 0 1
cfi=(19)
cfn=(176)
calls=1 764 
* 26 6 2 0 0 0 0 0 0 4
+1 2 2 1 1 0 0 0 0 0 1
+1 2 1 1 0 1 0 0 0 0 1
+1 3 0 1
cfi=(19)
cfn=(178)
calls=1 793 
* 15 5 2 0 0 0 0 0 0 3
+3 1
fi=(30)
+42 3 2 1 0 0 0 0 0 0 1
fe=(24)
-39 6 2 1 1
cfi=(34)
cfn=(268)
calls=1 936 
* 18 6 2 0 0 0 0 0 0 6 1
+4 7 2 0 0 0 0 0 0 0 1
fi=(27)
75 7 0 0 1
fe=(24)
252 3 1 1
cfi=(29)
cfn=(424)
calls=1 74 
* 349 95 75 18 6 0 0 1 0 53 7 1 1
fi=(13)
470 2 2
fe=(24)
253 3 1 1
fi=(26)
+73 2 1 0 1
fi=(13)
470 1 1
fi=(26)
325 1
fi=(13)
565 4
fi=(26)
326 3 1 0 0 0 0 0 0 0 1
+4 2 0 0 0 0 0 0 0 0 1
+5 4 0 0 1
+1 2
+2 1
fe=(24)
-84 6 0 1
cfi=(26)
cfn=(258)
calls=1 774 
* 243 23 81 13 1 28 0 0 28 36 4
+1 4 3

fn=(136)
146 9885 1977 1977 1872 0 0 8 0 0 1977
+2 11862 1977 0 0 0 0 0 0 0 1977
+2 9885 3954 0 1639 0 0 8 0 0 1977 3
-4 1977 0 1977
+2 1977 0 1977
+5 7908 0 0 0 0 0 0 0 0 1977 79
+2 7492 3746 0 0 457 0 0 0 0 1873
-9 1873 0 1873
+2 1873 0 1873 47 0 445 2
+10 11238 0 1873
cfi=(27)
cfn=(422)
calls=1873 +36 
* 154586 44367 23506 3655 1706 934 32 252 0 23226 112 16 9
+3 3746 0 1873
cfi=(19)
cfn=(176)
calls=1873 764 
* 48738 11252 3754 5 928 0 0 0 0 7496 67
+2 1873
-1 7492 5619
fi=(13)
545 5619 1873 0 32 0 0 2
fe=(24)
163 5619 0 0 0 0 0 0 0 0 1873
-1 1873 0 1873
+1 5619 1873 1873 0 506 0 0 4 0 1873
+3 3746 0 0 0 0 0 0 0 0 1873 25
+4 3746 0 1873 14
cfi=(19)
cfn=(178)
calls=1873 793 
* 28139 9377 3752 12 0 0 0 0 0 5627 491
+3 7492 5619
+1 1873
fi=(30)
287 3746 1873 1873 0 448 0 0 0 0 1873
fe=(24)
177 1873 0 1873
+4 11238 1873 1873 9
cfi=(27)
cfn=(138)
calls=1873 79 
* 13396045 1948421 1512269 21623 54706 79566 352 5148 65699 2156690 59273 15887 180
* 520 0 104 45 0 20 16 0 17
cfi=(27)
cfn=(138)
calls=104 79 
* 339718 71251 47063 1755 2114 1961 544 390 1748 55024 1767 194 32
+1 3954 0 0 0 0 0 0 0 0 1977
+4 7908 3954 0 0 0 0 0 0 0 1977
-5 1977 0 1977 0 0 1
+11 5931 1977 1977
+3 3954 1977 1977
+15 5931 3954 0 38 5 0 6 4
+1 13839 5931 1977 0 547 0 0 6
cfi=(34)
cfn=(268)
calls=1977 936 
* 49075 15721 5588 430 252 1 38 11 1 13100 2014
+1 3954 1977 1977
+2 5931 3954 1977 63 0 40 8
+1 5931 3954
cfi=(12)
cfn=(132) runtime.(*mcache).nextFree
calls=2 821 
* 37301 11718 4003 303 40 38 42 6 25 6828 440 10 2

fn=(137)
146 5 1 1 1 0 0 0 0 0 1
+2 6 1 0 0 0 0 0 0 0 1
+2 5 2 0 1 0 0 0 0 0 1
-4 1 0 1
+2 1 0 1
+5 4 0 0 0 0 0 0 0 0 1 1
+28 5 0 1 0 0 1 0 0 1
cfi=(27)
cfn=(139)
calls=1 79 
* 146 33 37 6 1 5 0 0 4 19 0 1 1
+1 2 0 0 0 0 0 0 0 0 1
+4 4 2 0 0 0 0 0 0 0 1
-5 1 0 1
+11 3 1 1
+3 2 1 1
+15 3 2
+1 7 3 1 0 1
cfi=(34)
cfn=(268)
calls=1 936 
* 21 7 3 3 0 0 0 0 0 7 2
+1 2 1 1
+2 3 2 1 1
+1 3 2
cfi=(12)
cfn=(133) runtime.(*mcache).nextFree'2
calls=1 821 
* 9002 2838 976 68 2 4 0 2 1 1630 104 3

fn=(436)
311 2220 444 444 49 0 0 12 0 0 444 11
+8 444 444 0 0 37 0 0 7
+1 1332 444 0 47 194 0 12 20 0 444 146
+2 816 0 0 0 0 0 0 0 0 272 36
-11 272 0 272
+15 272 0 272
cfn=(1570)
calls=272 -68 
* 471141 74617 53324 1177 5574 57 311 2102 25 94243 1469 88 28
+1 816 272 272
cfi=(6)
cfn=(1590) runtime.stackcache_clear
calls=272 -7 
* 81949 21776 15889 86 173 1 44 58 0 13769 411
+1 816 816 272 0 0 0 0 0 0 272 2
+1 1088 544 0 2
-8 516 344 0 46 0 0 13

fl=(129)
fn=(1082)
64 55 11 11 10 0 0 6 0 0 11
+1 44 11 0 0 0 0 0 0 0 11 7
+1 55 22 0 20 0 0 12

fl=(37)
fn=(276)
49 5 1 1 1 0 0 1 0 0 1
+1 3 0 1
cfi=(12)
cfn=(278)
calls=1 1201 
* 3845 654 417 27 13 9 25 7 7 410 95 2 1
+1 5 0 3 1 0 1 1 0 1
+1 5 0 3
+1 5 0 3 0 0 1 0 0 1
+1 5 0 3 1 0 0 1
+1 5 0 3 1 0 1 1 0 1
-5 6 1 3 0 0 1 0 0 1 1
+7 1 0 1
cfi=(38)
cfn=(284)
calls=1 -18 
* 2 1 1 1 0 0 1
* 3 2 0 1 0 0 1
+1 2 0 0 0 0 0 0 0 0 1
+3 6 3 0 0 0 0 0 0 0 1
-4 1 0 1
+4 4 0 1 1 0 0 1
cfi=(39)
cfn=(286)
calls=1 178 
* 4209 716 466 25 12 11 25 5 9 463 74 2
* 7 1 2 0 0 0 0 0 0 1
+7 1 1
-7 74 5 26 8 0 2 8 0 2 5
+7 2 0 0 1 0 0 1 0 0 1
+3 10 3 1 1 0 0 1 0 0 1
cfi=(39)
cfn=(286)
calls=1 178 
* 4427 744 495 7 12 13 7 4 11 502 53 2
* 80 6 28 9 0 3 9 0 3 6
+8 2 0 2
cfi=(38)
cfn=(292)
calls=1 -68 
* 8 3 4 1 0 0 1
* 3 2 0 1 0 0 1
+2 2 0 0 0 0 0 0 0 0 1
-2 3 0 2
+6 1 0 1
cfi=(38)
cfn=(292)
calls=1 -74 
* 8 3 4
* 6 2 2
+2 1 0 1 1 0 0 1
cfi=(38)
cfn=(292)
calls=1 -76 
* 8 3 4
* 3 2
+2 2 0 1
+1 2 0 1
+1 2 0 1
+1 2 0 1 1 0 0 1
+1 2 0 1
+1 2 0 1
+1 2 0 1
+46 2
-41 1 0 1
+41 2
-35 2 0 1
+35 1 0 0 1 0 0 1
-31 1 0 0 0 0 0 0 0 0 1 1
-23 1 0 1
+24 1 0 1
cfi=(38)
cfn=(294)
calls=1 -89 
* 5 1 2
* 3 2
+30 1
-28 1 0 0 0 0 0 0 0 0 1
+28 2
-28 1
+11 1
+17 3 1
-25 2 0 1 1 0 0 1
+2 3 1 0 0 0 0 0 0 0 1
+6 2 0 2
-2 1 0 1
cfi=(38)
cfn=(292)
calls=1 11 
* 8 3 4
* 3 2
+1 2 0 1 1 0 0 1
+18 2
-17 3 1 1
+1 2 0 1
+1 2 0 1
+1 4 0 2
+3 1 0 1 1 0 0 1
cfi=(38)
cfn=(292)
calls=1 11 
* 8 3 4
* 3 2
+2 1 0 0 0 0 0 0 0 0 1 1
+1 2 0 1
+3 1 0 1
cfi=(38)
cfn=(292)
calls=1 11 
* 8 3 4
* 3 2 0 1 0 0 1
+1 2 0 1
+1 3 2

fl=(95)
fn=(900)
167 5 1 1 1 0 0 1 0 0 1
424 1
fi=(75)
59 2 0 1 1 0 0 1
cfi=(12)
cfn=(278)
calls=1 1201 
* 297 71 36 0 0 0 0 0 0 45 1
* 3 0 2
fe=(95)
424 6 1 2 0 0 1 0 0 1 1
fi=(75)
59 2 0 1 1 0 0 1
cfi=(12)
cfn=(278)
calls=1 1201 
* 297 71 36 0 0 0 0 0 0 45
* 3 0 2
fe=(95)
781 6 1 2 1 0 0 1 0 0 1
fi=(75)
59 2 0 1
cfi=(12)
cfn=(278)
calls=1 1201 
* 297 71 36 0 0 0 0 0 0 45
* 3 0 2
fe=(95)
1452 6 1 2 1 0 0 1 0 0 1
+54 1 0 1
cfi=(82)
cfn=(872)
calls=1 293 
* 412 81 54 0 0 1 0 0 1 61 4
* 1 0 1
+1 5 0 1
cfi=(84)
cfn=(856)
calls=1 203 
* 656 131 90 0 5 3 0 3 3 95 15 1
* 1 0 1 1 0 0 1
+1 6 1 1
cfi=(84)
cfn=(856)
calls=1 203 
* 161 34 15 0 0 0 0 0 0 26 1 1
* 1 0 1
+1 5 1 1 1 0 0 1
cfi=(84)
cfn=(856)
calls=1 203 
* 173 35 15 0 1 0 0 1 0 30 2 1
* 1 0 1
+1 5 1 1
cfi=(84)
cfn=(856)
calls=1 203 
* 185 36 15 0 0 0 0 0 0 34 3 1
* 1 0 1
+1 5 1 1 1 0 0 1
cfi=(84)
cfn=(856)
calls=1 203 
* 197 37 15 0 0 0 0 0 0 38 2 1
* 1 0 1
+1 5 1 1
cfi=(84)
cfn=(856)
calls=1 203 
* 209 38 15 0 0 0 0 0 0 42 1 1
* 1 0 1
+1 5 1 1 1 0 0 1
cfi=(84)
cfn=(856)
calls=1 203 
* 221 39 15 0 0 0 0 0 0 46 1 1
* 2 0 1
+1 6 1 1 1 0 0 1
cfi=(84)
cfn=(856)
calls=1 203 
* 233 40 15 0 0 0 0 0 0 50 1 1
* 2 0 1
-8 5 2 1 0 0 1 0 0 0 1
fi=(96)
1086 1 0 1
cfi=(43)
cfn=(906)
calls=1 18 
* 50 18 10 5 2 0 2 0 0 2 1
* 2 0 1 1 0 1 1
fi=(75)
59 2 0 1
cfi=(12)
cfn=(278)
calls=1 1201 
* 297 71 36 0 0 1 0 0 1 45 6
* 3 0 2
fi=(97) /usr/lib/go-1.19/src/time/zoneinfo.go
621 6 1 2 1 0 1 1 0 0 1
fi=(75)
59 2 0 1
cfi=(12)
cfn=(278)
calls=1 1201 
* 297 71 36 0 0 0 0 0 0 45
* 3 0 2
fi=(98) /usr/lib/go-1.19/src/time/zoneinfo_read.go
+51 9 3 2 1 0 0 1 0 0 1
fe=(95)

fl=(112)
fn=(956)
30 15 0 0 12 0 0 6
+1 15
+1 15
+1 15
+2 15
+1 15 0 0 1
+1 15 0 0 0 0 0 0 0 0 15 3
+8 15
+1 15
+1 15 15 0 0 1

fl=(57)
fn=(506)
1133 126 21 42 3 0 0 1 0 0 21 3
+2 42 21 21 4 0 0 1
cfi=(11)
cfn=(508)
calls=21 828 
* 1581 471 21 37 20 0 5 4 0 286 15
fi=(11)
805 21
fe=(57)
1136 21 0 0 0 0 0 0 0 0 21
+3 103 21 0 0 5 0 0 5 0 41 9
+1 4 2
+2 40 0 0 0 0 0 0 0 0 20 6
-9 2 1
+12 1 0 0 0 0 0 0 0 0 1 1
+5 5 3 0 1
+2 19 0 19 15 0 0 1
cfi=(11)
cfn=(636) runtime.funcname
calls=19 977 
* 1805 380 361 87 10 0 2 6 0 190 6
* 19
fi=(9)
350 114 19 0 0 0 0 0 0 0 19
fe=(57)
1152 76 38 0 6 0 0 1

fn=(796) runtime.gentraceback
33 2274 379 379 51 0 0 18 0 0 379
+1 758 0 0 0 0 0 0 0 0 379 3
+5 1516 379 0 0 17 0 0 0 0 379 7
fi=(5)
+2 1137 1137 0 30 0 0 9
+1 758 0 0 0 0 0 0 0 0 379
+7 379
-8 379
fe=(57)
+14 1516
+4 1516 0 0 0 0 0 0 0 0 758
+1 1137 379 0 0 0 0 0 0 0 379 2
+7 379 379 0 30 0 0 9
+1 379 379
+4 758 379
-39 379 0 379 0 0 34
+22 379 0 379 0 0 35
+22 379 0 379
-44 379
+44 2274 0 758 30 0 35 9 0 8
cfi=(47)
cfn=(364)
calls=379 +18 
* 3032 379 1895
* 379 379
+1 379 0 379
+1 379 0 379
+5 758 758 0 0 180 0 0 20
-29 379
+30 1137 758
+1 1895 0 379 30 0 0 9 0 0 379 3
465 379 379
33 758 0 758 0 0 34
+51 758 0 758 30 0 69 9
-6 379 0 379 0 0 35
+1 379 0 379
-46 1137 0 1137
+52 758 0 758 339 0 0 9
312 379 0 379
90 758 0 0 0 0 0 0 0 0 379 1
+24 758 379 379
cfi=(11)
cfn=(508)
calls=379 828 
* 22523 6497 379 0 64 0 0 32 0 3826 385
* 379
fi=(11)
805 379 0 0 279 0 0 9
fe=(57)
115 379 0 0 0 0 0 0 0 0 379
+10 758 0 758
+2 1516 0 758
cfi=(47)
cfn=(364)
calls=379 -47 
* 7959 379 6064 0 0 170
* 379 379
+4 4927 3790 0 379 0 0 18
526 1137 0 379 0 0 35
131 379
503 2634 878 1756 30 0 0 9
+1 1756 878 878
+1 878 0 878
+1 1756 878 878 30 0 0 9
+1 878 0 878
+1 878 0 878
-21 878
131 1756 878
+23 878
-23 878
498 1756 1756
+28 878 0 878
154 878 878
327 1756
131 2514 0 0 20 0 0 9 0 0 1257 34
498 2514 0 2514
138 2514 2514
+1 2514 1257 0 0 231 0 0 107 0 1257 5
-1 2514 0 2514 19 0 0 9
+8 1257 1257 0 0 34 0 0 16
+1 3771 1257 0 0 0 0 0 0 0 1257 18
+7 4030 2015 0 0 0 0 0 0 0 2015 26
-23 1257 0 1257 24 0 0 9
482 1257 0 1257 0 0 35
-35 1257 0 1257
312 1257 0 1257
+15 1257 0 1257
163 2514 1257 0 0 0 0 0 0 0 1257 23
+3 3771 1257 0 30 0 0 9 0 0 1257 7
+36 5028 2514 2514 60 0 0 18
476 2514
+22 2514 2514
-22 2514 0 2514
+22 2514 0 2514
209 1257 0 1257 24 0 0 9
-7 6285 3771 1257
cfi=(11)
cfn=(800) runtime.funcspdelta
calls=1257 1040 
* 537102 91093 60036 871 480 140 198 215 32 60597 4072
* 3771 1257 1257
+3 2514 0 1257 30 0 0 9
482 1257 1257
257 1257 1257
-44 1257 1257
+99 1257 1257
+86 1257 1257
-71 1257 1257
447 1257 1257
154 2514 2514 0 30 0 0 9
+55 1257 1257
420 1257 1257
+56 5028 2514 2514
-56 1257 0 1257 30 0 0 9
209 2514 0 0 0 0 0 0 0 0 1257 144
+2 758 0 379
491 1137 0 379
212 379
+1 1756 0 0 0 0 0 0 0 0 878 40
+51 878 878 0 30 0 0 9
-19 1756 878 0 0 0 0 0 0 0 878
+1 2634 878 878
+1 2634 878 878 0 784 0 0 329
+3 1756 878 878 30 0 0 9
cfi=(11)
cfn=(508)
calls=878 828 
* 55510 16162 878 0 305 0 0 113 0 9604 431
fi=(11)
805 878
fe=(57)
251 878 0 0 0 0 0 0 0 0 878 2
-97 878 878
-68 878 878
693 878 878
307 878 878
-56 878
365 878 878 0 30 0 0 9
+33 878 878
-71 878 878
447 878 878 0 26 0 0 9
154 1756
693 878 878
307 878
476 878 878
-1 878 878
+16 1756 0 1756 24 0 0 9
-9 878 878
312 878 878
491 878 878
-9 878 0 878
+9 1756 878 878
-9 878 878
274 1756 878 878 30 0 0 9
+3 1756 0 878
+20 1756 878 0 0 0 0 0 0 0 878 50
-23 758 379 379
+3 758 0 379
+20 758 379 0 0 0 0 0 0 0 379 375
+1 1710 0 855
491 855 0 855
307 3420 855 0 11 0 0 0 0 0 855 27
491 402 0 402
307 1608 402 0 19 0 0 9 0 0 402 8
86 1257 1257
307 1257
+1 2514 1257 1257
693 6285 2514 0 29 0 0 9 0 0 1257
310 2514 0 2514
693 1257
311 1257 0 0 0 0 0 0 0 0 1257 14
fi=(11)
805 1257 1257 0 21 0 0 9
fe=(57)
476 1257 1257
+15 1257
326 2514 1257 1257 30 0 0 9
+1 2514 0 0 0 0 0 0 0 0 1257 97
-20 1257 0 0 19 0 0 9
+37 1257 0 0 0 0 0 0 0 0 1257 9
+1 6285 2514 1257 0 1 0 0 0 0 0 0 1257 2
cfi=(134) /usr/lib/go-1.19/src/runtime/mgcmark.go
cfn=(1434) runtime.scanstack.func1
calls=1251 800 
* 861981 181674 102809 1946 1691 243 333 556 55 111305 10605
cfi=(6)
cfn=(808) runtime.adjustframe
calls=6 650 
* 5483 1170 673 37 11 6 37 9 0 674 118
* 2514 0 0 0 0 0 0 0 0 1257 13
86 2514 1257
482 1257 1257 0 20 0 0 9
154 1257 1257
365 1257 1257
fi=(11)
805 1257 1257
fe=(57)
398 1257 1257
-71 1257 1257
447 1257 1257
307 1257 1257
86 1257 1257 0 20 0 0 9
475 1257 1257
-76 1257 1257
+77 1257 1257
-1 1257 1257
350 1257 0 0 0 0 0 0 0 0 1257 15
482 1257 0 1257 19 0 0 10
86 1257
406 1257 0 0 0 0 0 0 0 0 1257 10
526 1257 1257 0 30 0 0 9
-53 1257
+2 2514 1257 0 0 0 0 0 0 0 1257 8
86 1257 0 0 30 0 0 9
487 2514 1257 0 30 0 0 9
fi=(11)
805 1257
fe=(57)
491 1257 0 0 0 0 0 0 0 0 1257 379
+4 4400 1760 2 0 0 0 0 0 0 880 5
-8 2
+8 2
-8 1752 0 0 338 0 0 9
+8 876
+76 1516 379 0 295 0 0 9
-2 758 379
-44 379 0 0 0 0 0 0 0 0 379 17
+44 2274 758 0 0 0 0 0 0 0 758
+6 1516 758 0 355 0 0 9
-49 379 0 0 30 0 0 9
+45 379
-79 379

fl=(6)
fn=(470) runtime.stackpoolalloc
201 190 38 38 5 0 0 2 0 0 38
+1 304 0 0 0 0 0 0 0 0 38
+1 38 38 0 3 0 0 2
+2 76 0 0 0 0 0 0 0 0 38 6
-4 5 0 5
+1 5 0 5
+5 20 0 5 0 0 1
cfi=(13)
cfn=(334)
calls=5 940 
* 9079 2400 1333 33 8 36 21 2 31 1193 80 64
+1 10 0 0 0 0 0 0 0 0 5
+3 10 5 0 0 0 0 0 0 0 5
+3 20 5 0 2 0 0 1 0 0 5
+4 25 5 5
+1 5
+7 38 38 0 2 2 0 1 1
fi=(24)
73 38
fe=(6)
227 76 0 0 0 0 0 0 0 0 38 1
+3 76 38 38 0 14 0 0 4
+1 114 38 38 0 3 0 0 2
+1 152 38 0 2 0 0 1 0 0 38 10
-6 4 0 4
+8 12 0 4
cfi=(13)
cfn=(682)
calls=4 1631 
* 96 33 20 11 2 0 3 1 0 16 5
+2 156 80
fi=(13)
470 48 48 0 2 0 0 1
fe=(6)
220 48
fi=(24)
73 48
fe=(6)
221 96 48 48 0 0 48 0 0 48
+1 48 0 48
-3 202 48 0 2 0 0 1 0 0 53 17
-12 5 0 5
+17 15 5 5
cfi=(13)
cfn=(490)
calls=5 1656 
* 130 40 30 10 2 0 3 0 0 25 8
+10 5 5
-8 5 5
-2 5

fn=(808)
650 36 6 6 2 0 0 2 0 0 6 1
+2 12 6 0 0 0 0 0 0 0 6
+4 12 12
+4 18 6 0 0 0 0 0 0 0 6
-10 6 0 6
+6 6 0 6
-6 6 0 6
+6 6 0 6
+11 30 6 6 1 0 0 1
cfn=(810) runtime.getStackMap
calls=6 1252 
* 4371 870 517 18 7 6 18 7 0 510 69
+39 6 0 6
-1 6 0 6
-38 24 0 24
+3 18 6 0 0 0 0 0 0 0 6 2
+1 8
+1 32 20 4
cfn=(816) runtime.adjustpointers
calls=4 -71 
* 165 44 31 0 0 0 0 0 0 22 9
+34 4 4
-1 4 4
-28 36 18 0 2 0 0 2 0 0 6 2
+14 4
571 4 4
+4 21 11 0 0 0 0 0 0 0 7 1
+1 9 3 3
+1 3
699 2 2
-4 18 6 0 1 0 0 1 0 0 6 2
+4 20 4 4
cfn=(816)
calls=4 -98 
* 204 52 36 5 1 0 5 1 0 28 11
575 4 4
704 4 4
+2 4 4
-1 4 4
-1 18 6 0 0 0 0 0 0 0 6
+1 6
+33 24 12
-33 32 0 0 2 0 0 2 0 0 11 5
+1 15
+1 5 5
+1 5 5
+1 10 0 0 0 0 0 0 0 0 5 3
+3 10
+1 10 5 0 0 0 0 0 0 0 5 1
1408 4 4 0 0 1 0 0 1
+1 8 0 0 0 0 0 0 0 0 4 3
+3 4 0 0 1 0 0 1
-3 8
719 4
+1 4
1417 4
+2 4
705 4 0 4
1428 8 8
-19 4
722 12 0 0 0 0 0 0 0 0 4
+11 8 0 0 1 0 0 1
-1 8 0 0 1 0 0 1 0 0 4
1419 8 0 0 1 0 0 1 0 0 4
+1 24 8 0 0 0 0 0 0 0 8 2
727 5
575 5
727 23 0 0 0 0 0 0 0 0 9 4
+1 30 5 0 1 2 0 1
-78 5
+78 25 0 0 0 0 0 0 0 0 5 1
+1 4
571 4 4
+4 12 6 0 0 0 0 0 0 0 6 2
+75 2
-74 6 2 2 1 0 0 1
708 2
577 2

fn=(466) runtime.stackcacherefill
279 45 9 9 6 0 0 2 0 0 9
+9 36 0 0 0 0 0 0 0 0 9
-9 9 0 9
+9 9 0 9
-9 9 0 9
+9 36 0 9 5 0 0 2
fi=(54)
22 9 0 9 0 0 1
cfi=(17)
cfn=(80)
calls=9 +29 
* 162 54 27 0 5 0 0 1 0 36 2
* 18
fi=(17)
+26 9
fe=(6)
290 114 38 38
cfn=(470)
calls=38 -89 
* 11204 2955 1631 72 31 85 36 10 79 1492 127 64
fi=(24)
73 38
fe=(6)
291 76 38 38
-1 38
+3 190 76
+3 38
-7 76 0 38
+7 76 0 38
-7 85 0 9 5 0 0 2 0 0 38 14
+7 18 0 9
-7 18 0 0 0 0 0 0 0 0 9 2
+6 9
fi=(17)
112 9
fi=(54)
-80 18 9 9
cfi=(17)
cfn=(94)
calls=9 +83 
* 200 64 27 0 0 0 0 0 0 55 2
fe=(6)
296 54 27 9 5 0 0 2
+1 18 9 9
+1 27 18

fn=(500)
1127 105 21 21 4 0 0 1 0 0 21 1
+2 42 0 0 0 0 0 0 0 0 21
+1 42 21 0 0 4 0 0 2
fi=(56) /usr/lib/go-1.19/src/runtime/sys_x86.go
17 21 21 0 11 0 0 1
+1 21
+1 21
fe=(6)
1134 21
fi=(56)
19 42 21 21 0 0 21 0 0 20
+1 21 0 21
+1 21 0 21
+1 84 21 21 0 0 0 0 0 0 21 9
fe=(6)
1135 63 42

fn=(1610) runtime.freeStackSpans
1218 102 17 17 17 0 0 8 0 0 17
+2 17
+13 68
fi=(17)
112 68
fi=(54)
-80 136 68 68
cfi=(17)
cfn=(94)
calls=68 +83 
* 1496 476 204 0 0 0 0 0 0 408 6
fe=(6)
1220 374 68 68 0 0 0 0 0 0 85 17
+1 340 0 136 17 0 0 8
fi=(17)
48 68
fi=(54)
-26 136 0 68
cfi=(17)
cfn=(80)
calls=68 +29 
* 1224 408 204 0 0 0 0 0 0 272
fe=(6)
1222 340 68 68
+1 204 68 0 17 0 0 8
+14 17
fi=(54)
22 34 0 17
cfi=(17)
cfn=(80)
calls=17 +29 
* 306 102 51 0 17 0 0 6 0 68
* 17
fi=(17)
+26 17
fe=(6)
1238 3009 0 595 0 0 0 0 0 0 612 18
+1 4165 595 595 17 136 0 8 56
+8 17
fi=(17)
112 17
fi=(54)
-80 34 0 17
cfi=(17)
cfn=(94)
calls=17 +83 
* 374 119 51 0 0 0 0 0 0 102
fe=(6)
1248 68 34
-9 1785 0 0 0 0 0 0 0 0 595 1
-16 382 0 0 17 0 0 8 0 0 150 43
+1 82 82 0 0 74 0 0 16
+1 246 82 0 17 81 0 8 27 0 82 22

fn=(332)
344 175 35 35 11 0 0 2 0 0 35 1
+4 35 35
+1 140 35 0 9 0 0 2 0 0 35 1
+3 105 0 0 0 0 0 0 0 0 35 3
+7 70 35 0 0 0 0 0 0 0 35
-15 35 0 35
+28 70 0 0 0 0 0 0 0 0 35 7
-28 56
+31 28
+26 42
192 7 0 0 3 0 0 2
+1 14
+1 28
-2 42 0 0 3 0 0 2 0 0 21 9
401 14 0 14
+1 7 0 7
+3 7
fi=(17)
48 7
fi=(54)
-26 21 0 7 3 0 0 2
cfi=(17)
cfn=(80)
calls=7 +29 
* 126 42 21 0 3 0 0 1 0 28 1
fe=(6)
406 28 7 0 0 0 0 0 0 0 7
fi=(13)
1653 21 7
fe=(6)
406 21 0 0 0 0 0 0 0 0 7
+8 7 0 7 3 0 0 2
-4 7
fi=(17)
112 7
fi=(54)
-80 14 0 7
cfi=(17)
cfn=(94)
calls=7 +83 
* 154 49 21 0 0 0 0 0 0 42
fe=(6)
414 21 7 0 0 0 0 0 0 0 7
+2 28 7 7
cfi=(13)
cfn=(334)
calls=7 940 
* 10095 1555 1027 168 26 33 123 15 29 1170 145 15
+1 14 0 0 0 0 0 0 0 0 7
+4 14 7 7
+2 7 0 0 5 0 0 2
fi=(13)
+47 7 7
fe=(6)
-32 245 105 0 7
-62 13 0 0 1
+1 26
-2 82 0 0 7 0 0 2 0 0 41 12
+5 140 56 0 0 0 0 0 0 0 56 6
+9 28 28 0 7 0 0 2
+1 168 28 0 4 7 0 2 2 0 28
fi=(24)
73 28
fe=(6)
391 56 0 0 0 0 0 0 0 0 28 19
-2 9 0 9 0 0 1
+1 18 0 9
+2 9 0 9 0 0 1
cfn=(466)
calls=9 279 
* 12648 3297 1936 93 36 86 44 11 79 1648 147 64
+1 27 27
+2 27
+1 9 9 0 5 2 0 2
fi=(24)
73 9
fe=(6)
395 18 9 9
+1 18 0 9
+42 18
-40 9
fi=(24)
73 19 0 0 1
fe=(6)
395 38 19 19 0 14
+1 38 0 19
+42 38
-40 19

fn=(362)
1364 6 1 1 2 0 0 2 0 0 1
+1 7 0 2
cfi=(47)
cfn=(364)
calls=1 77 
* 23 1 17 3 0 0 3
* 5 1 2 1 0 0 1
+1 1 1
+1 3 1 0 0 1 0 0 1 0 1
+5 2
+2 4 0 0 0 0 0 0 0 0 1
+1 5 2 0 1 0 0 1 0 0 2
+5 2 0 0 0 0 0 0 0 0 1
+4 1 1
fi=(22)
413 2
fe=(6)
1384 1
+2 1 1
+1 2 2 0 0 1 0 0 1
-4 4 0 4 1 0 1 1 0 1
+6 3 2

fn=(1522) runtime.gcComputeStartingStackSize
1447 34 17 0 17 1 0 8 1 0 17
+15 374 306
+1 544 272 0 0 224 0 0 16
+1 272 272 0 0 239 0 0 109
+3 272 0 272
-5 272
+1 272
+1 272
-2 578 0 0 17 0 0 8 0 0 289 31
+7 34 0 0 0 0 0 0 0 0 17
+4 68
+3 34 17 0 17 16 0 8 1
+3 34
+4 68
944 17
+1 187
-1 1632 0 0 17 0 0 8 0 0 204 74
1483 17 0 17 0 0 1 0 0 1
+1 17 17

fn=(818) runtime.stackfree
447 5 1 1 1 0 0 1 0 0 1
+1 1
+2 1
+1 3 0 0 0 0 0 0 0 0 1
+10 3 1 0 0 0 0 0 0 0 1 1
+14 2 0 0 1 0 0 1 0 0 1 1
-27 1 0 1
+2 2
+28 1
+41 3 2 0 1 0 0 1
-41 2 0 0 1 0 0 1 0 0 1 1
-29 1 0 1
+34 7 4 0 1 0 0 1 0 0 2
+5 1 1 0 1 0 0 1
+1 8 1 0 1 0 0 1 0 0 2 1
fi=(24)
73 1
fe=(6)
492 2 1 1 1 0 1 1
+1 1 0 1
+1 2 0 1

fn=(1428) runtime.shrinkstack
1160 1890 378 378 338 0 0 9 0 0 378 3
+1 1134 378 0 278 0 0 9 0 0 378
fi=(10)
902 378 378
fe=(6)
1164 756 0 0 0 0 0 0 0 0 378 2
-11 3024 1134 0 348 0 0 9 0 0 756 384
+20 756 0 0 0 0 0 0 0 0 378
+6 1188 792 0 16 18 0 7 9 0 396 19
+4 756 378 0 13 9 0 2 0 0 378
-23 378 0 378
+26 1134 378 378 0 378 34 0 42
cfi=(11)
cfn=(508)
calls=378 828 
* 28458 8478 378 145 326 0 40 104 0 5148 1107
fi=(11)
805 378
fe=(6)
1187 1134 378 0 0 90 0 0 40 0 756 89
+3 864 576
+3 450 270 0 29 0 0 9
+1 180
+3 180 0 0 0 0 0 0 0 0 90 20
+9 108 18 0 0 0 0 0 0 0 18
+1 72 36 0 18 0 0 9
-9 216 144 0 11

fn=(788)
962 246 41 41 46 8 8 28 7 7 41 4
+1 41 41
+2 41 41
fi=(42)
263 41
fe=(6)
965 123 41 0 0 0 0 0 0 0 41
-2 41 0 41 0 0 8 0 0 7
+5 205 41 41 20 8 8 13 7 7 41 13
+9 82 41 0 0 9 0 0 8 0 41 3
+21 328 164 164 21 0 8 14 0 7
+1 82 41 41
+1 82 41 41
+1 82 41 41
+1 82 41 41
+5 82 41 41 21 0 0 14
+14 41
+1 41 0 0 0 0 0 0 0 0 41 1
+1 40 40
fi=(67)
288 295 156 0 0 17 0 0 14 0 106 20
fe=(6)
1023 25 0 0 0 0 0 0 0 0 25 22
+3 45 15 15 3 0 0 2
+1 45 0 30 0 0 5 0 0 2
cfi=(2)
cfn=(574)
calls=15 400 
* 240 120 75 7 0 0 0 0 0 0 0 15 15
+4 78 26 0 18 0 0 12 0 0 26
+3 26 26 0 22 0 0 14
+3 52 0 26 0 0 11 0 0 8
+2 52 0 0 0 0 0 0 0 0 26 2
+5 78 26 0 21 0 0 14 0 0 26
-23 26 0 0 22 0 0 14
+29 26 0 0 0 0 0 0 0 0 26 1
+1 100 75 0 0 0 0 0 0 0 25
+3 50 25 0 0 0 0 0 0 0 25 2
+4 50 25 0 0 0 0 0 0 0 25 2
+7 50 25 0 21 0 0 14 0 0 25 2
+5 25 0 25 0 0 10 0 0 7
cfi=(10)
cfn=(1508)
calls=25 3402 
* 29779 7980 4195 498 408 130 277 300 99 4687 466 37 25
+4 3 2 1 1 0 0 1
+6 3 1 1
cfi=(11)
cfn=(508)
calls=1 828 
* 59 17 1 5 3 0 0 1 0 10 2
-5 3 1
fi=(11)
805 1
fe=(6)
1080 1 0 0 0 0 0 0 0 0 1
-5 1 0 1
+6 1 0 1
cfi=(11)
cfn=(628)
calls=1 -31 
* 1281 217 121 12 3 3 0 3 0 133 21
* 1
+1 1
+1 3 3 0 1 0 0 1
+1 2 1
+5 2 1
+7 3 1 0 0 1
-7 2 0 0 0 0 0 0 0 0 1
+7 3 1 1 1 0 0 1 0 0 1 1
+12 4 1 1
cfi=(10)
cfn=(494)
calls=1 963 
* 36 5 6 0 0 0 0 0 0 7 4
+4 3 2 1
cfn=(790) runtime.copystack
calls=1 857 
* 11550 2623 1540 146 29 55 122 15 27 1415 279 6 1
+4 4 1 1 1 0 0 1
cfi=(10)
cfn=(494)
calls=1 963 
* 30 3 5 0 0 0 0 0 0 6 1
+1 5 1 2
cfi=(2)
cfn=(574)
calls=1 400 
* 16 8 5 0 0 0 0 0 0 0 0 1 1
-33 5 0 0 2 0 0 2 0 0 1
+12 2 1
-12 1
fi=(3)
270 3 3
+1 3 3
+1 3
+6 3 3
+1 3 0 3
+1 3 3
+1 3 0 3
+3 3
+1 3
+1 3 0 3
+1 9 6
cfi=(69)
cfn=(1485)
calls=1 +71 
* 8863677 2162107 1466049 621 26688 1305 551 25321 1253 1467892 35159 18029 12
cfi=(43)
cfn=(1707)
calls=1 19 
* 4849772176 1320417510 817351019 1609 127403 2682 662 119632 2256 974298133 77453 19136 25
cfi=(43)
cfn=(1706)
calls=1 19 
* 31551 9482 4194 273 203 90 121 66 43 5751 474 20 9
+2 3
+1 3
+1 3
fe=(6)

fn=(789)
fi=(135)
474 5 1 1 1 0 1 0 0 0 1
+1 3 2 1 1
-1 3 1 1
+2 2 0 1
+1 1 0 1
+4 2 0 1 0 0 1
cfi=(13)
cfn=(682)
calls=1 1631 
* 24 8 5 3 2 0 0 0 0 4
+1 5 1 1
cfi=(13)
cfn=(1676)
calls=1 1515 
* 1563 180 94 26 11 9 0 0 0 152 22
-6 5 2
-2 2 1
+2 4 0 0 1 0 0 0 0 0 2
-2 2
+2 6 2 0 0 0 0 0 0 0 4 1
+1 2 2
+1 4 0 0 0 0 0 0 0 0 2
+6 3 2
cfi=(2)
cfn=(75)
calls=1 +12 
* 35056603 7321852 4482874 1264 126019 2584 655 119599 2248 5116416 76031 18536 17
fe=(6)
962 12 2 2 2 1 1 0 0 0 2
+1 2 2
+2 2 2
fi=(42)
263 2
fe=(6)
965 6 2 0 0 0 0 0 0 0 2
-2 2 0 2 0 0 1
+5 10 2 2 1 0 1 0 0 0 2 2
+9 4 2 0 0 0 0 0 0 0 2
+21 16 8 8 1 0 1
+1 4 2 2
+1 4 2 2
+1 4 2 2
+1 4 2 2
+5 4 2 2 1
+14 2
+1 2 0 0 0 0 0 0 0 0 2
+1 2 2
fi=(67)
288 18 10 0 0 1 0 0 0 0 6
fe=(6)
1023 2 0 0 0 0 0 0 0 0 2 1
+8 6 2 0 1 0 0 0 0 0 2
+3 2 2 0 1
+3 4 0 2 0 0 1
+2 4 0 0 0 0 0 0 0 0 2
+5 6 2 0 1 0 0 0 0 0 2
-23 2 0 0 1
+29 2 0 0 0 0 0 0 0 0 2
+1 8 6 0 0 0 0 0 0 0 2
+3 4 2 0 0 0 0 0 0 0 2
+4 4 2 0 0 0 0 0 0 0 2
+7 4 2 0 1 0 0 0 0 0 2
+5 2 0 2 0 0 1
cfi=(10)
cfn=(1508)
calls=2 3402 
* 13832 3885 1685 150 125 33 32 34 7 2613 128 6 5
fi=(3)
270 1 1 0 0 1 0 0 1
+1 1 1
+1 1
+6 1 1
+1 1 0 1
+1 1 1
+1 1 0 1
+3 1
+1 1
+1 1 0 1
+1 3 2
cfi=(43)
cfn=(1707)
calls=1 19 
* 8854895 2160562 1465094 533 26626 1297 517 25284 1249 1466753 35093 18025 9
+2 1
+1 1
+1 1
fe=(6)

fn=(790)
857 6 1 1 1 0 0 1 0 0 1
+1 2 1 0 0 0 0 0 0 0 1
+3 3 2
+1 2 0 0 1 0 0 1 0 0 1
-5 1 0 1
+4 2 0 2
+9 1 1
-5 4 1 1 0 0 1
+5 6 1 1 1 0 0 1
fi=(34)
+87 2 0 0 0 0 0 0 0 0 1
+4 3 1 1 0 1
+1 4 0 0 0 0 0 0 0 0 1 1
fe=(6)
857 1 0 1 1 0 0 1
+16 2 0 1 0 0 1
cfn=(332)
calls=1 344 
* 989 223 154 17 2 18 0 0 10 142 19
+53 2 0 2
-44 6 0 2 1 0 0 1
cfi=(47)
cfn=(364)
calls=1 76 
* 24 1 18 3 0 1
* 1 1
+1 4 2 2
+1 3 0 1
+4 3 2 0 1 0 0 1 0 0 1 1
+1 4 2 0 0 0 0 0 0 0 1 1
+7 1
781 4 1 0 1 0 0 1 0 0 1 1
913 7 1 1 1 0 0 1
cfi=(31)
cfn=(170)
calls=1 39 
* 147 39 37 8 3 17 4 0 17 21 13
+5 1
742 1
571 2 2
+4 2 1 0 0 0 0 0 0 0 1 1
754 1 0 0 1 0 0 1
571 1 1
+4 4 2 0 0 0 0 0 0 0 2
+1 3 1 1
919 2 0 1
cfn=(794) runtime.adjustdefers
calls=1 761 
* 9 4 0 2 0 0 2 0 0 2 2
+1 1
775 1
571 2 2 0 1 0 0 1
+4 2 1 0 0 0 0 0 0 0 1 1
921 3 1 0 0 0 0 0 0 0 1 1
+5 4 2 2 1 0 0 1
+1 2 0 1
+1 3 1 1
+1 3 1 2 1 0 0 1
+3 9 0 1
cfi=(57)
cfn=(796)
calls=1 33 
* 10207 2309 1298 95 23 16 95 15 0 1228 234 6 1
+6 3 2 1 1 0 0 1
cfn=(818)
calls=1 447 
* 47 11 6 8 0 1 8 0 0 9 4
+1 3 2

fn=(1590)
320 2176 272 544 17 0 0 8 0 0 272 2
+4 272 0 0 17 0 0 8
+8 1088 0 1088
+1 1088 0 1088
+1 1088
fi=(17)
112 1088
fi=(54)
-80 2176 1088 1088
cfi=(17)
cfn=(94)
calls=1088 +83 
* 24072 7684 3264 0 8 0 0 0 0 6596 47
fe=(6)
324 2176 1088
+2 1088 1088
-2 3808 0 1088 0 0 0 0 0 0 1360 322
+1 6528 0 2176 17 0 0 8
fi=(17)
48 1088
fi=(54)
-26 1088 0 1088
cfi=(17)
cfn=(80)
calls=1088 +29 
* 19584 6528 3264 0 68 0 0 27 0 4352 7
fe=(6)
326 6528 3264 1088 0 68 0 0 30
+1 1088
+9 816 544
-8 22 11 11 0 11
+1 22 11 11
cfn=(1620) runtime.stackpoolfree
calls=11 -89 
* 647 165 91 18 18 1 12 1 0 90 20
+3 22 22
-5 11 11
fi=(24)
73 11
fe=(6)
327 22 0 0 0 0 0 0 0 0 11 5
fi=(24)
73 1088 0 0 17 0 0 8
fe=(6)
327 3264 0 0 0 0 0 0 0 0 1088 8

fn=(816)
601 64 8 32 1 0 0 1 0 0 8
+1 8 8
+1 8 8
+1 8 8
+1 16 8 8
+6 32 8 8 1 0 0 1
+1 56 0 8 0 0 0 0 0 0 16 5
+6 16
fi=(26)
75 8 8
fe=(6)
618 8 8 0 0 1 0 0 1
+1 8
+28 24 16
-28 5 5
-7 5 5
+7 26 0 0 1 0 0 1 0 0 13 7
+1 5
+1 15 0 5
+1 5
fi=(22)
18 5
fe=(6)
623 5
+19 3 0 1
-18 10 5 5 1 0 0 1
fi=(11)
805 5
fe=(6)
625 9 0 0 0 0 0 0 0 0 6 4
-6 1 1
+13 12 0 0 1 0 0 1 0 0 6 4
-21 1
+25 1 0 0 0 0 0 0 0 0 1

fn=(1620)
240 55 11 11 2 0 0 2 0 0 11
fi=(13)
670 22 11 0 2 0 0 2
fe=(6)
241 11
fi=(13)
669 11
565 55
670 88 22 0 2 5 0 2 1 0 11
fe=(6)
242 33 11 0 0 4 0 0 0 0 11 2
fi=(13)
670 11 0 11
fe=(6)
245 44 11 0 0 6 0 0 0 0 11 5
+2 12 0 0 0 0 0 0 0 0 4
-7 4 0 4
+10 4 0 4
-3 24 0 4 2 0 0 2
cfi=(13)
cfn=(490)
calls=4 1656 
* 107 32 24 6 3 1 0 0 0 20 4
+21 4 4
fi=(24)
73 4 4
fe=(6)
249 4 4
fi=(24)
73 4
fe=(6)
249 8 4 4
+1 4 0 4
+1 12 4 4
+1 8 4 0 2 0 0 2 0 0 4 3
fi=(24)
73 7
fe=(6)
249 14 7 7
+1 7 0 7
+1 21 7 7
+1 36 7 0 0 0 0 0 0 0 18 6
+21 33 22 0 2 0 0 2

fn=(794)
761 1 1 0 1 0 0 1
575 2 1 0 0 0 0 0 0 0 1 1
762 5 1 0 0 0 0 0 0 0 1 1
+8 1 1 0 1 0 0 1

fn=(810)
1252 7542 1257 1257 49 0 0 18 0 0 1257
+1 1257 1257
+1 2514 0 0 0 0 0 0 0 0 1257 635
-2 1257 0 1257
+1 1257 0 1257
-1 1257 0 1257
+7 5028 2514 2514
fi=(11)
819 3771 1257 1257 19 0 35 9 0 8
cfn=(58) runtime.(*moduledata).textAddr
calls=1257 665 
* 17598 6285 1257 0 0 0 0 0 0 1257 687
fe=(6)
1261 3807 1257 0 0 0 0 0 0 0 1257 27
+5 2478 0 1239
+1 7434 3717 1239 3 0 0 3
cfi=(11)
cfn=(812) runtime.pcdatavalue
calls=1239 1072 
* 435618 78183 50904 40 269 174 18 136 40 50349 4513
+60 2478 1239 1239
-58 1239
+56 3717 0 1239
-48 3717 3717
+8 1239
-16 1239 0 0 0 0 0 0 0 0 1239 102
+58 18 0 18 16 0 0 6
-58 18
+56 54 0 18
-48 54 54
+8 18
-16 18 0 0 0 0 0 0 0 0 18 2
fi=(11)
1100 3420 1710 0 30 0 0 9 0 0 855 114
+4 2565 855
+1 855 855 0 0 36 0 0 18
+4 1710
-6 1710 1710
+9 1710 0 0 19 0 0 9
+1 855
+1 855
fe=(6)
1277 855 0 855
+11 5130 855 0 0 176 0 0 78 0 1710 15
+5 2565 855 0 0 0 0 0 0 0 855 403
-6 828 0 414
+7 1656 0 0 0 0 0 0 0 0 828 21
+5 414
fi=(11)
1171 1656
fi=(26)
75 828
fe=(6)
1300 1296 0 0 11
-7 441
fi=(11)
1103 402 402 0 19 0 0 9
-3 1206 402 0 19 0 0 9
fe=(6)
1309 3771 1257 0 11 0 0 0 0 0 1257 176
+1 1852 463 0 0 0 0 0 0 0 463 401
fi=(11)
1100 1389 463 0 26 0 0 9 0 0 463 9
+4 1389 463
+1 463 463
+4 926
fe=(6)
1359 463
fi=(11)
1103 463 463
+9 926 0 0 30 0 0 9
+1 463
+1 463
fe=(6)
1359 926
-39 463
+1 2778 463 0 0 73 0 0 30 0 926
-1 463 0 463
+5 1852 0 0 0 0 0 0 0 0 926 1
+5 1389 463 0 14 0 0 3 0 0 463 1
fi=(11)
1171 1848
fi=(26)
75 1386
fe=(6)
1331 464
-1 1589 0 0 16 0 0 6
+8 2514 1257 0 0 0 0 0 0 0 1257 11
fi=(11)
1100 2911 1257 0 30 0 0 9 0 0 1257 34
fe=(6)
1345 397
fi=(11)
1100 860
+4 2580 860
+1 860 860 0 0 32 0 0 17
+4 1720
fe=(6)
1359 860
fi=(11)
1103 860 860
+9 1720
+1 860 0 0 14 0 0 3
+1 860
fe=(6)
1359 860
-13 2514 0 0 16 0 0 6 0 0 1257 24
-1 363 0 363
+14 1452 0 1452
-12 726 363 363 0 89 0 0 43
+1 363
+2 1452 0 0 30 0 0 9 0 0 363 4
fi=(22)
18 1089 363 363 30 0 0 9
fe=(6)
1350 5418 363 0 25 0 0 8 0 0 726 2
+9 12570 2514 0 1 0 0 1

fl=(12)
fn=(132)
809 9879 1977 1975 34 3 0 8 0 0 1977 2
+1 11850 0 1975 0 0 2 0 0 2 1975
-1 3950 0 3950
+1 3950 1975 1975 32 0 0 8
+2 3950 0 1975 0 0 466 0 0 15
cfi=(26)
cfn=(134)
calls=1975 171 
* 25675 9875 1975 50 0 2 14 0 2 3950 1627
+1 9875 3950 1975 0 0 0 0 0 0 1975
+2 5925 1975 0 0 36 0 0 8 0 1975
-3 1975 0 1975
+7 7900 3950 1975 24 0 0 7
cfi=(24)
cfn=(136)
calls=1975 146 
* 14207080 2158285 1632477 31194 61651 82968 1009 5815 67465 2282306 63815 16097 221
+2 7900 5925 1975 0 47
+2 1975 0 1975
cfi=(26)
cfn=(134)
calls=1975 171 
* 77025 13825 9875 143 0 0 21 0 0 11850 615
-10 3950 3950
+13 1975 1975
-3 1975
+3 3950 1975 0 0 0 0 0 0 0 1975 104
+4 5925 3950 0 31 0 0 7
+1 5925 1975 1975
+1 7900 1975 0 0 0 0 0 0 0 1975
-19 3950
+23 9875 3950
cfn=(126)
calls=2 1117 
* 37167 11678 3987 298 40 38 42 6 25 6812 439 10 2
-27 8 0 6 4 0 0 2
cfi=(2)
cfn=(782)
calls=2 576 
* 188 76 58 0 0 0 0 0 0 16 7 2 2
* 6 4
cfn=(133)
calls=2 * 
* 700 190 102 58 21 0 7 0 0 96 22

fn=(133)
809 15 3 3 1 0 0 0 0 0 3
+1 18 0 3 0 0 0 0 0 0 3
-1 6 0 6
+1 6 3 3 3
+2 6 0 3 0 0 1 0 0 1
cfi=(26)
cfn=(134)
calls=3 171 
* 39 15 3 4 0 0 0 0 0 6 1
+1 15 6 3 0 0 0 0 0 0 3
+2 9 3 0 0 2 0 0 0 0 3 2
-3 3 0 3
+7 12 6 3 2
cfi=(24)
cfn=(136)
calls=2 146 
* 480 126 66 42 18 0 7 0 0 68 15
cfi=(24)
cfn=(137)
calls=1 146 
* 173 37 41 8 1 6 0 0 5 23 1 1 1
+2 12 9 3
+2 3 0 3
cfi=(26)
cfn=(134)
calls=3 171 
* 117 21 15 6 0 0 0 0 0 18 4
-10 6 6
+13 3 3
-3 3
+3 6 3 0 0 0 0 0 0 0 3 1
+4 9 6 0 3 1
+1 9 3 3
+1 12 3 0 0 0 0 0 0 0 3
-19 6
+23 15 6
cfn=(127) runtime.mallocgc'2
calls=1 1117 
* 8935 2818 968 67 2 4 0 2 1 1622 103 3

fn=(164)
561 693 99 198 98 0 0 7 0 0 99
+1 99
+2 99
+4 99
fi=(22)
413 297 0 99 99 0 98 7
fe=(12)
568 396 0 99 0 0 98
cfn=(166) runtime.(*linearAlloc).alloc
calls=99 1456 
* 1683 495 99 136 98 0 28 4 0 198 3
* 99
+1 495 198 0 0 0 0 0 0 0 99
+94 297 0 198 99 0 0 7
fi=(13)
-98 297
fe=(12)
+98 198 99
+49 198 99 99 0 0 99 0 0 17
+6 198 198 99 0 0 0 0 0 0 99
-55 297 198
+1 99
-1 297
fi=(13)
-98 297
fe=(12)
+98 396 0 0 9 0 0 8 0 0 99 1
fi=(13)
-98 297
fe=(12)
+98 297 0 99 0 0 0 0 0 0 99
+1 99 99
+1 198 0 0 0 0 0 0 0 0 99 12
+9 2 0 1 1 0 0 1
cfi=(20) /usr/lib/go-1.19/src/runtime/mem_linux.go
cfn=(86) runtime.sysAllocOS
calls=1 21 
* 47 15 12 0 0 0 0 0 0 3 2
+1 2 0 0 0 0 0 0 0 0 1
+3 3 2 1 0 0 0 0 0 0 1
+7 1
-22 1 1
+18 1 1
-18 1 1
fi=(13)
-98 1 0 0 1 0 0 1
fe=(12)
681 891 99 99 8 99 0 7 13 0 198 1
+4 594 0 99 9 0 0 8
cfn=(166)
calls=99 1456 
* 1683 495 99 0 0 0 0 0 0 198 96
+1 198 0 0 0 0 0 0 0 0 99
+1 396 0 99
cfn=(72)
calls=99 1337 
* 15939 4356 3861 120 490 298 25 0 4 1782 123 99 2
+1 198 0 0 0 0 0 0 0 0 99
+6 396 297 0 13 0 0 10 0 0 99 2
+24 1 0 1
-23 1
+1 2 0 0 0 0 0 0 0 0 1
+1 1 1
+2 5 0 2
cfn=(72)
calls=1 1337 
* 219 58 46 0 0 0 0 0 0 35 4 1
* 1
+1 2 0 0 1 0 0 1 0 0 1
+3 3 3
+1 4 1 2
+1 8 2 1 1 0 0 1 0 0 1
cfi=(31)
cfn=(170)
calls=1 39 
* 6 1 0 2 0 0 2 0 0 1 1
+6 1 1
+7 1 1
-7 594 198 99 197 0 0 13 0 0 99
+1 297 99 0 0 0 0 0 0 0 99 3
+14 495 198
575 396 99 99 9 98 0 8 0 0 99
+2 99 99 0 0 98 0 0 6
+1 99 99
+1 198
+2 396
-3 99 0 0 0 0 0 0 0 0 99 7
fi=(13)
-13 396 0 0 9 0 0 8
fe=(12)
+19 198 0 0 0 0 0 0 0 0 99 3
-3 198 0 198
+7 198 0 99
cfi=(18)
cfn=(98) runtime.sysReserve
calls=99 132 
* 4752 1584 1188 229 196 294 7 0 0 297 8
+20 99 99 0 86 0 0 8
-29 99 99
+29 99 99
-13 99 99
-5 99 99
fi=(13)
-25 99
fe=(12)
+25 297 0 0 0 0 0 0 0 0 99 2
+2 99 99 0 86 0 0 8
+3 297 0 99
fi=(22)
413 99 0 0 86 0 0 8
fe=(12)
597 99
+15 198 0 0 0 0 0 0 0 0 99 2
+29 99 0 0 12 0 0 10
+1 297 0 0 0 0 0 0 0 0 99 1
fi=(13)
-77 396
fe=(12)
+79 198 0 0 99 0 0 7 0 0 99 2
fi=(13)
-79 198
fe=(12)
+81 99
+3 792 0 0 11 0 0 8 0 0 99 7
+8 198 0 0 0 0 0 0 0 0 99
+6 297
-6 99

fn=(278)
1201 655 131 131 12 0 0 6 0 0 131 5
+1 655 131 131 11 36 15 6 24 15
cfn=(127)
calls=16 842 
* 9944 1812 1265 100 27 24 0 0 6 1327 101 1 1
cfn=(126)
calls=115 842 
* 177418 33621 23016 410 276 365 170 108 338 21151 948 90 12
* 393 262
cfi=(35)
cfn=(1200) runtime.gcBgMarkWorker
calls=1 +7 
* 12876 4115 1319 68 4 2 7 1 1 2411 131 3 1
cfi=(69)
cfn=(754)
calls=1 327 
* 23787 7445 2615 198 34 36 35 4 24 4332 294 7 1

fn=(279) runtime.newobject'2
1201 5 1 1 0 0 0 0 0 0 1
+1 5 1 1 0 1 1 0 0 1
cfn=(127)
calls=1 842 
* 307 64 63 11 4 9 0 0 8 48 3 1 1
* 3 2
cfi=(35)
cfn=(1200)
calls=1 +7 
* 8663 2741 938 55 2 3 0 2 0 1581 94 3

fn=(62)
351 5 1 1 1 0 0 1 0 0 1
+1 2 1 0 0 1 0 0 1 0 1
+11 5 1 0 0 0 0 0 0 0 1
+4 2 0 0 1 0 0 1 0 0 1
+4 2 0 0 0 0 0 0 0 0 1
+4 4 0 0 0 0 0 0 0 0 1
+4 5 1 0 0 0 0 0 0 0 1
+4 2 0 0 1 0 0 1 0 0 1 1
+7 3 1 0 0 0 0 0 0 0 1 1
+17 2 0 1
cfi=(13)
cfn=(64)
calls=1 703 
* 2161 289 424 58 14 150 58 12 150 256 33 1 1
+1 1 0 1
cfi=(24)
cfn=(102)
calls=1 84 
* 1325 244 213 13 1 19 13 1 19 193 28 2 2
* 2 0 1 0 0 1 0 0 1
+4 1 0 0 1 0 0 1
+1 12 0 0 0 0 0 0 0 0 4 3
+3 1
+37 128 0 128
+25 384 0 128
cfi=(14)
cfn=(106)
calls=128 73 
* 4024 1463 679 0 0 0 0 0 0 666 16 1
-2 640 128
+3 128 0 128 0 0 17 0 0 17
+1 384 128 256 0 1 32 0 1 32
-27 386 0 0 0 0 0 0 0 0 129 5
+96 3 2
394 42 0 21
-1 177 44 0 2 1 0 2 1 0 22 8

fn=(78)
1349 4002 667 667 32 0 0 12 0 0 667 2
+5 1334 0 0 23 0 0 9 0 0 667
+3 1334 0 0 0 0 0 0 0 0 667 178
+1 1284 0 0 0 0 0 0 0 0 321
+3 988 0 0 0 0 0 0 0 0 321 2
+7 1334 0 0 0 0 0 0 0 0 667 41
-19 1136 0 1136 24 0 0 10
+31 568 0 568 0 0 5
fi=(5)
478 568 568
fe=(12)
1372 568
fi=(5)
478 568 0 568 0 0 3 0 0 1
+1 1136 568 568
fe=(12)
1374 2840 568 0 0 3 0 0 1 0 1136 9
+1 1674
+2 10
fi=(17)
48 10
fi=(54)
-26 20 0 10 1 0 0 1
cfi=(17)
cfn=(80)
calls=10 +29 
* 180 60 30 2 0 0 2 0 0 40 2
fe=(12)
1381 10 10
+26 10 10
fi=(5)
485 10 10
fi=(22)
-72 10 10
fe=(12)
1378 10
+2 20 10 10 0 2 0 0 1
fi=(22)
413 50 0 10 1 0 0 1
fe=(12)
1380 10 0 10
+1 30 0 0 0 0 0 0 0 0 10
-1 1116 558 558 24 380 0 10 15
fi=(22)
413 2790 0 558 27 0 0 9
fe=(12)
1380 558 0 558
+1 2766 546 0 0 0 0 0 0 0 1104 44
+1 81 0 27 0 0 1 0 0 1
cfi=(18)
cfn=(82)
calls=27 49 
* 2268 594 567 126 45 40 37 4 6 216 30
* 54 27 27
+1 54 27 0 0 0 0 0 0 0 27 3
-14 198 0 99 1 0 1 1
cfi=(18)
cfn=(82)
calls=99 49 
* 8316 2178 2079 112 196 297 18 0 4 792 14
* 297 198
+31 1136 1136 0 29 0 0 11
+1 1136 0 568
+1 568
fi=(5)
485 1704 568 568
fe=(12)
1487 1136
fi=(5)
486 1136 0 0 30 0 0 11 0 0 568 411
fe=(12)
1487 568 0 568
-84 1704 0 0 0 0 0 0 0 0 568 6
+1 10
fi=(17)
112 10
fi=(54)
-80 20 0 10
cfi=(17)
cfn=(94)
calls=10 +83 
* 228 74 30 3 1 0 3 1 0 64 9
fe=(12)
1408 10 10
-1 10 10 0 2 0 0 1
+4 10 10
-4 1704 0 0 36 0 0 16 0 0 568 2
+1 1698 0 566 0 0 3 0 0 1
cfi=(19)
cfn=(84)
calls=566 644 
* 9622 1698 2264 8 13 5 2 4 0 2264 4
+1 2264 566 566
cfi=(19)
cfn=(84)
calls=566 644 
* 9622 1698 2264 0 351 0 0 9 0 2264 8
+2 2838 1702 0 31 0 0 11
-18 27 27 0 3 0 0 1
-1 27 27 0 0 26 0 0 6
+1 27 0 27 0 0 27 0 0 27
+1 162 27 27 0 0 0 0 0 0 27
fi=(22)
413 108 54
fe=(12)
1398 27 0 27
+3 27 27
fi=(5)
485 27 27 0 11 0 0 7
fe=(12)
1400 27
+7 27 27
-9 27

fn=(1766) runtime.memclrNoHeapPointersChunked
1179 24857 4972 4971 10 0 0 5 0 0 4972 1
+1 4971
+3 4971 0 4971
+1 4971
+6 4971
+1 4971
+3 24855 0 4971
cfi=(33)
cfn=(264)
calls=4971 18 
* 56993250 14913 56804352 4 4971 7100546 0 0 7095935 56883888 5535
-10 39768 9942 4971 8 4971 0 4 0 0 9942 1
+1 9942 4971 0 8 0 0 4 0 0 4971 2
+11 14913 9942
-17 3 0 3 1
cfi=(2)
cfn=(782)
calls=1 576 
* 2675 555 345 73 18 11 31 5 8 378 55 4 4
* 4 2 0 1
cfn=(1767) runtime.memclrNoHeapPointersChunked'2
calls=1 * 
* 7234 9 7172 3 2 896 0 0 810 7188 6

fn=(1767)
1179 5 1 1 0 0 0 0 0 0 1
+1 1
+3 1 0 1
+1 1
+6 1
+1 1
+3 5 0 1
cfi=(33)
cfn=(264)
calls=1 18 
* 7206 3 7168 2 1 896 0 0 810 7184 4
-10 8 2 1 1 1 0 0 0 0 2 1
+1 2 1 0 0 0 0 0 0 0 1 1
+11 3 2

fn=(110)
1268 48 0 16 2 0 0 1
+4 32 0 0 0 0 0 0 0 0 16 2
+2 32 0 0 2 0 0 1 0 0 16 1
+1 64 32 0 2 0 0 1

fn=(852)
1216 15 3 3 1 0 0 1 0 0 3
+1 6 0 0 0 0 0 0 0 0 3
+3 3 3
-4 3
+4 6
+1 21 0 0 1 0 0 1 0 0 9 1
+3 9 0 3
cfn=(126)
calls=3 842 
* 11788 1759 2648 16 10 201 1 1 201 2541 115 2
* 9 6

fn=(126)
842 257000 51400 51400 46 0 3 11 0 3 51400 11
+1 154200 51400 0 51 107 0 11 3 0 51400 6
+4 102800 0 0 0 0 0 0 0 0 51400 10
+12 102800 51400 0 0 108 0 0 4 0 51400 40289
-17 154200 0 154200 298 0 0 11
+50 154200 51400 0 42 5103 0 11 3 0 51400 84
+3 105180 52590 0 0 0 0 0 0 0 26295 4
+5 78885 26295 26295 0 112 0 0 2
+2 52590 0 0 0 0 0 0 0 0 26295 95
-2 25696 0 25696
+6 51392 0 25696 0 0 3 0 0 2
cfi=(134)
cfn=(1314) runtime.gcAssistAlloc
calls=25696 404 
* 27694496 4599268 2456429 23123 224151 2693 3822 84701 354 5572096 372879 3949 1060
+26 25696 25696 0 46 50 0 8
-90 25696 25696
1140 25696 25696
928 25696 25696
-22 50801 0 0 4 0 0 3
fi=(5)
478 25105 25105 0 0 5038
fe=(12)
911 25105
fi=(5)
478 25105 0 25105 0 0 4868 0 0 3
+1 75315 25105
fe=(12)
912 50210 25105 0 0 4861 0 0 0 0 25105
fi=(5)
478 26295 26295
fe=(12)
911 26295
fi=(5)
478 26295 0 26295 0 0 99
+1 78885 26295
fe=(12)
912 52590 26295 0 0 0 0 0 0 0 26295
+3 154200 51400 0 48 6898 0 11 5 0 51400 4
+3 51400 0 51400
fi=(24)
127 102800 51400
+2 102800 0 0 0 0 0 0 0 0 51400 19
+7 102594 51297 0 0 6979 0 0 5
-2 103 103
fe=(12)
923 154200 0 0 0 0 0 0 0 0 51400
+5 256800 51300 0 21118 55 0 7 6 0 51400 36
fi=(5)
479 100 0 100 0 0 1 0 0 1
fe=(12)
922 100 0 100
+6 100 0 100
1140 100 0 100
932 200 0 0 0 0 0 0 0 0 100
fi=(5)
479 51300 0 51300 0 0 68 0 0 20
fe=(12)
922 51300 0 51300
+6 51300 0 51300 0 0 3 0 0 3
1140 51300 0 51300
932 102600 0 0 0 0 0 0 0 0 51300 14
-4 6589
+5 25945 0 0 1636 0 0 6 0 0 13041 180
+30 44 44 0 0 9 0 0 5
+2 88 0 0 0 0 0 0 0 0 44 5
fi=(22)
413 96
fe=(12)
966 32
+9 24 0 0 0 0 0 0 0 0 12 6
fi=(22)
413 8
fe=(12)
976 4
+1 16 0 0 0 0 0 0 0 0 8 3
+1 1
fi=(22)
413 2
fe=(12)
980 210 26 0 11 0 0 6 0 0 70 32
+2 18
+1 18 0 18
+1 18 0 18
+1 18 0 18
+1 18
fi=(5)
485 72 18 18
+1 68 16 0 3 3 0 0 0 0 34 14
fe=(12)
987 54 36
+3 26 26 0 8 9 0 6 5
783 104 26 0 0 9 0 0 5
+1 52 0 0 0 0 0 0 0 0 26 8
+1 36 18 0 10 0 0 6
+1 54 18 0 0 0 0 0 0 0 18
+1 54
+1 36 0 0 0 0 0 0 0 0 18 13
+3 108 0 18 2
+1 18 0 18
+1 54 18 18 0 3
+1 54 36
991 26 0 0 8 0 0 6
+1 88 0 0 0 0 0 0 0 0 26 2
+1 24 0 8
cfn=(132)
calls=8 809 
* 11129 2754 1072 150 120 47 146 92 38 1412 119 3
1140 8 8 0 8 0 0 6
-23 8 8
1000 8 8
-72 8 8
+67 8
+85 8
-80 8 8
+50 8 8
-54 8 0 8 0 0 8 0 0 7
+4 16 8 0 0 0 0 0 0 0 8
-4 18 0 18 2 0 6 0 0 4
+4 62 31 0 0 0 0 0 0 0 31 9
+2 42 0 21
+1 42 0 21 4 0 0 4
1168 5
1050 52
-42 13090 0 0 38 0 0 3 0 0 6545 57
fi=(22)
425 604
fe=(12)
1009 1510 302 0 0 7 0 0 3 0 302
fi=(22)
425 12486 0 0 20
fe=(12)
1011 24972 6243 0 0 404 0 0 9 0 6243
+2 26180 6545 0 9 596 0 7 8 0 6545
+1 6545
fi=(13)
541 6545
fi=(22)
437 6545
fi=(13)
541 6545 0 0 29 0 0 7
fe=(12)
1015 26180 6545 0 0 110 0 0 17 0 6545 49
783 13090 6545 0 0 94 0 0 2
1140 6545
783 13090
+1 13090 0 0 0 0 0 0 0 0 6545 95
+1 12906 6453 0 17 2 0 4
+1 19359 6453 0 0 0 0 0 0 0 6453 1873
+1 9160
+1 9160 0 0 0 0 0 0 0 0 4580 10
+3 32060 0 4580 25 0 0 4
+1 4580 0 4580
+1 13740 4580 4580 0 34
+1 13740 9160 0 0 59
+48 4580 4580
1117 4580 4580
-99 9160 4580
-2 4580 0 0 3
1117 1873 1873
-99 1873 1873
-2 1873
-3 1873 0 1873
+4 3746 0 0 0 0 0 0 0 0 1873 4
-1 92 0 0 15 0 0 6
-3 92 0 92
+4 184 0 0 0 0 0 0 0 0 92 4
-4 4580 0 4580
+4 18320 0 0 0 0 0 0 0 0 4580 2
+1 5895 0 1965 0 0 6 0 0 5
cfn=(132)
calls=1965 809 
* 14410230 2218047 1666461 31292 61611 83358 908 5722 67424 2308121 66029 16093 220
+99 1965 1965 0 0 40
+23 1965 1965 0 0 1
-29 1965 1965
928 1965 1965
1143 1965 1965 0 15 0 0 5
1020 1965
+60 1965
+66 1965
-96 1965 1965 0 0 31
842 1965 1965
1050 1965 1965
842 1965
1021 1965 0 0 0 0 0 0 0 0 1965 12
842 4580 0 0 8 0 0 1
1021 17512 6466 0 0 0 0 0 0 0 11046 176
-1 1742 0 1742
1146 1742 0 1742
-66 1742 0 1742
-58 5226 0 1742 12 0 3 4 0 3
cfi=(33)
cfn=(264)
calls=1742 18 
* 3695967 5084 3624927 55 34 455887 19 4 234412 3645072 1759
+28 1742 1742 0 0 8
1168 1742 1742
1050 1742 1742
+67 1742 1742
+23 1742 1742
-29 1742 1742
928 1742 1742
1146 1742 1742
-3 1742 1742
-63 1742 1742
+66 1742
-66 1742 0 0 8 0 0 1
+88 1742
-28 1742
+28 3484
-22 4803 0 0 16 0 0 2
-66 4803 0 0 14 0 0 2
+88 4803
-28 4803
+28 9658 0 0 2 0 0 2
1029 179244 0 44811 8 0 0 5
cfi=(24)
cfn=(1666)
calls=44811 218 
* 415186044 48843367 48870706 148174 2022341 3747254 2558 72750 3616824 90208370 1588213 446669 1603
+1 44811 0 44811
+1 44811 0 44811
+1 44811 44811
fi=(13)
470 44811 44811
fe=(12)
842 134433 44811 0 32 1564 0 9 1
1034 134433 44811 0 0 0 0 0 0 0 89622 23
928 9944 4972 0 0 3
1035 4972 0 0 0 0 0 0 0 0 4972 6
928 89622 39839 0 22 1562 0 3
1111 39839 39839
928 39839
1080 39839
+42 39839
+21 79678
+25 39839
1050 39839 39839
+90 39839 39839
-90 39839 39839
+67 39839 39839
+51 39839 0 39839
-25 39839 0 39839 104 0 0 4
+3 39839 0 39839
-24 39839 0 39839
-42 39839 0 39839
928 39839
1049 39839 0 0 0 0 0 0 0 0 39839 6
+62 4972 4972
928 4972
1080 4972
+42 4972
+21 9944
+25 4972
1050 4972 4972
+90 4972 4972
-90 4972 4972
+67 4972 4972
+51 4972 0 4972
-25 4972 0 4972 9 0 0 3
+3 4972 0 4972
-24 4972 0 4972
-42 4972 0 4972
928 4972
1049 4972 0 0 0 0 0 0 0 0 4972
1168 6571 0 6571 29 0 0 5
-25 6571 0 6571 27 0 0 4
+3 6571 0 6571
-24 6571 0 6571
-42 6571 0 6571
928 6571
1049 109051 0 0 0 0 0 0 0 0 6571 66
+1 710 0 142 0 0 1
cfi=(26)
cfn=(280) runtime.heapBitsSetType
calls=142 844 
* 806464 105877 112392 489 87 16 206 53 8 110747 3314
+1 852 426 0 8 0 0 3 0 0 142 25
+4 27 27
+1 81
-1 27
+6 81
-6 27
+4 115 115
+84 115
-82 230 115 115
+26 230 0 115
-17 115 0 115
cfi=(2)
cfn=(254)
calls=115 764 
* 115 115 0 3 0 0 2
-9 54 27 27
+26 54 0 27
-17 27 0 27
cfi=(2)
cfn=(254)
calls=27 764 
* 27 27
+17 51240 0 51240 1603 0 0 7
-17 51240 0 51240 0 0 11 0 0 11
cfi=(2)
cfn=(254)
calls=51240 764 
* 51240 51240 0 8
* 102764 51382 0 1542 706 0 11
+10 154146 102764 51382 0 34 199 0 0 4
+6 102764 51382 0 0 1886 0 0 0 0 51382 1470
+1 105104 78828 26276
cfi=(134)
cfn=(1406) runtime.gcmarknewobject
calls=26276 1567 
* 1550050 367630 104870 101 10465 1293 36 6475 0 131146 125
+22 154146 51382 0 37 6977 0 10 5 0 51382 4829
+17 51382 51382 0 47 0 0 10
-9 102764 51382 51382 0 0 662
+1 51382
fi=(5)
485 154146 51382 51382 0 704
+1 205398 51317 0 0 7068 0 0 3 0 102699 26081
+2 3 0 3
fe=(12)
1122 154146 51382 0 37 0 0 10 0 0 51382 77
928 9944 4972
1123 4972 0 0 0 0 0 0 0 0 4972 2
+3 19888 4972 4972
cfn=(1766)
calls=4972 +53 
* 57142356 45306 56831756 108 9962 7101453 44 5 7096753 56911339 5600 4 4
+17 4972 4972 0 0 4972
-14 102764 51382 0 0 5249 0 0 0 0 51382 27
+11 205528 51382 0 110 0 0 22 0 0 51382 65
+3 78876 26292 26292 0 112 1396
+3 154146 51382 0 0 0 0 0 0 0 51382 1884
+1 187136 0 46784
cfi=(35)
cfn=(272)
calls=46784 548 
* 3142981 741393 215282 23486 38034 4927 282 60 20 459915 27225 24 10
* 93568 0 0 0 0 0 0 0 0 46784 27
+1 68 0 17
cfi=(35)
cfn=(1178)
calls=17 579 
* 412402 99820 61626 4496 8812 2659 1518 1809 1315 65893 3671 483 124
+20 205528 154146 0 37 4889 0 10 1
cfn=(278)
calls=2 +34 
* 36669 11564 3934 266 38 38 42 5 25 6743 425 10 2

fn=(127)
842 100 20 20 0 0 0 0 0 0 20
+1 60 20 0 0 0 0 0 0 0 20 1
+4 40 0 0 0 0 0 0 0 0 20
+12 40 20 0 0 0 0 0 0 0 20 1
-17 60 0 60
+50 60 20 0 0 0 0 0 0 0 20
+14 20
fi=(5)
478 20 20
fe=(12)
911 20
fi=(5)
478 20 0 20
+1 60 20
fe=(12)
912 40 20 0 0 0 0 0 0 0 20
+3 60 20 0 0 1 0 0 0 0 20
+3 20 0 20
fi=(24)
127 40 20
+2 40 0 0 0 0 0 0 0 0 20
+7 40 20 0 0 1
fe=(12)
923 60 0 0 0 0 0 0 0 0 20
+5 100 20 0 4 0 0 0 0 0 20
fi=(5)
479 20 0 20 0 0 2 0 0 2
fe=(12)
922 20 0 20
+6 20 0 20
1140 20 0 20
932 40 0 0 0 0 0 0 0 0 20 1
-4 20
+5 23 0 0 1 0 0 0 0 0 21 13
+75 40 0 0 1 0 0 1 0 0 20 1
fi=(22)
425 40
fe=(12)
1009 100 20 0 0 1 0 0 0 0 20
+4 80 20 0 1 1 0 1 0 0 20
+1 20
fi=(13)
541 20
fi=(22)
437 20
fi=(13)
541 20 0 0 1 0 0 1
fe=(12)
1015 80 20 0 0 8 0 0 1 0 20 16
783 40 20 0 0 8 0 0 1
1140 20
783 40
+1 40 0 0 0 0 0 0 0 0 20 5
+1 30 15
+1 45 15 0 0 0 0 0 0 0 15
+1 30
+1 30 0 0 0 0 0 0 0 0 15
+3 105 0 15
+1 15 0 15
+1 45 15 15 0 4
+1 45 30
+48 15 15
1117 15 15
-99 30 15
-2 20 0 0 1 0 0 1
-3 5 0 5
+4 10 0 0 0 0 0 0 0 0 5
-4 15 0 15
+4 60 0 0 0 0 0 0 0 0 15 2
+1 15 0 5 0 0 2 0 0 2
cfn=(132)
calls=4 809 
* 3743 916 644 123 27 33 29 9 22 521 43 3 3
cfn=(133)
calls=1 809 
* 216 49 51 10 1 7 0 0 6 29 1 1 1
+99 5 5
+23 5 5
-29 5 5
928 5 5
1143 5 5 0 1 0 0 1
1020 5
+60 5
+66 5
-96 5 5
842 5 5
1050 5 5
842 5
1021 5 0 0 0 0 0 0 0 0 5 1
842 15
1021 55 20 0 0 0 0 0 0 0 35 6
-1 2 0 2
1146 2 0 2
-66 2 0 2
-58 6 0 2 1 0 0 1
cfi=(33)
cfn=(264)
calls=2 18 
* 31 2 3 0 0 2 0 0 2 12 4
+28 2 2
1168 2 2
1050 2 2
+67 2 2
+23 2 2
-29 2 2
928 2 2
1146 2 2
-3 2 2
-63 2 2
+66 2
-66 2
+88 2
-28 2
+28 4
-22 18
-66 18
+88 18
-28 18
+28 56 0 20
-25 20 0 20
+3 20 0 20
-24 20 0 20
-42 20 0 20
928 20
1049 22 0 0 0 0 0 0 0 0 20 7
+1 95 0 19
cfi=(26)
cfn=(280)
calls=19 844 
* 6473 907 717 104 10 5 2 0 0 746 65
+1 114 57 0 0 0 0 0 0 0 19 1
+4 2 2
+1 6
-1 2
+6 6
-6 2
+4 17 17
+84 17
-82 34 17 17 0 0 6
+26 34 0 17
-17 17 0 17
cfi=(2)
cfn=(254)
calls=17 764 
* 17 17
-9 4 2 2
+26 4 0 2
-17 2 0 2
cfi=(2)
cfn=(254)
calls=2 764 
* 2 2
+17 1 0 1
-17 1 0 1
cfi=(2)
cfn=(254)
calls=1 764 
* 1 1
* 40 20
+10 60 40 20
+6 40 20 0 0 0 0 0 0 0 20 1
+23 60 20 0 0 0 0 0 0 0 20 1
+17 20 20
-9 40 20 20
+1 20
fi=(5)
485 60 20 20
+1 42 1 0 0 0 0 0 0 0 21 2
fe=(12)
1122 60 20 0 0 0 0 0 0 0 20
+7 40 20 0 0 0 0 0 0 0 20 1
+11 80 20 0 1 0 0 0 0 0 20
+6 60 20 0 0 0 0 0 0 0 20 2
+1 20 0 5
cfi=(35)
cfn=(273) runtime.gcTrigger.test'2
calls=1 548 
* 129 28 9 6 1 0 5 0 0 17 1
cfi=(35)
cfn=(272)
calls=4 548 
* 500 112 36 19 0 0 0 0 0 64
* 10 0 0 0 0 0 0 0 0 5
+1 16 0 4
cfi=(35)
cfn=(1179) runtime.gcStart'2
calls=3 579 
* 69 21 9 9 0 0 0 0 0 9 4
cfi=(35)
cfn=(1178)
calls=1 579 
* 30 10 3 4 0 0 0 0 0 6 2
+20 80 60 0 1
cfn=(279)
calls=1 +34 
* 8666 2743 938 55 2 3 0 2 0 1581 94 3

fn=(72)
1337 3195 639 639 25 0 4 11 0 1 639 4
+1 639 0 639 0 0 12 0 0 3
+1 8946 0 6390 24 0 6 11 0 2
cfi=(2)
cfn=(75)
calls=517 463 
* 73050 18567 14294 420 1248 385 110 21 34 11264 685 517 50
cfi=(2)
cfn=(74)
calls=122 463 
* 19943 5083 4134 110 74 32 50 12 9 3199 126 122 41
* 1278 639
+3 2556 1917 0 27 0 0 11
cfi=(29)
cfn=(428)
calls=2 286 
* 28786271 6710353 4210296 1866 134509 1807 1513 127549 1592 4701712 38866 18120 34

fn=(73)
1337 140 28 28 0 0 0 0 0 0 28
+1 28 0 28 0 0 1 0 0 1
+1 392 0 280 0 0 1
cfi=(2)
cfn=(75)
calls=28 463 
* 784 280 196 0 6 2 0 1 0 112 1 28 1
* 56 28
+3 112 84 0 1 0 0 1
cfi=(29)
cfn=(429)
calls=28 286 
* 20677791 4718175 2829746 6800 117431 1508 6750 111247 1138 3350955 9004 505 37

fn=(166)
1456 990 198 198 28 0 0 13 0 0 198
+1 198 198 0 0 98 0 0 4
fi=(22)
413 792 0 0 9 0 0 8
fe=(12)
1458 594 198 0 0 0 0 0 0 0 198 99
+1 792 396 0 99 0 0 7

fn=(76) runtime.persistentalloc.func1
1339 6370 3185 1274 27 3 4 10 0 0 637 4
+1 637 0 637 0 0 3 0 0 2
cfn=(78)
calls=637 +9 
* 72389 13695 14849 500 1003 379 147 30 39 12318 754
* 1274 637 637
+1 2548 1274

fl=(20)
fn=(198) runtime.sysUsedOS
126 207275 41455 41455 406 0 3 8 0 1 41455
+1 124365 41455 0 0 1716 0 0 2 0 41455
+21 41455 0 41455 0 0 3
cfn=(200) runtime.sysHugePageOS
calls=41455 +3 
* 912026 165825 41460 90 289 0 19 6 0 124365 74
+1 124365 82910

fn=(86)
21 447 0 149 16 0 0 10
+1 1043 0 149 17 0 10 10 0 3
cfi=(21) /usr/lib/go-1.19/src/runtime/cgo_mmap.go
cfn=(88) runtime.mmap
calls=149 +9 
* 4768 1937 1490 107 41 252 15 0 15 298 27
+1 298 0 0 0 0 0 0 0 0 149 3
+11 447 298 0 129 0 0 9

fn=(174) runtime.sysMapOS
184 11095 1585 4755 57 0 0 26 0 0 1585 101
+1 7925 0 1585 0 0 1477
cfi=(21)
cfn=(88)
calls=1585 31 
* 50720 20605 15850 3107 2954 1478 38 2 0 3170 984
* 1585
+1 3170 0 0 0 0 0 0 0 0 1585
-1 3170 0 3170
+4 9510 1585 0 28 0 0 13 0 0 3170
+4 4755 3170

fn=(200)
151 207275 41455 41455 41 0 0 9 0 0 41455 1
+1 165820 41455 0 0 289 0 0 6 0 41455 24
+2 41455
+2 41455
fi=(22)
413 165820
+5 82910
fe=(20)
158 82910 0 0 48 0 0 9 0 0 41455 49
+1 7 0 4
cfi=(3)
cfn=(210) runtime.madvise.abi0
calls=1 541 
* 7 4 1 1 0 0 1
* 2 1
+3 124365 82910

fn=(1700) runtime.sysUnusedOS
39 161 23 69 5 0 0 4 0 0 23
+26 69 23 0 0 0 0 0 0 0 23 3
+6 92 0 0 0 0 0 0 0 0 23 2
fi=(22)
418 51 0 0 5 0 0 4
fe=(20)
73 17
fi=(22)
418 12
fe=(20)
75 69 0 0 0 0 0 0 0 0 23 2
+2 36
fi=(22)
418 54
fe=(20)
77 18
+6 141 0 0 5 0 0 4 0 0 40 10
+6 17 0 0 0 0 0 0 0 0 17 15
+3 17 0 17
-9 17 0 17
+7 17 0 17
-25 34 0 34
+25 17 0 17
cfi=(3)
cfn=(210)
calls=17 541 
* 119 68 17
* 34 17
+2 17 17
+6 34 34 0 5 0 0 4
-6 17 17
-2 17
+2 82 0 0 5 0 0 4 0 0 41 11
+1 5 1 4
cfi=(3)
cfn=(210)
calls=1 541 
* 7 4 1
* 2 1
+5 3 2
-5 1
+5 184 23 0 7 0 0 4 0 0 46 9
+8 92 23 0 0 0 0 0 0 0 23 1
+5 23 0 23 5 0 0 4
-72 46 0 46
+72 46 0 46
cfi=(3)
cfn=(210)
calls=23 541 
* 161 92 23
* 138 69 0 0 0 0 0 0 0 23 7
+7 46 23 0 9 0 0 4 0 0 23 11
+6 69 46 0 7 0 0 4

fl=(100)
fn=(916)
137 12 4 3 2 0 1 2 0 1 2
+1 7 3 2 1 0 1 1 0 1 1
+1 7 3 2 1 0 0 1 0 0 1
+1 7 3 2 0 0 0 0 0 0 1
+1 7 3 2 1 0 0 1 0 0 1
fi=(75)
-82 3 0 1 1 0 0 1
cfi=(12)
cfn=(278)
calls=1 1201 
* 297 71 36 0 0 0 0 0 0 45 1
* 3 0 2
fi=(101) /usr/lib/go-1.19/src/io/fs/walk.go
-44 9 3 2 1 0 0 1 0 0 1
fe=(100)

fl=(120)
fn=(1024) fmt.Fprintln
282 14 2 6 1 0 0 1 0 0 2
+3 4 0 4
-3 2 0 2
+1 2 0 2
cfn=(1026) fmt.newPrinter
calls=2 136 
* 5023 988 947 65 15 42 35 7 41 927 73 3 3
* 2 0 2
+1 8 6 2 1 0 0 1
cfn=(1060) fmt.(*pp).doPrintln
calls=2 1195 
* 3457 827 594 35 10 16 29 6 14 512 47 2
+1 20 14 2 0 1 0 0 0 0 0 0 2 1
cfi=(108)
cfn=(1072)
calls=2 172 
* 1194 274 254 55 0 0 38 0 0 152 36 2 1
* 2 0 2
+2 4 0 4 1 0 0 1
-1 4 2 2
cfn=(1092) fmt.(*pp).free
calls=2 146 
* 166 52 46 7 0 0 7 0 0 22 3
+1 12 10

fn=(1026)
136 55 11 11 7 0 0 6 0 0 11 3
+1 33 0 11 0 0 3
cfi=(78)
cfn=(1028)
calls=11 -10 
* 54234 10134 15585 751 370 1417 626 242 1381 16161 714 19 5
* 33 0 0 0 0 0 0 0 0 11
+1 11 0 11 0 0 4 0 0 1
+2 11 0 11 9 0 0 6
+1 11
fi=(126) /usr/lib/go-1.19/src/fmt/format.go
-82 44 11 11 0 0 3 0 0 0 11 1
cfi=(2)
cfn=(1488)
calls=2 1727 
* 50 20 16 1 1 0 1 1 0 2
+1 11
-5 22 0 22 0 0 4 0 0 1
fe=(120)
+87 44 22 0 0 1

fn=(1120) fmt.(*pp).fmtInteger
401 54 9 9 7 0 0 6 0 0 9
+1 9 0 0 9 0 0 6
+17 9 0 0 0 0 0 0 0 0 9 7
-17 9 0 0 9 0 0 6
+11 9 0 0 0 0 0 0 0 0 9
-4 18 0 0 0 0 0 0 0 0 9 9
+1 72 0 9 18 0 3 12
cfi=(126)
cfn=(1122) fmt.(*fmt).fmtInteger
calls=9 194 
* 2709 531 394 166 18 13 112 12 1 481 104
* 9
+18 27 18 0 9 0 0 6

fn=(1006)
131 5 1 1 1 0 0 1 0 0 1
fi=(121) /usr/lib/go-1.19/src/fmt/scan.go
465 1
fi=(75)
59 2 0 1 1 0 1 1
cfi=(12)
cfn=(278)
calls=1 1201 
* 297 71 36 0 0 2 0 0 1 45
* 3 0 2
fi=(121)
465 6 1 2 0 0 0 0 0 0 1
fi=(75)
59 2 0 1 1 0 0 1
cfi=(12)
cfn=(278)
calls=1 1201 
* 297 71 36 0 0 0 0 0 0 45
* 3 0 2
fi=(121)
466 9 3 2 1 0 0 1 0 0 1
fe=(120)

fn=(1056)
132 48 6 12 12 0 0 10 0 0 6 1
cfi=(12)
cfn=(278)
calls=6 1201 
* 6853 1552 907 21 77 25 16 52 21 975 109
* 30 12

fn=(1112)
212 63 9 27 9 0 0 6 0 0 9
+1 90 9 9 7 9 0 6 5
cfn=(1114) fmt.Fprintf
calls=9 -11 
* 119383 19188 23623 2700 570 1668 1946 347 1485 27070 1951 35 4
* 27 18 0 6 1 0 0 1

fn=(1114)
202 72 9 36 9 0 0 6 0 0 9 4
+3 18 0 18
-3 18 0 18 7 0 0 6
+1 9 0 9
cfn=(1026)
calls=9 -67 
* 49536 9210 14731 703 357 1389 604 236 1342 15269 645 16 2
* 9 0 9 0 0 1
+1 54 45 9 0 1 0 0 1
cfn=(1116) fmt.(*pp).doPrintf
calls=9 1005 
* 62749 8154 7257 1270 132 248 899 88 136 10944 1192
+1 90 63 9 9 9 0 6 5 0 0 0 9 1
cfi=(108)
cfn=(1072)
calls=9 -33 
* 5724 1321 1204 624 68 25 384 17 5 739 92 10 1
* 9 0 9 0 0 1
+2 18 0 18
-1 18 9 9
cfn=(1092)
calls=9 -60 
* 1005 332 287 69 3 4 35 0 2 109 18
+1 54 45 0 9 0 0 6

fn=(1116)
1005 117 9 72 16 0 0 12 0 0 9 3
+4 27 0 9 7 0 0 6
+1 9
+1 27
+3 27
1161 27 27
+3 54 54
1011 27
1164 27
1012 27
-1 72 0 0 0 0 0 0 0 0 36 2
+1 36 0 36 9 0 0 6
-1 36
+3 36
1164 36 0 36 0 0 3
1017 72 0 0 0 0 0 0 0 0 36 4
-3 9
+3 9
-3 27
+4 27 0 0 0 0 0 0 0 0 27
-1 27
+1 27 0 0 0 0 0 0 0 0 27 18
-4 27 0 27
+4 162 0 0 9 0 0 6
82 189 81 27 0 0 0 0 0 0 27 19
1018 2 0 2
82 7 0 2
cfi=(39)
cfn=(286)
calls=1 +96 
* 1588 420 147 0 7 2 0 7 2 242 17
* 11 3 3
cfi=(31)
cfn=(170)
calls=1 -43 
* 12 3 2 0 0 0 0 0 0 2
* 156 0 78 14 0 0 12
cfi=(31)
cfn=(170)
calls=26 -43 
* 312 78 52 9 0 0 5 0 0 52 16
* 231 129 75 5 0 0 4 0 0 27 4
1014 63 42
82 39 6 6 2 0 0 2
cfi=(2)
cfn=(1490)
calls=6 1719 
* 150 60 48 0 0 2 0 0 2 6 3
1014 18 12
+17 12
+1 6 6
1161 6 6
+3 18 18
1020 6 0 0 0 0 0 0 0 0 6 6
+11 21
+1 21 21
1161 21 21
+3 63 63
1020 30 0 0 7 0 0 6 0 0 30 13
fi=(126)
55 54 0 54
fe=(120)
1026 54
+3 27 0 0 7 0 0 6
+19 108 0 0 0 0 0 0 0 0 36 11
+1 18 0 0 0 0 0 0 0 0 9 6
-1 9 0 0 9 0 0 6
+9 9 0 0 0 0 0 0 0 0 9
-26 9 0 9
+26 45 18 9 0 1 3
cfn=(1062) fmt.(*pp).printArg
calls=9 665 
* 3576 681 570 304 30 24 206 19 3 640 140
+1 18 9
+1 18 9
-48 9 9
+3 9 9 0 9 0 0 6
-2 9 9
-1 9
1164 9
1060 9
+8 108 0 18
cfn=(1128) fmt.(*pp).argNumber
calls=18 -88 
* 342 72 36 15 0 0 12 0 0 72
+3 216 54 0 9 0 0 6 0 0 54 4
338 18 0 0 7 0 0 6 0 0 18
1088 36
341 18
1088 72 18 36
-20 18 0 0 7 0 0 6
+21 18 0 0 0 0 0 0 0 0 18 2
+6 162 18 0 0 0 0 0 0 0 54 14
+2 36 0 0 0 0 0 0 0 0 18 4
+3 90 18 18 7 0 0 6
cfn=(1128)
calls=18 980 
* 342 72 36 0 0 0 0 0 0 72 2
+1 198 54 0 9 0 0 6 0 0 54 10
338 18 0 0 9 0 0 6 0 0 18 12
1114 54
341 18 0 0 9 0 0 6
1122 36 0 0 0 0 0 0 0 0 18
+1 126 18 18
cfn=(1128)
calls=18 980 
* 342 72 36 0 0 0 0 0 0 72 18
+3 18 18
+5 18 18
86 18 18
1164 18 0 18 8 0 0 6
-38 36 0 0 0 0 0 0 0 0 18
+5 54 18 0 0 0 0 0 0 0 18
+1 72 0 0 0 0 0 0 0 0 18
+3 36 0 18 14 0 0 12
+3 36 0 0 0 0 0 0 0 0 18 18
+2 54 18 0 9 0 0 6 0 0 18
+2 54 18 0 0 0 0 0 0 0 18 18
+2 36 0 0 0 0 0 0 0 0 18 2
-2 18 0 0 9 0 0 6
+11 144 54 18 9 0 0 6 0 0 18
cfn=(1062)
calls=18 665 
* 50143 5505 5705 671 76 214 472 51 129 8472 681
+1 36 18
1011 18 18
+3 18 18
-2 18 18
-1 18 18
1154 18
+7 36 9 0 9 0 0 6 0 0 18 8
+17 27 18 0 18 0 0 12
1015 45
-1 549 72 0 7 18 0 6 11 0 225 40
+17 54 0 0 7 0 0 6 0 0 27 10
+1 54 27 0 0 0 0 0 0 0 27
+1 27
+1 27 0 0 0 0 0 0 0 0 27 20
+4 54 0 0 7 0 0 6 0 0 27 23
+2 54 0 0 0 0 0 0 0 0 27 4
-4 54 0 0 0 0 0 0 0 0 27 10
341 144 18 0 7 0 0 6 0 0 54 2
+4 90
-4 288 36 0 16 0 0 12 0 0 144 24
-8 36
+9 18 0 0 0 0 0 0 0 0 18 2
1114 72 18 36
+1 18 0 0 0 0 0 0 0 0 18 2

fn=(1128)
980 378 54 108 7 0 0 6 0 0 54 2
+1 324 54 0 0 0 0 0 0 0 162 18
+1 324 108 0 8 0 0 6

fn=(1130) fmt.(*pp).fmtFloat
432 90 18 18 9 0 0 6 0 0 18
+1 18
+3 18 0 0 0 0 0 0 0 0 18 2
-3 18 0 0 7 0 0 6
+5 18 0 0 0 0 0 0 0 0 18 2
-2 54 0 0 0 0 0 0 0 0 18
+2 36 0 0 7 0 0 6 0 0 18
+1 72 0 18
cfi=(126)
cfn=(1132) fmt.(*fmt).fmtFloat
calls=18 +51 
* 48391 5205 5353 634 67 211 442 46 126 8136 668
* 18
+6 54 36 0 7 0 0 6

fn=(1064) fmt.(*pp).fmtString
468 14 2 4 1 0 0 1 0 0 2
+1 2 0 0 1 0 0 1
+13 2 0 0 0 0 0 0 0 0 2
-6 4 0 0 1 0 0 1 0 0 2
-6 4 0 0 0 0 0 0 0 0 2
+1 4 2 0 0 0 0 0 0 0 2 2
+3 4 0 2
cfi=(126)
cfn=(1066) fmt.(*fmt).fmtS
calls=2 357 
* 3225 781 546 15 8 16 9 4 14 468 34 2
* 2
+13 6 4 0 1 0 0 1

fn=(1022)
293 12 2 4 1 0 0 1 0 0 2
+1 14 2 2
cfn=(1024)
calls=2 -12 
* 9914 2175 1869 165 26 58 112 13 55 1615 159 9 5
* 6 4 0 1 0 0 1

fn=(1060)
1195 14 2 6 2 0 0 2 0 0 2
+1 10 0 2 0 0 0 0 0 0 2
+6 2 2
86 16 4 4 1 0 0 1 0 0 2 2
1203 6 4
-7 8 4 4 1 0 0 1
+1 4 0 0 0 0 0 0 0 0 2 2
+3 8 0 2 1 0 0 1
cfn=(1062)
calls=2 665 
* 3375 805 576 29 10 16 23 6 14 502 42 2
-4 10 4 0 1 0 0 1 0 0 2 1
+6 2 2
-6 2

fn=(1062)
665 232 29 87 17 0 0 12 0 0 29
+1 162 29 52 0 0 0 0 0 0 29 4
-1 6
+1 12 0 6
cfi=(2)
cfn=(1286)
calls=6 1711 
* 150 60 48 0 0 2 0 0 2 6
+5 6
-4 139 29 52 7 0 0 6 0 0 29 1
-2 6
+2 6
-1 6
+1 18 0 6
cfi=(2)
cfn=(1490)
calls=6 1719 
* 150 60 48 0 0 2 0 0 2 6
* 18 0 6
cfi=(2)
cfn=(1490)
calls=6 1719 
* 150 60 48 0 0 1 0 0 1 6
+65 6
-61 6
-2 58 0 0 0 0 0 0 0 0 29 2
-4 29 0 29 7 0 0 6
+17 58 0 0 0 0 0 0 0 0 29 6
+3 58 0 0 9 0 0 6 0 0 29 4
-19 58 0 58 10 0 3 6
-1 58 0 29
+4 29
+22 130 29 0 1 18 0 1 10 0 64 6
+33 10 4 0 0 2 0 0 2 0 2
+1 4 0 2
cfn=(1064)
calls=2 468 
* 3267 789 552 19 8 16 13 4 14 478 36 2
* 2
-34 182 0 0 15 0 0 13 0 0 81 10
+5 90 18 0 0 0 0 0 0 0 18
+1 54 0 18
cfn=(1130)
calls=18 432 
* 48787 5259 5389 664 67 211 466 46 126 8226 672
-6 72 0 0 18 0 0 12 0 0 27 2
+11 36 9 0 0 3 0 0 2 0 9
+1 18 0 9 0 0 3
cfn=(1120)
calls=9 401 
* 2925 558 412 218 18 16 148 12 1 517 120
-12 9
+55 87 58 0 19 0 0 12

fn=(1092)
146 55 11 11 10 0 0 6 0 0 11
+7 22 11 0 10 1 0 6 0 0 11
+4 11 0 11 0 0 1
+1 57 11 22 0 0 0 0 0 0 11 2
cfi=(2)
cfn=(1490)
calls=2 1719 
* 50 20 16 0 0 0 0 0 0 2
+1 57 11 22 10 0 0 6 0 0 11 2
cfi=(2)
cfn=(1490)
calls=2 1719 
* 50 20 16 0 0 0 0 0 0 2
* 8 0 2
cfi=(2)
cfn=(1490)
calls=2 1719 
* 50 20 16 0 0 1 0 0 1 2
+1 57 11 22 10 0 1 6 0 0 11 4
cfi=(2)
cfn=(1490)
calls=2 1719 
* 50 20 16 0 0 1 0 0 1 2
+1 44 0 11
cfi=(78)
cfn=(1094)
calls=11 -66 
* 627 227 168 36 2 0 18 0 0 68 13
+1 33 22

fl=(15)
fn=(160)
810 241380 48276 48276 53 0 0 10 0 0 48276 3
+1 48276
+4 48276 48276 0 55 4831 0 11 4
107 289656
815 96552 48276 0 0 0 0 0 0 0 48276 1
-5 96550 0 96550
118 96550 0 0 53 0 0 10
822 193100 0 0 0 0 0 0 0 0 48275
+3 289650 144825 0 0 12004 0 0 8 0 48275 9
947 96550 0 0 0 0 0 0 0 0 48275 20
+3 96550 0 0 54 0 0 11
825 96550 0 0 0 0 0 0 0 0 48275 51
128 380
348 760 0 0 0 0 0 0 0 0 380 1
107 380 0 380
825 380 0 380
348 760 380 0 0 160 0 0 1
137 380
348 380
826 1520 0 380 14 0 0 3
cfi=(32)
cfn=(224)
calls=380 239 
* 59339 2832 740 99 234 153 28 3 0 11553 1203
+1 760 0 0 0 0 0 0 0 0 380 1
+5 380
112 760 380
832 1140
+1 1140
+1 380
+5 47895 0 47895 38 0 104 7 0 2
cfn=(1150) runtime.(*pageAlloc).find
calls=47895 585 
* 212675689 21664637 5038017 26248 1686915 25333 339 8199 22 45627475 811469 341797 2
* 47895
+1 95790 0 0 38 0 0 6 0 0 47895 63
+1 4725 1575 0 0 1575 0 0 0 0 1575
+8 7875 3150
+4 46320
+5 46320
-5 46320 0 46320
+5 46320 0 46320 33 0 0 8
-5 185280 92640 46320
cfn=(226)
calls=46320 512 
* 93264269 9073729 5032354 26919 10429 370 401 198 17 6926808 554036
* 380 0 380 14 0 0 4
+5 380 0 380 9 0 0 3
-5 1520 760 380
cfn=(226)
calls=380 512 
* 574141 56646 31258 745 1071 759 101 11 0 44087 3968
+5 93400 93400
fi=(16)
124 233500 46700
fe=(15)
858 46700 0 0 0 0 0 0 0 0 46700 14
+1 169 0 169 2
+2 233500 140100 0 69 0 0 10
-45 5 2 0 1 0 0 1

fn=(218)
424 396501 56643 113286 123 0 0 23 0 0 56643 9
+1 56643
+3 113286
+1 113286
107 679716 0 169929 49 0 776 9 0 1
432 113286 0 0 0 0 0 0 0 0 56643 4165
107 1696 0 1696
424 1696
+17 1696 0 0 0 0 0 0 0 0 1696 6
+3 3392 3392 0 1483 8 0 9
128 3392
348 3392 0 0 0 0 0 0 0 0 1696 38
+76 1696 0 1696
+20 3392 0 3392 369 0 8 10
-96 3392 1696
137 1696
348 1696
+99 5088 0 1696 0 0 8
cfi=(32)
cfn=(220) runtime.(*pallocBits).summarize
calls=1696 136 
* 516569 28096 0 5 0 0 2 0 0 61119 4520
* 10176 5088 1696 27 0 213 9 0 0 1696 10
+4 33920 6784 0 26 17 0 8 0 0 3392
-27 5088 1696
+28 1794 0 0 0 0 0 0 0 0 1696 1598
+6 98
-4 3196 0 0 0 0 0 0 0 0 1598 2
-19 274735 164841 0 52 3969 0 10 210 0 54947 12
128 109894
348 109894 0 0 64 0 0 10 0 0 54947 5
+87 54947 0 54947 0 0 967 0 0 2
-87 109894 54947
137 54947
348 54947
+88 164841 0 54947 0 0 969 0 0 2
cfi=(32)
cfn=(220)
calls=54947 136 
* 9698023 555051 0 250 1576 0 69 1576 0 1233546 176573
+1 164841 54947 0 0 0 0 0 0 0 54947 144
+3 491364 218384 54596 58 0 0 11 0 0 54596
-2 282513 113286 0 59 0 0 11
+41 212685
167 212685
+1 212685
479 1408455 0 212685 0 0 1 0 0 1 488249 49707
167 638055 212685 0 0 925 0 0 4
+1 212685
485 638055 212685 212685 46 1722 0 9 8
+1 638055 212685 212685
+3 212685
167 638055
+1 1276110 0 212685
492 212685
+10 168876 112584
-10 1064605 1064605 0 47 0 0 10
167 212921 212921
+1 851684 212921
479 212921
+14 212921
-1 1064133 0 212921 73 0 0 12 0 0 425606 6246
-13 212921 0 212921
+14 5748867 638763 425842 101 919 0 24 4 0 425842 88095
+1 425842 0 212921
cfn=(222) runtime.mergeSummaries
calls=212921 973 
* 65366747 3619657 1916289 1980 0 0 58 0 0 3832578 234804
+1 1916289 1277526 0 0 9778 0 0 44 0 212921
+1 212921 0 0 0 0 0 0 0 0 212921 6285
+2 825336 0 206334 25 0 0 8
-19 6587 6587 0 10 0 0 1
+17 6587
128 5088 1696 0 26 0 0 8
348 6784 1696 0 0 0 0 0 0 0 1696
137 1696
348 1696
464 5088 0 1696 26 0 0 8
cfi=(32)
cfn=(220)
calls=1696 136 
* 221381 16128 0 0 0 0 0 0 0 35886 5073
* 10176 5088 1696 0 0 20 0 0 19 1696 1
+29 3392 1696
-35 392 0 0 4 0 0 4 0 0 98

fn=(180)
355 11032 1576 4728 24 0 0 9 0 0 1576 4
+1 1576
+4 1576
+1 1576
fi=(22)
+52 6304 0 1576
+5 3152 0 1576 212 0 0 8
fe=(15)
-53 3152 0 1576
cfi=(23) /usr/lib/go-1.19/src/runtime/mpagealloc_64bit.go
cfn=(182) runtime.(*pageAlloc).sysGrow
calls=1576 107 
* 2330978 482527 189619 4806 18906 4432 327 18 8 183209 3857 31505 4
+5 3152 3152
+1 3152
107 9456 1576
370 1576 0 0 112 0 0 9
+2 4726 0 0 0 0 0 0 0 0 3151 4
+1 1 0 1
107 6 1 3
375 2 1 0 0 0 0 0 0 0 1
107 9450 1575 4725
375 3150 1575 0 0 0 0 0 0 0 1575
+1 3152 0 1576
+5 1576 0 1576 134 0 0 8
cfi=(16)
cfn=(186)
calls=1576 33 
* 26792 4728 1576 0 0 0 0 0 0 3152 2
* 12608 1576 1576
cfi=(16)
cfn=(214)
calls=1576 -69 
* 157624 29949 15764 169 0 0 75 0 0 23643 166
+5 3152 3152
fi=(16)
124 6304 1576 0 1560 0 0 8
fe=(15)
386 1576 0 0 0 0 0 0 0 0 1576 2
+1 3 1 1
+26 1575 1575
-18 4728 3152
-47 3152 1576
137 1576
348 1576
+59 9456 0 1576
cfi=(32)
cfn=(216)
calls=1576 30 
* 100864 3152 14184 188 0 1576 10 0 1576 17336 20
-12 6304 4728
+1 1576
+17 1576 1576
-18 6304 0 0 1506 0 0 8 0 0 3152 10
128 6304
396 3152 0 0 22 0 0 9 0 0 1576 4
-1 1576 0 1576
+1 9456 1576 0 0 1576 0 0 1 0 1576 24
128 1 0 1
396 1 0 1
+5 4 1 1 1 0 0 1
cfi=(18)
cfn=(82)
calls=1 49 
* 84 22 21 0 0 0 0 0 0 8 1
+1 2 0 0 0 0 0 0 0 0 1
+3 2 2 1 0 0 0 0 0 0 1
-57 1 1
137 1 1
348 1 1
+57 1
+8 7880 1576 1576 21 0 0 8
cfn=(218)
calls=1576 +11 
* 2754848 263192 132384 1693 9456 0 40 1804 0 203304 21040
+1 4728 3152 0 22 0 0 9

fn=(1162) runtime.(*pageAlloc).findMappedAddr
549 231600 46320 46320 48 0 0 9 0 0 46320
+1 46320
+4 46320
+1 231600 92640 0 47 6643 0 9 0 0 92640 32
fi=(13)
+10 138960
fe=(15)
-10 231600 46320 0 0 6431 0 0 0 0 92640 763
+11 231600 92640 0 20797 0 0 5

fn=(68)
309 5 1 1 1 0 0 1 0 0 1
+1 4 1 0 1 1 0 1 1 0 1
+20 1 0 1
-12 5 1 1 0 0 1 0 0 1 1
-9 1 0 1
+12 4 0 1 1 0 0 1
cfi=(16)
cfn=(70)
calls=1 -91 
* 357 97 81 36 9 4 36 7 4 48 14 1 1
+3 2 1 1
cfi=(23)
cfn=(96) runtime.(*pageAlloc).sysInit
calls=1 72 
* 534 142 129 8 2 2 8 2 2 36 9
+3 3 2 1 0 1 0 0 1
+3 5 2 1 0 0 0 0 0 0 1
+1 3 2 0 1 0 0 1

fn=(226)
512 373784 46723 186892 41 0 0 10 0 0 46723 78
+1 46723
+2 186892 0 0 33 0 0 8
+1 93446
+1 93446
107 373784
+11 233615 0 46723 45 0 0 11
520 93446 0 0 0 0 0 0 0 0 46723 1617
+7 1598
128 4794
348 3196 0 0 0 0 0 0 0 0 1598 1
107 4794 0 4794
+11 1598 0 1598 24 0 0 8
348 4794 1598 1598 0 79
137 1598
348 3196 0 1598
528 11186 0 3196
cfi=(32)
cfn=(228) runtime.(*pageBits).popcntRange
calls=1598 110 
* 63649 7901 1598 3 3014 0 3 0 0 7812 96
* 1598 0 1598
348 4794 3196 0 1 0 0 1
529 6392 3196 1598
cfi=(32)
cfn=(230) runtime.(*pallocData).allocRange
calls=1598 -95 
* 125615 17934 16336 523 1597 81 4 0 2 11008 1598
+1 9588 6392
-8 45125 0 0 43 0 0 9
128 45125 0 0 45 0 0 10
348 225625 45125 45125 0 7 0 0 0 0 45125
137 45125
348 90250 0 45125
523 90250
+1 45125
-1 180500 0 90250 56 0 154 9
cfi=(32)
cfn=(228)
calls=45125 110 
* 2017475 236793 89847 300 5637 12 63 32 0 259139 11428
* 45125 0 45125
348 135375 90250
524 180500 90250 45125
cfi=(32)
cfn=(230)
calls=45125 -90 
* 3833140 496455 473706 23423 8 193 93 5 0 360567 42949
+16 90250 45125 45125
-1 270750 135375 45125 57 0 0 9
cfn=(218)
calls=45125 424 
* 80857205 7413896 3697915 893 892 403 160 9 0 5894112 474160
+1 1598 0 1598 1 0 0 1
-1 9588 4794 1598 1 0 0 1
cfn=(218)
calls=1598 424 
* 3454581 310904 143710 1935 37 203 51 1 8 279501 24743
+1 233615 140169
-4 3196 0 1598 28 0 0 10
-6 3196 0 0 34 0 0 14 0 0 1598 3
+5 1598 0 0 29 0 0 9
128 3196 1598
348 7990 1598 1598 27 0 0 8 0 0 1598
137 1598
348 3196 0 1598
536 11186 1598 3196
cfi=(32)
cfn=(228)
calls=1598 110 
* 63628 7900 1598 2 182 0 2 98 0 7810 121
* 1598 0 1598
348 4794 3196 0 287 0 0 15
537 6392 1598 1598
cfi=(32)
cfn=(230)
calls=1598 434 
* 125590 17938 16340 1 83 84 0 65 7 11006 1511
-1 4794 3196
+1 1598

fn=(1150)
585 383160 47895 143685 2377 0 0 19 0 0 47895
+1 47895
+46 47895 47895 0 0 6957 0 0 4
+1 47895 47895 0 0 5491 0 0 3
-4 95790 0 95790 0 0 4614 0 0 3
+15 431055 0 143685 48 0 0 9
+22 47895
+1 918692 689019
+7 229673
-7 555136 0 0 42 0 0 9 0 0 277568 43258
+2 931752 232938 0 0 4694 0 0 4
-2 232938
+2 931752
+1 465876 232938 0 42 4681 0 9 4
+4 465876
+3 2096442 465876 0 0 4691 0 0 4 0 465876 8
-3 232938 0 232938 0 0 4663 0 0 4
+85 465876 0 465876 47 0 5357 10 0 4
144 931752 232938 0 0 10039 0 0 8
677 1397628 232938
+7 698814 232938
144 1164690 0 0 66 0 0 10
684 1164690 232938 0 0 0 0 0 0 0 232938 77040
+1 491060
-18 103877 0 103877
+2 103877 0 103877
+1 103877 0 103877
+7 103877 0 103877
+22 623262 0 103877
-32 129061 0 129061
+2 129061 0 129061 33 0 0 7
+1 129061 0 129061
+7 129061 0 129061
+22 774366 0 129061
128 89260
348 89260 0 0 0 0 0 0 0 0 44630
674 44630 0 44630 48 0 0 10
348 89260 44630 0 0 4584 0 0 3
137 44630
348 44630
778 178520 0 44630
cfi=(32)
cfn=(224)
calls=44630 239 
* 6306415 385120 89260 247 4902 4 49 10 2 1214235 158555
* 44630
+1 89260 0 0 0 0 0 0 0 0 44630 35
-1 44630 0 44630
+15 44630
112 178520 44630 44630 29 0 0 8
793 133890
+1 89260 44630
112 44630
794 133890 0 44630 0 0 0 0 0 0 0 0 44630 1
cfn=(1152) runtime.(*pageAlloc).find.func1
calls=44630 644 
* 1338897 312409 44632 0 0 0 0 0 0 223148 12607
+1 133890 89260 44630 27 0 0 5
cfn=(1162)
calls=44630 549 
* 1115750 267780 44630 20366 9827 0 18 0 0 223150 748
-6 267780 89260
+6 223150 89260 0 46 0 0 9
-96 13299003
+14 13299003
144 13299003
699 27063882 0 0 56 0 0 10 0 0 13531941 5038
+1 40591098 13530366 0 63 1624652 0 10 8159 0 13530366 18
+1 40293931 0 0 0 0 0 0 0 0 13530366 218437
+4 13233199
-6 297167 0 297167
+1 297167 0 297167
+48 297167 0 297167
-35 297167 0 297167 0 0 1 0 0 1
-3 594334
150 891501 297167 0 49 0 0 10
710 2377336 297167 297167
150 1485835
710 891501 0 297167 44 0 5361 7 0 5 0 0 297167 1
cfn=(1152)
calls=297167 -66 
* 8527827 1951108 555289 107 0 5333 26 0 3 1227713 138162
942 891501 297167
-3 594334
712 594334
+1 1188668 594334 0 46 0 0 7
939 592644 0 0 0 0 0 0 0 0 297167 1694
+8 295477 0 0 0 0 0 0 0 0 295477 89423
+3 886431
724 295477
939 295477
724 590954 0 0 0 0 0 0 0 0 295477 66326
+9 131608 0 0 0 0 0 0 0 0 65804
939 65804 0 0 39 0 0 9
710 65804 65804
+23 65804
955 65804 0 0 0 0 0 0 0 0 65804 36
+3 131608 0 0 50 0 0 10
710 65804
+29 394824 65804
+10 65804 65804
+11 65804 65804
-61 65804 65804
+11 65804 65804
-10 65804 65804 0 56 0 0 10
150 65804 65804
699 65804
+11 197412 65804
+30 65804
-30 3380 1690 0 1629 0 0 17
+8 6760 1690
-1 1690
+31 3380 1690
+1 1690 1690
+11 1690 1690
+3 3380 1690 0 13 0 0 4
150 1690 1690
764 1690 1690
-19 1690
+6 3380 1690
-6 6530 0 0 36 0 0 6 0 0 3265 37
+6 3150 0 0 0 0 0 0 0 0 1575
+2 7875 4725 0 41 3150 0 15
-5 1690 0 1690 19 0 0 5
+1 1690 1690
150 3380 1690 1690
749 1690 0 1690
cfn=(1162)
calls=1690 549 
* 42250 10140 1690 526 3247 0 5 0 0 8450 47
150 5070 1690
748 3380 1690 0 28 0 0 8
150 5070 1690
fi=(16)
-43 5070
fe=(15)
749 10140 3380 0 28 0 0 8

fn=(1152)
644 2050782 683594 341797 36 0 5333 8 0 3 341797 12233
+1 341797 341797
fi=(16)
130 1367188
fe=(15)
645 683594 341797 0 0 0 0 0 0 0 341797 429
fi=(16)
107 341797
+23 1367188 0 0 33 0 0 9
fe=(15)
645 341797 0 0 0 0 0 0 0 0 341797 138106
+3 129062 0 129062
fi=(16)
107 258124
fe=(15)
649 258124 0 129062
fi=(16)
107 212735
+17 425470
fe=(15)
650 425470 212735 0 0 0 0 0 0 0 212735
fi=(16)
124 425470
fe=(15)
650 212735 0 0 0 0 0 0 0 0 212735 1
+7 1025391 683594 0 38 0 0 9

fn=(1584)
871 41685 8337 8337 793 0 0 9 0 0 8337 2
+1 8337
+3 8337 8337 0 49 790 0 11 4
fi=(16)
124 33348
fe=(15)
875 8337 0 0 0 0 0 0 0 0 8337 15
+1 7 0 7
-5 21 0 21
+7 35
-7 7 0 0 3 0 0 2
+8 7 0 0 0 0 0 0 0 0 7
-8 24990 0 24990
+7 41650
-7 8330 0 0 25 0 0 8
+8 8330 0 0 0 0 0 0 0 0 8330 1
fi=(16)
124 8314 0 8314
fe=(15)
878 16628 0 16628 0 0 748 0 0 1
+2 33256 0 8314 0 0 25
cfi=(69)
cfn=(1588)
calls=8314 1049 
* 319647 50617 17339 84 1607 0 46 11 0 34109 1060
348 8314 8314
118 8314 8314
882 8314 8314
118 8314 8314
-11 16628 16628 0 23 0 0 8
882 16674 0 0 5 0 0 2 0 0 8337 22
+7 16622
+1 16622
107 49866
+11 33244 0 0 22 0 0 10
892 16622 0 0 0 0 0 0 0 0 8311 19
128 98
348 196 0 0 0 0 0 0 0 0 98 9
107 294 0 294
+11 98 0 98
348 196 98 0 0 8
137 98
348 98
897 294
fi=(32)
367 196 0 98
cfn=(232) runtime.(*pageBits).clearRange
calls=98 72 
* 2856 224 224 0 1 28 0 0 0 280 36
fe=(15)
898 490 294
128 8213 0 0 21 0 0 9
348 32852 8213 0 22 768 0 8 4 0 8213
137 8213
348 8213
894 24639
fi=(32)
367 16426 0 8213
cfn=(232)
calls=8213 72 
* 261413 16426 17113 40 0 1671 9 0 31 26003 740
* 8213
fe=(15)
894 8213
-9 26 0 0 6 0 0 2
128 52
348 104 26 0 0 7 0 0 0 0 26
107 26 0 0 6 0 0 2
+30 26
348 26
886 26
118 52
fi=(32)
362 26
68 104 0 0 0 0 0 0 0 0 26 1
fe=(15)
+50 26
fi=(32)
-50 78 52 78 0 10 6 0 1 1
fe=(15)
904 130 0 26 6 0 0 2
cfn=(218)
calls=26 424 
* 14944 927 315 98 30 17 4 0 0 1774 287
* 41555 0 8311 21 0 0 7
cfn=(218)
calls=8311 424 
* 11834019 1084970 524483 248 8486 2332 64 32 11 897212 56968
+1 25011 16674
-1 33244 24933 0 39 0 0 16
-6 196 0 0 4 0 0 4 0 0 98 5
128 196 98
348 392 98 0 4 0 0 4 0 0 98
137 98
348 98
901 294 98
fi=(32)
367 196 0 98
cfn=(232)
calls=98 72 
* 2843 226 226 1 15 95 0 14 76 279 57
* 98
fe=(15)
901 98

fn=(222)
973 851684 0 425842 50 0 0 10
+5 638763 212921 0 0 0 0 0 0 0 212921 9348
-15 425842 0 0 0 0 0 0 0 0 212921 1348
+3 425842 0 0 49 0 0 10
+1 638763
+1 425842
+10 425842
+1 1703368 0 1490447
+7 1490447
+20 1490447
-27 1490447
+7 4471341
+1 1490447
-1 2980894 0 0 51 0 0 10
+20 4471341
+1 1490447
-1 1490447
-12 4471341
+3 2980894
-3 1490447
-15 4471341 1490447
+15 2980894
-15 3406736 0 0 55 0 0 9 0 0 1703368 217684
+2 1490447 1490447
-18 2980894 0 0 0 0 0 0 0 0 1490447 6422
+3 2980894
+1 4471341
+1 2980894 0 0 151 0 0 10
+13 1490447
-52 425842 0 0 0 0 0 0 0 0 212921 2
+3 212921
+1 425842
-1 212921
+2 425842 0 0 1624 0 0 9
-1 212921
+79 851684 425842

fl=(14)
fn=(66)
53 36 6 6 1 0 0 1 0 0 6
+1 12 0 0 1 0 0 1 0 0 6
+3 6
+4 18 0 6 0 0 1 0 0 1
+1 18 6 6 0 0 0 0 0 0 6
+1 6 0 6 0 0 1 0 0 1
-1 6
+3 6 0 6 1 0 1 1 0 1
+1 6 0 6 0 0 1 0 0 1
+1 6
-10 6 0 0 0 0 0 0 0 0 6
-4 6
+14 30 0 6
+1 6 0 6 0 0 1 0 0 1
+1 24 6 6 1 0 1 1 0 1 6
+1 6 0 6 0 0 1 0 0 1
+1 18 12

fn=(106)
73 224220 44844 44844 72 0 0 11 0 0 44844
+1 179376 44844 0 0 697 0 0 4 0 44844 823
+5 134532 44844 0 0 0 0 0 0 0 44844 34
+2 12146 6073 6073 0 6072 0 0 5531
+1 12146 6073 6073
+1 12146 6073 0 7 97 0 3 2 0 6073 99
+3 24292 12146
-13 38771 0 38771 17 0 0 6
+15 116313 38771 0 0 0 0 0 0 0 38771 351
+1 1730 692 346 2 2 0 1
cfi=(12)
cfn=(72)
calls=346 1337 
* 58214 13896 13732 249 731 63 77 16 25 8182 482 346 16
* 692 346 346
+1 692 346 346
+3 692 346
+1 1038 346 0 0 0 0 0 0 0 346 23
-1 38425 38425 0 19 0 0 7
+1 115275 38425 0 0 0 0 0 0 0 38425 11
-1 38624 0 38624
+2 154496 77248 38624 0 607 0 0 8 0 0 0 38624 1
cfi=(13)
cfn=(238)
calls=38624 495 
* 900760 325910 132765 505 8360 13369 86 7198 13155 158799 65
+2 38624 38624
+3 38624 38624
-3 77248 38624 38624 19 4 0 7
+1 77248 38624 38624
+1 77248 38624 38624
+1 154496 77248
-3 294 147 147 2 0 0 1
+1 294 147 147
+1 294 147 147
+1 588 294

fl=(35)
fn=(718) runtime.gcenable.func1
178 10 3 2 2 1 1 2 0 0 2
cfi=(28)
cfn=(720)
calls=1 +93 
* 228 56 54 22 3 6 21 0 6 37 8 2 2

fn=(840)
1578 5 1 1 1 0 0 1 0 0 1
+1 4 1 1 1 0 0 1 0 0 1
+1 3 2

fn=(1268) runtime.clearpools
1587 90 18 18 18 10 0 9 0 0 18
+2 72 18 0 18 18 0 9 8 0 18 1
+1 36 18 18 0 18 11 0 10 1 0 0 18 5
cfi=(78)
cfn=(1270)
calls=18 236 
* 758 256 142 108 42 23 60 9 10 118 35
+4 144 36 36 0 18 0 0 7 0 18 8
+8 18 0 0 18 0 0 9
fi=(17)
48 18
fi=(54)
-26 36 0 18
cfi=(17)
cfn=(80)
calls=18 +29 
* 324 108 54 0 18 0 0 9 0 72
fe=(35)
1604 72 18 0 18 8 0 9 0 0 18 2
+4 72 18 18 18 0 0 9 0 0 18
+1 18
fi=(17)
112 18
fi=(54)
-80 54 0 18
cfi=(17)
cfn=(94)
calls=18 +83 
* 432 144 54 0 17 0 0 1 0 126
fe=(35)
1613 18
fi=(17)
48 18
fi=(54)
-26 36 0 18
cfi=(17)
cfn=(80)
calls=18 +29 
* 324 108 54 0 0 0 0 0 0 72
fe=(35)
1617 72 18 0 18 0 0 9 0 0 18 3
+4 72 18 18 0 0 0 0 0 0 18
+1 18 0 0 18 0 0 9
fi=(17)
112 18
fi=(54)
-80 36 0 18
cfi=(17)
cfn=(94)
calls=18 +83 
* 432 144 54 0 0 0 0 0 0 126
fe=(35)
1623 54 36

fn=(1614) runtime.gcMarkTermination.func4
1077 85 17 17 17 0 0 8 0 0 17
+1 51 0 17
cfi=(10)
cfn=(1460)
calls=17 1586 
* 454704 76258 58989 397 4913 35 55 1803 2 91383 1255 296 45
+3 51 34 0 1 12 0 1 1

fn=(656)
175 5 1 1 1 0 0 1 0 0 1
+2 3 0 1
cfi=(68)
cfn=(658)
calls=1 72 
* 3356 551 350 32 13 11 4 2 11 358 41 1 1
* 1 0 1
+1 2 0 1
cfi=(12)
cfn=(278)
calls=1 1201 
* 265 60 30 0 2 0 0 2 0 39 4
* 8 2 3 1 0 1 1 0 0 1
cfi=(10)
cfn=(456)
calls=1 4094 
* 3222 701 480 22 12 12 1 6 12 456 47 3 2
+1 2 0 1
cfi=(12)
cfn=(278)
calls=1 1201 
* 265 60 30 0 1 0 0 1 0 39 5
* 8 2 3 1 0 0 1 0 0 1
cfi=(10)
cfn=(456)
calls=1 4094 
* 1478 308 216 0 2 5 0 1 5 206 20 2 1
+1 3 1 1
cfi=(68)
cfn=(660)
calls=1 441 
* 6409 1425 992 123 20 29 76 7 25 886 99 6 4
+1 4 1 1 2 0 0 1
cfi=(68)
cfn=(660)
calls=1 441 
* 144 38 22 12 0 0 3 0 0 28 9
+1 1 0 1
+1 3 2

fn=(1298) runtime.gcStart.func2
729 126 36 36 36 0 0 18 0 0 18
+1 36 18 18 0 1
cfi=(10)
cfn=(1300)
calls=18 1258 
* 83929 20001 12093 965 960 516 385 358 145 15274 881
* 36 18 18
+1 54 18 18 0 17 0 0 1
+1 36 18 18
+1 36 36
fi=(115)
90 36 0 0 0 0 0 0 0 0 18 2
+9 36 0 0 18 0 0 9 0 0 18
+3 72
+1 72 0 0 0 0 0 0 0 0 18 2
+11 90 0 0 18 0 0 9
fe=(35)
729 18
fi=(115)
114 162
fe=(35)
736 18 0 0 18 0 0 9
fi=(115)
114 18
+5 144 18 18 0 18 0 0 13 0 36
fe=(35)
736 54 18 18
cfi=(53)
cfn=(1308) runtime.(*gcCPULimiterState).finishGCTransition
calls=18 123 
* 1102 292 183 72 1 0 35 1 0 216 28
+1 54 36 0 18 0 0 9

fn=(1454) runtime.gcMarkDone
784 90 18 18 18 8 0 9 0 0 18 5
+3 18
fi=(80) /usr/lib/go-1.19/src/runtime/sema.go
101 72 0 18 0 0 13 0 0 2
cfn=(1184) runtime.semacquire1
calls=18 +3 
* 450 108 36 36 2 0 2 0 0 72 18
fe=(35)
796 198 108 0 21 10 0 9 2 0 72 1
fi=(52)
56 72 36 0 21 2 0 9 2
fe=(35)
1379 36 0 0 0 0 0 0 0 0 36
+3 108 72 0 0 0 0 0 0 0 36 18
796 144 0 0 0 0 0 0 0 0 36
+7 36
fi=(80)
101 180 0 36
cfn=(1184)
calls=36 +3 
* 900 216 72 11 2 0 0 0 0 144 1
fe=(35)
806 108 0 72 18 0 0 9
+1 36 0 36
cfi=(2)
cfn=(74)
calls=36 463 
* 124694 32066 17007 934 1413 32 231 546 31 20550 1481 573 58
* 70 35 0 3 0 0 1
+27 70 35 0 0 2 0 0 2 0 35 19
+6 18
fi=(80)
162 72 0 18
cfn=(1312) runtime.semrelease1
calls=18 +3 
* 8634 2530 1627 396 57 4 118 8 1 1361 209 13 11
* 18
fe=(35)
841 18 0 0 18 0 0 9
+7 17 0 0 4 0 0 1
fi=(43)
19 17 0 17
cfi=(3)
cfn=(304)
calls=17 228 
* 680 238 136 0 2 0 0 2 0 34 4
* 51 34
fe=(35)
849 17 0 17 0 0 17 0 0 1
+1 17 0 17 0 0 17 0 0 1
+1 119 34 34 17 0 0 8 0 0 17 4
cfi=(2)
cfn=(1490)
calls=17 1719 
* 425 170 136 1 0 15 0 0 0 17 1
fi=(43)
19 17 0 17 0 0 1 0 0 1
fe=(35)
852 34 17 0 0 0 0 0 0 0 17 2
+3 51 0 34 17 0 0 8
cfi=(2)
cfn=(74)
calls=17 463 
* 48796 10086 5070 193 493 52 18 371 42 7726 269 17 17
* 34 17 0 17 0 0 8
+14 17 0 17 0 0 1 0 0 1
+1 136 0 85
cfi=(2)
cfn=(74)
calls=17 463 
* 30882 7611 4504 89 191 1 42 150 1 4328 236 17 17
* 34 17
+9 34 17 0 17 0 0 8 0 0 17 2
+11 17 0 17 17 0 0 8
cfi=(6)
cfn=(1522)
calls=17 1447 
* 4998 901 289 68 480 1 32 127 1 527 105
+4 51 17 17 0 0 0 0 0 0 17 13
+3 68 17 17
cfi=(53)
cfn=(1278) runtime.(*gcCPULimiterState).startGCTransition
calls=17 101 
* 12016 3812 1497 81 21 16 14 19 3 1431 141 2 2
+4 17 0 17
cfi=(134)
cfn=(1524) runtime.gcWakeAllAssists
calls=17 613 
* 1502 456 283 66 17 1 18 1 1 260 21 2 2
+5 17
fi=(80)
162 68 0 17
cfn=(1312)
calls=17 +3 
* 694 173 100 17 18 0 6 2 0 73 20 2 2
fe=(35)
910 34 0 17 17 0 0 8
cfi=(10)
cfn=(1528)
calls=17 5500 
* 1090 323 172 68 0 0 32 0 0 221 32
+5 85 51 17
cfi=(34)
cfn=(1530)
calls=17 663 
* 3638 838 323 261 61 0 82 13 0 549 62 2 2
+3 17 0 17
cfn=(1538) runtime.gcMarkTermination
calls=17 +5 
* 664419 126624 88195 4196 7043 537 1235 2202 81 126967 3508 418 161
+1 51 34 0 3 17 0 1 1

fn=(1462)
814 3456 576 1152 20 0 0 1 0 0 576 4
+3 576 0 576 0 0 4 0 0 4
cfi=(51)
cfn=(1360) runtime.wbBufFlush1
calls=576 215 
* 56419 11942 7591 105 513 4 6 194 4 8303 599
+7 2880 1152 576 24 0 0 10
cfi=(135)
cfn=(1464)
calls=576 250 
* 13242 4072 1034 93 0 0 39 0 0 2578 89
+2 1728 1152 0 0 0 0 0 0 0 576 4
+1 54 18 18 0 0 0 0 0 0 18
+1 18 0 18
+2 1728 1152 0 1 0 0 1

fn=(1200)
1201 48 8 8 2 0 0 2 0 0 8 2
+1 16 8 8 0 0 8 0 0 8
+5 48 8 16 0 0 0 0 0 0 8
+1 16 0 8 1 0 8 1 0 8
cfi=(12)
cfn=(279)
calls=1 -7 
* 317 66 65 11 5 10 0 0 9 49 3 1 1
cfi=(12)
cfn=(278)
calls=7 -7 
* 1519 358 233 7 11 29 0 1 28 261 32 1 1
+1 56 24 16 0 0 0 0 0 0 8
-1 8 0 8 6 0 0 1
+3 8
fi=(42)
266 8 0 8 0 0 3 0 0 3
fi=(5)
478 8 8
fe=(35)
1213 8
fi=(5)
478 8 0 8
fe=(35)
1213 8
fi=(5)
479 8 8
fi=(42)
305 8 0 8
fe=(35)
1214 16 0 8
cfi=(17)
cfn=(740)
calls=8 139 
* 336 120 96 1 0 0 0 0 0 32
+21 48 8 8 2 0 0 1
cfi=(10)
cfn=(669)
calls=5 346 
* 250 60 75 5 1 4 0 0 0 25 0 5
cfi=(10)
cfn=(668)
calls=3 346 
* 150 36 45 6 0 5 0 0 2 15 6 3
fi=(10)
3341 12 2 4 0 0 0 0 0 0 2
+1 4 2 2
+2 2 0 0 0 0 0 0 0 0 2
+4 6 0 2
cfn=(494)
calls=2 963 
* 72 10 12 0 0 0 0 0 0 14
-83 4 4
+84 2
fi=(42)
313 2
-8 2
fi=(10)
3265 2 0 2
+1 2 2
fi=(42)
279 2
-13 2
fi=(10)
3266 2 0 2
+85 10 6 0 0 0 0 0 0 0 2
+1 10 6 2 0 0 0 0 0 0 0 0 2 1
cfi=(35)
cfn=(1202)
calls=2 1235 
* 104 22 14 7 0 0 5 0 0 14 4
+1 14 6 2 0 0 0 0 0 0 2
+1 12 4 2 1 0 0 0 0 0 2
-2 2
+3 2 0 0 0 0 0 0 0 0 2 2
+8 2 0 2 1
cfn=(562)
calls=2 3185 
* 21035 6726 2141 104 6 2 0 3 0 3932 213 2
fe=(35)

fn=(1232) runtime.gcResetMarkState
1548 90 18 18 18 4 3 9 0 0 18
+3 54 0 18 18 0 0 9
cfi=(10)
cfn=(1234)
calls=18 576 
* 6876 2988 1728 54 71 721 30 31 333 612 74 378 1
+7 18
fi=(17)
48 18
fi=(54)
-26 36 0 18
cfi=(17)
cfn=(80)
calls=18 +29 
* 324 108 54 0 6 0 0 2 0 72 3
fe=(35)
1559 72 36 36 0 18 0 0 4
+1 18
fi=(17)
112 18
fi=(54)
-80 36 0 18
cfi=(17)
cfn=(94)
calls=18 +83 
* 432 144 54 0 0 0 0 0 0 126 15
fe=(35)
1561 252 36 180 18 0 0 9
+1 180 180 0 0 22 0 0 17
+1 900 0 180
cfi=(33)
cfn=(264)
calls=180 18 
* 18000 540 6480 14 6 2880 5 2 2703 3960 51
-2 1116 540 0 0 0 0 0 0 0 198 14
+1 360 180 0 18 8 0 9 2
-1 180 180 0 0 38 0 0 23
+1 360 0 0 0 0 0 0 0 0 180 3
+6 18 0 18 0 0 18 0 0 9
+1 36 18 18 0 2 1 0 2 1
+1 54 36

fn=(1236)
1552 378 0 378 0 0 345 0 0 153
+1 378 0 378 0 0 373 0 0 180
+1 378 378

fn=(1248) runtime.gcStart.func1
667 90 18 18 16 1 0 8 1 0 18
+1 18 0 18
cfi=(28)
cfn=(1250) runtime.finishsweep_m
calls=18 231 
* 212110 51226 32137 470 6199 20 208 1666 8 34512 1287
+1 72 36 0 2 0 0 1

fn=(1520) runtime.gcMarkDone.func2
870 119 34 34 34 1 0 16 1 0 17
+1 646 306 34
+3 272 272
-3 1938 816 544 17 0 0 8 0 0 289 45
+1 544 0 272
cfi=(51)
cfn=(1360)
calls=272 215 
* 25085 5350 3467 21 188 0 10 147 0 3682 189
+1 544 272
fi=(135)
311 1088 272 0 0 0 0 0 0 0 272
fe=(35)
878 51 34 0 17 0 0 8

fn=(1550) runtime.gcSweep
1489 85 17 17 17 0 0 8 0 0 17
+3 51 17 0 0 0 0 0 0 0 17
-3 17 0 17
+7 17
fi=(17)
48 17
fi=(54)
-26 34 0 17
cfi=(17)
cfn=(80)
calls=17 +29 
* 306 102 51 0 12 0 0 1 0 68 1
fe=(35)
1497 17 0 17 0 0 1 0 0 1
+1 17 0 0 17 0 0 8
fi=(28)
222 17
fi=(30)
-44 51 17 17 0 12 0 0 1 0 17
fe=(35)
1499 17
fi=(30)
264 51 17 17 0 16 0 0 1 0 17
fe=(35)
1500 153 68 51 17 17 17 8 1 1 17
+1 17
fi=(30)
264 51 17 17 0 0 0 0 0 0 17
fe=(35)
1502 17
fi=(30)
316 51 17 17 0 0 0 0 0 0 17 7
fe=(35)
1503 17
fi=(17)
112 17
fi=(54)
-80 51 0 17 17 0 0 8
cfi=(17)
cfn=(94)
calls=17 +83 
* 374 119 51 0 0 0 0 0 0 102 19
fe=(35)
1505 17
fi=(28)
86 51 17 17 0 0 0 0 0 0 17
fe=(35)
1507 51 17 0 0 0 0 0 0 0 17 2
+23 17 0 0 17 0 0 8
fi=(17)
48 17
fi=(54)
-26 34 0 17
cfi=(17)
cfn=(80)
calls=17 +29 
* 306 102 51 0 0 0 0 0 0 68
fe=(35)
1531 34 17 0 0 0 0 0 0 0 17
+1 17 0 17
+1 68 17 17
cfi=(10)
cfn=(734)
calls=17 843 
* 1921 485 346 115 22 0 42 3 0 288 54
+2 17
fi=(17)
112 17
fi=(54)
-80 34 0 17 17 0 0 8
cfi=(17)
cfn=(94)
calls=17 +83 
* 374 119 51 0 0 0 0 0 0 102 17
fe=(35)
1536 51 34

fn=(750) runtime.gcenable.func2
179 10 3 2 1 0 0 1 0 0 2
cfi=(69)
cfn=(752)
calls=1 613 
* 338 70 72 7 4 10 3 2 10 52 4 1 1

fn=(1178)
fi=(12)
1339 10 5 2 0 0 0 0 0 0 1
+1 1 0 1
cfn=(78)
calls=1 +9 
* 112 19 22 0 0 0 0 0 0 21
* 2 1 1
+1 4 2
cfi=(2)
cfn=(75)
calls=1 496 
* 19827452 4525610 2734469 246 107324 403 244 101996 265 3219763 2599 30 1
fe=(35)
579 100 20 20 19 0 0 9 0 0 20 5
fi=(5)
477 20 20 0 0 3
fe=(35)
584 20
fi=(5)
478 20 0 20 20 0 2 9
+1 60 20
fe=(35)
585 160 60 0 0 4 0 0 0 0 60 24
+4 18
fi=(5)
485 36 0 18
fe=(35)
585 18
fi=(5)
-99 54 18 0 18 2 0 9 0 0 36 19
fe=(35)
+93 72 0 54 0 0 2 0 0 2
+7 2 0 0 2
fi=(5)
485 6 2 2
+1 8 2 0 0 0 0 0 0 0 4 2
fe=(35)
587 6 4 0 2
+16 2 0 2
-1 10 6 2
cfn=(272)
calls=2 -54 
* 62 18 2 0 0 0 0 0 0 16 2
* 36 0 18 18 0 2 9 0 2
cfn=(272)
calls=18 -54 
* 2111 466 146 0 3 4 0 3 0 287 16
* 60 0 20 0 0 0 0 0 0 20 17
cfi=(28)
cfn=(1183) runtime.sweepone'2
calls=3 332 
* 1586 339 248 21 28 9 21 28 9 248 34 2 1
cfi=(28)
cfn=(1182) runtime.sweepone
calls=17 332 
* 442 136 102 27 8 1 3 2 1 51 9
* 76 0 0 0 0 0 0 0 0 19 2
+6 17
fi=(80)
101 85 0 17 17 0 0 8
cfn=(1184)
calls=17 +3 
* 425 102 34 34 19 0 16 7 0 68 16
fe=(35)
610 85 51 17
cfn=(272)
calls=17 -62 
* 2080 457 145 0 0 0 0 0 0 279 35
* 34 0 0 0 0 0 0 0 0 17
+6 51 17 17 0 0 17 0 0 8
+7 51 17 0 17 6 0 8 1 0 17 8
+2 17
+32 68 0 17
fi=(80)
101 85 0 17
cfn=(1184)
calls=17 +3 
* 425 102 34 0 17 0 0 4 0 68
fe=(35)
631 18 0 0 1 0 0 1
fi=(80)
101 90 0 18 18 0 0 10
cfn=(1185) runtime.semacquire1'2
calls=1 +3 
* 25 6 2 0 0 0 0 0 0 4
cfn=(1184)
calls=17 +3 
* 425 102 34 0 0 0 0 0 0 68 33
fe=(35)
633 36 18 0 0 4 0 0 0 0 18
+5 1548 324 0 36 51 0 20 15 0 306 21
+1 1440 864 0 0 558 0 0 244 0 288 7
+6 18 0 18
cfn=(1186) runtime.gcBgMarkStartWorkers
calls=18 1152 
* 49500 12002 8283 808 131 151 49 14 122 6895 537 67 55
* 36 0 18 1
+2 18 0 18
cfi=(2)
cfn=(74)
calls=18 463 
* 30078 5274 8982 140 205 3630 71 92 3046 5238 195 396 19
* 36 18 0 18 0 0 10
+2 54 18 36 0 0 18 0 0 9
+1 72 18 0 0 0 0 0 0 0 18 2
+5 36 18 18 0 0 18 0 0 9
+1 18 0 18 18 0 0 9
+1 36 18 18 0 1 0 0 1
fi=(43)
19 18 0 18
cfi=(3)
cfn=(304)
calls=18 228 
* 720 252 144 18 30 0 6 5 0 36 12
* 54 36
fe=(35)
659 18 0 18
+1 18 0 18
+1 18 0 18
+1 54 18 0 18 6 0 9 0 0 18 2
+3 72 0 36 18 0 0 10
cfi=(2)
cfn=(74)
calls=18 463 
* 46957 9609 4939 588 704 38 249 250 6 7293 365 18 18
* 90 18 18 1 0 0 1
+2 18 0 18
cfi=(2)
cfn=(74)
calls=18 463 
* 212920 51550 32335 488 6203 21 217 1670 9 34602 1289 18 18
* 36 18
+6 18 0 18
cfn=(1268)
calls=18 1587 
* 3260 958 538 234 149 34 123 44 11 640 49 18 5
+2 18 0 18 0 0 5 0 0 1
+4 144 90 18 18 10 0 9 1
cfi=(34)
cfn=(1272)
calls=18 432 
* 7709 1800 1062 374 125 236 184 26 5 991 182
+3 72 18 18
cfi=(53)
cfn=(1278)
calls=18 101 
* 12380 3926 1514 270 10 13 123 1 2 1496 120
+5 54 18 0 18 0 0 9 0 0 18 2
+18 18
214 54 18 18 0 0 0 0 0 0 18
+1 144 18 18 18 0 0 9 0 0 18
+1 72 0 18 0 0 0 0 0 0 18 8
707 18
1182 18 0 18 0 0 11 0 0 1
+1 18 0 18
708 18 0 18
cfi=(134)
cfn=(1282) runtime.gcMarkRootPrepare
calls=18 57 
* 2736 918 630 234 86 41 117 33 13 234 37
+7 18 0 18
cfi=(134)
cfn=(1290) runtime.gcMarkTinyAllocs
calls=18 1589 
* 3966 1146 126 109 563 0 65 77 0 996 55
+7 54 18 18 18 2 0 9 0 0 18 17
fi=(5)
478 18 18
fe=(35)
726 18
fi=(5)
478 18 0 18
+1 36 18 18 0 0 1 0 0 1
fe=(35)
729 162 0 90 18 0 16 9
cfi=(2)
cfn=(74)
calls=18 463 
* 86759 20779 12582 1145 1012 530 474 373 145 15670 934 18 18
* 36 18
+14 18
fi=(80)
162 90 0 18
cfn=(1312)
calls=18 +3 
* 504 90 36 57 21 0 30 9 0 54 2
fe=(35)
744 18
fi=(5)
485 72 36 18
+1 72 18 0 18 0 0 9 0 0 36
fe=(35)
687 36 18
fi=(5)
486 18
fe=(35)
748 18 0 0 0 0 0 0 0 0 18 18
+4 18
fi=(80)
162 72 0 18 18 0 0 9
cfn=(1312)
calls=18 +3 
* 504 90 36 0 18 0 0 9 0 54 2
fe=(35)
753 54 36

fn=(1179)
fi=(12)
1339 240 120 48 0 1 1 0 0 0 24
+1 24 0 24
cfn=(78)
calls=24 +9 
* 2688 456 528 0 3 2 0 0 0 504
* 48 24 24
+1 96 48
cfi=(2)
cfn=(75)
calls=24 496 
* 741680 162532 83255 5558 9271 955 5510 8458 735 112861 5097 420 24
fe=(35)
579 15 3 3 2 0 0 0 0 0 3
fi=(5)
477 3 3
fe=(35)
584 3
fi=(5)
478 3 0 3 2
+1 9 3
fe=(35)
585 9 3 0 0 0 0 0 0 0 3 2
+1 3 0 0 2
fi=(5)
485 9 3 3
+1 6 0 0 0 0 0 0 0 0 3 2
fe=(35)
587 9 6 0 3
+16 38440 0 38440
-1 192200 115320 38440
cfn=(272)
calls=38440 -54 
* 1191640 345960 38440 0 0 0 0 0 0 307520
* 115320 0 38440 0 0 0 0 0 0 38440
cfi=(28)
cfn=(1183)
calls=38440 332 
* 18121936 4060430 2578723 15 107166 365 15 101871 238 2833195 2456 24
* 153764 0 0 0 0 0 0 0 0 38441
+6 1
fi=(80)
101 5 0 1 1 0 0 1
cfn=(1184)
calls=1 +3 
* 25 6 2 2 1 0 2 1 0 4 1
fe=(35)
610 5 3 1
cfn=(272)
calls=1 -62 
* 31 9 1 0 0 0 0 0 0 8 1
* 2 0 0 0 0 0 0 0 0 1
+6 3 1 1 0 0 1 0 0 1
+7 3 1 0 1 0 0 1 0 0 1 1
+2 1
+32 4 0 1
fi=(80)
101 5 0 1
cfn=(1184)
calls=1 +3 
* 1217 284 181 115 26 7 115 18 5 172 33 1
fi=(135)
474 5 1 1 1 0 1 1 0 1 1
+1 3 2 1 1 0 0 1
-1 3 1 1
+2 2 0 1
+1 1 0 1
+4 2 0 1
cfi=(13)
cfn=(682)
calls=1 1631 
* 24 8 5 3 2 0 3 2 0 4
+1 5 1 1
cfi=(13)
cfn=(1676)
calls=1 1515 
* 1580 180 94 59 18 5 59 18 5 155 26
-6 5 2
-2 2 1
+2 4 0 0 1 0 0 1 0 0 2
-2 2
+2 6 2 0 0 0 0 0 0 0 4 1
+1 2 2
+1 4 0 0 0 0 0 0 0 0 2
+6 3 2 0 1 0 0 1
cfi=(2)
cfn=(75)
calls=1 +12 
* 554 167 110 1 3 3 1 3 3 93 8 2
fi=(10)
3341 6 1 2 1 0 0 1 0 0 1
+1 2 1 1 1 0 0 1
+2 1 0 0 0 0 0 0 0 0 1
+4 3 0 1
cfn=(494)
calls=1 963 
* 36 5 6 0 0 0 0 0 0 7 1
-83 2 2 0 1 0 0 1
+84 1
fi=(42)
313 1
-8 1
fi=(10)
3265 1 0 1
+1 1 1
fi=(42)
279 1
-13 1
fi=(10)
3266 1 0 1
+85 5 3 0 0 0 0 0 0 0 1
+1 5 3 1 1 0 0 1 0 0 0 0 1
cfn=(716)
calls=1 -17 
* 36 11 5 1 1 0 1 0 0 8 1
+1 7 3 1 0 0 0 0 0 0 1
+1 6 2 1 1 0 0 1 0 0 1 1
-2 1
+3 1 0 0 0 0 0 0 0 0 1
+8 1 0 1 1 0 0 1
cfn=(562)
calls=1 3185 
* 4479 1422 536 38 53 18 36 33 12 771 68 2 1
fe=(35)

fn=(1544) runtime.gcMark
1391 85 17 17 17 0 0 8 0 0 17
+1 51 17 0 0 0 0 0 0 0 17 2
+4 34 17 0 0 0 0 0 0 0 17
+3 17 0 17 17 0 1 8 0 1
+3 119 51 17 0 1 0 0 1 0 34
+5 34 17 0 0 0 0 0 0 0 17 13
+5 34 17 0 17 0 0 8 0 0 17
+7 102 17 34 0 0 0 0 0 0 17 2
cfi=(2)
cfn=(1286)
calls=17 1711 
* 425 170 136 0 0 0 0 0 0 17
+8 102 34 34 17 0 0 8
+14 272
+21 272 0 272
cfi=(135)
cfn=(1464)
calls=272 250 
* 5171 1633 274 7 0 0 1 0 0 1089 31
-35 2482 1088 544 0 0 0 0 0 0 289 18
+6 544 272 0 17 0 0 8 0 0 272 12
+5 1088 272 272 0 3
cfi=(51)
cfn=(418)
calls=272 80 
* 4896 1632 816 0 0 0 0 0 0 816 3
+3 544 272
fi=(135)
311 816 272 0 0 0 0 0 0 0 272 5
fe=(35)
1471 1207 306 0 17 0 0 8 0 0 289 49
+1 272 272 0 0 239 0 0 16
+1 544 0 0 0 0 0 0 0 0 272 17
+3 816 0 272 17 0 252 8 0 16
+4 51 17 17
cfi=(34)
cfn=(1546)
calls=17 901 
* 357 119 119 51 0 0 24 0 0 34 1
+1 51 34

fn=(1548) runtime.gcMarkTermination.func2
954 85 17 17 0 0 0 0 0 0 17
+1 34 17 17 17 0 0 8
+1 34 17 0 0 0 0 0 0 0 17 2
+15 17 0 0 17 0 0 8
214 51 17 17 0 0 0 0 0 0 17
+1 119 17 17 17 0 0 8 0 0 17 2
+1 51 17 17 0 0 0 0 0 0 17 17
972 34 17 17
cfn=(1550)
calls=17 1489 
* 4471 1199 839 217 79 18 90 7 2 798 100
+1 51 34

fn=(1788) runtime.gcBgMarkWorker.func2
1295 18 6 6 4 0 0 4 0 0 2
+8 6 0 2
cfi=(10)
cfn=(494)
calls=2 963 
* 72 10 12 0 0 0 0 0 0 14 4
+1 6 4
+3 4 0 0 0 0 0 0 0 0 2
+1 12 0 4 4 0 0 4
cfi=(134)
cfn=(1790) runtime.gcDrain
calls=2 1036 
* 10783112 2124762 913618 1011 158908 157 806 154221 96 1917988 107215 182 8
+1 6 4 0 0 0 0 0 0 0 2 2
+14 6 2 2 2 0 0 2
cfi=(134)
cfn=(1790)
calls=2 1036 
* 574 184 86 2 2 0 0 0 0 96 16 2
+6 8 2 2 2 0 0 2
cfi=(10)
cfn=(494)
calls=2 963 
* 60 6 10 10 0 2 10 0 0 12
+1 6 4 0 0 2

fn=(272)
548 426806 85363 85360 63 4981 0 10 0 0 85363 22
+1 682725 256018 0 53 12183 0 10 25 0 256018 26095
+4 118488 0 0 0 0 0 0 0 0 59244 24
+7 77018 0 0 0 0 0 0 0 0 38509
fi=(30)
19 38509 38509 0 0 33 0 0 15
fe=(35)
561 77018 0 0 0 0 0 0 0 0 38509 13
+3 38509 38509
+1 385045 115512 0 20 36 0 4 16 0 38509 2
-7 41470 0 20735 23 0 2 6
cfi=(34)
cfn=(776)
calls=20735 1158 
* 2192768 435435 145145 23027 20678 4865 33 10 0 248632 829
+1 124410 62205
-9 104464 52232 0 48 0 0 6
-2 12 0 12 1
cfi=(2)
cfn=(782)
calls=3 +28 
* 34252 5295 2870 335 239 63 223 45 20 3894 340 24 10
* 12 9 0 3 0 0 1
cfn=(273)
calls=3 * 
* 385 84 27 11 3 1 0 0 0 51 9

fn=(273)
548 20 4 4 0 0 0 0 0 0 4 1
+1 32 12 0 0 0 0 0 0 0 12
+4 8 0 0 0 0 0 0 0 0 4 2
+5 8 0 4
cfi=(34)
cfn=(776)
calls=4 1158 
* 422 84 28 17 4 1 5 0 0 48 7
+1 24 12

fn=(390)
152 5 1 1 1 0 0 1 0 0 1
+5 1
fi=(30)
+21 2 1 1 0 0 0 0 0 0 1
fe=(35)
-16 1 0 1
cfi=(34)
cfn=(392)
calls=1 1344 
* 1442 284 34 3 13 0 3 1 0 333 14
* 2 0 2
cfi=(34)
cfn=(396)
calls=1 1390 
* 1403 280 32 1 14 0 1 1 0 327 12
* 5 1 1 1 0 0 1
cfi=(34)
cfn=(398)
calls=1 395 
* 94 22 16 8 3 1 8 3 1 11 3
+3 2 0 1 0 0 1 0 0 1
+4 4 2

fn=(1538)
923 102 17 17 17 0 0 8 0 0 17
+2 17
214 34 17 17 0 0 0 0 0 0 17
+1 136 17 17 17 0 0 8 0 0 17 1
+1 68 0 17 0 0 0 0 0 0 17
927 34 17 17 0 0 1 0 0 1
+1 17
fi=(43)
19 34 0 17 17 0 17 8 0 2
cfi=(3)
cfn=(304)
calls=17 228 
* 680 238 136 0 2 0 0 2 0 34 2
* 34 17
fi=(5)
478 17 17
fe=(35)
930 17
fi=(43)
19 34 17 17 0 0 17 0 0 2
fi=(5)
478 17 0 17
+1 68 17 17
fe=(35)
931 136 17 51 17 0 0 8 0 0 17 2
cfi=(2)
cfn=(1452)
calls=17 1743 
* 425 170 136 4 0 0 1 0 0 17
+1 17 0 17 17 0 0 8
+1 34 17 17
+1 51 34 17
+1 51 0 17
cfi=(10)
cfn=(494)
calls=17 +28 
* 620 85 103 1 0 0 0 0 0 122 5
+1 34 17 17
+7 136 17 85 17 0 15 8 0 2
cfi=(2)
cfn=(74)
calls=17 463 
* 21151 6869 3028 211 243 253 90 17 17 3571 162 17 17
* 34 17
-20 34 0 17 17 0 0 8
+31 17 0 17
cfi=(2)
cfn=(74)
calls=17 463 
* 5542 1607 1094 268 81 18 114 8 2 951 150 17 17
* 34 17
+21 51 34 17
+1 68 17 17 17 0 0 8
cfi=(10)
cfn=(494)
calls=17 -13 
* 535 53 88 1 0 0 0 0 0 109 3
+2 34 17 0 0 0 0 0 0 0 17 3
+5 102 34 34 17 0 0 8 0 0 17
+2 34 17 0 0 0 0 0 0 0 17
fi=(19)
636 17 17
fe=(35)
990 51 0 34 17 0 2 8 0 1
+4 17 0 17
cfi=(2)
cfn=(74)
calls=17 463 
* 5267 1330 510 357 26 0 148 6 0 667 146 17 17
* 34 17
+3 34
fi=(43)
19 17 0 17
cfi=(3)
cfn=(304)
calls=17 228 
* 680 238 136 0 0 0 0 0 0 34 19
* 85 34 17
fe=(35)
998 17 0 17 17 0 0 8
cfi=(130)
cfn=(1098)
calls=17 14 
* 782 272 119 85 0 0 35 0 0 34 18
+2 85 34 17
+1 17 0 17
-2 51
+3 68 17
fi=(115)
90 34 0 0 17 0 0 8 0 0 17
+9 34 0 0 0 0 0 0 0 0 17
+3 68
+1 68 0 0 17 0 0 8 0 0 17 2
+11 238 0 0 17 0 0 8
+5 136 17 17 0 17 0 0 12 0 34
fe=(35)
1003 51 17 17 17 17 0 8 2 0 17
+1 51 17 17 0 0 0 0 0 0 17
+1 68 34 17 0 0 12 0 0 7
+1 51 17 17 0 0 17 0 0 8
+1 34 17 17 17 0 0 8
+3 51 51
fi=(30)
63 17 17
fe=(35)
1010 34 0 17
+3 68 34
+1 85 51 17 17 0 17 8 0 2
+1 34
+1 51 17 17
+3 85 51 0 17 1 0 8 1
+1 102 0 17
+6 17
fi=(30)
68 51 17 17 0 0 0 0 0 0 17 1
fe=(35)
1030 17 0 17 17 0 0 8
+2 34 17 0 0 0 0 0 0 0 17 2
+5 17
fi=(17)
48 17
fi=(54)
-26 51 0 17
cfi=(17)
cfn=(80)
calls=17 +29 
* 306 102 51 0 0 0 0 0 0 68 1
fe=(35)
1038 17 0 17
+1 34 0 17
cfi=(10)
cfn=(1260)
calls=17 3121 
* 204 68 17 0 0 0 0 0 0 34 17
+1 17
fi=(17)
112 17
fi=(54)
-80 34 0 17 17 0 0 8
cfi=(17)
cfn=(94)
calls=17 +83 
* 374 119 51 0 0 0 0 0 0 102 17
fe=(35)
1043 51 17 17
cfi=(53)
cfn=(1308)
calls=17 123 
* 1033 273 171 55 0 16 2 0 2 202 30
+5 17
fi=(63) /usr/lib/go-1.19/src/runtime/mprof.go
354 17
203 17
fi=(30)
-41 17 17
fi=(63)
+42 34
+1 136
+1 17
fi=(30)
-9 85 0 17 17 0 0 8
fi=(63)
+10 17 0 0 0 0 0 0 0 0 17 16
fi=(28)
-53 17
fi=(30)
+8 17 17
fi=(28)
-7 68 0 0 0 0 0 0 0 0 17 1
+3 17
-3 17
fi=(30)
+42 85 0 17
fi=(28)
-39 17 0 0 0 0 0 0 0 0 17
+1 17 17 0 17 0 0 8
-4 17
fe=(35)
1054 17
+1 17 0 0 0 0 0 0 0 0 17 8
fi=(28)
155 17 0 17
fe=(35)
1054 51 0 34
+5 17 0 17
cfi=(2)
cfn=(74)
calls=17 463 
* 144247 33532 18938 1932 1243 88 380 223 26 25678 1405 32 26
* 51 17
+5 17 0 17 17 0 0 8
cfi=(63)
cfn=(1600) runtime.mProf_Flush
calls=17 364 
* 2584 629 408 102 40 1 48 8 1 459 10
+4 17 0 17
cfi=(135)
cfn=(1606)
calls=17 452 
* 1326 374 238 68 16 17 32 2 1 272 6
* 34 0 17
+3 17 0 17
cfi=(2)
cfn=(74)
calls=17 463 
* 15738 2442 2312 102 308 2 48 105 0 2459 123 17 17
* 68 17 17
+6 17 0 17
cfi=(2)
cfn=(74)
calls=17 463 
* 455486 76564 59176 415 4932 35 64 1806 2 91468 1255 313 62
* 34 17 0 17 0 0 8
fi=(28)
155 34 17 0 0 10 0 0 1
fe=(35)
1054 17
+30 51 17 17
cfi=(28)
cfn=(146)
calls=17 166 
* 892 253 166 104 7 6 37 2 2 121 47 4 4
+5 34 17 0 0 1 0 0 0 0 17 17
fi=(80)
162 68 0 17 17 0 0 8
cfn=(1312)
calls=17 +3 
* 476 85 34 25 32 0 4 1 0 51
fe=(35)
1135 17
fi=(80)
162 85 0 17
cfn=(1312)
calls=17 +3 
* 814 182 106 24 20 3 24 4 3 106 18 1 1
fe=(35)
1138 17
fi=(5)
485 85 34 17 0 17 0 0 1
+1 68 17 0 17 13 0 8 0 0 34 21
+2 4 0 4
fe=(35)
1146 51 34 0 0 17 0 0 1

fn=(1568) runtime.gcMarkTermination.func3
1059 119 17 34 17 0 0 8 0 0 17
cfi=(10)
cfn=(1300)
calls=17 1258 
* 143482 33226 18751 1915 1226 88 372 222 26 25593 1387 15 9
* 51 34

fn=(1542) runtime.gcMarkTermination.func1
943 102 34 17 17 0 0 8 0 0 17
+1 17 0 17
cfn=(1544)
calls=17 1391 
* 20386 6546 2841 177 243 253 81 17 17 3486 153
+8 51 34 0 17 0 0 1

fn=(1202)
1235 85 17 17 2 0 0 2 0 0 17
+3 51 17 0 0 1 0 0 1 0 17 1
+16 16
fi=(5)
485 48 16 16 1 0 0 1
+1 64 16 0 0 0 0 0 0 0 32 3
fe=(35)
1258 34 0 17 1 0 0 1
cfi=(52)
cfn=(1206)
calls=17 25 
* 510 85 68 24 1 0 3 0 0 51 3
+3 68 34

fn=(1458) runtime.gcMarkDone.func1
807 180 36 36 20 0 0 9 0 0 36
+1 108 72 36 18 0 0 9
+5 108 0 36
cfi=(10)
cfn=(494)
calls=36 963 
* 1320 180 219 2 0 0 0 0 0 261 102
+1 72 0 36
cfi=(10)
cfn=(1460)
calls=36 1586 
* 120283 31027 16103 873 1371 29 204 520 28 19878 1329 537 36
+17 140 35 35 4 0 0 1
cfi=(10)
cfn=(494)
calls=35 963 
* 1125 111 184 8 9 3 3 3 3 231 14
+1 105 70 0 0 3 0 0 3

fn=(1186)
1152 90 18 18 18 0 0 9 0 0 18
+6 18
+1 48 0 16
cfi=(10)
cfn=(456)
calls=16 4094 
* 34437 7511 5074 590 120 150 0 14 122 4812 370 35 23
+2 48 0 16
cfi=(17)
cfn=(1188)
calls=16 230 
* 14655 4369 3127 165 9 1 21 0 0 2031 161 32 32
+1 16
fi=(17)
136 16 0 16
fe=(35)
1166 16 0 16
-8 102 68 0 18 2 0 10 0 0 34 6
+10 54 36 0 17 0 0 9

fn=(1616)
1078 1360 272 272 17 0 0 8 0 0 272
+1 544 272 272 0 86
cfi=(24)
cfn=(436)
calls=272 311 
* 430256 69817 55964 93 4538 9 19 1767 0 86763 982 41 11
+1 816 544

fl=(134)
fn=(1318) runtime.gcAssistAlloc.func1
473 546 234 78 34 19 16 7 0 0 78 1
+1 156 0 78 21 0 0 7
cfn=(1320) runtime.gcAssistAlloc1
calls=78 +55 
* 26146682 4191580 2291316 15174 213784 2030 2178 82622 329 5263632 366918 2916 734
+3 234 156 0 0 38

fn=(1314)
404 128480 25696 25696 36 0 0 9 0 0 25696
+3 128480 51392 0 0 1493 0 0 0 0 25696
+3 128470 77083 0 0 109 0 0 0 0 51387 6
+63 51382 0 25691 34 0 0 12
-57 25691
-5 15 10
fi=(53)
92 25691
fi=(30)
+12 25691 25691
+36 25691
fe=(134)
416 25691 0 0 0 0 0 0 0 0 25691 16
+12 78
fi=(30)
-63 78
259 78 78 0 0 19
fe=(134)
429 78
fi=(30)
-64 78
259 78 78 0 48 19 0 7
fe=(134)
430 78 78
+13 78 78 0 0 16
-13 78
+1 156
fi=(30)
-65 78
fe=(134)
+65 156
fi=(30)
-65 78
fe=(134)
+68 234 78 0 58 51 0 7
-2 78
+19 78
+22 156
-28 78
-13 78 0 0 0 0 0 0 0 0 78 48
+35 156 78 0 44 15 0 7 0 0 78 8
+47 78 0 78 27 0 7 7
-41 780 0 546 16 0 16 7
cfi=(2)
cfn=(74)
calls=78 -10 
* 26150348 4193140 2292174 15230 213924 2079 2192 82622 329 5264022 366929 2994 810
* 156 78
+6 234 156 0 24 78 0 7
+1 156 78 0 0 30 0 0 0 0 78 2
-1 78
-6 78
+7 234 0 78
cfi=(2)
cfn=(1404)
calls=78 1751 
* 1950 780 624 51 0 42 7 0 4 78
-1 78
+6 78
-4 78 0 0 0 0 0 0 0 0 78 62
+1 16 0 16
cfi=(35)
cfn=(1454)
calls=16 784 
* 844071 173123 111516 6211 8319 549 1532 2079 21 153430 5739 955 250
+3 172 94 0 42 32 0 7 0 0 78 13
+8 2 1 0 0 0 0 0 0 0 1 1
+14 1 0 1
cfn=(1754) runtime.gcParkAssist
calls=1 624 
* 61 18 9 3 0 0 3 0 0 13 2
* 4 0 0 1 0 0 0 0 0 1
+7 234 78 0 45 46 0 7 0 0 78 51
+3 234 156 0 46 0 0 7
-3 25613 0 0 2 0 0 2
-95 25613 0 0 0 0 0 0 0 0 25613 2
+3 76839 51226 0 1205 0 0 2

fn=(1320)
529 390 78 78 0 0 0 0 0 0 78
+3 468 78 78 43 0 19 7 0 0 78 2
cfi=(2)
cfn=(1286)
calls=78 1711 
* 1950 780 624 27 0 13 0 0 6 78
+2 234 78 0 0 0 0 0 0 0 78
-2 78 0 78 30 0 0 7
-3 156 0 156
+22 78
fi=(43)
19 78 0 78
cfi=(3)
cfn=(304)
calls=78 228 
* 2964 936 624 9 74 16 0 0 0 156 5
* 156 78
fe=(134)
552 312 234
fi=(43)
19 78 78
fi=(30)
259 78 78 0 0 43
fi=(53)
391 78
+19 156 0 0 42 0 0 7 0 0 78
+3 156
-41 234
fi=(30)
264 78 78 78 0 0 0 0 0 0 78
fe=(134)
554 312 78 78 0 35 0 0 0 0 78
+1 312 78 0 43 0 0 7 0 0 78
fi=(53)
391 78 0 78
fi=(43)
19 78 0 78
fe=(134)
561 312 0 78
cfi=(10)
cfn=(494)
calls=78 963 
* 2904 390 480 30 9 0 4 0 0 582 110
+1 156 78 78
+4 312 156 0 16 0 0 7
+1 156 78 78
cfn=(1326) runtime.gcDrainN
calls=78 1150 
* 26033458 4167310 2278550 14036 211603 1854 2064 82622 323 5249144 365866 2916 734
* 78 0 78
+2 312 78 78 0 38
cfi=(10)
cfn=(494)
calls=78 963 
* 2640 258 426 34 12 30 9 0 0 552 23
+8 78
fi=(30)
259 78 78 0 0 38
fe=(134)
578 234 78
fi=(30)
365 78 0 0 45 0 0 7
fe=(134)
578 468 156 78 0 38
+4 312 78 78 0 46 0 0 0 0 78 1
+1 312 78 0 46 0 0 7 0 0 78
+6 78 0 0 0 0 0 0 0 0 78
fi=(52)
56 156 78 0 0 30
fi=(35)
1379 78 0 0 0 0 0 0 0 0 78 41
+3 214 92 0 0 0 0 0 0 0 46 16
fe=(134)
589 250 0 0 0 0 0 0 0 0 78 11
+5 64 32 16 5 0 0 0 0 0 16
cfi=(2)
cfn=(1452)
calls=16 1743 
* 400 160 128 16 0 16 0 0 0 16
+2 78 0 0 25 0 0 7
fi=(43)
19 78 0 78
cfi=(3)
cfn=(304)
calls=78 228 
* 2964 936 624 0 136 0 0 0 0 156 20
* 156 78 0 0 30
fe=(134)
598 234 234 0 0 38
fi=(42)
285 78 0 78
fe=(134)
599 78 0 0 55 0 0 7
fi=(43)
19 78 78
fe=(134)
597 234 78
+2 78 0 78 0 0 43
fi=(53)
410 234 78
fe=(134)
600 78 0 0 0 0 0 0 0 0 78
fi=(43)
19 78 0 78
fe=(134)
601 468 0 78 30 0 0 7
cfi=(53)
cfn=(652)
calls=78 449 
* 3510 390 234 95 94 0 4 0 0 624 21
+2 78 78
+2 78 78
-2 234 78 0 0 0 0 0 0 0 78 14
+1 78
fi=(30)
91 156 78 78 0 38 0 0 0 0 78 3
fe=(134)
605 234 0 78
cfi=(53)
cfn=(1402)
calls=78 165 
* 85380 17332 7660 525 1482 39 20 0 0 11092 785
+1 156 78 78 22 0 0 7
+2 234 156

fn=(1422) runtime.scanstack
733 2646 378 756 58 0 0 18 0 0 378 7
+1 1512 378 0 0 0 0 0 0 0 378
fi=(10)
902 378 378
fe=(134)
739 756
+6 378 0 0 0 0 0 0 0 0 378 32
+3 756 0 0 27 0 0 7 0 0 378 2
+4 1134 0 0 2 0 0 2 0 0 378
+8 1134 378 0 0 180 0 0 18 0 378
+3 378 378 0 0 198 0 0 17
+6 756 756
+1 378
-5 756 378
+5 378 0 378 0 0 34 0 0 2
+1 378 0 378 338 0 34 9 0 5
fi=(6)
1153 3024 1134 0 0 0 0 0 0 0 756 15
fe=(134)
765 378 0 378 0 0 34
-32 378 0 378
+40 756 0 0 0 0 0 0 0 0 378 25
+2 378 0 378 29 0 16 9
cfi=(6)
cfn=(1428)
calls=378 1160 
* 43434 13716 1512 1196 821 34 94 195 0 9054 1624
+7 378 378
+18 378 378
912 378 378
781 1890 0 756
cfi=(47)
cfn=(364)
calls=378 71 
* 10584 378 7938 585 0 48 15
* 378 378
+1 1512 756 756 348 0 0 9
+13 756 378 0 0 0 0 0 0 0 378 41
+5 3024 0 2268 58 0 0 18
+4 3780 0 378
cfi=(57)
cfn=(796)
calls=378 33 
* 1764528 407560 235421 5750 3775 855 870 1382 95 216603 16719 1251 1
+6 2646 1134 378 58 0 0 18 0 0 378 36
+18 1134 378 0 23 0 0 9 0 0 378 2
+10 378
fi=(137) /usr/lib/go-1.19/src/runtime/mgcstack.go
308 1512 756 378 29 0 0 9
cfn=(1442) runtime.binarySearchTree
calls=378 +8 
* 28228 5646 4890 115 0 0 36 0 0 3012 209
* 378 0 378
fe=(134)
840 756 0 378
cfi=(137)
cfn=(1446) runtime.(*stackScanState).getPtr
calls=378 242 
* 15390 3024 2286 116 0 0 45 0 0 2610 44
* 108 0 54
cfi=(137)
cfn=(1446)
calls=54 242 
* 3222 756 594 0 0 0 0 0 0 468 76
+1 864 0 0 0 0 0 0 0 0 432 5
fi=(137)
337 108 54
+1 54 54 0 18 0 0 9
+1 90
fe=(134)
845 108 0 0 0 0 0 0 0 0 54 12
+3 18 18
+1 36 0 0 0 0 0 0 0 0 18
+4 18
fi=(137)
166 36 0 18
fe=(134)
863 18
fi=(6)
1417 36
+2 18
fe=(134)
895 648 324 324
+11 324 0 324
+1 324 0 324
cfi=(135)
cfn=(1346)
calls=324 407 
* 17496 4536 2916 46 0 0 0 0 0 1944 324
-14 2106 702 0 29 0 0 9 0 0 702 72
+16 2646 1134 0 0 0 0 0 0 0 1134 27
+3 1512 1134
fi=(137)
340 320 0 0 18 0 0 9 0 0 160 30
+3 372 124 0 0 0 0 0 0 0 124 41
+1 54 54
+1 54
+2 350 70 0 18 0 0 9 0 0 70 34
+1 52 52
+1 52
fi=(6)
1419 54 0 0 0 0 0 0 0 0 18
+1 90 36 0 0 0 0 0 0 0 36
+8 36 36 0 18 0 0 9
-24 36 18
fe=(134)
865 54 0 0 0 0 0 0 0 0 18
+21 18 0 18 18 0 0 9
-7 36 36
-39 18
+40 18 0 0 0 0 0 0 0 0 18 2
fi=(6)
1408 18 18 0 18 0 0 9
+1 36 0 0 0 0 0 0 0 0 18
+3 18
fe=(134)
883 108 18 18
cfn=(1396) runtime.scanblock
calls=18 1218 
* 2736 576 342 0 18 0 0 8 0 522 34
+3 54 18 0 18 0 0 9 0 0 18 2

fn=(1282)
57 90 18 18 18 0 0 9 0 0 18 1
+9 18 0 18
fi=(11)
501 18 18 0 18 0 0 9
+1 36 0 0 0 0 0 0 0 0 18
+3 36 36 0 0 18 0 0 8
fe=(134)
69 180 18 0 0 18 0 0 8 0 36 19
+1 36 36 0 0 18 0 0 8
-8 18
fi=(22)
425 36 0 0 18 0 0 9
fe=(134)
71 36 18 0 0 0 0 0 0 0 18 6
+1 36 0 18
fi=(11)
501 36 18
+1 36 0 0 0 0 0 0 0 0 18 1
+3 36 36
fe=(134)
76 162 18 0 18 0 0 9 0 0 36
+1 36 36
-15 18
fi=(22)
425 54
fe=(134)
78 36 18 0 0 0 0 0 0 0 18 6
+1 36 0 18
+16 144 54 54 18 14 18 9 1 3 18 2
cfi=(2)
cfn=(1286)
calls=18 1711 
* 450 180 144 72 18 18 36 8 9 18
+1 36 0 18
fi=(10)
558 36 36 0 18 0 0 9
fe=(134)
104 108 18 54 0 0 5 0 0 1 18 2
cfi=(2)
cfn=(1286)
calls=18 1711 
* 450 180 144 0 0 0 0 0 0 18
+1 18 0 18
+2 18 0 18 18 0 0 9
+1 108 72 18
+3 18 0 18
+1 54 18 18 18 0 0 9
+1 90 18 18
+1 90 18 18
+1 72 18 18 18 0 0 9
+1 54 36

fn=(1406)
1567 78828 0 26276 19 0 0 9
+1 52552 26276 0 0 17 0 0 0 0 26276 1
+5 26276
+1 52552
fi=(26)
252 26276
fi=(13)
470 26276 26276 0 27 0 0 9
fi=(26)
252 26276
-10 105104 26276 0 0 2
+20 26276
fi=(13)
2002 52552
fe=(134)
1567 26276
fi=(13)
2002 78828
-6 26276
fi=(26)
75 26276 26276
280 26276 26276 26276 0 7577 0 0 5222 0 26276 2
fi=(13)
696 52552 26276 0 0 18
fe=(134)
1577 52552
fi=(13)
470 26276 26276
695 26276
565 78828 0 0 27 0 0 9
696 78828 26276 0 0 44 0 0 0 0 26276 16
fe=(134)
1578 26276
fi=(13)
697 78828
fe=(134)
1578 78828 26276 0 0 2753 0 0 1253
fi=(13)
698 131380 0 0 28 0 0 9
fe=(134)
1578 52552 0 0 0 0 0 0 0 0 26276 102
+1 26042 26042 26042 0 0 0 0 0 0 26042 4
+3 78126 52084 0 0 23
+1 26042 0 26042 0 0 1293
+1 78126 52084
-2 702 468 0 0 31
+1 234 0 234
+1 702 468

fn=(1394) runtime.markrootBlock
264 180 36 36 18 0 0 9 0 0 36
+9 108
+1 72 0 0 0 0 0 0 0 0 36 32
+6 36
+1 72
-1 36 0 0 18 0 0 9
+5 108 0 36
-8 36
+1 36
fi=(22)
18 36
fe=(134)
285 144 0 36
cfn=(1396)
calls=36 1218 
* 6114191 600993 175896 348 42289 259 292 18721 89 1486186 76658 2 2
+1 36 36
-6 108 72

fn=(1794) runtime.gcFlushBgCredit
665 545 109 109 2 4 0 2 0 0 109
+1 218 109 0 0 14 0 0 1 0 109 10
+5 218 109 109 2 0 0 2 0 0 109
+1 327 218

fn=(1292) runtime.greyobject
1461 491412 81902 81902 28 0 0 9 0 0 81902 8
+2 163804 0 0 0 0 0 0 0 0 81902
-2 81902 0 81902
+5 81902
fi=(26)
262 81902 81902
fi=(13)
2002 327608 0 0 32 0 0 9
fe=(134)
1461 81902
fi=(13)
2002 245706
-6 81902
fi=(26)
75 81902
fe=(134)
1468 245706 81902 0 0 4 0 0 0 0 81902 108
+6 163804 81902 0 0 19 0 0 0 0 81902 39
fi=(26)
272 163804 81902 0 32 20518 0 9 10425
fe=(134)
1483 81902 0 0 0 0 0 0 0 0 81902 1084
+3 79077
fi=(26)
280 79077 79077 79077 0 0 0 0 0 0 79077
fi=(13)
696 158154 79077
fe=(134)
1489 158154
fi=(13)
470 79077 79077
695 79077
565 316308
696 237231 79077 0 35 0 0 9 0 0 79077 31
fe=(134)
1490 79077
fi=(13)
697 237231
fe=(134)
1490 237231 79077 0 0 2391 0 0 1253
fi=(13)
698 395385 0 0 28 0 0 9
fe=(134)
1490 158154 0 0 0 0 0 0 0 0 79077 3407
+1 70431 70431 70431 0 0 0 0 0 0 70431 14
+5 70431 70431
fi=(13)
549 70431
fe=(134)
1496 79077 8646 0 0 0 0 0 0 0 70431 198
fi=(13)
549 8646
fe=(134)
1496 8646 0 0 0 0 0 0 0 0 8646 195
+1 230724 153816 76908 0 3 0 0 1
+1 230724 153816
-14 8475 5650
+22 2169 0 0 23 0 0 9
fi=(135)
152 2169 2169 0 0 2
+1 10839 2167 0 0 4 0 0 0 0 4336 4
+4 4334 0 2167 0 0 181 0 0 82 2167
+1 2167 0 2167 16 0 0 7
fe=(134)
1508 2167
+1 6 0 2 2 0 0 2
cfi=(135)
cfn=(1792)
calls=2 112 
* 7556 1399 934 232 38 39 221 22 39 868 129 2 2
+2 6507 4338

fn=(1326)
1150 390 78 78 16 0 0 7 0 0 78
+1 234 78 0 16 0 0 7 0 0 78 10
-1 156 0 156
+11 78 78
-4 156 78
+4 156 78 78
+1 20058 9990 0 16 55 0 7 0 0 3382 99
fi=(53)
92 3382
fi=(30)
+48 3382
-36 3382 3382 0 0 41
fe=(134)
1162 27056 3382 0 0 27 0 0 0 0 6764 199
+35 3320 0 3320
-33 6640 3320 0 0 76 0 0 7 0 3320 323
+1 3366 0 1683 16 0 0 7
cfi=(135)
cfn=(1330)
calls=1683 287 
* 66410 19989 7190 500 627 92 139 0 36 11820 944
fi=(135)
234 1683 1683
fe=(134)
1162 3366 3366
+22 1683 1683
fi=(135)
234 3366 1683
+1 3366 0 0 0 0 0 0 0 0 1683 45
-1 3274 1637
+1 13186 3304 0 0 23 0 0 0 0 4941 269
+4 7328 0 1832
+1 5496 1832 0 0 41 0 0 0 0 1832 31
fe=(134)
1168 3320 0 0 16 0 0 7
+1 6640 0 0 0 0 0 0 0 0 3320 9
+1 2976 0 1488
cfi=(135)
cfn=(1334)
calls=1488 203 
* 123855 30914 19253 2277 381 338 241 15 153 18893 762 55 12
+1 2976 0 0 0 0 0 0 0 0 1488 22
+3 4176 0 1392
cfi=(51)
cfn=(1356)
calls=1392 168 
* 215120 58010 26148 743 1974 10 204 37 0 30375 930 1392 369
+1 2784 1392 1392
cfi=(135)
cfn=(1334)
calls=1392 203 
* 58128 16624 9680 16 0 0 7 0 0 11072 35
-13 2976 2976 0 16 0 0 7
+22 1488 1488
-5 1488
+5 1488 1488
-5 6640 0 0 0 0 0 0 0 0 3320 7
+2 5504 2752 0 0 25 0 0 0 0 1376 16
+1 4080 1360 1360 0 0 0 0 0 0 1360
+1 4080 1360 0 0 0 0 0 0 0 1360
+1 4080 0 1360
cfn=(1386) runtime.markroot
calls=1360 162 
* 7840226 1040117 425015 9879 44350 1283 1306 16618 107 1694103 88057 1469 353
* 2720 1360
-22 1360 1360 0 0 32
+35 1360
-12 1360
+7 5832 0 1944 16 0 0 7
cfn=(1366) runtime.scanobject
calls=1944 +64 
* 17531177 2943498 1774277 444 163907 131 104 65945 27 3446183 273777
+3 9720 3888 0 16 22 0 7 0 0 1944 331
+1 452
fi=(30)
91 904 452 452 0 22 0 0 0 0 452
fe=(134)
1197 452 452
+1 452 0 452
-1 904 452
+1 452
-1 1492 1492
-2 1492
+11 390 234 0 49 0 0 7

fn=(1366)
1256 13524 2254 2254 70 0 0 9 0 0 2254 3
+5 2254
fi=(26)
326 4508 2254 0 0 11
-1 2254
fi=(13)
565 6762 0 0 70 0 0 9
fi=(26)
326 6762 2254 0 0 35 0 0 0 0 2254
+4 4508 0 0 0 0 0 0 0 0 2254
+5 9016
+1 6762
+2 2254
fe=(134)
1268 2254
fi=(13)
670 11270 2254 0 18 184 0 9 10
fe=(134)
1269 2254
+1 2254 2254 0 0 277
+1 4508 0 0 0 0 0 0 0 0 2254 1
-15 6762 0 4508 0 0 18
+19 4508 0 0 18 0 0 9 0 0 2254 32
fi=(13)
470 23 23 0 0 15
fe=(134)
1278 23 0 0 0 0 0 0 0 0 23 12
+6 8 8
fi=(13)
549 8
fe=(134)
1284 8 0 0 0 0 0 0 0 0 8
fi=(13)
670 8 0 8
fe=(134)
1268 32 0 32
+27 16
+17 2259479 0 2254 18 0 0 9 0 0 751657 459
fi=(26)
534 3005176 751294 0 0 3507 0 0 1695
fe=(134)
1315 1502588 0 0 18 0 0 9 0 0 751294 1466
-3 749403 0 749403
+6 1498806 749403 749403 0 0 36 0 0 0 749403 164703
+6 590772 196924 0 0 60090 0 0 38880
+4 756176 0 0 0 0 0 0 0 0 287506 7448
-14 359856 0 359856 24 0 11 9
+24 359856 0 89964 0 0 14
cfi=(26)
cfn=(970)
calls=89964 391 
* 3877003 839154 179928 27 228508 18 0 161446 0 519622 837
* 179928 0 0 0 0 0 0 0 0 89964 2
+1 479298 239649 79883
cfn=(1292)
calls=79883 1461 
* 5354292 1250729 386375 115 22554 65 29 11561 27 783666 3788
-27 89964 89964
fi=(26)
444 89964 89964
fe=(134)
1312 89964 89964
+31 89964 89964 0 20 0 0 7
-31 89964 89964
fi=(26)
444 89964
+2 179928 179928
fe=(134)
1324 179928 89964
fi=(26)
444 179928 0 0 0 0 0 0 0 0 89964 23237
fe=(134)
1324 659439 0 0 24 0 0 2
fi=(26)
444 1318878 0 0 0 0 0 0 0 0 659439 166150
+1 1126018
+1 372788 0 0 0 0 0 0 0 0 186394 27
97 372788
447 186394
fe=(134)
1343 2254 0 2254 18 0 16 9
+1 2254 0 2254
+1 6762 4508 0 18 13 0 9
-40 69 46
+1 23
+6 46
-6 23
-11 130 46 0 8 0 0 7 0 0 23 13
fi=(135)
152 15 15
+1 75 15 0 0 0 0 0 0 0 30 6
+4 30 0 15 0 0 0 0 0 0 15
+1 15 0 15
fe=(134)
1296 15

fn=(1388) runtime.markrootFreeGStacks
293 90 18 18 18 0 0 9 0 0 18
fi=(17)
48 18
fe=(134)
295 18
fi=(54)
22 18 0 18
cfi=(17)
cfn=(80)
calls=18 +29 
* 324 108 54 0 16 0 0 0 0 72 1
fe=(134)
296 36 18 18
+1 18 0 18
+1 18
fi=(17)
112 18
fi=(54)
-80 36 0 18 18 0 0 9
cfi=(17)
cfn=(94)
calls=18 +83 
* 428 142 54 0 0 0 0 0 0 124 2
fi=(10)
6112 36 18
fe=(134)
299 18 0 0 0 0 0 0 0 0 18 4
+1 54 36

fn=(1412) runtime.markroot.func1
213 1890 378 378 29 0 0 9 0 0 378
+5 378 378
-5 1134 1134 0 29 0 0 9
+5 378 378 0 0 2
+1 756 0 0 0 0 0 0 0 0 378 25
fi=(10)
902 18 18
fe=(134)
219 414
-6 1080 0 1080
+5 360 0 360 0 0 11
+1 1080 0 360 13 0 0 2
+1 360 0 0 0 0 0 0 0 0 360 25
-7 54 0 54
+5 18 0 18
+1 54 0 18 16 0 0 7
+1 18 0 0 0 0 0 0 0 0 18 9
+12 378 0 378
cfi=(67)
cfn=(1416)
calls=378 105 
* 28220 4914 6048 558 387 29 81 39 0 4106 140
* 378
+1 378 0 0 0 0 0 0 0 0 378 2
+4 1134 756 0 20 0 0 9 0 0 378
-5 1134 0 1134
+8 1512 378 378
cfn=(1422)
calls=378 733 
* 1932448 449164 265295 8933 4992 1055 1240 1620 102 241569 19415 1251 1
* 756 378 378
+1 756 378 378
+1 1512 1134 378 29 0 0 9
cfi=(67)
cfn=(1448)
calls=378 +16 
* 19200 3024 3780 122 0 0 45 0 0 3376 515
-23 756 378
+25 378 0 0 0 0 0 0 0 0 378 3
+3 1134 756

fn=(1754)
624 5 1 1 1 0 0 1 0 0 1
fi=(17)
48 1
fe=(134)
625 1
fi=(54)
22 1 0 1
cfi=(17)
cfn=(80)
calls=1 +29 
* 18 6 3 0 0 0 0 0 0 4
fe=(134)
629 3 1 0 0 0 0 0 0 0 1 1
+1 1 0 0 1 0 0 1
fi=(17)
112 1
fi=(54)
-80 2 0 1 1 0 0 1
cfi=(17)
cfn=(94)
calls=1 +83 
* 24 8 3 0 0 0 0 0 0 7 1
fe=(134)
631 4 2

fn=(1386)
162 29970 3330 13320 69 0 0 18 0 0 3330
+2 3330 0 3330
+3 13248 6624 0 0 52 0 0 0 0 6624 73
fi=(11)
501 36 18 0 0 16
+1 36 0 0 0 0 0 0 0 0 18 11
+3 36 36 0 0 16
fe=(134)
169 108 0 36
+4 13176 6588 0 33 0 0 9 0 0 6588 39
fi=(11)
501 36 18 0 0 18
+1 36 0 0 0 0 0 0 0 0 18
+3 36 36 0 0 18
fe=(134)
175 108 0 36
+4 6588 0 0 31 0 0 9 0 0 3294 55
+1 36 18 0 0 18
+5 6552 0 0 0 0 0 0 0 0 3276 37
+5 16290 6516 0 18 0 0 9 0 0 6516 70
+2 5760 0 2880
cfn=(1410) runtime.markrootSpans
calls=2880 323 
* 1644500 214594 20160 263 3077 70 110 2760 0 390672 3595
* 5760
+5 1890 756 0 0 0 0 0 0 0 756 20
+5 2268 1134 0 19 70 0 9 3 0 378
+4 378
fi=(10)
902 756 378 0 0 376 0 0 25
fe=(134)
207 1512 352 0 0 172 0 0 7 0 756 95
+1 132 66 66 13 0 0 6
+5 726 0 528
cfi=(2)
cfn=(75)
calls=66 463 
* 434310 99489 59083 2977 1693 467 908 521 59 54872 5512 329 61
* 3432 0 2496 6 0 3 3
cfi=(2)
cfn=(75)
calls=312 463 
* 1567914 366325 221332 6772 3696 628 503 1138 43 197203 14661 1300 278
* 756 378
-17 378
+17 414 0 18
-25 18 0 18
cfi=(2)
cfn=(75)
calls=18 463 
* 1328 448 198 36 34 0 18 8 0 268 12 18 18
* 54 18
+61 7902 414 0 18 0 0 9 0 0 3744 22
+1 414
fi=(30)
91 414 414 414 0 44 0 0 0 0 414
fe=(134)
+71 828 414
+89 414 0 0 0 0 0 0 0 0 414 6
+1 92 46 46
cfn=(1794)
calls=46 665 
* 552 230 92 4 10 0 4 1 0 138 8
+3 13320 9990 0 18 0 0 9
-75 72 0 0 18 0 0 9 0 0 18 13
-5 36 18 18 18 18 0 9
+1 216 72 18 0 36 0 0 9
cfn=(1394)
calls=18 +88 
* 4149341 292564 31312 0 33334 218 0 14097 50 1096924 53176
* 36 18 18 0 18
-1 36 18 0 0 2
+1 18 18 0 0 18
-14 18 18
+13 18 18
+1 18 18
-1 90 18 0 0 16 0 0 0 0 36 2
-1 18
+1 18
-6 36 18 18 36 16 0 18
+1 216 72 18 0 18 0 0 9
cfn=(1394)
calls=18 +94 
* 1965858 308573 144692 384 8955 41 310 4624 39 389334 23514 2 2
* 36 18 18 0 18
-1 36 18 0 0 2
+1 18 18 0 0 18
-8 18 18
+7 18 18
+1 18 18
-1 90 18 0 18 16 0 9 0 0 36 5
-1 18
+1 18

fn=(1524)
613 79 17 15 17 0 0 8 0 0 17 1
fi=(17)
48 15
fe=(134)
614 15
fi=(54)
22 30 0 15
cfi=(17)
cfn=(80)
calls=15 +29 
* 270 90 45 0 15 0 0 0 0 60 9
fi=(10)
6099 15 15
+1 15 0 15
fe=(134)
615 15 0 15
+1 45 0 15 15 0 0 6
cfi=(10)
cfn=(1260)
calls=15 3121 
* 180 60 15 28 0 0 0 0 0 30
+1 15
fi=(17)
112 15
fi=(54)
-80 30 0 15
cfi=(17)
cfn=(94)
calls=15 +83 
* 360 120 45 0 0 0 0 0 0 105
fe=(134)
618 45 30
-5 4 0 2 2 0 0 2
cfi=(2)
cfn=(783)
calls=1 -37 
* 99 40 29 0 0 0 0 0 0 10 5 1 1
cfi=(2)
cfn=(782)
calls=1 -37 
* 99 40 29 0 0 0 0 0 0 10 3 1 1
* 2
cfn=(1525) runtime.gcWakeAllAssists'2
calls=2 * 
* 154 44 28 4 2 1 2 1 1 28 3

fn=(1525)
613 10 2 2 0 0 0 0 0 0 2
fi=(17)
48 2
fe=(134)
614 2
fi=(54)
22 4 0 2
cfi=(17)
cfn=(80)
calls=2 +29 
* 36 12 6 0 2 0 0 1 0 8
fi=(10)
6099 2 2
+1 2 0 2 0 0 1 0 0 1
fe=(134)
615 2 0 2
+1 6 0 2
cfi=(10)
cfn=(1260)
calls=2 3121 
* 24 8 2 4 0 0 2 0 0 4 1
+1 2
fi=(17)
112 2
fi=(54)
-80 4 0 2
cfi=(17)
cfn=(94)
calls=2 +83 
* 50 16 8 0 0 0 0 0 0 14 2
fe=(134)
618 6 4

fn=(1290)
1589 90 18 18 18 0 0 9 0 0 18
+3 1296 324 36 18 0 0 9 0 0 306 18
+1 288 288 0 0 271 0 0 15
+1 1440 288 0 0 248 0 0 53 0 576 20
-2 12 0 12
+1 6 0 6 5 0 0 4
+4 24 0 6
cfi=(26)
cfn=(970)
calls=6 391 
* 270 60 12 25 30 0 15 3 0 36 6
+1 12 6
+1 42 12 6
cfn=(1292)
calls=6 1461 
* 408 96 30 25 14 0 20 6 0 60 11
-7 18 18 0 5 0 0 3
+7 6
+2 54 36 0 13 0 0 5

fn=(1410)
323 17280 2880 2880 36 0 0 18 0 0 2880
+10 2880 2880 0 0 7
+3 25920 5760 0 0 16 0 0 0 0 2880 2
+1 5760 2880
-1 2880 2880 0 18 38 0 9 13
+1 8640 2880 0 0 18 0 0 12 0 2880 36
+4 2880
-3 5760
+3 31680 0 0 18 0 0 9 0 0 2880
+1 5760 0 0 0 0 0 0 0 0 2880 2
-9 2880 0 2880 0 0 10
+4 2880 0 2880
+1 2880 0 2880
+3 2880 0 2880
-18 5760 0 2880
+20 745920 0 0 18 0 0 9 0 0 187200 2880
+2 368640 184320 0 0 2880 0 0 2703
+1 368640 0 0 0 0 0 0 0 0 184320 72
-3 18 0 18
+2 36 0 18
+1 18
+52 8640 5760
-49 144
+10 144
-10 324 0 0 0 0 0 0 0 0 162 35
-6 144
+7 720 0 0 18 0 0 9 0 0 144 13
+9 126 18 0 0 2 0 0 2 0 18 16
+4 72 18 0 18 2 0 9 2 0 18
-14 18 0 18
+19 114 36 0 0 2 0 0 0 0 38 18
-9 18 0 18
+17 36 0 18
fi=(17)
48 18 0 0 18 0 0 9
fi=(54)
-26 18 0 18 0 0 14
cfi=(17)
cfn=(80)
calls=18 +29 
* 324 108 54 15 6 0 0 2 0 72 7
fe=(134)
377 54 36
+18 18
fi=(54)
32 36 18 18
cfi=(17)
cfn=(94)
calls=18 +83 
* 428 142 54 0 15 0 0 0 0 124 13
fe=(134)
390 18 18
-41 18 18
+1 18 18
+9 18 18
+9 18 18
-9 18 18
-14 18 18
+4 18
+10 18 18
fi=(17)
112 18
fe=(134)
377 198 54 0 18 0 0 9 0 0 72 18
+1 108 54 0 0 54 0 0 12 0 54 2
+7 108 108
fi=(13)
+85 54 54 0 0 2 0 0 2
fe=(134)
-85 108 0 0 0 0 0 0 0 0 54
-8 54 0 54
+8 216
+5 108 54 54 18 0 0 9
cfn=(1366)
calls=54 1256 
* 16146 2322 1782 20 17 46 20 12 0 3132 367
+3 432 108 54
cfn=(1396)
calls=54 1218 
* 5238 972 702 48 18 0 0 0 0 864 114
-8 54 54
-8 54 54
+16 54

fn=(1434)
800 8757 3753 1251 20 0 0 9 0 0 1251 58
+1 2502 0 1251 20 0 0 9
cfn=(1436) runtime.scanframeworker
calls=1251 918 
* 845718 175419 100307 1906 1691 243 315 556 55 110054 10547
+1 5004 2502

fn=(1790)
1036 20 4 4 2 0 0 2 0 0 4
+1 12 4 0 0 0 0 0 0 0 4
+4 8 8
+5 4 4
+6 8 0 0 0 0 0 0 0 0 4 2
+10 8 0 0 4 0 0 2
-26 4 0 4
+5 4 0 4 2 0 0 2
-5 4 0 4
+83 4 0 4
-57 12 8 0 0 2 0 0 0 0 4 4
-16 2 0 2
+68 2 0 2
-71 6 0 2
+19 2
+16 512 256
-36 256
+77 256 256
+12 256
fi=(135)
234 256 256
fe=(134)
1078 1560 260 0 4 8 0 4 0 0 520 23
+53 260 0 260
-17 260 0 260
-30 520 260 0 0 8 0 0 0 0 260 30
+1 46 0 23
cfi=(135)
cfn=(1330)
calls=23 287 
* 3919 962 431 57 83 12 57 0 12 585 76
fi=(135)
234 23 23
fe=(134)
1078 23 23
-35 23 23
+88 23 23
-12 23 23
-5 23 23 0 2 0 0 2
fi=(135)
234 23 23
+1 46 0 0 0 0 0 0 0 0 23
-1 237 237
+1 1254 260 0 0 8 0 0 0 0 497 18
+4 741 0 247
+1 741 247 0 0 11 0 0 0 0 247 5
fe=(134)
1088 260
+1 520 0 0 0 0 0 0 0 0 260 15
+1 26 0 13 2 0 0 2
cfi=(135)
cfn=(1334)
calls=13 203 
* 1383 381 244 14 11 0 8 0 0 194 8
+1 26 0 0 0 0 0 0 0 0 13 1
+4 12 0 4
cfi=(51)
cfn=(1356)
calls=4 168 
* 1546 336 154 36 16 0 36 2 0 226 35 4 2
+1 8 4 4
cfi=(135)
cfn=(1334)
calls=4 203 
* 168 48 28 0 0 0 0 0 0 32 2
-18 13 13
-35 13 13
+88 13 13
-12 13 13
-5 13 13
-15 13
+4 26 13
-4 520 0 0 2 0 0 2 0 0 260 16
+4 768 0 256
cfn=(1366)
calls=256 1256 
* 8645434 1816976 832347 2 151270 1 2 147635 0 1430963 94040
+5 1280 512 0 0 8 0 0 0 0 256 54
+1 61
fi=(30)
91 122 61 61 0 8 0 0 0 0 61
fe=(134)
1043 122 61 0 2 8 0 2
+67 61 0 0 0 0 0 0 0 0 61 5
+1 244 122 61
cfn=(1794)
calls=61 665 
* 732 305 122 0 8 0 0 0 0 183
+3 61 61
-72 122 61
+72 61 61
+1 61 0 61
-1 183 61
+3 122 0 0 2 0 0 2 0 0 61 1
+2 61 61 0 1 0 0 1
-2 61
+2 195 195 0 1 0 0 1
-77 195 195
+72 195 195
+17 195 195
-23 195
-65 4
+88 4 4
-3 4 4
-27 4 0 0 2 0 0 2
+27 12 4 0 0 0 0 0 0 0 4 2
+1 2
fi=(30)
91 4 2 2 0 0 0 0 0 0 2
fe=(134)
1043 2
+87 2 0 0 0 0 0 0 0 0 2
+1 8 2 2
cfn=(1794)
calls=2 665 
* 24 10 4 0 0 0 0 0 0 6 2
+2 4 2 2
+2 12 8
-71 9850 7880 0 2 4 0 2
+67 1970 1970
-61 1970 1970
+44 1970 1970
-50 9860 1972 0 2 4 0 2 0 0 3944 12
+1 5916 1972 1972 2 4 0 2 0 0 1972 2
+1 5916 1972 0 0 0 0 0 0 0 1972 5
+3 3940 0 1970
cfn=(1386)
calls=1970 162 
* 2061933 280082 75150 872 7445 144 673 6584 84 471524 12869 180 6
+1 13790 1970 0 0 4 0 0 0 0 3940 4

fn=(1396)
1218 10736 976 5856 69 0 0 18 0 0 976 5
+7 258760 0 0 0 0 0 0 0 0 64934 201
+2 191874 63958 0 0 1046 0 0 455
+1 127916 0 0 0 0 0 0 0 0 63958 652
+1 23311
-4 23311
+5 63958
-2 40647 0 0 23 0 0 9
+20 2928 1952 0 331
-16 323690
+12 323690
+1 323690
-13 1701097 0 0 0 0 0 0 0 0 688478 39713
+1 647380 0 0 0 0 0 0 0 0 323690 31251
+2 394828 197414 0 0 40323 0 0 18078
+1 394828 0 0 0 0 0 0 0 0 197414 5152
-4 24660 0 24660 0 0 36
+3 49320 0 49320 294 0 0 9
-2 24660 0 24660 0 0 33
+4 98640 0 24660 0 0 4
cfi=(26)
cfn=(970)
calls=24660 391 
* 725079 110826 49320 15 1460 37 12 294 0 102720 1275
* 49320 0 0 0 0 0 0 0 0 24660 1
+2 68334 22855 0 0 36 0 0 0 0 22778 87
+1 108 0 54
cfi=(137)
cfn=(1440) runtime.(*stackScanState).putPtr
calls=54 207 
* 2430 648 414 90 20 0 45 0 0 504 72
-1 54 54
+1 54
-2 12078 6039 2013 303
cfn=(1292)
calls=2013 1461 
* 129190 26933 9085 288 411 155 235 134 94 19894 1418 2 2
+1 2013
-4 2013 2013 0 8
-8 2013 2013
+17 2013 2013
-12 2013 2013
+7 2013 2013
-1 2013 2013
+7 2013 2013
-13 4026 2013
+3 22647 22647 0 38 0 0 9
-8 22647 22647
+17 22647 22647
-12 22647 22647
+7 22647 22647
-1 22647 22647
+7 22647 22647
-13 45294 22647

fn=(1436)
918 6255 1251 1251 25 0 0 9 0 0 1251
+5 2502 1251
fi=(11)
805 1251
fe=(134)
923 3753 1251 0 0 0 0 0 0 0 1251
fi=(11)
805 1251
fe=(134)
923 1251
+1 5004 1251 0 29 0 0 9 0 0 1251
-6 3753 0 3753
+7 3753 1251 0 0 0 0 0 0 0 1251
-2 1251
+2 1251 0 0 0 0 0 0 0 0 1251
-1 1251
+1 1251 0 0 0 0 0 0 0 0 1251
+42 2502 0 1251
cfi=(6)
cfn=(810)
calls=1251 1252 
* 600748 120706 69708 450 668 203 144 315 48 69730 7113
+19 1251 0 1251 29 0 0 9
-1 1251 0 1251
-15 2502 0 0 0 0 0 0 0 0 1251 60
+7 410 0 410
-1 410 0 410
-5 820
+1 3280 1640 410
cfn=(1396)
calls=410 1218 
* 121156 23693 10021 703 913 6 45 228 5 19935 2715
+4 410 410
+10 410 410
-9 410 410
+8 410 410
-9 2502 0 0 21 0 0 9 0 0 1251 13
+1 3664 1832 458
cfn=(1396)
calls=458 1218 
* 17203 2701 3081 360 58 0 0 4 0 2499 306
+9 458 458
-1 458 458
-4 5004 2502 0 29 0 0 9 0 0 1251 43
+4 1251
+18 3753 2502 0 29 0 0 9
-18 3630 0 0 21 0 0 9 0 0 1627 173
+1 1128
+1 376 376 0 0 18 0 0 9
+1 376 376
+1 752 0 0 0 0 0 0 0 0 376 19
+3 752
+1 752 376 0 0 0 0 0 0 0 376
-8 376 0 376
+15 752 376 376
cfi=(137)
cfn=(1438) runtime.(*stackScanState).addObject
calls=376 275 
* 30904 8024 6300 181 34 34 54 0 2 4252 105
-12 376 376 0 29 0 0 9
-2 376 376
-1 752 752
+15 376

fl=(42)
fn=(302)
932 10 2 2 1 0 0 1 0 0 2
+4 2 0 2
+6 2 0 2
-9 2
+3 4
-3 2
+9 14
-6 60 0 14 0 0 0 0 0 0 16 2
fi=(43)
19 14 0 14 1 0 0 1
cfi=(3)
cfn=(304)
calls=14 228 
* 532 168 112 3 2 0 3 1 0 28 6
* 28 14
fe=(42)
939 28 14
+3 56
fi=(43)
19 14 14
fe=(42)
942 28 14
-3 14 0 0 0 0 0 0 0 0 14
+3 56 14 14 1 0 0 1
cfi=(2)
cfn=(308) runtime.memhash
calls=14 1106 
* 280 56 0 4 0 0 4 0 0 42 3
+1 70 42
+6 6 4
-5 112 0 112 0 0 1 0 0 1
-1 112
+2 112
+1 112
-3 588 0 0 1 0 0 1 0 0 238 14
+1 112 0 0 0 0 0 0 0 0 112 4

fl=(2)
fn=(2)
16 1 1 0 1 1 0 1 1
+1 1
+1 1
cfn=(4) runtime.rt0_go.abi0
calls=1 161 
* 363332 59912 43171 1093 897 1260 1012 605 1218 47336 2481 149 23

fn=(4)
161 1 0 0 1 0 0 1
+1 1
+1 1
+1 1
+1 1 0 1
+1 1 0 1
+4 1
+1 1
+1 1 0 1 0 0 1 0 0 1
+1 1 0 1
+1 1 0 1
+1 1 0 1
+3 1
+1 1
+1 1
+1 1 0 0 1 0 0 1 0 0 1
+2 1
+1 1 0 0 0 0 0 0 0 0 1
+1 1
+1 1 0 0 0 0 0 0 0 0 1
+1 1
+1 1 0 0 0 0 0 0 0 0 1
+1 1 0 1 0 0 1 0 0 1
+4 1
+1 1
+1 1 0 1 0 0 1 0 0 1
+4 1 1 0 0 1 0 0 1
+1 1
+1 1 0 0 0 0 0 0 0 0 1 1
+53 1 0 0 1 0 0 1
+1 1 0 1 0 0 1 0 0 1
cfi=(3)
cfn=(6) runtime.settls.abi0
calls=1 639 
* 13 2 1 2 0 0 2 0 0 1 1
+4 1 0 1 1 0 1 1 0 1
+1 1 1
+1 1
+1 1 0 0 0 0 0 0 0 0 1 1
+5 1
+1 1 0 1
+1 1
+3 1 0 1 0 0 1 0 0 1
+2 1 0 1 0 0 1 0 0 1
+2 1
+61 1 0 1
cfi=(4)
cfn=(8)
calls=1 1 
* 559 46 47 19 0 3 19 0 3 124 24
+2 1 1
+1 1 0 1 1 0 0 1
+1 1 1
+1 1 0 1
+1 1 0 1
cfi=(4)
cfn=(18)
calls=1 1 
* 1134 253 75 13 16 5 13 16 5 223 30
+1 1 0 1
cfi=(4)
cfn=(30)
calls=1 1 
* 1514 53 1054 19 1 125 19 1 125 1106 38
+1 1 0 1
cfi=(4)
cfn=(50)
calls=1 1 
* 340179 54624 38286 859 811 1062 797 549 1023 43239 2131 82 20
+3 1 0 0 1
+1 1 0 1
+1 1 0 1
cfi=(4)
cfn=(454)
calls=1 1 
* 9444 2527 1381 103 35 44 86 11 41 1210 134 66 2
+1 1 1
+3 1 0 1
cfn=(520) runtime.mstart.abi0
calls=1 +36 
* 10435 2402 2305 72 33 14 71 27 14 1427 121 1 1

fn=(308)
1106 14 14 0 1 0 0 1
+1 14 0 0 0 0 0 0 0 0 14
+1 14
cfn=(310) aeshashbody
calls=14 +22 
* 238 42 0 3 0 0 3 0 0 28 3

fn=(858)
1116 244 244 0 1 0 0 1
+1 244 0 0 0 0 0 0 0 0 244
+1 244 244
+1 244 244
+1 244
cfn=(310)
calls=244 +10 
* 5683 1001 0 7 61 0 4 55 0 729 50

fn=(1490)
1719 99 0 0 5 0 0 1
+1 99 0 99
cfn=(1288)
calls=99 -92 
* 2079 891 693 0 0 41 0 0 18 99 4
+1 99
+1 99 99

fn=(574)
400 16477 16477 0 50 0 0 16
+1 16477 16477 0 0 12 0 0 10
+1 16477 16477
+1 16477
cfn=(576) gogo
calls=16477 +4 
* 8176695 1850693 1307722 701 46475 1529 374 43354 1394 1231994 35368 32904 116

fn=(74)
463 24332 24332 0 271 0 0 8
+2 24332 24332 0 0 4972
+1 24332 24332
+2 24332 24332 0 0 43 0 0 7
+1 24332 0 0 0 0 0 0 0 0 24332 35
+2 24332 24332 0 0 5785 0 0 4
+1 24332
+1 24332 0 0 0 0 0 0 0 0 24332 58
+2 24250 24250 0 5 0 0 2
+1 24250 0 0 0 0 0 0 0 0 24250 165
+5 24250 0 24250 0 0 2867
cfn=(580) gosave_systemstack_switch
calls=24250 772 
* 242500 48500 97000 32 0 5800 13 0 5 24250 99
+3 24250 0 24250
+1 24250
+1 24250 24250 0 0 5429
+1 24250
+3 24250
+1 24250 24250 0 0 95 0 0 32
+1 24250 0 24250 0 0 5441 0 0 3 0 0 24250 2011
cfi=(10)
cfn=(732)
calls=1 373 
* 132 34 24 8 1 1 8 1 1 20 4
cfi=(35)
cfn=(1788)
calls=2 1295 
* 10783890 2124984 913742 1035 158912 159 828 154221 96 1918116 107237 184 8
cfi=(69)
cfn=(1686)
calls=4 646 
* 20341 2404 1232 45 19 1 45 6 0 1840 136
cfi=(13)
cfn=(1580)
calls=2649 1485 
* 4892051 590686 315256 2308 18198 8297 27 214 706 435536 21959
cfi=(35)
cfn=(1614)
calls=17 1077 
* 454891 76309 59023 415 4925 35 64 1804 2 91400 1255 296 45
cfi=(6)
cfn=(1610)
calls=17 1218 
* 15143 2187 2159 102 308 0 48 105 0 2391 107
cfi=(35)
cfn=(1568)
calls=17 1059 
* 143652 33277 18785 1932 1226 88 380 222 26 25610 1387 15 9
cfi=(34)
cfn=(1554)
calls=17 1560 
* 4672 1075 357 357 26 0 148 6 0 599 120
cfi=(35)
cfn=(1548)
calls=17 954 
* 4947 1352 941 268 79 18 114 7 2 883 121
cfi=(35)
cfn=(1542)
calls=17 943 
* 20556 6614 2875 211 243 253 90 17 17 3503 153
cfi=(35)
cfn=(1520)
calls=17 870 
* 30287 7356 4351 89 189 0 42 148 0 4260 234
cfi=(35)
cfn=(1458)
calls=36 807 
* 123441 31531 16685 925 1383 32 226 526 31 20406 1445 537 36
cfi=(134)
cfn=(1318)
calls=78 -19 
* 26147618 4191970 2291472 15229 213841 2046 2192 82622 329 5263710 366919 2916 734
cfi=(35)
cfn=(1298)
calls=18 729 
* 86129 20509 12420 1145 997 516 474 373 145 15598 913
cfi=(35)
cfn=(1248)
calls=18 667 
* 212290 51280 32173 488 6200 20 217 1667 8 34530 1287
cfi=(10)
cfn=(1240)
calls=35 1179 
* 94528 19170 9694 779 1155 88 266 605 48 14879 606
cfi=(35)
cfn=(1232)
calls=18 1548 
* 29448 5004 8820 140 175 3623 71 83 3046 5166 160 378 1
cfi=(10)
cfn=(1214)
calls=17 3876 
* 5377 1408 858 34 2 3 10 0 0 763 45
cfi=(10)
cfn=(1192)
calls=16 3753 
* 3293 1024 736 41 4 0 2 0 0 527 60
cfi=(12)
cfn=(76)
calls=94 1339 
* 12234 2569 2470 75 50 13 20 4 1 2077 67
cfi=(114)
cfn=(980)
calls=3 -43 
* 1140 340 205 40 5 3 22 1 3 186 32 1 1
cfi=(13)
cfn=(152)
calls=21110 912 
* 122877666 15724159 7981338 115994 521002 155327 2066 19462 80074 17625097 683425 178264 28
cfi=(10)
cfn=(458)
calls=20 4097 
* 46990 9967 6663 733 175 213 24 28 168 6622 575 27 10
cfi=(10)
cfn=(582)
calls=1 170 
* 5465 1121 800 87 26 25 30 5 25 741 104 3 2
+4 24245 24245 0 271 0 0 3
+1 24245 24245
+1 24245 24245 0 0 3 0 0 2
+1 24245 0 24245 4 0 0 3
+1 24245 24245 0 0 354 0 0 6
+1 24245 0 24245
+1 24245 24245 0 0 50 0 0 6
cfi=(69)
cfn=(1170)
calls=2 646 
* 4849852125 1320434070 817359039 1987 127644 2785 812 119699 2307 974308370 78254 19187 38
cfi=(135)
cfn=(1656)
calls=3 -28 
* 50758168226 23136950099 2985129297 35061 411234765 84725146 3069 246528165 84643380 6950042669 1064065 278875 301
cfi=(13)
cfn=(151)
calls=1 912 
* 9269 2907 1029 78 4 9 0 3 6 1664 110 3
cfi=(13)
cfn=(150)
calls=1 912 
* 13445 4269 1403 88 6 7 7 2 6 2486 138 3 1
+6 82 0 0 1 0 0 1
+1 82 82
+1 82 0 0 0 0 0 0 0 0 0 0 82 28
cfi=(13)
cfn=(1580)
calls=4 1485 
* 3454 448 251 0 8 2 0 0 1 476 56
cfi=(10)
cfn=(458)
calls=1 4097 
* 9401 2512 1370 99 35 44 83 11 41 1207 133 65 1
cfi=(10)
cfn=(330)
calls=7 4079 
* 7909 1377 920 154 32 33 132 21 31 967 116 8
cfi=(13)
cfn=(152)
calls=26 912 
* 81070 13424 8042 287 148 123 223 25 100 8080 513 97 4
cfi=(24)
cfn=(104)
calls=16 86 
* 1954 605 386 10 3 16 7 0 15 323 25 2 2
cfi=(12)
cfn=(76)
calls=28 1339 
* 4111 936 818 33 11 8 28 7 8 690 25

fn=(75)
463 33765 33765 0 1204 0 0 1
+2 33765 33765 0 0 26
+1 33765 33765 0 0 102
+2 33765 33765 0 0 142 0 0 5
+1 33765 0 0 0 0 0 0 0 0 33765 48
+2 33765 33765 0 0 132 0 0 2
+1 33765
+1 33765 0 0 0 0 0 0 0 0 33765 47
+2 30282 30282 0 0 1
+1 30282 0 0 0 0 0 0 0 0 30282 6
+5 30282 0 30282 0 0 119 0 0 1
cfn=(580)
calls=30282 772 
* 302820 60564 121128 3 0 1354 3 0 0 30282 1
+3 30282 0 30282
+1 30282
+1 30282 30282 0 0 1
+1 30282
+3 30282
+1 30282 30282 0 0 100 0 0 1
+1 30282 0 30282 0 0 9 0 0 5 0 0 30282 256
cfi=(12)
cfn=(76)
calls=19 1339 
* 2451 513 494 1 16 0 1 0 0 418 59
cfi=(51)
cfn=(1358) runtime.wbBufFlush.func1
calls=100 200 
* 2234951 462744 129285 453 96330 100 24 4 0 308273 329
cfi=(13)
cfn=(152)
calls=25604 912 
* 238559470 25956253 9871086 17865 1356766 163528 418 9045 143600 43090494 856904 234894 1
+4 30282 30282 0 75 100
+1 30282 30282 0 0 100
+1 30282 30282 0 0 100
+1 30282 0 30282 1 0 0 1
+1 30282 30282 0 0 1354
+1 30282 0 30282
+1 30282 30282 0 0 101
cfi=(12)
cfn=(73)
calls=28 1339 
* 20677959 4718287 2829746 6801 117431 1508 6751 111247 1138 3350955 9004 505 37
cfi=(13)
cfn=(1579)
calls=4499 1485 
* 124104297892 26739432199 16291033826 2150991 526084291 6575530 1988904 499958133 5590378 18813092981 177361705 42191973 24939
cfi=(13)
cfn=(1578)
calls=1 1485 
* 35010416 7308593 4477578 528 125656 2484 483 119496 2199 5108345 75455 18509 8
cfi=(12)
cfn=(72)
calls=2 1339 
* 28786283 6710361 4210296 1867 134509 1807 1514 127549 1592 4701712 38866 18120 34
cfi=(69)
cfn=(1171)
calls=19 646 
* 38878291990 10582864586 6552035407 20211 1260126 33500 11150 1185126 29495 7807636422 939309 315610 365
cfi=(135)
cfn=(1657)
calls=8 -28 
* 4948362897 1341697536 830478317 6248 512892 9699 3908 486632 8442 989183306 267761 73758 95
cfi=(69)
cfn=(1170)
calls=2 646 
* 50757957325 23136892987 2985105333 32699 411233221 84724866 2050 246527266 84643230 6950007753 1061768 278704 265
+6 3483 0 0 2 0 0 2
+1 3483 3483 0 0 84 0 0 16
+1 3483 0 0 0 0 0 0 0 0 0 0 3483 803
cfi=(13)
cfn=(1580)
calls=1148 1485 
* 2154257 256495 138643 563 586 405 117 143 33 191236 9301
cfi=(134)
cfn=(1412)
calls=378 213 
* 1998066 463546 280415 9749 5381 1095 1411 1659 102 251319 20134 1251 1
cfi=(134)
cfn=(1388)
calls=18 293 
* 1130 340 198 36 16 0 18 0 0 232 7
cfi=(51)
cfn=(1358)
calls=1396 200 
* 178974 41594 22114 667 1802 10 210 31 0 25017 895
cfi=(135)
cfn=(1342)
calls=14 376 
* 31161 4321 2739 1020 285 86 244 29 27 3427 529 43
cfi=(13)
cfn=(152)
calls=6 912 
* 3592 840 558 67 17 25 0 0 12 533 30
cfi=(10)
cfn=(330)
calls=27 4079 
* 16843 4010 2310 179 54 104 61 8 101 2190 216 71
cfi=(12)
cfn=(76)
calls=496 1339 
* 64422 14773 13615 418 929 365 108 19 32 9770 607

fn=(322)
1075 7 7 0 6 2 0 2
+1 7 0 0 0 0 0 0 0 0 7
+4 7
+2 7
+1 7
+1 7 0 7
+1 7 7

fn=(1288)
1628 80616 0 26872 22 0 13 9 0 7
+3 26872 0 26872 0 0 15
+1 26872 0 26872
+3 26872 26872 0 0 108
+1 26872 26872 0 25 111 0 10 3
+1 26872 26872 0 0 131 0 0 11
+2 26872
+1 26872 0 26872
+1 26872 26872
+2 26872 0 26872 0 0 1412
+7 26872 26872 0 0 234 0 0 13
+1 26872 0 26872 0 0 6609 0 0 187
+2 26872 0 0 0 0 0 0 0 0 26872 106
+2 26872 26872
+1 26872 26872
+2 26872 0 26872 0 0 100
+1 80616 53744 0 32 0 0 9
+15 100 0 100
+1 100 0 100
+1 100 0 100
+1 100 0 100
+1 100 0 100
+2 100 0 100
+1 100 0 100
+1 100 0 100
+1 100 0 100
+1 100 0 100
+1 100 0 100
+4 100 0 100
+3 100 0 100 1 0 0 1
cfi=(4)
cfn=(1808)
calls=100 1 
* 2241151 465344 130685 611 97030 100 28 5 0 308873 334 100 100
+2 100 100 0 0 100
+1 100 100
+1 100 100
+1 100 100
+1 100 100
+1 100 100
+1 100 100
+1 100 100
+1 100 100 0 0 100
+1 100 100
+1 100 100
+1 100 100
+1 100 0 0 78 0 0 1

fn=(528)
387 7 7

fn=(576)
fi=(69)
357 2 1
cfn=(1485)
calls=1 * 
* 32 9 8 0 0 0 0 0 0 3 3
+72 9 6 0 1 1 0 1 1
cfn=(1704)
calls=3 * 
* 207 66 45 10 4 1 7 3 1 30 3
fi=(28)
288 3 0 0 3 0 0 2
fi=(17)
48 3
fi=(54)
-26 6 0 3
cfi=(17)
cfn=(80)
calls=3 +29 
* 54 18 9 0 0 0 0 0 0 12
fi=(28)
424 3
fi=(30)
162 3 3
fi=(28)
+52 3
+75 3 0 0 0 0 0 0 0 0 3 3
+7 3 0 3
+1 3
fi=(10)
+72 18 0 3
cfn=(669)
calls=3 -23 
* 300 93 90 18 12 6 12 2 4 21 13 3 3
fi=(28)
-87 11855 0 11855
+1 11855
fi=(10)
+35 23710 0 11855
cfi=(2)
cfn=(670)
calls=2781 425 
* 47277 13905 16686 0 3 4 0 0 0 2781 0 2781
cfi=(2)
cfn=(671)
calls=9074 425 
* 154258 45370 54444 1 5 6 1 2 2 9074 0 9074
* 16366 0 0 3 0 0 2
fi=(28)
-37 16366 0 16366 3 0 4 2 0 3
cfn=(1183)
calls=15992 +51 
* 7400726 1646036 1082898 66 43967 1263 53 42253 1224 1166609 34292 4502 2
cfn=(1182)
calls=374 +51 
* 258520 59042 28746 54 2186 57 49 988 23 39676 813 1 1
* 23734 0 0 0 0 0 0 0 0 11863 10
+4 24 0 8
cfi=(135)
cfn=(1657)
calls=6 467 
* 394 116 96 16 8 0 13 3 0 70 13 4 4
cfi=(135)
cfn=(1656)
calls=2 467 
* 129 38 29 9 3 0 9 2 0 24 3 1 1
* 9 0 0 0 0 0 0 0 0 3
fi=(135)
467 2 1 0 1 1
cfn=(1657)
calls=1 * 
* 198 56 46 11 6 3 0 0 2 26 6 1
fi=(10)
364 144 72 0 24 32 0 7 10
cfn=(712)
calls=1 -60 
* 28 9 6 3 1 0 3 1 0 3 2
cfi=(43)
cfn=(1707)
calls=3 19 
* 75 24 18 2 2 0 0 0 0 6 1
cfi=(43)
cfn=(1706)
calls=3 19 
* 75 24 18 3 3 0 1 0 0 6 2
cfi=(28)
cfn=(721)
calls=7 -83 
* 1950 461 343 71 72 32 20 31 23 299 29 7 7
cfi=(28)
cfn=(720)
calls=5 -83 
* 3375 972 230 48 29 16 29 17 8 477 34 5 5
cfi=(69)
cfn=(758)
calls=17 +26 
* 3651 1113 766 186 109 42 91 38 26 485 78 34 2
-18 6 5 0 1 1 0 1
cfn=(668)
calls=1 * 
* 103 32 30 6 2 3 5 0 3 8 3 1
fe=(2)
+61 16477 0 16477 42 0 0 14
+1 16477
+1 16477 16477
+1 16477 16477
+1 16477 16477
+1 16477 16477
+1 16477 0 16477 40 0 0 14
+1 16477 0 16477
+1 16477 0 16477
+1 16477 0 16477
+1 16477 16477
+1 16477 0 0 0 0 0 0 0 0 0 0 16477 86
cfi=(35)
cfn=(1200)
calls=8 1201 
* 2660 646 548 31 17 64 3 1 57 386 37 8 2
cfi=(114)
cfn=(1196)
calls=1 162 
* 149 36 35 10 3 8 5 0 0 23 7 1
cfi=(35)
cfn=(750)
calls=1 179 
* 348 73 74 8 4 10 4 2 10 54 4 1 1
cfi=(35)
cfn=(718)
calls=1 178 
* 238 59 56 24 4 7 23 0 6 39 8 2 2
cfi=(10)
cfn=(712)
calls=1 293 
* 94 22 23 6 0 3 3 0 2 13 4 1

fn=(318)
1482 14 14 0 6 0 0 2
+1 14 0 0 0 0 0 0 0 0 14 5
+1 14
+1 14 14
+1 14 14 0 0 2 0 0 1
+1 14 14 0 5 0 0 1
+1 14 14
+1 14
+1 14 14

fn=(1488)
1727 32 0 0 17 0 0 10
+1 32 0 32
cfn=(1288)
calls=32 1628 
* 672 288 224 0 23 19 0 5 11 32 1
+1 32
+1 32 32

fn=(1452)
1743 84 0 0 27 0 0 4
+1 84 0 84 0 0 1 0 0 1
cfn=(1288)
calls=84 1628 
* 1764 756 588 2 10 21 0 4 5 84
+1 84
+1 84 84

fn=(1662)
753 16 16 0 4
+2 480
+1 480
+1 480 0 0 0 0 0 0 0 0 480 41
+1 16 16

fn=(520)
390 7 0 7 6 0 0 2
cfi=(4)
cfn=(522)
calls=7 1 
* 4850108745 1320501960 817399604 5350 130195 4253 1837 120945 3344 974359673 81592 19455 69

fn=(784) runtime.morestack.abi0
fi=(10)
364 28 14 0 6 7 0 2 3
cfn=(712)
calls=1 -60 
* 3831247 746112 345179 1353 58279 2378 1234 54186 2276 681946 40481 212 34
cfi=(69)
cfn=(758)
calls=1 +26 
* 23646 3336 1798 174 66 15 168 39 14 2279 211 16 2
cfi=(28)
cfn=(720)
calls=4 -83 
* 5124 1174 762 120 55 24 51 28 16 765 101 10 8
cfi=(28)
cfn=(720)
calls=1 -83 
* 8073 1252 618 36 114 8 17 0 1 1173 60 3 3
fe=(2)
532 37 37 0 21 9 0 13 7
+1 37 37 0 0 9 0 0 7
+1 37 37 0 0 8 0 0 7
+1 37 37
+1 37 0 0 0 0 0 0 0 0 37 21
+5 37 37 0 0 10 0 0 7
+1 37 37
+1 37 0 0 0 0 0 0 0 0 37 18
+7 37 37 0 22 0 0 13
+1 37 0 37
+1 37
+1 37 0 37
+2 37 37
+1 37 0 37
+3 37 37
+1 37 0 37
+1 37
+1 37 0 37
+1 37 0 37 0 0 10 0 0 7
+1 37 0 37
+3 37 37
+1 37 0 37
+1 37 37 0 0 9 0 0 7
+1 37 0 37 0 0 9 0 0 7
cfi=(4)
cfn=(786)
calls=32 1 
* 40433 10576 5666 811 454 221 501 348 152 5963 746 46 32

fn=(785) runtime.morestack.abi0'2
532 6 6 0 1 0 0 1
+1 6 6
+1 6 6
+1 6 6
+1 6 0 0 0 0 0 0 0 0 6 3
+5 6 6 0 0 1 0 0 1
+1 6 6
+1 6 0 0 0 0 0 0 0 0 6 1
+7 6 6 0 1 0 0 1
+1 6 0 6
+1 6
+1 6 0 6
+2 6 6
+1 6 0 6
+3 6 6
+1 6 0 6
+1 6
+1 6 0 6
+1 6 0 6 0 0 1 0 0 1
+1 6 0 6
+3 6 6
+1 6 0 6
+1 6 6
+1 6 0 6
cfi=(4)
cfn=(786)
calls=6 1 
* 784 268 180 16 5 11 16 5 11 117 12 6 6

fn=(696) runtime.stackcheck.abi0
1064 6 6 0 4
+1 6 6 0 0 3
+1 6 0 0 0 0 0 0 0 0 6 2
+2 6 6
+1 6 0 0 0 0 0 0 0 0 6 2
+2 6 6

fn=(310)
1130 258 0 0 2 0 0 1
+1 258
+1 258
+1 258
+1 258 258 0 0 1
+1 258
+2 258
+1 258 0 0 0 0 0 0 0 0 258 40
+1 43 0 0 0 0 0 0 0 0 43 9
+1 25
+1 25 0 0 0 0 0 0 0 0 25 3
+1 1
+1 1 0 0 0 0 0 0 0 0 1 1
+6 215 0 0 1
+1 215 0 0 0 0 0 0 0 0 215
+2 215
+1 215
+1 215 0 0 0 0 0 0 0 0 215
+4 215 215 0 0 36 0 0 31
+1 215
+1 215
+1 215 215 0 0 4 0 0 4
+2 215
+1 215
+1 215 0 0 1
+1 215
+1 215
+1 215 215
-5 18 0 0 1 0 0 1
+1 18
+1 18
+1 18
+1 18
+1 18 18
+19 18 18 0 1 2 0 1 2
+1 18
+4 24 24
+1 24 0 0 1 0 0 1
+3 24 24 0 0 14 0 0 14
+1 24 24 0 0 3 0 0 3
+3 24
+1 24
+3 24
+1 24
+1 24
+1 24
+1 24
+1 24
+3 24
+1 24
+1 24 24
+4 1 0 0 1 0 0 1
+1 1
+1 1 1
+1 1 1
+1 1 1
+1 1
+1 1
+1 1
+2 1 1 0 0 1 0 0 1
+1 1 1
+1 1 1
+1 1 1 0 1 0 0 1
+2 1
+1 1
+1 1
+1 1
+2 1
+1 1
+1 1
+1 1
+2 1
+1 1
+1 1
+1 1
+2 1
+1 1 0 0 1 0 0 1
+1 1
+1 1
+2 1
+1 1
+1 1
+1 1
+1 1 1

fn=(670)
fi=(135)
474 15 3 3 3 0 2 2 0 0 3
+1 9 6 3 3 0 0 2
-1 9 3 3
+2 6 0 3
+1 3 0 3
+4 6 0 3
cfi=(13)
cfn=(682)
calls=3 1631 
* 72 24 15 9 3 0 3 1 0 12
+1 15 3 3
cfi=(13)
cfn=(1676)
calls=3 1515 
* 2517 339 188 87 27 14 44 8 3 300 60
-6 15 6
-2 6 3
+2 12 0 0 3 0 0 2 0 0 6
-2 6
+2 18 6 0 0 0 0 0 0 0 12 3
+1 6 6
+1 12 0 0 0 0 0 0 0 0 6 2
+6 9 6 0 2 0 0 1
cfi=(2)
cfn=(74)
calls=3 +12 
* 50758168247 23136950114 2985129303 35062 411234765 84725146 3070 246528165 84643380 6950042669 1064065 278875 301
fi=(10)
364 4 2 0 0 1 0 0 1
cfi=(5)
cfn=(1782) runtime.gcBgMarkWorker
calls=1 478 
* 3805049 740028 340816 1123 57681 1933 1004 53640 1862 677592 40257 180 29
fe=(2)
+61 7322 0 0 1
+3 7322 7322
+1 7322 0 7322
+1 7322
+1 7322 0 7322
+1 7322 0 7322 0 0 1
+3 7322 7322
+1 7322 7322 0 0 11 0 0 1
+1 7322 0 0 34 0 0 7
+1 7322 0 0 0 0 0 0 0 0 7322 17
+3 7322
+1 7322
+2 7322 0 7322 0 0 1
+1 7322 7322 0 0 1
+1 7322 0 7322 0 0 11 0 0 3
+1 7322 7322 0 0 28 0 0 10
+1 7322 0 7322 0 0 8 0 0 3 0 0 7322 9
cfi=(10)
cfn=(1640)
calls=4 3382 
* 1820 488 324 31 6 1 11 3 1 332 53 4 4
cfi=(10)
cfn=(672)
calls=13 3341 
* 253897 72749 28487 997 1102 191 235 574 85 44023 1994 168 32

fn=(671)
425 9110
+3 9110 9110
+1 9110 0 9110
+1 9110
+1 9110 0 9110
+1 9110 0 9110 0 0 1
+3 9110 9110
+1 9110 9110 0 0 13 0 0 6
+1 9110 0 0 23 0 0 8
+1 9110 0 0 0 0 0 0 0 0 9110 14
+3 9110
+1 9110
+2 9110 0 9110 0 0 1
+1 9110 9110 0 0 1
+1 9110 0 9110 0 0 19 0 0 12
+1 9110 9110 0 0 23 0 0 13
+1 9110 0 9110 0 0 15 0 0 10 0 0 9110 8

fn=(1404)
1751 82 0 0 39 0 0 7
+1 82 0 82
cfn=(1288)
calls=82 1628 
* 1722 738 574 12 0 43 0 0 4 82
+1 82
+1 82 82

fn=(16) runtime.checkASM.abi0
1532 1 0 0 1 0 0 1
+1 1
+1 1
+1 1
+1 1 0 1
+1 1 1

fn=(254)
764 98177 98177 0 34 0 0 11

fn=(580)
772 54532 0 0 21 0 0 9
+1 54532 0 54532 0 0 4 0 0 1
+1 54532
+1 54532 0 54532
+1 54532 0 54532
+1 54532 0 54532 0 0 7150 0 0 4
+2 54532 54532 0 14 0 0 7
+1 54532
+1 54532 0 0 0 0 0 0 0 0 54532 100
+2 54532 54532

fn=(782)
576 37 0 0 24 0 0 13
+1 37
cfn=(784)
calls=37 -45 
* 3909439 762871 354356 2543 59020 2665 1999 54639 2473 692200 41638 287 79

fn=(783)
576 6 0 0 1 0 0 1
+1 6
cfn=(785)
calls=6 -45 
* 928 334 234 18 6 12 18 6 12 129 16 6 6

fn=(1286)
1711 175 0 0 66 0 0 12
+1 175 0 175
cfn=(1288)
calls=175 -84 
* 3675 1575 1225 55 25 36 27 14 20 175
+1 175
+1 175 175

fl=(105)
fn=(932)
108 5 1 1 1 0 0 1 0 0 1
fi=(106) /usr/lib/go-1.19/src/os/error.go
-88 7 3 2 1 0 1 1 0 1 1
+2 7 3 2 1 0 1 1 0 1 1
+1 7 3 2 1 0 0 1 0 0 1
+1 7 3 2 0 0 0 0 0 0 1
+1 7 3 2 1 0 0 1 0 0 1
+2 7 3 2 1 0 0 1 0 0 1
+1 7 3 2 1 1 0 1 1 0 1
fi=(75)
+31 2 0 1
cfi=(12)
cfn=(278)
calls=1 1201 
* 297 71 36 0 0 1 0 0 1 45
* 3 0 2
fi=(107) /usr/lib/go-1.19/src/os/exec.go
-41 6 1 2 1 0 0 1 0 0 1
fi=(108)
+48 5 1 1 1 0 0 1
cfi=(109)
cfn=(942)
calls=1 +35 
* 9160 1806 1476 196 52 46 88 12 30 1328 145 7 4
* 4 1 1 0 0 1 0 0 0 1
+1 4 1 1 0 1 0 0 1
cfi=(109)
cfn=(942)
calls=1 +34 
* 1646 417 286 15 1 2 0 0 1 247 46 1
* 4 1 1 1 0 0 1 0 0 1
+1 4 1 1
cfi=(109)
cfn=(942)
calls=1 +33 
* 1688 421 290 1 1 3 1 0 3 261 30 1
* 4 1 1 1 0 0 1 0 0 1
fi=(75)
-9 2 0 1
cfi=(12)
cfn=(278)
calls=1 1201 
* 297 71 36 0 1 0 0 0 0 45 2
* 3 0 2
fi=(108)
193 6 1 2 1 0 0 1 0 0 1
fi=(75)
59 2 0 1
cfi=(12)
cfn=(278)
calls=1 1201 
* 297 71 36 0 0 0 0 0 0 45 2
* 3 0 2
fi=(116) /usr/lib/go-1.19/src/os/tempfile.go
-4 9 3 2 1 0 0 1 0 0 1
fe=(105)

fl=(125)
fn=(1054)
271 560 112 112 7 0 0 6 0 0 112 7
+1 224 112
+1 224 0 0 7 0 0 6 0 0 112 21
+1 784 224

fn=(1050)
258 35 7 7 7 0 0 6 0 0 7 3
+1 7 7
+1 21 0 0 7 0 0 6 0 0 7 7
+8 42 14

fl=(3)
fn=(210)
541 42 42 0 1 0 0 1
+1 42 42
+1 42 42
+1 42
+1 42
+1 42 0 42
+1 42 42

fn=(1738)
699 66 66 0 36 0 0 14
+1 66 66
+1 66 66
+1 66 66
+1 66
+1 66
+1 66
+1 66 0 66 1 0 3 1 0 1
+1 66 66

fn=(40)
76 1 0 0 1 0 0 1
+1 1 1
+1 1 1
+1 1 1
+1 1
+1 1
+1 1
+1 1 0 0 1 0 0 1 0 0 1 1
+2 1 0 1
+1 1 1

fn=(90) runtime.sysMmap.abi0
478 1839 1839 0 1570 0 0 10
+1 1839 1839
+1 1839 1839
+1 1839 1839
+1 1839 1839
+1 1839 1839
+2 1839
+1 1839
+1 1839
+1 1839 0 0 0 0 0 0 0 0 1839 19
+7 1839 0 1839 1509 0 1 10 0 1
+1 1839 0 1839
+1 1839 1839

fn=(6)
639 3 0 1 1 0 0 1
+5 1
+2 1
+1 1
+1 1
+1 1
+1 1
+1 1 0 0 0 0 0 0 0 0 1 1
+2 3 2 0 1 0 0 1

fn=(1724)
687 1 1
+1 1 1
+1 1 1
+1 1 1
+1 1
+1 1
+1 1 0 1
+1 1 1

fn=(1776) runtime.sysMunmap.abi0
518 4 4 0 3 0 0 3
+1 4 4
+1 4
+1 4
+1 4
+1 4 0 0 0 0 0 0 0 0 4 4
+2 4 4

fn=(546)
143 7 0 0 5 0 0 2
+1 7
+1 7 0 7
+1 7 7

fn=(1212)
125 351 0 117 44 0 0 14
+1 117
+1 117 117
+1 117
+1 117
+1 117 0 117 23 0 12 4 0 9
+1 117
+1 117
+1 117 0 117
+3 117
+1 117
+1 117
+1 117
+1 348 232 0 43 73 0 13 35

fn=(1718)
679 1 1 0 1 0 0 1
+1 1
+1 1
+1 1 0 1
+1 1 1

fn=(1760)
99 1 1 0 1 0 0 1
+1 1 1
+1 1 1
+1 1
+1 1
+1 1 0 1
+1 1 1

fn=(536)
629 14 14 0 6 0 0 2
+1 14 14
+1 14
+1 14
+1 14
+1 14 0 0 0 0 0 0 0 0 14 8
+2 14 14

fn=(1720)
118 1 0 0 1
+1 1 1
+1 1
+1 1
+1 1 0 1
+1 1 1

fn=(44)
89 1 1
+1 1
+1 1
+1 1
+1 1 0 0 0 0 0 0 0 0 1 1
+2 1 0 1
+1 1 1

fn=(694)
552 475 475 0 38 0 0 11
+1 475 475
+1 475 475
+1 475 475
+1 475 475
+1 475 475
+1 475 0 0 39 0 0 12
+1 475
+1 470 0 470 2 0 109 1 0 45
+1 470 470 0 0 82 0 0 35

fn=(1664)
656 4 0 0 4 0 0 2
+1 4
+1 4 4

fn=(556)
306 114 114 0 1 0 0 1
+1 114 114
+1 114 114
+1 114 114
+1 114
+1 114
+1 114 0 114
+1 114 114

fn=(42)
108 2 2 0 1 0 0 1
+1 2 2
+1 2 2
+1 2
+1 2
+1 2 0 2
+1 2 2

fn=(304)
228 16248 0 5416 38 0 5 8 0 1
+8 5416
+2 5416 5416 0 0 96 0 0 31
+5 5416 5416 0 0 282 0 0 96
+1 5416 5416
+1 5416 0 5416 0 0 47 0 0 22
+1 5416 0 5416
+2 5416
+1 5416 5416
+1 5416 0 5416
+1 5416 0 5416 11 0 0 6
+2 5416 5416 0 0 128 0 0 52
+1 5416 0 0 0 0 0 0 0 0 5416 126
+2 153 153 0 0 25 0 0 8
+1 153 153 0 0 13 0 0 5
+3 153
+1 153
+2 153
+1 153
+1 153 153 0 0 34 0 0 7
+1 153
+1 153 0 0 0 0 0 0 0 0 153 28
-7 5263
+1 5263
+2 5263
+1 5263
+1 5263 5263 0 0 132 0 0 42
+1 5263
+1 5263 0 0 0 0 0 0 0 0 5263 77
+3 5367 5367 0 0 18 0 0 6
+1 5367 5367
+1 5367
+6 5367 5367
+1 5367 0 5367
+1 5367 5367
+1 5367 0 5367
+3 5367
+1 5367
+1 5367 0 5367 0 0 16
+1 16101 10734
+2 5367 0 0 10 0 0 5
+1 5367
+1 5367

fn=(36)
661 1 1 0 1 0 0 1
+1 1 1
+1 1 1
+1 1
+1 1
+1 1 0 1
+1 1 1

fn=(600)
fi=(35)
1201 48 8 8 0 0 0 0 0 0 8 1
+1 16 8 8 0 0 8 0 0 8
+5 48 8 16 0 0 0 0 0 0 8
+1 16 0 8 1 0 8 0 0 8
cfi=(12)
cfn=(278)
calls=8 -7 
* 1546 371 214 11 12 25 0 0 24 271 44
+1 56 24 16 0 0 0 0 0 0 8
-1 8 0 8 7
+3 8
fi=(42)
266 8 0 8 0 0 5 0 0 3
fi=(5)
478 8 8
fi=(35)
1213 8
fi=(5)
478 8 0 8
fi=(35)
1213 8
fi=(5)
479 8 8
fi=(42)
305 8 0 8
fi=(35)
1214 16 0 8
cfi=(17)
cfn=(740)
calls=8 139 
* 336 120 96 0 0 0 0 0 0 32
+21 48 8 8 3
cfi=(10)
cfn=(668)
calls=8 346 
* 50758418484 23137021710 2985157028 36045 411235875 84725333 3279 246528734 84643451 6950086107 1066003 279039 329
fe=(3)
565 3 3 0 2 0 0 1
+1 3 3
+1 3
+1 3
+1 3
+3 3 3 0 2 0 0 1
+1 3 3
+1 3 3
+1 3
+1 3 0 0 0 0 0 0 0 0 3
+1 3
+1 3 0 0 0 0 0 0 0 0 3
+1 3
+5 3
+2 3
+2 3
+1 3
+3 9 0 0 3
+1 9 0 0 0 0 0 0 0 0 9 2
+1 3 0 3
+1 3 3
+3 6
+3 6 0 0 4 0 0 2
+1 6 0 0 0 0 0 0 0 0 6
+1 6
+1 6 0 0 0 0 0 0 0 0 6
+3 6
+1 6
+1 6 0 6 0 0 3
+4 6 0 6 0 0 4
+1 6 0 6 0 0 3
+1 6
+1 6 0 6 0 0 6 0 0 6
cfi=(2)
cfn=(696)
calls=6 1064 
* 36 24 0 4 3 0 0 0 0 12 4
+4 6 0 6 0 0 0 0 0 0 0 0 6 1
cfi=(2)
cfn=(520)
calls=6 390 
* 4850098317 1320499558 817397306 5284 130162 4239 1768 120918 3330 974358246 81471 19454 68
fi=(96)
890 4 3 0 1 1
cfn=(1102)
calls=1 * 
* 104 31 24 7 1 3 5 1 2 9 1
fi=(122)
29 4 2 0 1 0 0 1 0 0 1 1
+32 3 2 0 1 0 0 1
-13 1 0 1 1 0 1 0 0 1
+3 128008 76803 25602 1 1 1 1 0 1 25601 1
+1 204800 51200 25600 0 1 3200 0 0 3194 25600
-1 102400 25600 25600 1 0 0 1
+4 1 0 1 0 0 1
cfi=(96)
cfn=(1096)
calls=1 1089 
* 69 21 9 7 10 0 7 0 0 4 1
* 3 0 3
+1 15 10 2 2 2 1 2 1
cfn=(1106)
calls=1 -40 
* 28836198421 13762688004 1310771211 6 983043200 0 6 658193409 0 3932211201 25610
+1 5 3 1 0 1 0 0 1
cfi=(96)
cfn=(1102)
calls=1 890 
* 2768 664 343 25 77 21 25 77 21 389 34 2 1
* 1 0 1
+2 2 1 1
cfi=(96)
cfn=(1108)
calls=1 757 
* 17 2 0 2 1 0 2 1
* 3 1 2 1 0 1 1 0 1
cfi=(96)
cfn=(1108)
calls=1 757 
* 17 2
* 8 1 6 1 1 2 1 1 2
cfi=(46)
cfn=(1110)
calls=1 378 
* 808 220 107 81 29 5 81 29 5 108 21
* 12 2 3 1 0 0 1 0 0 1
cfi=(2)
cfn=(1288)
calls=1 1628 
* 21 9 7 0 0 0 0 0 0 1
* 8 2 3
cfi=(46)
cfn=(1110)
calls=1 378 
* 148 38 23 0 0 0 0 0 0 28 3
* 12 2 3 1 0 1 1 0 1 1 1
cfi=(2)
cfn=(1288)
calls=1 1628 
* 21 9 7 0 0 0 0 0 0 1
* 9 2 3 1 0 0 1
cfi=(46)
cfn=(1110)
calls=1 378 
* 289 75 40 1 0 1 1 0 1 43 7
* 11 2 3 1 0 0 1 0 0 1
cfi=(2)
cfn=(1288)
calls=1 1628 
* 21 9 7 0 0 0 0 0 0 1
* 13 2 4 1 0 1 1 0 1
cfi=(120)
cfn=(1112)
calls=1 212 
* 11453 1969 1818 326 43 76 325 43 76 1942 193 3
* 1
-30 5 1 1 1 0 0 1
fe=(3)

fn=(601)
565 3 3 0 3
+1 3 3
+1 3
+1 3
+1 3
+3 3 3 0 2 0 0 1
+1 3 3
+1 3 3
+1 3
+1 3 0 0 0 0 0 0 0 0 3
+1 3
+1 3 0 0 0 0 0 0 0 0 3 2
+1 3
+5 3
+2 3
+2 3
+1 3
+3 3
+1 3 0 0 0 0 0 0 0 0 3
+1 3 0 3
+1 3 3

fn=(366)
294 20 20 0 3 0 0 2
+1 20 20
+1 20 20
+1 20 20
+1 20
+1 20
+1 20
+1 20 0 0 0 0 0 0 0 0 20 7
+2 20 20

fl=(91)
fn=(890)
13 6 1 1 1 0 0 1 0 0 1
fi=(75)
+46 2 0 1
cfi=(12)
cfn=(278)
calls=1 1201 
* 297 71 36 0 0 1 0 0 1 45
* 3 0 2
fe=(91)
-46 6 1 2 1 0 1 1 0 1 1
fi=(75)
+46 2 0 1
cfi=(12)
cfn=(278)
calls=1 1201 
* 297 71 36 0 0 0 0 0 0 45
* 3 0 2 1 0 0 1
fe=(91)
-45 6 1 2 0 0 0 0 0 0 1
fi=(75)
+45 2 0 1
cfi=(12)
cfn=(278)
calls=1 1201 
* 297 71 36 0 0 0 0 0 0 45
* 3 0 2 1 0 0 1
fe=(91)
-44 6 1 2 0 0 1 0 0 1 1
fi=(75)
+44 2 0 1 1 0 0 1
cfi=(12)
cfn=(278)
calls=1 1201 
* 297 71 36 0 0 0 0 0 0 45
* 3 0 2
fe=(91)
-43 6 1 2 0 0 0 0 0 0 1
fi=(75)
+43 2 0 1 1 0 0 1
cfi=(12)
cfn=(278)
calls=1 1201 
* 297 71 36 0 0 1 0 0 1 45
* 3 0 2
fe=(91)
-42 9 3 2 1 0 0 1 0 0 1

fl=(126)
fn=(1132)
490 108 18 18 9 0 0 6 0 0 18
+2 36 18 0 0 0 0 0 0 0 18 12
+1 18 18
-3 36 0 36
+6 36 0 18 9 0 0 6
fi=(131)
54 144 0 18
cfn=(1134)
calls=18 +3 
* 39301 2936 4166 547 27 199 379 17 117 6642 476
fe=(126)
497 126 18 0 0 0 0 0 0 0 54 6
+3 18 0 18 9 0 0 6
+4 54 36 0 0 0 0 0 0 0 18 4
+5 144 18 0 9 0 0 6 0 0 54 2
+13 36 18 0 0 0 0 0 0 0 18 2
+57 126 36 0 9 0 0 6 0 0 54 14
+13 198 0 18 18 0 0 12
cfn=(1124) fmt.(*fmt).pad
calls=18 90 
* 7956 2053 1061 24 40 12 21 29 9 1260 152
+1 54 36

fn=(1068) fmt.(*fmt).padString
108 14 2 6 2 0 0 2 0 0 2
+1 4 2 0 0 0 0 0 0 0 2 2
+1 4 2 2 1 0 0 1
fi=(120)
-28 26 6 6 0 0 0 0 0 0 2
cfi=(39)
cfn=(286)
calls=2 +96 
* 3064 733 508 7 6 16 2 3 14 442 28 2
* 18 6 6 1 0 0 1
cfi=(31)
cfn=(170)
calls=2 -43 
* 45 8 6 1 2 0 0 1 0 14 1
* 20 10 6 1 0 0 1 0 0 2 1
fe=(126)
+29 6 4

fn=(1124)
90 189 27 81 15 0 0 12 0 0 27
+1 54 27 0 0 0 0 0 0 0 27 7
+1 54 27 27 9 0 0 6
fi=(120)
-14 286 81 55 0 4 3 0 1 0 27 14
cfi=(39)
cfn=(286)
calls=14 178 
* 7761 1895 943 29 45 11 19 33 8 1249 141
* 126 42 42 5 0 0 4
cfi=(31)
cfn=(170)
calls=14 -39 
* 226 33 19 4 0 0 4 0 0 77 20
* 52 0 39 2 0 3 2
cfi=(31)
cfn=(170)
calls=13 -39 
* 215 33 20 7 0 4 2 0 1 71 11
* 264 135 81 7 0 0 6 0 0 27 4
cfi=(2)
cfn=(1288)
calls=6 1628 
* 126 54 42 0 0 1 0 0 1 6
fe=(126)
+15 81 54

fn=(1066)
357 12 2 4 1 0 0 1 0 0 2
+1 2 2 0 1 0 0 1
-33 2 0 0 0 0 0 0 0 0 2 2
+34 2 0 2
cfn=(1068)
calls=2 108 
* 3201 773 540 13 8 16 7 4 14 464 32 2
+1 6 4

fn=(1122)
194 72 9 18 9 0 0 6 0 0 9
+1 45 0 0 0 0 0 0 0 0 9
+1 9 0 0 0 0 0 0 0 0 9 2
-1 9 0 9
-1 9 0 9
+6 18 9 0 8 0 0 6
+3 27 9 0 0 0 0 0 0 0 18 2
+5 9 0 0 7 0 0 6
+8 18 9 0 0 0 0 0 0 0 9 8
+10 18 9 0 7 0 0 6 0 0 9
+3 9
+10 9
+14 9 0 0 0 0 0 0 0 0 9 2
-13 18 0 0 9 0 0 6 0 0 9
-4 9
+4 9
+29 18 0 0 9 0 0 6 0 0 9
-1 9
+1 36 9 9 0 9 0 0 7 0 9
+1 81 0 0 9 0 0 6 0 0 18
+6 18 9 0 0 0 0 0 0 0 9 2
+35 9 0 0 9 0 0 6
-14 18 0 0 0 0 0 0 0 0 9 2
195 9
311 9
-7 18 0 0 9 0 0 6 0 0 9 8
+3 18 9 0 0 0 0 0 0 0 9 2
+3 18 9 0 0 0 0 0 0 0 9 8
+9 9 0 0 9 0 0 6
-2 9 9
+1 9 0 9
+1 18 0 0 0 0 0 0 0 0 9
-2 9 0 9
+2 72 0 9 0 0 3
cfn=(1124)
calls=9 90 
* 1478 355 288 54 9 10 34 5 1 251 45
+1 27 18 9 9 0 0 6
+1 27 18
-77 50 0 25 9 0 0 6
+53 25
-56 25
+1 25
+34 25 25
-81 25 25
+46 68 0 0 9 0 0 6 0 0 34 9
+1 25
+1 75
-49 25
+50 125 0 0 0 0 0 0 0 0 25 14

fl=(137)
fn=(1438)
275 3008 376 1504 58 0 0 18 0 0 376
+1 376 376
+1 752 0 0 0 0 0 0 0 0 376 70
+2 324 0 324
cfi=(135)
cfn=(1338)
calls=324 +72 
* 15228 3564 1620 22 34 0 0 0 0 2592
+1 324 0 324
+1 648 324 324
+1 324 0 324
+16 324 324
-14 2776 1180 0 47 0 0 18 0 0 480 30
+3 104 0 0 0 0 0 0 0 0 52 2
+10 324 0 0 29 0 0 9
-2 1128 376 0 0 0 0 0 0 0 376 3
+1 752 0 376
-1 376
+2 1128 376 376 0 0 34 0 0 2
+1 752 376 376
+1 376
166 376 0 376
301 376 0 376 25 0 0 9
+1 1128 752

fn=(1446)
242 2592 432 864 29 0 0 9 0 0 432 7
+1 7830 810 1728 20 0 0 9 0 0 1188 24
+1 1620 810
+1 1620 0 0 20 0 0 9 0 0 810 29
+4 144 72 0 0 0 0 0 0 0 72 29
+1 54 18 0 0 0 0 0 0 0 18 18
+5 18 0 18
+1 18 18
+1 18 0 18
+1 36 0 0 0 0 0 0 0 0 18 2
+5 162 54 54 18 0 0 9
+1 432 162 0 18 0 0 9 0 0 54 8
+3 1134 378 0 11 0 0 0 0 0 378 2
+1 36 0 18
cfi=(135)
cfn=(1346)
calls=18 407 
* 972 252 162 0 0 0 0 0 0 108 1
+1 36 18 18
+2 1890 756

fn=(1442)
316 2268 378 378 29 0 0 9 0 0 378
+1 756 0 0 0 0 0 0 0 0 378 71
-1 324 0 324
+5 1944 0 648 29 0 0 9
cfn=(1443) runtime.binarySearchTree'2
calls=324 -5 
* 6610 1380 732 36 0 0 18 0 0 852 77
+1 972 0 0 0 0 0 0 0 0 324
-1 648 0 648
+1 1944 0 648
+1 324
+1 648 0 0 0 0 0 0 0 0 324 2
+4 2916 648 324 10
cfn=(1443)
calls=324 -12 
* 5634 1188 540 0 0 0 0 0 0 756 59
+1 1296 972 324
+1 324 0 324
+1 1296 972
-13 324 108 0 11

fn=(1443)
316 4512 752 752 0 0 0 0 0 0 752
+1 1504 0 0 0 0 0 0 0 0 752 114
-1 52 0 52
+5 312 0 104
cfn=(1443)
calls=52 -5 
* 1704 348 244 50 0 0 23 0 0 200 36
+1 156 0 0 0 0 0 0 0 0 52 1
-1 104 0 104
+1 312 0 104
+1 52
+1 104 0 0 0 0 0 0 0 0 52 21
+4 468 104 52 18 0 0 9
cfn=(1443)
calls=52 -12 
* 728 156 52 0 0 0 0 0 0 104 37
+1 208 156 52
+1 52 0 52
+1 208 156
-13 4200 1400 0 18 0 0 9

fn=(1440)
207 324 54 54 18 0 0 9 0 0 54
+1 216 108 0 18 0 0 9 0 0 108 10
+3 54
-4 54
+5 54 0 0 0 0 0 0 0 0 54 24
+3 54 0 54
+18 54 0 54
-18 54 54
+1 108 0 0 0 0 0 0 0 0 54 18
+6 72 36 0 18 0 0 9 0 0 36 2
-4 18 0 18 18 0 0 9
cfi=(135)
cfn=(1338)
calls=18 351 
* 846 198 90 0 20 0 0 0 0 144 16
+1 18 0 18
+2 36 18 18
+12 252 72 54 0 0 0 0 0 0 54 2
+1 54 0 54
+1 162 108 0 18 0 0 9

fl=(18)
fn=(172)
140 11095 1585 4755 22 0 0 9 0 0 1585
+1 3170 0 1585 20 0 0 9
cfi=(19)
cfn=(84)
calls=1585 644 
* 26945 4755 6340 2 1477 1477 2 0 0 6340 52
+1 4755 3170 1585
cfi=(20)
cfn=(174)
calls=1585 +42 
* 91930 26945 25360 3192 2954 2955 77 2 0 9510 1085
+1 4755 3170

fn=(1698)
60 115 23 23 5 0 0 3 0 0 23 2
+1 46
fi=(30)
287 46 23 23 5 0 0 4 0 0 23
fe=(18)
62 46 0 23
cfi=(20)
cfn=(1700)
calls=23 -23 
* 1982 483 331 53 0 0 36 0 0 305 71
+1 69 46

fn=(250)
75 207230 41446 41446 41 0 0 9 0 0 41446
+1 41446
fi=(30)
287 41446 41446 41446 0 102 0 0 0 0 41446
fe=(18)
77 41446 0 41446
cfi=(20)
cfn=(198)
calls=41446 +49 
* 1409164 331568 124338 492 2001 6 23 7 1 207230 71
+1 124338 82892

fn=(82)
49 592 0 296 17 0 0 10
+1 740 0 148 0 0 101 0 0 1
cfi=(19)
cfn=(84)
calls=148 644 
* 2516 444 592 5 130 1 2 2 1 592 34
+1 148
fi=(30)
287 592 296 148 0 104 0 0 2 0 148 4
fe=(18)
52 444 0 148 16 0 0 9
cfi=(20)
cfn=(86)
calls=148 -31 
* 6956 2220 1776 269 41 262 44 0 18 444 28
* 444 296

fn=(1772)
100 20 0 12 3 0 0 3
+1 16 0 8 3 0 0 3
cfi=(19)
cfn=(84)
calls=4 644 
* 68 12 16 0 4 4 0 0 0 16
+1 4
fi=(30)
287 12 8 4 0 4 0 0 0 0 4 3
fe=(18)
103 4
fi=(20)
+66 12 8 4
cfi=(21)
cfn=(1774) runtime.munmap
calls=4 50 
* 88 32 16 13 12 0 13 0 0 12 6
fe=(18)
-65 12 8

fn=(98)
132 525 105 105 9 0 0 8 0 0 105
+1 105
fi=(20)
+44 420 0 105 0 0 98
cfi=(21)
cfn=(88)
calls=105 31 
* 3360 1365 1050 221 196 196 0 0 0 210 16
+1 105
fe=(18)
-45 210
fi=(20)
+45 315 210
fe=(18)

fl=(92)
fn=(894)
18 5 1 1 1 0 0 1 0 0 1
+11 1 0 1
cfi=(93)
cfn=(896)
calls=1 +26 
* 2890 577 477 32 27 29 6 0 29 403 39 1
* 6 1 3 1 0 1 1 0 1 1
fi=(94)
1205 1 0 1
cfi=(82)
cfn=(872)
calls=1 293 
* 416 82 54 0 1 1 0 0 1 63 5
* 7 3 1 1 0 1 1 0 1 1
fe=(92)

fl=(62)
fn=(608)
12 2 1 0 1 0 0 1 0 0 1
+1 2 0 1
+4 1 1

fl=(117)
fn=(996)
18 5 1 1 1 0 0 1 0 0 1 1
+5 1 0 1
cfi=(93)
cfn=(998)
calls=1 +38 
* 458 99 57 9 2 0 3 0 0 73 8
* 6 1 3 1 0 1 1 0 1 1
+1 3 2

fl=(45)
fn=(352)
509 6 1 1 2 0 0 2 0 0 1
+1 2 1 0 0 0 0 0 0 0 1 1
+1 3 2 0 1 0 0 1

fl=(123)
fn=(1038)
16 42 7 14 7 0 0 6 0 0 7
fi=(17)
+32 7
fe=(123)
-27 7
fi=(54)
+1 7 0 7
cfi=(17)
cfn=(80)
calls=7 +29 
* 126 42 21 2 4 0 1 3 0 28 3
* 14 7 7
fe=(123)
+1 7
fi=(17)
+89 7
fi=(54)
-80 21 0 7 7 0 0 6
cfi=(17)
cfn=(94)
calls=7 +83 
* 154 49 21 0 0 0 0 0 0 42 4
fe=(123)
-8 21 7 0 0 0 0 0 0 0 7
+1 7 7
-1 7
+1 21 14

fl=(119)
fn=(1002) syscall.Getrlimit
1145 5 1 1 1 0 0 1 0 0 1
+1 6 0 2 1 0 0 1
cfi=(94)
cfn=(1004)
calls=1 60 
* 27 5 4 1 0 0 0 0 0 1 1
+1 2 0 0 0 0 0 0 0 0 1 1
+1 2 0 0 1 0 0 1
+2 5 2 0 1 0 0 1

fn=(1084)
917 77 11 22 10 0 0 6 0 0 11
+2 22 0 0 10 0 0 6 0 0 11 6
+5 77 0 22
cfi=(94)
cfn=(946)
calls=11 67 
* 3640 1045 853 338 41 24 194 7 5 473 51 1 1
+2 22 0 0 1 0 0 0 0 0 11 3
+1 22 0 0 10 0 0 6
+2 55 22 0 0 1

fl=(74)
fn=(830)
15 5 1 1 1 0 0 1 0 0 1
fi=(76) /usr/lib/go-1.19/src/strconv/atoi.go
+3 1
fi=(75)
+41 2 0 1 1 0 0 1
cfi=(12)
cfn=(278)
calls=1 1201 
* 1564 381 250 19 7 13 0 2 13 218 22 1
* 3 0 2
fi=(76)
-41 6 1 2 0 0 1 0 0 1 1
fi=(75)
+41 2 0 1 1 0 0 1
cfi=(12)
cfn=(278)
calls=1 1201 
* 297 71 36 2 0 0 0 0 0 45 6
* 3 0 2
fi=(76)
-38 9 3 2 1 0 0 1 0 0 1
fe=(74)

fl=(5)
fn=(378)
358 5 1 1 1 0 0 1 0 0 1
+2 1 0 1
+1 1 0 1
+1 1 0 1
+10 1 0 1
+3 3 0 1 1 0 0 1
cfi=(48)
cfn=(380)
calls=1 11 
* 285 56 10 8 12 0 8 1 0 63 10
* 13 2 5 1 0 0 1 0 0 2 1
+2 1 0 1
cfi=(25)
cfn=(116)
calls=1 16 
* 34 6 1 0 0 0 0 0 0 6 1
* 3 2
+1 2 0 0 0 0 0 0 0 0 1
+5 4 2
-4 1
-4 2 0 2 1 0 0 1
+8 5 0 5 1 0 0 1
cfi=(25)
cfn=(116)
calls=1 16 
* 27 5 1 0 0 0 0 0 0 4 2
* 4 2
+1 2 0 0 0 0 0 0 0 0 1
+3 15 2 0 1 0 0 1 0 0 2
+5 2 0 0 0 0 0 0 0 0 1 1
+2 1 0 0 1 0 0 1
+3 5 2 0 1 1 0 1 1 0 1
-14 1 0 1
+4 2 0 2
+10 3 0 1
+10 5 3 1
+2 3 0 1
cfi=(48)
cfn=(380)
calls=1 11 
* 1317 257 20 0 30 0 0 1 0 315 15
* 1 0 1
cfn=(388) runtime/debug.SetTraceback
calls=1 +5 
* 24 7 3 4 1 0 4 1 0 6 2
+1 2 1 1
+1 3 2
-14 95 57 0 0 7 0 0 7
+1 38 0 0 0 0 0 0 0 0 19 7
-1 4 3 0 1 1 0 1 1
+1 2 0 0 1 0 0 1 0 0 1 1
-1 3 0 3
+1 4 0 1
cfi=(49)
cfn=(382)
calls=1 13 
* 26 5 0 1 1 0 1 1 0 6 4
* 2 0 0 0 0 0 0 0 0 1 1
fi=(9)
+20 3 2 1 1 0 0 1
cfn=(46)
calls=1 -57 
* 46 3 1 4 0 0 0 0 0 10 4
* 4 0 0 0 0 0 0 0 0 1
fe=(5)
-19 1 0 0 0 0 0 0 0 0 1
+1 2 1 1
fi=(9)
+18 1 1
fe=(5)
-20 1 1
fi=(9)
+20 1 1
fe=(5)
-20 2 1
-1 64 3 0 1 0 0 1 0 0 20 8

fn=(388)
414 7 1 2 1 0 0 1 0 0 1
+2 1
+5 1 0 0 0 0 0 0 0 0 1
-2 3 0 0 1 0 0 1 0 0 1 1
+1 1
+15 4 2 0 1 0 0 1 0 0 2 1
+4 1 1
+2 2 1 1 0 1 0 0 1 0 1
+1 4 2 0 1 0 0 1

fn=(1782)
fi=(35)
1235 6 1 1 2 1 0 2 1
cfi=(10)
cfn=(669)
calls=1 346 
* 458 137 95 11 4 9 11 4 9 82 9 1 1
cfi=(10)
cfn=(578)
calls=1 364 
* 17079287967 7729829551 1065520529 255252 136932188 36048201 13207 75653822 35525876 2389058583 1293746 207278 2977
fe=(5)
478 2 2 0 1 0 0 1
fi=(35)
1270 2
fe=(5)
478 2 0 2
fi=(35)
1270 2
fe=(5)
479 2 2
fi=(42)
305 4 2 2 0 2 0 0 2
fi=(35)
1271 6 6
+2 4 2 0 2 0 0 2 0 0 2
+5 6 2 0 0 0 0 0 0 0 2
fi=(42)
285 2 0 2
fi=(35)
1282 2
fi=(43)
19 4 0 2
cfi=(3)
cfn=(304)
calls=2 228 
* 80 28 16 0 0 2 0 0 2 4 1
* 6 4
fi=(35)
1283 4 2 2 2 0 0 2
+2 4 2 0 0 0 0 0 0 0 2 2
+1 2
+3 8 2 2 2 0 0 2 0 0 2
+1 6 2 0 0 0 0 0 0 0 2 2
fi=(43)
19 2 0 2
fi=(35)
1336 2 0 2
-41 22 2 14 2 0 2 2 0 2
cfi=(2)
cfn=(74)
calls=2 463 
* 10783960 2125014 913760 1035 158916 159 828 154221 96 1918124 107239 186 10
* 4 2
+38 2
fi=(43)
19 2 0 2
cfi=(3)
cfn=(304)
calls=2 228 
* 80 28 16 0 4 2 0 0 0 4 4
* 8 4 2 2 0 2 2
fi=(35)
1334 6 2 2
+1 8 4 2 0 2
cfi=(34)
cfn=(1798)
calls=2 921 
* 28 10 6 4 2 0 4 0 0 8 2
+1 6 2 0 0 0 0 0 0 0 2 2
+3 6 4 0 2 0 0 2 0 0 2 1
+6 8 2 2 2 0 0 2 0 0 2
+1 6 2 0 0 0 0 0 0 0 2
+10 2 0 2
+4 4 2 0 0 0 0 0 0 0 2
fi=(52)
56 4 2
fi=(35)
1379 2 0 0 0 0 0 0 0 0 2 2
+3 6 4 0 2 0 0 2 0 0 2 2
-22 12 0 0 0 0 0 0 0 0 2
+4 4 4 0 0 2
fe=(5)
485 6 2 2 2 0 0 2
+1 8 2 0 0 0 0 0 0 0 4 2
fi=(35)
1365 2
fi=(42)
305 4 0 2
fi=(35)
1367 4 0 2
cfn=(1454)
calls=2 784 
* 62131 13588 8503 414 1520 159 394 1369 146 11131 433 91 22
* 1 0 0 1 0 0 1
fi=(10)
364 4 2 0 0 1 0 0 1
cfi=(80)
cfn=(1184)
calls=1 151 
* 33422 6275 6966 209 569 1692 209 549 1668 5953 191 26 4
fe=(5)

fn=(12) runtime.testAtomic64
105 5 1 1 1 0 0 1 0 0 1
+1 1 0 1 1 0 1 1 0 1
+1 1 0 1
+1 7 0 1 0 0 0 0 0 0 1
+3 2 1 0 0 0 0 0 0 0 1
+3 1 0 1 1 0 0 1
+1 5 0 1 0 0 0 0 0 0 1
+3 4 2 0 0 0 0 0 0 0 2
+3 4 1 0 1 0 0 1 0 0 1
+3 2 1 1 0 0 0 0 0 0 1
+1 4 1 0 0 0 0 0 0 0 1
+3 7 1 1 1 0 0 1 0 0 2
+3 3 1 0 0 0 0 0 0 0 1
+3 4 1 1 0 0 0 0 0 0 2
+3 4 1 0 1 0 0 1 0 0 1
+3 3 2

fn=(20)
66 5 1 1 1 0 0 1 0 0 1
+1 1 0 1
+1 4 1 1 0 1 1 0 1 1 1
+1 1 0 1
cfi=(7)
cfn=(22)
calls=1 224 
* 1109 244 69 10 15 4 10 15 4 221 30
+1 3 2 0 1 0 0 1

fn=(10)
142 5 1 1 1 0 0 1 0 0 1
+6 1 0 1
+4 3 0 2 1 0 0 1
+1 3 0 2
+3 1 0 1
+58 3
453 127 0 0 1 0 0 1 0 0 32 1
+1 124 0 0 0 0 0 0 0 0 31 12
+1 6
+3 12 6 12 0 0 1 0 0 1
+3 2 0 0 0 0 0 0 0 0 1 1
+7 2 0 1
214 4 1 0 1 0 0 1 0 0 2
+4 1 0 1
+1 1 0 1
+1 8 0 1 1 0 0 1 0 0 1
+3 2 1 0 0 0 0 0 0 0 1
+4 1 0 1
+1 6 0 1 0 0 0 0 0 0 1
+3 2 1 0 0 0 0 0 0 0 1
+4 1 0 1 1 0 0 1
+1 7 0 1 0 0 0 0 0 0 1
+3 2 1 0 0 0 0 0 0 0 1
+4 1 0 1
+1 3 1 1 1 0 0 1 0 0 1
+1 8 4 0 0 0 0 0 0 0 4
+4 1 0 1
+1 2 1 1 1 0 0 1 0 0 1
+1 9 4 0 0 0 0 0 0 0 4
+4 1 0 1
+1 4 1 0 1 0 0 1 0 0 2
+3 2 0 0 0 0 0 0 0 0 2
+4 1 0 1
+1 5 2 0 0 0 0 0 0 0 2
+3 2 0 0 0 0 0 0 0 0 2
+4 1 0 1 1 0 0 1
+1 4 1 0 0 0 0 0 0 0 2
+7 1 0 1
+1 5 2 0 0 0 0 0 0 0 2
+7 1 0 1 0 0 1 0 0 1
cfn=(12)
calls=1 105 
* 57 13 9 6 0 1 6 0 1 15
+2 1
fi=(6)
944 1
+1 11
-1 96 0 0 1 0 0 1 0 0 12 10
fe=(5)
289 1 0 0 0 0 0 0 0 0 1
+4 1 0 1
cfi=(2)
cfn=(16)
calls=1 1532 
* 6 1 1 1 0 0 1
* 4 2 0 0 0 0 0 0 0 1
+3 3 2

fn=(370)
72 5 1 1 1 0 0 1 0 0 1
+4 4 1 1
cfi=(39)
cfn=(372)
calls=1 +12 
* 3703 638 398 3 13 7 3 5 7 394 23 2 1
* 8 2 3 1 0 1 1 0 1 1
+1 7 2 1 0 0 0 0 0 0 2 1
-14 2
fi=(22)
-45 1 1 0 1 0 0 1
fe=(5)
+45 2 1 1 0 1
fi=(9)
566 2 0 1
cfn=(114)
calls=1 -57 
* 63 12 12 8 0 0 1 0 0 6 2
* 3 1 2
fe=(5)
78 4 3
fi=(9)
567 2 1
fe=(5)
78 10 1 2 1 0 1 1 0 1 2
+2 3 2

fn=(376)
82 6 1 1 1 0 0 1 0 0 1 1
+5 1
+1 75
-1 225 75
-24 150
fi=(22)
-45 75 75
fe=(5)
+45 75 75
+24 78 1 0 1 0 0 1 0 0 75 9
-24 2
fi=(22)
-45 1 1
fe=(5)
+45 1 1
+24 2 0 1 0 0 0 0 0 0 1 1
+4 5 0 2
cfi=(39)
cfn=(372)
calls=1 -3 
* 4593 755 515 3 12 7 0 5 7 513 33 2
* 8 2 3 1 0 1 1 0 1 1
+1 379 76 75 0 0 0 0 0 0 76 1
+1 225 75 0 1 0 0 1
-30 150
fi=(22)
-45 75 75
fe=(5)
+45 75 75
+30 225 0 75
cfi=(9)
cfn=(122)
calls=75 330 
* 61902 11675 8550 25 144 162 10 96 156 7806 483 22
* 975 300 150 1 0 21 1 0 19 150
+2 3 2

fl=(21)
fn=(1774)
50 20 4 4 3 4 0 3 0 0 4
+1 8 4 0 4 4 0 4 0 0 4 2
-1 8 0 8 3 0 0 3
+5 4 0 4
cfi=(3)
cfn=(1776)
calls=4 518 
* 28 12 0 3 0 0 3 0 0 4 4
* 8 4 0 0 4
+1 12 8

fn=(88)
31 5517 0 1839 30 0 98 12 0 1
+1 3678 1839 0 0 1612 0 0 2 0 1839 1008
-1 11034 0 11034 281 0 1824 11 0 11
+16 1839 0 1839 0 0 3 0 0 2
cfi=(3)
cfn=(90)
calls=1839 478 
* 23907 12873 3678 3079 0 1 20 0 1 1839 19
* 12873 9195 0 45 1579 0 10

fl=(80)
fn=(1184)
104 535 107 107 42 0 0 10 0 0 107 17
+1 107 107
+1 428 107 0 41 2 0 10 0 0 107 45
+5 107
224 107
+1 107 107 0 0 40 0 0 12
+1 214 0 0 0 0 0 0 0 0 107 3
+3 106
104 106
229 530 0 106 0 0 0 0 0 0 106 5
112 318 212
-8 4 0 4 1 0 0 1
+17 1 0 1
cfi=(10)
cfn=(664)
calls=1 379 
* 1022 242 135 96 23 5 96 16 3 150 25
* 1 0 1
+1 1
-65 2 1
+67 1 0 1
+2 1 0 1
-69 1
+64 1
-64 1
+47 1
-47 7 0 1 1 0 0 1
+70 3 1 0 0 0 0 0 0 0 1 1
+2 1 0 0 1 0 0 1
+2 2 0 0 0 0 0 0 0 0 1 1
+25 1 0 1 1 0 0 1
-99 6 0 2 1 0 0 1
+81 2 0 1
fi=(54)
22 1 0 1
cfi=(17)
cfn=(80)
calls=1 +29 
* 18 6 3 0 1 0 0 1 0 4
fe=(80)
140 6 2 1 1 0 0 1 0 0 1
+84 2 1
-82 1 0 0 0 0 0 0 0 0 1
+7 5 3 1
cfn=(1810) runtime.(*semaRoot).queue
calls=1 +87 
* 48 9 10 7 0 0 7 0 0 5 2
+1 2 1
fi=(10)
369 6 1 1 1 0 0 1
cfn=(668)
calls=1 -23 
* 50 12 15 4 1 2 4 1 2 5 2 1
fe=(80)
151 3 2 0 0 1 0 0 1 0 1 1
+73 3 1
+2 1
-75 5 0 0 0 0 0 0 0 0 1
+74 2 1 0 1 0 0 1
+1 2 0 0 0 0 0 0 0 0 1 1
-71 4 2 0 1 0 0 1 0 0 1 1
+3 1 0 1
cfi=(10)
cfn=(770)
calls=1 417 
* 57 20 8 7 1 1 7 1 1 12 2
+1 3 2
cfi=(35)
cfn=(1178)
calls=1 631 
* 33332 6247 6956 199 567 1691 199 547 1667 5936 186 26 4
+66 2 1 0 1 0 0 1
+1 2 0 0 0 0 0 0 0 0 1 1
+3 1
121 1
229 7 0 1 1 0 0 1 0 0 1

fn=(1185)
104 5 1 1 0 0 0 0 0 0 1
+1 1 1
+1 4 1 0 0 0 0 0 0 0 1
+5 1
224 1
+1 1 1
+1 2 0 0 0 0 0 0 0 0 1
+3 1
104 1
229 5 0 1 0 0 0 0 0 0 1
112 3 2

fn=(1312)
165 489 105 93 49 2 0 12 2 0 105 12
+1 93
+1 186 93 93 28 21 0 11 2 0 93
57 279
165 93
57 651
172 558 93 0 31 93 0 11 22 0 93 25
-7 2 0 2
+7 1 0 1
57 1 0 1
165 1 0 1
+12 2 0 1
fi=(54)
22 1 0 1 0 0 1 0 0 1
cfi=(17)
cfn=(80)
calls=1 +29 
* 18 6 3 0 0 0 0 0 0 4 1
fe=(80)
178 5 2 0 1 0 0 1 0 0 1
57 3 1
184 3 1 1
cfn=(1814) runtime.(*semaRoot).dequeue
calls=1 323 
* 51 12 10 9 2 1 9 2 1 10 4
* 2 0 2
+1 2 0 0 0 0 0 0 0 0 1
+1 3 2 1 1 0 0 1 0 0 1
+2 1
fi=(17)
-76 1
fi=(54)
-80 2 1 1
cfi=(17)
cfn=(94)
calls=1 +83 
* 22 7 3 0 0 0 0 0 0 6 1
fe=(80)
185 2 1
+4 1 0 0 0 0 0 0 0 0 1
+1 2 1
+1 2 0 0 0 0 0 0 0 0 1 1
+3 2 1 0 0 0 0 0 0 0 1
-29 2 1
+32 1 0 0 0 0 0 0 0 0 1 1
-24 276 184 0 27 0 0 10
+48 3 2
-21 3 1 1 1 0 0 1
cfn=(1816) runtime.readyWithTime
calls=1 85 
* 198 58 43 12 1 1 12 1 1 27 6 1 1
+1 4 2 0 0 0 0 0 0 0 1 1
-36 48 0 48 12 0 0 7
cfi=(2)
cfn=(783)
calls=1 576 
* 99 40 29 0 0 0 0 0 0 10 0 1 1
cfi=(2)
cfn=(782)
calls=11 576 
* 8129 2440 1580 314 34 4 103 2 1 1307 195 14 12
* 48 36
cfn=(1313) runtime.semrelease1'2
calls=12 * 
* 336 60 24 34 13 0 4 2 0 36 4

fn=(1313)
165 60 12 12 0 0 0 0 0 0 12
+1 12
+1 24 12 12 11 1 0 1 1 0 12
57 36
165 12
57 84
172 72 12 0 11 12 0 1 1 0 12 4
+1 36 24 0 12 0 0 2

fn=(1814)
323 5 1 1 1 0 0 1 0 0 1
+1 3 1 0 1 0 0 1
+2 3 0 0 0 0 0 0 0 0 1
+1 4 1 0 0 1 0 0 1 0 1 1
-3 1 0 1
+2 1 0 1 1 0 0 1
-3 1 0 1
+17 4 1 0 0 1 0 0 1 0 1 1
+3 3 1 0 1 0 0 1 0 0 1
+18 1 0 1 0 0 1 0 0 1
-18 1
+41 3 1 1 1 0 0 1 0 0 1
+1 1 0 1
+2 1 0 1
-3 1
+4 1 0 1 1 0 0 1
+1 4 2
-23 5 2 0 1 0 0 1 0 0 2 2
+8 4 1 0 1 0 0 1 0 0 1
+7 4 1 1 1 0 0 1 0 0 1

fn=(844) sync.runtime_notifyListCheck
613 5 1 1 1 0 0 1 0 0 1
+1 2 0 0 0 0 0 0 0 0 1
+4 3 2

fn=(1810)
236 5 1 1 1 0 0 1 0 0 1
+1 1
+2 1
+1 1
-3 4 1 1 0 0 0 0 0 0 1 1
+1 1 0 1
+2 1 0 1
-3 1
+6 3 1 0 1 0 0 1
+1 3 0 0 1 0 0 1 0 0 1 1
fi=(22)
128 1 1 0 1 0 0 1
+7 2 1
+1 2
fe=(80)
236 1
fi=(22)
136 1
-8 1
+8 1
-1 1 0 1 1 0 0 1
+2 1
fe=(80)
302 2 0 1
+1 3 1 1 0 0 0 0 0 0 1
+1 1 0 1
-1 1
-54 1 0 1
-13 1 0 1
+71 4 1 0 1 0 0 1 0 0 1
+10 3 2 0 1 0 0 1

fn=(1816)
85 5 1 1 1 0 0 1 0 0 1
+1 2 1 0 0 0 0 0 0 0 1 1
+3 2 1 1 1 0 0 1
cfi=(10)
cfn=(730)
calls=1 372 
* 186 53 41 10 1 1 10 1 1 25 5 1 1
+1 3 2

fl=(79)
fn=(842)
45 5 1 1 1 0 0 1 0 0 1
+2 2 0 1
cfi=(80)
cfn=(844)
calls=1 613 
* 10 3 1 1 0 0 1 0 0 2
+1 3 2

fl=(53)
fn=(446) runtime.(*gcCPULimiterState).updateLocked
180 605 121 121 64 0 1 10 0 1 121 66
+1 242 121 0 0 1 0 0 1
+1 242 0 0 64 0 0 10 0 0 121 41
+4 121 121
+1 121
fi=(30)
68 242 121 121 0 0 0 0 0 0 121 109
fe=(53)
190 121
fi=(30)
63 121 121
fe=(53)
186 363
+5 242 0 0 0 0 0 0 0 0 121 36
+1 158
fi=(30)
91 79 79 79 0 0 0 0 0 0 79
fe=(53)
192 79
+28 42
-24 42
fi=(30)
63 84 42
fe=(53)
197 84 0 0 21 0 0 10 0 0 42 4
-1 79
fi=(30)
63 158 79
fe=(53)
197 158 0 0 34 0 0 0 0 0 79 28
+1 112
fi=(30)
91 56 56 56 0 0 0 0 0 0 56 14
fe=(53)
198 56
+59 65
-56 242 121 0 0 0 0 0 0 0 121 14
-15 121 0 121 0 0 14 0 0 1
-6 242 0 242
fi=(5)
478 121 121
fe=(53)
209 121
fi=(5)
478 121 0 121 0 0 30
fe=(53)
210 484 242 242 49 72 0 10 4
fi=(5)
479 363 121 121
fe=(53)
210 121
+22 242 121 0 0 0 0 0 0 0 121 21
+1 612 102 0 0 79 0 0 3
+24 102
+2 306 0 102
cfn=(450) runtime.(*gcCPULimiterState).accumulate
calls=102 +8 
* 2020 316 111 48 1 0 2 1 0 498 21
-2 19
+2 57 0 19
cfn=(450)
calls=19 +8 
* 368 58 20 57 0 0 27 0 0 94 27
+1 484 242
-50 3872 1936 0 94 0 0 10
+22 1936 1936
+1 1936 1936
-22 1936 1936
-1 3872 3872
fi=(5)
485 1936 1936
fe=(53)
210 6050 0 1936 86 0 0 10 0 0 2057 144
+47 1936 0 1936
-37 1936 0 1936
-10 1936 1936 0 0 131 0 0 8
+1 7744 0 1936 0 0 11 0 0 2
cfn=(448) runtime.(*limiterEvent).consume
calls=1936 422 
* 48754 3872 1186 61 1260 0 24 77 0 4323 423
+1 1936
+1 1936 0 0 0 0 0 0 0 0 1936 123
+8 1500 0 0 0 0 0 0 0 0 750 5
-1 750 750
+37 750 750 0 52 0 0 10
-35 750
-5 2372 0 0 0 0 0 0 0 0 1186 2
+2 2372 0 0 0 0 0 0 0 0 1186 1
-4 2372 0 0 0 0 0 0 0 0 1186
+1 2372 1186
+4 1186 1186
-4 1186
+11 121
fi=(5)
485 363 121 121 46 0 0 10
+1 482 120 0 0 66 0 0 1 0 241 27
+2 4 0 2
fe=(53)

fn=(1278)
101 169 35 33 35 1 0 10 1 0 35 2
+1 33
303 132 0 33 33 0 13 9 0 2
fi=(30)
197 33
fe=(53)
-95 33 0 0 0 0 0 0 0 0 33
+5 66 33 0 0 10 0 0 1 0 33 13
-6 33 0 33
+11 33 0 33
-1 99 0 33
cfn=(446)
calls=33 +69 
* 21932 7013 2543 234 1 12 96 0 0 2642 222
+1 99 66 33
+1 33 0 33
+5 99 66 0 33 0 0 9
-17 8 0 8 2 0 0 1
cfi=(2)
cfn=(783)
calls=1 576 
* 99 40 29 0 1 1 0 1 1 10 1 1 1
cfi=(2)
cfn=(782)
calls=1 576 
* 99 40 29 10 0 0 10 0 0 10 3 1 1
* 8 6 0 2 0 0 1
cfn=(1279) runtime.(*gcCPULimiterState).startGCTransition'2
calls=2 * 
* 1388 439 171 2 18 3 1 17 2 164 20

fn=(1279)
101 10 2 2 0 0 0 0 0 0 2
+1 2
303 8 0 2 2 0 0 1
fi=(30)
197 2
fe=(53)
-95 2 0 0 0 0 0 0 0 0 2
+5 4 2 0 0 1 0 0 1 0 2
-6 2 0 2
+11 2 0 2
-1 6 0 2
cfn=(446)
calls=2 +69 
* 1336 427 157 0 17 3 0 16 2 158 20
+1 6 4 2
+1 2 0 2
+5 6 4

fn=(448)
422 1936 0 0 37 0 0 10
+2 1936
+1 1936 1936 0 0 1260 0 0 77
+1 1936
-35 3872
+36 3872 0 0 0 0 0 0 0 0 1936 126
-45 6005
+4 2402 0 0 20 0 0 10
-3 1201
+48 2402
+1 1201
-49 1201 0 0 0 0 0 0 0 0 1201 205
+55 1186
-66 5930
+50 1186
fi=(30)
272 4744 0 1186
fe=(53)
439 1186 0 0 0 0 0 0 0 0 1186 92
+4 2372 1186
-7 45 15
-7 2205 735 0 4 0 0 4

fn=(450)
267 468 312 0 32 0 0 10
+8 312
+3 586 0 0 0 0 0 0 0 0 293 24
+1 18 0 9 1 0 0 1
+1 18 9 9
-12 9
+13 9 0 0 0 0 0 0 0 0 9 5
+1 2
fi=(30)
149 2
-40 6 2 2 0 0 0 0 0 0 2
fe=(53)
283 4 2 0 0 2 0 0 2
fi=(30)
178 2 2 2 0 0 0 0 0 0 2
fe=(53)
285 9 9
-7 128 0 0 11
+11 219 0 0 19 0 0 9 0 0 165 12
+2 12 0 12
-13 12 0 0 12 0 0 8
+13 12
+3 516 0 129 24 0 0 1
-16 129
+18 129 0 0 0 0 0 0 0 0 129 11
-2 18 0 6 6
-16 6
+18 18 0 0 0 0 0 0 0 0 18 11
-28 146
+28 146 0 0 0 0 0 0 0 0 146 9
+1 1
fi=(30)
149 1
-40 3 1 1 0 0 0 0 0 0 1
fe=(53)
299 147 147

fn=(1402)
165 425 85 85 48 0 0 10 0 0 85 4
+1 85
303 340 0 85 0 0 6 0 0 4
fi=(30)
197 85
fe=(53)
-31 85 0 0 0 0 0 0 0 0 85 6
+6 170 85 0 0 0 0 0 0 0 85
-7 85 0 85
+10 170 0 85
cfn=(446)
calls=85 +5 
* 90014 18128 7753 428 1590 41 23 77 2 11548 855
+1 170 85 85 46 0 0 10
cfn=(452) runtime.(*gcCPULimiterState).unlock
calls=85 307 
* 1020 340 170 45 0 0 1 0 0 255 6
+1 255 170

fn=(452)
307 605 121 121 70 0 0 10 0 0 121 2
+1 242 121 121 0 0 0 0 0 0 121 2
+1 242 0 0 0 0 0 0 0 0 121 3
+3 363 242

fn=(652)
449 3435 687 687 45 25 0 10 0 0 687 42
+2 687
+1 687 687 0 0 267 0 0 115
-61 1374 0 0 46 0 0 12
+62 1374 0 0 0 0 0 0 0 0 687 5
-4 687
fi=(30)
272 3435 0 687
fe=(53)
457 687 0 0 0 0 0 0 0 0 687 14
-75 3435 0 0 41 0 0 13
+4 1374
-3 687
+78 1374
+1 687
-79 687 0 0 0 0 0 0 0 0 687 1
+89 686
+5 764 0 0 0 0 0 0 0 0 686 50
-4 156 0 0 0 0 0 0 0 0 78
-1 78
+5 78 0 0 0 0 0 0 0 0 78 17
+2 1216 0 0 0 0 0 0 0 0 608 5
152 79
fi=(30)
-61 237 79 79 0 70 0 0 0 0 79
fe=(53)
480 79 0 0 29 0 0 1
-5 1214 0 0 29 0 0 13 0 0 607
+1 607
158 607
fi=(30)
-67 1214 607 607 0 31 0 0 15 0 607
fe=(53)
484 2058 1372
-15 3 2

fn=(1308)
123 175 35 35 33 0 0 9 0 0 35 2
+1 70 35 0 0 0 0 0 0 0 35
fi=(30)
-61 70 35
fe=(53)
+68 70 0 0 35 0 0 10 0 0 35 31
-8 70 0 70
+9 245 35 35 0 0 16 0 0 2
cfn=(450)
calls=35 267 
* 700 110 39 0 1 0 0 1 0 173 24
fi=(30)
-64 70 70
fe=(53)
+66 35
fi=(30)
-66 35 35 35 0 0 0 0 0 0 35
fe=(53)
+67 35 0 35
+1 35 0 35
cfn=(452)
calls=35 307 
* 420 140 70 24 0 0 8 0 0 105 1
+1 105 70 0 35 0 0 10

fn=(444)
321 5 1 1 1 0 0 1 0 0 1
+1 1
-19 4 0 1 1 0 0 1
fi=(30)
197 1
fe=(53)
322 1 0 0 0 0 0 0 0 0 1
+7 1 0 1
-8 1 0 1
+7 3 0 1
cfn=(446)
calls=1 180 
* 832 210 76 14 2 0 14 2 0 91 9
+1 3 2 1
+2 3 0 1
+1 3 1 0 1 0 0 1 0 0 1 1
+4 1 0 0 0 0 0 0 0 0 1
+1 1
fi=(30)
149 1
-40 3 1 1 0 0 0 0 0 0 1
fe=(53)
339 1 0 1
cfn=(452)
calls=1 -32 
* 12 4 2 1 0 0 1 0 0 3
+1 3 2 0 1 0 0 1

fl=(39)
fn=(414)
38 10 2 2 1 0 0 1 0 0 2
+2 4 0 0 0 0 0 0 0 0 2
+2 4 2 2 1 1 0 1 1
-4 2
+4 4
+1 14 0 0 0 0 0 0 0 0 6
+3 6 2
-8 2 0 2 1 0 0 1
+26 2 0 2
-8 4 2 0 0 0 0 0 0 0 2
+7 2 0 2
-6 6 0 2
cfi=(12)
cfn=(126)
calls=2 842 
* 238 50 40 0 0 1 0 0 1 47 16
+1 8 4 0 0 0 0 0 0 0 2
-1 2 0 2
+2 2
fi=(22)
-41 2 0 0 1 0 0 1
fe=(39)
+41 4 0 2
cfi=(33)
cfn=(264)
calls=2 -41 
* 22 2 4 1 0 0 1 0 0 6 2
+24 4 4
-24 2
+24 8 2 4 1 0 0 1
cfi=(31)
cfn=(170)
calls=2 -44 
* 12 2 0 0 0 0 0 0 0 2 2
+2 8 6

fn=(372)
88 255685 51137 51137 47 129 0 11 0 0 51137 2
+1 51137 51137 0 0 7020 0 0 14
-1 51137
+1 153411
+1 460233 0 0 6 0 0 5 0 0 204548 27
+13 153411 0 51137
cfi=(12)
cfn=(126)
calls=51137 842 
* 531533030 59267879 115279842 257451 2441248 11406020 9029 171345 11016398 160678431 2144211 467087 3002
* 153411 102274 0 44 1 0 6

fn=(286)
178 280 40 80 13 0 3 7 0 3 40
+12 80 0 0 12 0 0 7 0 0 40 14
+4 120 40 0 0 22 0 0 16 0 40 2
+7 40
+1 98 0 0 0 0 0 0 0 0 40 16
+4 54 0 0 0 0 0 0 0 0 18 6
-9 22
+6 22
+29 97 0 0 11 0 0 7 0 0 40 14
fi=(40)
14 34 0 0 0 0 0 0 0 0 17 1
+1 34 0 0 0 0 0 0 0 0 17 1
fi=(22)
425 51
fi=(40)
16 153 34 0 6 0 0 5 0 0 34 10
fe=(39)
235 17
+1 51
+58 17
+5 17
-62 17
+1 46 0 0 12 0 0 7 0 0 23 9
+3 32 0 0 12 0 0 7
fi=(40)
14 32 0 0 0 0 0 0 0 0 16
+1 32 0 0 0 0 0 0 0 0 16
fi=(22)
425 32
fi=(40)
16 144 32 0 12 16 0 7 12 0 32 3
fe=(39)
241 16
+1 48 0 0 22 0 0 13
-3 32
+1 16
+3 32
+56 16
-9 16
+9 32
-56 16
+60 14 0 0 3 0 0 1
-59 7 0 0 0 0 0 0 0 0 7
+4 7
+46 7 0 0 2 0 0 1
-42 21
+1 7
+1 28
fi=(40)
14 14 0 0 0 0 0 0 0 0 7
+1 14 0 0 0 0 0 0 0 0 7 1
fi=(22)
425 18
fi=(40)
16 54 12 0 1 3 0 1 1 0 12
fe=(39)
254 6
fi=(22)
425 2 0 0 2 0 0 1
fi=(40)
18 9 2 0 0 0 0 0 0 0 2 1
fe=(39)
254 1
+1 28 0 0 2 0 0 1
+1 14
+34 7
+1 14
+8 14 0 0 3 0 0 1
-21 7
+21 7
-43 7
+22 160 0 0 14 0 0 7 0 0 80 3
+16 80 0 80 0 0 1 0 0 1
-3 40 0 40
+8 40 0 40
-16 80 40 0 0 0 0 0 0 0 40 20
+7 20 0 20
-3 20 0 20
-3 80 0 20 1
cfi=(12)
cfn=(126)
calls=20 842 
* 11028 2830 1388 9 55 21 4 38 17 1664 122 2
* 20 0 20
+3 60 40
fi=(22)
18 20
fe=(39)
287 40 0 20
cfi=(33)
cfn=(264)
calls=20 18 
* 244 20 37 4 0 8 4 0 7 77 22
+10 40 40
-10 20
178 20 0 20 12 0 0 7
290 80 0 20 12 0 4 7 0 4
cfi=(12)
cfn=(127)
calls=3 842 
* 4379 1010 639 165 32 23 42 11 19 604 69 2 2
cfi=(12)
cfn=(126)
calls=17 842 
* 30360 6450 3389 134 118 127 43 55 101 3912 385 9 2
+1 74 27 0 0 0 0 0 0 0 27 17
+6 120 40 80 17 0 0 7
cfi=(31)
cfn=(170)
calls=40 39 
* 627 117 76 49 7 14 26 0 13 171 44
+2 240 200
-46 18 0 0 9 0 0 5
+7 36

fl=(118)
fn=(1000)
25 5 1 1 1 0 0 1 0 0 1
+1 1 0 1
+1 3 0 1
cfi=(119)
cfn=(1002)
calls=1 1145 
* 47 8 7 5 0 0 4 0 0 3 2
* 5 2 0 0 0 0 0 0 0 2 1
+5 3 2

fl=(9)
fn=(122)
330 456 76 152 2 0 0 1 0 0 76
+1 76 0 76
cfn=(114)
calls=76 509 
* 5587 1030 923 1 68 0 0 68 0 676 88
* 76
+1 152 0 0 2 0 0 1 0 0 76
-1 76 0 76
+4 76 0 76
cfn=(124) runtime.rawstring
calls=76 -63 
* 61612 11423 7832 324 108 100 321 60 90 7257 524 32 4
+1 152 0 0 0 0 0 0 0 0 76
+1 152 0 152
-1 304 152 76
cfi=(31)
cfn=(170)
calls=76 39 
* 2247 455 378 10 0 83 2 0 79 657 81
+1 380 304 0 2 0 0 1

fn=(114)
509 330 0 110 19 0 0 1
+1 220 0 0 0 0 0 0 0 0 110
+27 550 0 0 7 0 0 1
+2 110
+7 3 2
+1 3 1
-4 1 0 1
-3 9 1 8
+2 1 0 1
cfi=(25)
cfn=(116)
calls=1 16 
* 30 6 1 0 1 0 0 1 0 4 2
+1 110 0 110
-3 990 110 880 5 0 0 1
+2 110 0 110
cfi=(25)
cfn=(116)
calls=110 16 
* 4144 780 110 45 79 0 6 77 0 697 118
* 666 222 0 7 0 0 1 0 0 111 1
+1 550 330

fn=(46)
361 4 0 4 2 0 0 1
+1 8 0 0 0 0 0 0 0 0 4 2
+5 6 2 0 0 0 0 0 0 0 2 2
+6 8 0 0 2 0 0 1
-10 6 2
+10 8
+25 16
-25 20 0 0 0 0 0 0 0 0 10 2
+1 8 8
+1 24 0 0 0 0 0 0 0 0 8
+3 32 0 0 2 0 0 1 0 0 8
+4 24
+1 16
+1 16 0 0 0 0 0 0 0 0 8 4
-17 2
+24 10 0 0 0 0 0 0 0 0 4
-24 2 0 0 2 0 0 1
+27 2 0 0 0 0 0 0 0 0 2 2
+6 4
-33 2
+36 4
-4 2 2

fn=(124)
272 684 76 380 1 0 0 1 0 0 76 25
+1 228 0 76
cfi=(12)
cfn=(126)
calls=76 842 
* 59712 10967 6996 322 108 100 319 60 90 7181 499 32 4
+2 76 0 76
+1 152 76 76 1 0 0 1
+2 228 0 228
+2 532 304

fl=(23)
fn=(182)
107 15760 1576 4728 22 0 0 9 0 0 1576
+1 6304 0 0 22 0 0 9 0 0 3152 4
+16 7880 0 6304
+13 12608 0 7880 22 0 0 9
+14 6304 1576 1576 22 1575 1477 9
cfi=(16)
cfn=(184)
calls=1576 +90 
* 50418 7879 1576 67 3150 0 27 7 0 7877 36
* 3152 0 1576
+3 52008 0 7880 0 0 0 0 0 0 9456 1576
+2 31520 15760 7880 28 0 0 11
cfi=(16)
cfn=(186)
calls=7880 33 
* 133960 23640 7880 45 0 0 18 0 0 15760
* 70920 15760 7880 0 1576 0 0 5 0 0 0 7880 1
cfn=(188) runtime.(*pageAlloc).sysGrow.func1
calls=7880 -40 
* 323080 31520 7880 1989 6301 0 24 1 0 7880
+6 55160 31520 0 29 3150 0 11 0 0 7880 251
+1 684 0 228 0 0 0 0 0 0 228 1
+4 228
-42 456 228
+1 228
+1 456 456
fi=(22)
418 684
-5 684 0 0 1 0 0 1
fe=(23)
127 456 0 0 0 0 0 0 0 0 228
+40 7652
-42 15304 7652
+1 7652
+1 15304 15304
fi=(22)
418 22956
-5 22956 0 0 27 0 0 10
fe=(23)
127 15304 0 0 0 0 0 0 0 0 7652
fi=(22)
18 15760
fe=(23)
173 23640 7880 0 0 0 0 0 0 0 7880 15
+1 39375 15750 0 0 0 0 0 0 0 7875 230
-45 7875 0 7875
+1 7875 0 7875 21 0 0 9
+44 63000 23625 7875 0 0 0 0 0 0 0 0 7875 1
cfn=(1154) runtime.(*pageAlloc).sysGrow.func3
calls=7875 -37 
* 716625 149625 55125 99 0 1477 44 0 4 31500 38 15750 2
* 39375 15750 7875
cfi=(16)
cfn=(204)
calls=7875 60 
* 149661 23625 7875 1862 0 0 15 0 0 23637 41
-20 7875 7875
+22 7875 7875 0 22 0 0 8
+1 15750
-1 39395 23635 0 1 0 0 1 0 0 7880 44
fi=(16)
-52 31520 0 0 37 0 0 8
-81 7880 0 0 0 0 0 0 0 0 7880 2
+5 8
+70 16
fe=(23)
+62 8
fi=(16)
-62 15744
fe=(23)
+62 15760 0 0 0 0 0 0 0 0 7880 25
fi=(16)
-56 16 0 16 4 0 0 4
fe=(23)
+56 8 0 8
fi=(16)
-56 8
-81 8 0 0 0 0 0 0 0 0 8
+5 8
+70 8
fe=(23)
+67 8
-5 8 0 8
+5 32 8 8 0 3
cfi=(18)
cfn=(172)
calls=8 -45 
* 720 200 200 0 0 0 0 0 0 88 7
fi=(16)
-61 24 16
-81 8 0 0 0 0 0 0 0 0 8
+5 8
+70 32 16 0 2 0 0 2
+6 8
fe=(23)
+62 8
fi=(16)
-68 8
-75 8 0 0 0 0 0 0 0 0 8
+5 8
+70 8
fe=(23)
+68 8
fi=(18)
76 8
fi=(30)
287 16 8 8 0 0 0 0 0 0 8 1
fi=(18)
77 16 0 8
cfi=(20)
cfn=(198)
calls=8 +49 
* 272 64 24 3 4 0 3 1 0 40 2
fi=(16)
+47 24 16 0 2 0 0 2
-81 8 0 0 0 0 0 0 0 0 8
+5 8
+70 24 16
fe=(23)
+69 24 8 8
-14 8 8
-19 8 8
fi=(16)
-30 8 0 0 1 0 0 1
fe=(23)
+67 8 8
-4 8
+4 11032 6304 1576 19 1572 0 8
cfn=(202) runtime.(*scavengeIndex).grow
calls=1576 +6 
* 225579 42608 28411 440 1575 1478 75 4 4 26820 1584
* 3152 1576 1576 19 0 0 9
+1 4728 3152

fn=(96)
72 6 1 2 1 0 0 1 0 0 1
+3 13 3 3 1 2 0 1 2
+12 5
-12 22 5 5 1 0 0 1 0 0 6 1
+1 45 0 5
+3 5 5
fi=(22)
413 20
fe=(23)
80 15 0 5 1 0 0 1
cfi=(18)
cfn=(98)
calls=5 +52 
* 240 80 60 1 0 0 1 0 0 15 6
+1 10 0 0 0 0 0 0 0 0 5
+5 20 5 15
+1 65 20 15 1 0 2 1 0 2 5
+5 3 0 1
cfi=(18)
cfn=(98)
calls=1 +40 
* 48 16 12 0 0 0 0 0 0 3 2
+1 3 0 3 1 0 0 1
+1 11 5 3 1 0 0 1 0 0 1
+1 3 2

fn=(188)
116 47265 0 15755 126 0 0 8
+1 47265
fi=(16)
+25 15755
fi=(15)
+25 47265 15755 0 1485 3150 0 8 0 0 15755
+1 31510
+8 63020 15755 0 0 3151 0 0 1
-9 31510
fi=(16)
-25 15755
fi=(15)
+25 47265
+1 63020 0 0 378 0 0 8
+8 63020
+1 31510
fi=(22)
418 47265
-5 31510
fe=(23)
118 63020 31510

fn=(1154)
137 70875 23625 23625 36 0 0 18 0 0 7875
+1 15750 7875 7875 0 0 1477 0 0 4 0 0 7875 1
cfn=(188)
calls=7875 -22 
* 322875 31500 7875 0 0 0 0 0 0 7875
+1 55125 23625 7875 0 0 0 0 0 0 0 0 7875 1
cfn=(1156) runtime.(*pageAlloc).sysGrow.func2
calls=7875 -15 
* 228375 47250 7875 63 0 0 26 0 0 15750 38
* 23625 15750

fn=(1156)
124 31500 7875 7875 19 0 0 9
+3 7875
-2 15750 7875
+1 7875
fi=(22)
418 23625 0 0 25 0 0 9
-5 23625
fe=(23)
127 55125 15750 0 0 0 0 0 0 0 15750 38
fi=(22)
18 7875
fe=(23)
129 7875
fi=(22)
18 7875
fe=(23)
130 7875
-2 31500 15750 0 19 0 0 8

fn=(202)
197 11032 1576 4728 23 0 0 10 0 0 1576
+1 6304 0 0 0 0 0 0 0 0 3152
+15 1576 1576 0 0 1575 0 0 4
+1 1576
fi=(30)
19 1576 1576
fe=(23)
215 1576 1576
fi=(15)
107 3152
fe=(23)
215 1576
fi=(22)
418 6304 0 0 22 0 0 9
fe=(23)
221 1576
+10 1576
fi=(15)
107 3152
fe=(23)
216 3152
fi=(22)
413 4728
fe=(23)
218 1576
+14 1576
-6 4728 3152
-8 1576 0 0 22 0 0 9 0 0 1576
-21 1576 0 1576
fi=(30)
19 3152 0 3152
fe=(23)
215 1576 0 1576
-18 1576 0 1576
+35 1576 0 1576
-1 1576 0 1576
-5 3152
+1 3152
-3 1576 0 1576 0 0 1477 0 0 4
cfi=(16)
cfn=(186)
calls=1576 33 
* 26792 4728 1576 0 0 0 0 0 0 3152
+7 6304 4728 0 22 0 0 9 0 0 1576
-7 3152 0 3152
+7 4728 1576
+1 4728 1576
-3 1576 0 1576
cfi=(16)
cfn=(186)
calls=1576 33 
* 26792 4728 1576 0 0 0 0 0 0 3152
+7 6304 3152 1576 22 0 0 9
cfi=(16)
cfn=(204)
calls=1576 60 
* 29956 4728 1576 3 0 0 3 0 0 4732 3
fi=(16)
124 6304
-81 1576 0 0 0 0 0 0 0 0 1576 1574
+5 1
+70 2
fe=(23)
239 1
fi=(16)
118 3150
fe=(23)
239 3152 0 0 0 0 0 0 0 0 1576
fi=(16)
124 4 0 3 1 0 0 1
-81 1 0 0 0 0 0 0 0 0 1
+5 1
+70 1
fe=(23)
240 1
fi=(16)
124 1 0 1
fe=(23)
240 4 1 1
cfi=(18)
cfn=(172)
calls=1 140 
* 90 25 25 0 0 1 0 0 0 11
fi=(16)
124 3 2
-81 1 0 0 0 0 0 0 0 0 1
+5 1
+70 4 2 0 1 0 0 1
+6 1
fe=(23)
241 1
fi=(16)
43 1 0 0 0 0 0 0 0 0 1
+5 1
+70 2
fe=(23)
241 1
fi=(18)
76 1
fi=(30)
287 2 1 1 0 0 0 0 0 0 1
fi=(18)
77 2 0 1
cfi=(20)
cfn=(198)
calls=1 +49 
* 50 13 8 1 0 0 1 0 0 5 1
fe=(23)
243 4 1 0 1 0 0 1 0 0 1
fi=(30)
24 1 1
fe=(23)
243 1
fi=(30)
24 2 2 1 0 0 0 0 0 0 1
fe=(23)
244 1
+2 3 1 0 0 0 0 0 0 0 1
fi=(30)
24 1 1
fe=(23)
246 1
+1 1
fi=(30)
24 1 1 1 0 0 0 0 0 0 1
fi=(16)
+94 1 1
+6 2 2 0 1 0 0 1
-6 1 1
fe=(23)
252 1
fi=(30)
19 2 2
fe=(23)
253 2 0 0 0 0 0 0 0 0 1
-1 1575 0 0 279 0 0 13
fi=(30)
19 3150 3150
fe=(23)
253 3150 0 0 0 0 0 0 0 0 1575 2
fi=(16)
124 1
fi=(30)
24 1 1
fe=(23)
253 4726 1575 0 0 0 0 0 0 0 1575 2
fi=(30)
24 1 1 1 0 0 0 0 0 0 1
fe=(23)
254 1
fi=(16)
124 1575
-81 1576 0 0 0 0 0 0 0 0 1576 2
+5 1
+70 1 0 0 1 0 0 1
fe=(23)
256 7880 3152 0 41 0 0 7

fl=(28)
fn=(140)
808 233945 46789 46789 32 0 6 10 0 5 46789 10
+1 209030 46789 0 0 5542 0 0 6 0 68663 829
-1 49830 0 49830 0 0 7 0 0 6
+6 49830 24915 0 0 5202 0 0 3 0 24915 4
-3 65622 43748 0 33 0 0 7
+9 24915 0 0 20 0 0 4
fi=(30)
259 24915 24915
fe=(28)
821 24915 24915 0 0 391 0 0 6
+1 24915 24915 0 19 0 0 10
+18 74745
-16 24915
+18 124575 24915
-18 24915 0 0 0 0 0 0 0 0 24915
+18 74745
fi=(30)
259 24915 0 24915 21 0 21 12 0 2
fe=(28)
842 99660 0 24915
+1 45572 20657
-1 20657 20657
-2 41314 20657
fi=(30)
259 20657 20657
fe=(28)
843 61971 0 0 0 0 0 0 0 0 20657 3953
fi=(30)
259 24915 24915
fe=(28)
843 74745 0 0 0 0 0 0 0 0 24915 134
+1 41346 0 20673 5 0 0 1
cfn=(1182)
calls=20673 332 
* 15323320 2952826 1781333 19823 118306 25123 220 44201 938 2058229 51288 2720 765
* 41346 0 0 0 0 0 0 0 0 20673 13
fi=(30)
259 20657 20657
fe=(28)
848 61971 20657 0 0 0 0 0 0 0 20657 2
-3 32 0 16
+9 49830 24915 0 18 0 0 11 0 0 24915 16
+3 74745 49830 0 29 0 0 11

fn=(988)
430 15 3 3 1 0 0 1 0 0 3
+4 3 3
+1 6 3 0 0 0 0 0 0 0 3 2
153 3
+1 3
fi=(30)
+8 3 3 0 1 0 0 1
fe=(28)
-7 12 0 0 0 0 0 0 0 0 3 2
+1 3 3
457 3
-27 3 0 3 1 0 0 1
+12 6 0 6
+1 3 0 0 0 0 0 0 0 0 3 1
+14 3 3 0 1 0 0 1
+1 18 3 0 0 0 0 0 0 0 6
+5 9 6

fn=(720)
fi=(12)
1339 10 5 2 1 0 0 1 0 0 1
+1 1 0 1
cfn=(78)
calls=1 +9 
* 112 19 22 9 3 0 9 3 0 21 1
* 2 1 1
+1 4 2
cfi=(2)
cfn=(75)
calls=1 496 
* 8957446 2184439 1475620 1614 27172 1404 1263 25540 1327 1481724 36239 18089 33
fe=(28)
271 6 1 2 1 0 1 1 0 1 1
+1 5 1 1 0 0 0 0 0 0 1
+3 1 0 0 1 0 0 1
fi=(17)
48 1
fi=(54)
-26 2 0 1
cfi=(17)
cfn=(80)
calls=1 +29 
* 18 6 3 0 0 0 0 0 0 4
fe=(28)
276 1 0 1
+1 3 1 1
cfi=(68)
cfn=(722)
calls=1 144 
* 191 47 45 20 3 5 19 0 5 31 8 2 2
+1 1
fi=(10)
+91 6 0 1 1 0 0 1
cfn=(668)
calls=1 -23 
* 50 12 15 0 0 0 0 0 0 5 3 1
fe=(28)
-88 1 0 0 1
+7 6 0 0 6 0 0 2
fi=(17)
48 6
fi=(54)
-26 12 0 6
cfi=(17)
cfn=(80)
calls=6 +29 
* 108 36 18 0 0 0 0 0 0 24
fe=(28)
424 6
fi=(30)
162 6 6
fe=(28)
+52 6
+75 6 0 0 0 0 0 0 0 0 6 6
+7 6 0 6
+1 6
fi=(10)
+72 36 0 6
cfn=(668)
calls=3 -23 
* 842 247 183 27 6 5 7 0 0 117 19 5 1
cfn=(669)
calls=3 -23 
* 150 36 45 11 3 6 3 1 2 15 8 3 1
fe=(28)
-88 9 0 0 9 0 0 4
+1 5 0 5 1 0 0 1
+1 5
fi=(10)
+35 10 0 5
cfi=(2)
cfn=(671)
calls=1 425 
* 17 5 6 1 2 2 1 2 2 1 1 1 1
cfi=(2)
cfn=(670)
calls=4 425 
* 1888 508 348 35 10 1 12 4 1 336 54 8 8
fe=(28)
-37 10 0 10 10 0 0 5
cfn=(1182)
calls=10 +51 
* 13475 2557 986 113 169 40 63 39 22 1898 109 2 2
* 25 0 0 0 0 0 0 0 0 10 5
+4 15 0 5
cfi=(135)
cfn=(1656)
calls=5 467 
* 333 98 86 14 13 4 3 0 0 57 10 4 4
* 18 0 0 0 0 0 0 0 0 6
fi=(135)
474 5 1 1 1 0 1 0 0 0 1
+1 3 2 1 1
-1 3 1 1
+2 2 0 1
+1 1 0 1
+4 2 0 1
cfi=(13)
cfn=(682)
calls=1 1631 
* 24 8 5 3 2 0 0 0 0 4
+1 5 1 1
cfi=(13)
cfn=(1676)
calls=1 1515 
* 774 101 56 21 6 3 0 0 0 101 22
-6 5 2
-2 2 1
+2 4 0 0 1 0 0 0 0 0 2
-2 2
+2 6 2 0 0 0 0 0 0 0 4 1
+1 2 2
+1 4 0 0 0 0 0 0 0 0 2
+6 3 2
cfi=(2)
cfn=(75)
calls=1 +12 
* 29808 8094 3611 490 198 71 150 135 53 4754 443 28 7
fi=(13)
912 10 5 2 0 0 0 0 0 0 1
fe=(28)
424 1
fi=(30)
162 1 1
fe=(28)
+52 1
fi=(13)
915 1 0 0 0 0 0 0 0 0 1 1
+3 3 0 1
cfn=(158)
calls=1 1125 
* 7197 2036 1052 50 10 20 0 1 19 896 23 64
* 2 1 1
+1 3 2
cfi=(2)
cfn=(74)
calls=1 496 
* 13452 4274 1405 88 6 7 7 2 6 2486 138 3 1
fi=(10)
3341 60 10 20 8 0 0 1 0 0 10
+1 20 10 10 8 0 0 1
+2 10 0 0 0 0 0 0 0 0 10 2
+4 30 0 10
cfn=(494)
calls=10 963 
* 392 50 64 3 0 0 0 0 0 82 19
-83 20 20 0 8 0 0 1
+84 10
fi=(42)
313 10
-8 10
fi=(10)
3265 10 0 10
+1 10 10
fi=(42)
279 10
-13 10
fi=(10)
3266 10 0 10
+85 50 30 0 0 0 0 0 0 0 10
+1 50 30 10 8 0 0 1 0 0 0 0 10
cfn=(716)
calls=10 -17 
* 360 110 50 8 4 0 1 0 0 80 11
+1 73 30 10 0 0 0 0 0 0 10 3
cfi=(2)
cfn=(1490)
calls=3 1719 
* 75 30 24 0 0 2 0 0 0 3
+1 66 20 10 8 0 0 1 0 0 10
cfi=(2)
cfn=(1490)
calls=3 1719 
* 75 30 24 0 0 0 0 0 0 3
-2 10
+3 10 0 0 0 0 0 0 0 0 10
+8 10 0 10 8 0 0 1
cfn=(562)
calls=10 3185 
* 62881 19239 7111 1198 513 142 203 88 33 11146 884 31 15
+19 200 40 40 1 0 0 1 0 0 40
+1 80 40 0 0 0 0 0 0 0 40
+3 40 0 40
cfn=(1510)
calls=40 -20 
* 63732 15558 7498 28 472 11 28 471 11 9966 326 80 1
fi=(3)
270 3 3 0 0 3
+1 3 3
+1 3
+6 3 3
+1 3 0 3
+1 3 3
+1 3 0 3
+3 3
+1 3
+1 3 0 3
+1 9 6
cfi=(43)
cfn=(1706)
calls=1 19 
* 4849819056 1320424155 817354608 1785 127449 2692 688 119635 2260 974302383 77737 19168 28
cfi=(69)
cfn=(1484)
calls=2 +71 
* 50749101146 23134735998 2983641356 32431 411206758 84723649 1603 246501998 84642014 6948542934 1026916 260673 261
+2 3
+1 3
+1 3
fe=(28)

fn=(721)
fi=(12)
1339 20 10 4 0 0 0 0 0 0 2
+1 2 0 2
cfn=(78)
calls=2 +9 
* 224 38 44 0 0 0 0 0 0 42 3
* 4 2 2
+1 8 4
cfi=(2)
cfn=(75)
calls=2 496 
* 70900 19764 7761 664 547 100 664 519 92 11934 860 33 8
fe=(28)
288 31262049 0 0 9 0 0 4
fi=(17)
48 31262049
fi=(54)
-26 62524098 0 31262049
cfi=(17)
cfn=(80)
calls=31262049 +29 
* 562716882 187572294 93786147 0 1 0 0 0 0 125048196 1
fe=(28)
424 31262049
fi=(30)
162 31262049 31262049
fe=(28)
+52 31262049
+75 31262049 0 0 0 0 0 0 0 0 31262049 8
+7 8 0 8
+1 8
fi=(10)
+72 48 0 8 1
cfn=(668)
calls=4 -23 
* 200 48 60 11 4 8 3 2 4 20 11 4 1
cfn=(669)
calls=4 -23 
* 250 67 75 16 7 8 6 2 6 22 12 4 2
fe=(28)
-88 7 0 0 7 0 0 3
+12 31262041
fi=(17)
112 31262041
fi=(54)
-80 62524082 0 31262041
cfi=(17)
cfn=(94)
calls=31262041 +83 
* 750288984 250096328 93786123 0 0 0 0 0 0 218834287
fe=(28)
294 31262041
-12 4506 0 4506
+1 4506
fi=(10)
+35 9012 0 4506
cfi=(2)
cfn=(671)
calls=5 425 
* 85 25 30 1 2 2 1 2 2 5 0 5 1
cfi=(2)
cfn=(670)
calls=4501 425 
* 76517 22505 27006 2 3 2 1 1 0 4501 0 4501 2
fe=(28)
-37 31262048 0 31262048 7 0 0 3
cfn=(1183)
calls=2 +51 
* 513 117 73 9 22 7 9 22 7 78 2
cfn=(1182)
calls=31262046 +51 
* 812814147 250096582 187572413 34 34 17 0 4 12 93786292 18 1 1
* 93795147 0 0 0 0 0 0 0 0 31266551 5
+4 93786135 0 31262045 0 0 1
cfi=(135)
cfn=(1657)
calls=31262045 467 
* 1969508822 593978852 312620487 17 16 6 4 3 2 437668607 14 4 4
* 93786147 0 0 1 0 0 0 0 0 31262049
fi=(135)
474 20 4 4 4 0 1 4 0 1 4
+1 12 8 4 4 0 0 4
-1 12 4 4
+2 8 0 4
+1 4 0 4
+4 8 0 4
cfi=(13)
cfn=(682)
calls=4 1631 
* 96 32 20 12 4 0 12 1 0 16
+1 20 4 4
cfi=(13)
cfn=(1676)
calls=4 1515 
* 6376 728 378 95 64 15 77 33 10 630 98
-6 20 8
-2 8 4
+2 16 0 0 4 0 0 4 0 0 8
-2 8
+2 24 8 0 0 0 0 0 0 0 16 4
+1 8 8
+1 16 0 0 0 0 0 0 0 0 8
+6 12 8 0 1 0 0 1
cfi=(2)
cfn=(75)
calls=4 +12 
* 63852601 14036444 8694471 3098 260565 4412 2447 247296 3887 9820137 115117 36652 51
fi=(13)
1485 31500 9000 9000 0 0 1 0 0 1 4500
+1 4500 4500
-1 9000 4500 4500
fi=(17)
48 4500
fi=(54)
-26 4500 0 4500
cfi=(17)
cfn=(80)
calls=4500 +29 
* 81000 27000 13500 0 0 0 0 0 0 18000
fi=(13)
1499 18000 9000 4500
cfn=(1582)
calls=4500 +23 
* 7765555 899280 479232 13 443 1970 5 179 1850 662987 30522
+1 4500
fi=(17)
112 4500
fi=(54)
-80 9000 4500 4500
cfi=(17)
cfn=(94)
calls=4500 +83 
* 99000 31500 13500 0 0 0 0 0 0 27000 4500
fi=(13)
1501 13500 9000
cfi=(2)
cfn=(75)
calls=4500 496 
* 124139339808 26746763292 16295520404 2151519 526209947 6578014 1989387 500077629 5592577 18818201326 177437160 42210482 24947
fi=(10)
3341 96 16 32 12 0 0 7 0 0 16
+1 32 16 16 12 0 0 7
+2 16 0 0 0 0 0 0 0 0 16
+4 48 0 16
cfn=(494)
calls=16 963 
* 584 80 97 1 0 0 0 0 0 115 15
-83 32 32 0 12 0 0 7
+84 16
fi=(42)
313 16
-8 16
fi=(10)
3265 16 0 16
+1 16 16
fi=(42)
279 16
-13 16
fi=(10)
3266 16 0 16
+85 80 48 0 0 0 0 0 0 0 16
+1 80 48 16 12 0 0 7 0 0 0 0 16
cfn=(716)
calls=16 -17 
* 576 176 80 12 4 0 7 1 0 128 13
+1 120 48 16 0 0 0 0 0 0 16 12
cfi=(2)
cfn=(1490)
calls=8 1719 
* 200 80 64 0 0 6 0 0 4 8
+1 112 32 16 12 0 0 7 0 0 16
cfi=(2)
cfn=(1490)
calls=8 1719 
* 200 80 64 0 0 0 0 0 0 8
-2 16
+3 16 0 0 0 0 0 0 0 0 16
+8 16 0 16 12 0 0 7
cfn=(562)
calls=16 3185 
* 129978 39621 15103 1822 978 233 984 461 154 23488 1733 48 25
+19 34960 6992 6992 1 1 0 1 0 0 6992
+1 13984 6992 0 0 0 0 0 0 0 6992
+3 6992 0 6992
cfn=(1510)
calls=6992 -20 
* 6413471 1561514 1078311 78 17892 76 65 17352 52 1071278 37606 13984 5
fi=(3)
270 3 3 0 0 3 0 0 2
+1 3 3
+1 3
+6 3 3
+1 3 0 3
+1 3 3
+1 3 0 3
+3 3
+1 3
+1 3 0 3
+1 9 6
cfi=(43)
cfn=(1778)
calls=1 19 
* 19829683 4526122 2734829 289 107359 415 287 102031 277 3220116 2647 32 2
cfi=(43)
cfn=(1706)
calls=2 19 
* 8932097 2176533 1472829 1263 26915 1381 893 25478 1320 1476752 35979 18086 25
+2 3
+1 3
+1 3
fi=(4)
1 3 1 0 1
cfi=(6)
cfn=(789)
calls=1 962 
* 35069058 7325285 4484193 1388 126103 2626 655 119599 2251 5118639 76153 18540 20
fe=(28)

fn=(1632) runtime.(*mheap).nextSpanForSweep
100 459702 76617 153234 23 0 0 9 0 0 76617
+1 229851 153234 76617 27 2241 66 10 4
-33 76617 76617
+34 257595 13872 0 0 0 0 0 0 0 81241 20
+1 81224
-9 162448
+10 406120 0 0 24 0 0 10 0 0 81224 14
-2 81224 0 81224
+2 162448
-10 81224
+12 81224 0 0 0 0 0 0 0 0 81224 174
fi=(27)
-37 783350 0 0 23 0 0 9 0 0 78335
fe=(28)
+38 78335 0 78335 0 0 2165 0 0 1
cfi=(29)
cfn=(142)
calls=78335 +34 
* 4451942 770630 307556 142 21823 0 49 10691 0 689551 345
* 78335
fi=(27)
-50 28890 0 0 1 0 0 0 0 0 2889 5
fe=(28)
+52 2889 0 2889 0 0 2
cfi=(29)
cfn=(142)
calls=2889 +32 
* 70458 15018 4620 3 3320 0 0 1765 0 9817 675
* 2889
+2 162448 0 0 22 0 0 9 0 0 81224 73
+3 76600
-40 76600
-6 76600 76600 0 0 1
+7 153200 76600 0 0 1
+44 17
-45 17
-6 34 17
+7 170 0 17 0 0 0 0 0 0 34
+45 68 34
-45 153200 0 0 21 0 0 9 0 0 76600 15918
+36 466
-36 3262 0 466 0 0 0 0 0 0 466
+40 382534 153200 0 22 0 0 9

fn=(1556)
424 17 0 0 17 0 0 8
877 17 17
214 17
877 17 0 0 0 0 0 0 0 0 17 13
+8 17 17
+10 17
fi=(30)
259 17 17
fe=(28)
896 17
fi=(30)
259 17 17
fe=(28)
886 17
+4 17
+1 17 0 0 17 0 0 8
+10 34
-4 17
+1 17
-7 17 0 0 0 0 0 0 0 0 17 4
+10 102 0 17
+1 17 0 17 17 0 0 1
+4 17
fi=(30)
264 34 17 17 0 0 0 0 0 0 17
fe=(28)
909 17 17

fn=(146)
166 464480 77416 77412 18 1 0 8 0 0 77416 40
+1 154824 77412 0 15 1 0 7 0 0 77412 41
+4 77412 77412 0 0 5
+1 464472 0 0 0 0 0 0 0 0 77412 1
+3 77412
-9 77412
fi=(30)
+31 309648 0 77412
fe=(28)
-22 154824 0 0 0 0 0 0 0 0 77412
+1 154824 0 0 16 0 0 7 0 0 77412 31
+1 232236 154824 0 16 0 0 7
-11 16 0 16 4 0 0 4
cfi=(2)
cfn=(783)
calls=1 576 
* 94 38 29 9 1 2 9 1 2 8 2 1 1
cfi=(2)
cfn=(782)
calls=3 576 
* 282 114 87 26 1 4 0 0 0 24 9 3 3
* 16 12 0 4 0 0 1
cfn=(147) runtime.(*activeSweep).end'2
calls=4 * 
* 112 20 8 9 2 0 3 1 0 20 9

fn=(147)
166 24 4 4 0 0 0 0 0 0 4
+1 8 4 0 3 0 0 1 0 0 4 4
+4 4 4 0 0 2 0 0 1
+1 24 0 0 0 0 0 0 0 0 4 1
+3 4
-9 4
fi=(30)
+31 16 0 4
fe=(28)
-22 8 0 0 0 0 0 0 0 0 4
+1 8 0 0 3 0 0 1 0 0 4 4
+1 12 8 0 3 0 0 1

fn=(1250)
231 90 18 18 17 0 0 8 0 0 18
+8 36 0 18 18 0 0 9
cfn=(1182)
calls=18 +93 
* 468 144 108 5 5 0 2 0 0 54 14
* 36 0 0 0 0 0 0 0 0 18
fi=(30)
-77 18 18
fe=(28)
+45 18
+41 36 0 0 0 0 0 0 0 0 18
+8 54 18 18
+1 2466 0 2448
+1 9792 0 2448 18 0 0 9
fi=(27)
57 9792 0 2448
fe=(28)
259 2448 0 2448
cfi=(29)
cfn=(1254)
calls=2448 -28 
* 75465 21987 10872 57 3548 0 30 954 0 15768 427
fi=(27)
69 14688 4896
fe=(28)
260 2448 0 2448
cfi=(29)
cfn=(1254)
calls=2448 -29 
* 57335 17917 7912 44 2590 0 16 705 0 12808 582
-3 7344 4896
fi=(27)
57 2448
fe=(28)
257 4932 0 0 18 0 0 9 0 0 2466 22
+1 2448
fi=(27)
57 14688 0 0 0 0 0 0 0 0 2448 118
fe=(28)
266 36 0 18
cfi=(69)
cfn=(1258)
calls=18 400 
* 3682 902 683 237 49 20 94 5 8 646 83
+2 18 0 18
cfi=(13)
cfn=(1266)
calls=18 2121 
* 1270 394 232 38 7 0 22 2 0 268 41
+1 54 36 0 18 0 0 9

fn=(1572)
470 148386 24731 24731 37 0 1 15 0 1 24731 24
+3 24731 24731
+1 49660 24797 0 0 3 0 0 0 0 24797 38
+4 24731 24731
-8 24731
+9 24731 0 0 0 0 0 0 0 0 24731 34
+3 22273 0 22273
+3 44546 22273 22273 20 0 2548 6 0 9
+1 22273 22273 0 0 143 0 0 136
fi=(13)
365 22273 0 22273
fe=(28)
486 44546 0 0 0 0 0 0 0 0 22273 21098
-1 4916 2458 2458 1 0 10 1 0 4
+1 2458 2458 0 0 309
fi=(13)
365 2458 0 2458
fe=(28)
486 103840 24731 0 0 0 0 0 0 0 27189 22
-16 24731 0 24731
+8 24731 0 24731 0 0 2472
+8 24731 0 24731
+5 49462 24731 0 35 2 0 9 0 0 24731 25
+4 24731 24731 0 0 2027 0 0 16
fi=(30)
287 49462 24731 24731 0 3 0 0 2 0 24731 3
fe=(28)
497 49462 24731 24731
+1 49462 24731 24731 306 4645 0 10 2778
+18 74193 24731 24731 0 3503 104 0 994 11
+1 49462 0 49462
+1 24731
fi=(13)
-48 42
fe=(28)
647 42 42
fi=(13)
545 42 42
1946 84 42
fe=(28)
518 42 0 0 0 0 0 0 0 0 42 14
fi=(13)
1946 49462 24731 0 259 0 0 8
fe=(28)
518 24731 0 0 0 0 0 0 0 0 24731 19
+2 126 42 0 0 42 0 0 15 0 42 9
-42 42
+42 84
+1 84
fi=(13)
-51 42 42
fe=(28)
+51 42
+1 42
fi=(26)
262 42
fi=(13)
2002 126
fe=(28)
478 42 0 0 14 0 0 7
fi=(13)
2002 126
-6 42
fi=(26)
75 42 42
272 84 42 0 0 3 0 0 1
fe=(28)
523 42 0 0 0 0 0 0 0 0 42 1
+31 126 42 0 0 0 0 0 0 0 42
+6 42
fi=(13)
1950 42 0 42
+1 84 42 42
fe=(28)
518 42
-2 24731 0 0 20 0 0 4
+48 24759 14 0 14 0 0 7 0 0 24745 16
+4 98924 49462 0 45 2237 0 18 6 0 49462 156
+30 74193 49462 0 281 0 0 9 0 0 24731 5875
+7 140742 40212 0 251 7169 0 9 4831 0 10053 3
+4 30159 0 0 16 0 0 7
+8 24731 0 0 3 0 0 1
fi=(26)
805 24731 24731
fi=(22)
425 123655 0 24731
fi=(26)
810 50743
+6 52024 0 26012
-6 52024 0 0 0 0 0 0 0 0 26012 347
+6 24731 0 24731
-6 49462 0 0 0 0 0 0 0 0 24731
+5 130060 78036 0 18 4242 0 8 1738
+1 78036 0 0 0 0 0 0 0 0 26012 79
fe=(28)
618 98924 24731 24731 18 0 0 8
+1 49462 0 0 0 0 0 0 0 0 24731
+7 24731 0 24731
+1 24731 0 24731
+1 24731 0 24731 20 0 1522 9 0 292
+1 49462 24731 0 0 0 0 0 0 0 24731 5
+6 49462 24731 24731
+1 74193 24731 24731 18 0 81 9 0 11
cfi=(13)
cfn=(242)
calls=24731 2047 
* 940549 148581 49603 130 4523 2465 26 10 8 173240 27
* 49462 24731 24731
+3 74193 0 24731
cfi=(26)
cfn=(266)
calls=24731 154 
* 148386 74193 24731 17 0 0 6
fi=(13)
365 74193 49462 24731
fe=(28)
643 148386 49462 0 0 0 0 0 0 0 49462
+4 173117 24731 0 21 0 0 7 0 0 49462
+14 49462 24731 24731 0 0 0 0 0 0 24731 1
fi=(13)
545 74193 24731
fe=(28)
663 49462 0 0 0 0 0 0 0 0 24731 98
+2 15600 5200 0 0 0 0 0 0 0 5200 83
470 6554 3277 0 20 0 0 7
665 3277
fi=(13)
545 1923 0 1923 3 0 0 2
fe=(28)
670 1923 0 1923
+1 3846 0 1923
cfi=(19)
cfn=(176)
calls=1923 +93 
* 49998 11538 3846 1 322 0 0 0 0 7692 24
+1 21153 5769 3846 15 249 0 7 22 0 3846
+1 3846 0 1923
cfi=(19)
cfn=(178)
calls=1923 793 
* 28845 9615 3846 0 0 0 0 0 0 5769
+3 7692 5769
fi=(30)
287 3846 1923 1923 0 7 0 0 0 0 1923
fe=(28)
470 3846 1923
fi=(27)
75 1923 1923 0 4 0 0 2
fe=(28)
691 1923 1923
-13 5200 0 0 21 0 0 7 0 0 5200 37
+6 8226 2742 0 0 0 0 0 0 0 2742 26
+6 2538 846 0 0 0 0 0 0 0 846 227
+1 1188 0 0 0 0 0 0 0 0 297 29
fi=(27)
75 2079 0 0 3
fe=(28)
691 297 0 297
cfi=(29)
cfn=(424)
calls=297 74 
* 19307 5665 3743 20 146 18 2 74 2 2683 77 13 5
* 594
+2 2196 0 0 22 0 0 10 0 0 549
fi=(27)
63 3843 0 0 22 0 0 8
fe=(28)
693 549 0 549
cfi=(29)
cfn=(424)
calls=549 74 
* 87837 25182 16802 248 1037 51 62 419 20 13961 768 133 30
* 1098
-7 3792 0 1896 8 0 0 1
cfi=(13)
cfn=(1578)
calls=1896 1484 
* 3617611 449926 251319 1176 4960 2741 122 270 138 320516 14628 1896 219
+1 7584 3792 0 8 0 0 5
470 39062 19531 0 10 0 0 2
696 19531 0 0 0 0 0 0 0 0 19531 10
+2 78124 19531 0 0 0 0 0 0 0 19531 278
+17 3812 1906 0 0 0 0 0 0 0 1906
+4 3812 0 1906 3 0 0 3
cfi=(13)
cfn=(1578)
calls=1906 1484 
* 3609799 459565 257095 1715 16008 7521 34 89 606 323438 16718 1906 553
+4 5718 0 1906
cfi=(19)
cfn=(176)
calls=1906 +41 
* 49556 11436 3812 0 0 0 0 0 0 7624 6
+1 3812 1906 1906 0 553 0 0 1 0 1906
+1 3812 3812 1906 3 0 0 2 0 0 1906
+1 3812 0 1906
cfi=(19)
cfn=(178)
calls=1906 +67 
* 28590 9530 3812 0 0 0 0 0 0 5718
+3 1906
fi=(30)
287 5718 3812 1906 0 0 0 0 0 0 1906
fe=(28)
731 7624 3812
cfn=(1182)
calls=1 369 
* 35010353 7308572 4477569 528 125655 2484 483 119496 2199 5108335 75455 18509 8
+4 70500 0 0 16 0 0 7 0 0 17625
fi=(27)
75 123375
fe=(28)
735 17625 0 17625
cfi=(29)
cfn=(424)
calls=17625 74 
* 832952 248136 159366 52 7176 1990 7 1298 3 106607 98 1 1
+2 83716 41858 0 17 0 0 7
cfn=(1182)
calls=1 369 
* 8957377 2184407 1475610 1613 27170 1404 1262 25538 1327 1481715 36239 18089 33
609 24538 12269
fi=(22)
425 36807
fe=(28)
609 34591 10053 0 21 0 0 9 0 0 12269 456
fi=(22)
425 30159
fe=(28)
609 20106 0 0 23 0 0 9 0 0 10053 132
+1 98152 49076 0 0 301 0 0 142 0 12269 14

fn=(1573)
470 326580 54430 54430 0 0 0 0 0 0 54430
+3 54430 54430 0 0 1
+1 108860 54430 0 0 1 0 0 0 0 54430 1
+4 54430 54430
-8 54430
+9 54430 0 0 0 0 0 0 0 0 54430 2
+3 54430 0 54430
+3 108860 54430 54430 0 1 3 0 0 2
+1 54430 54430
fi=(13)
365 54430 0 54430
fe=(28)
486 326580 54430 0 0 0 0 0 0 0 108860 6886
-16 54430 0 54430
+8 54430 0 54430
+8 54430 0 54430
+5 108860 54430 0 0 1 0 0 0 0 54430 2
+4 54430 54430
fi=(30)
287 108860 54430 54430 0 4 0 0 2 0 54430
fe=(28)
497 108860 54430 54430
+1 108860 54430 54430 1 12007 0 1 12003
+18 163290 54430 54430 0 1826 3 0 1593 1
+1 108860 0 108860
+1 54430
fi=(13)
-48 9
fe=(28)
647 9 9
fi=(13)
545 9 9
1946 18 9
fe=(28)
518 9 0 0 0 0 0 0 0 0 9 3
fi=(13)
1946 108860 54430
fe=(28)
518 54430 0 0 0 0 0 0 0 0 54430 3
+2 27 9 0 0 9 0 0 8 0 9
-42 9
+42 18
+1 18
fi=(13)
-51 9 9
fe=(28)
+51 9
+1 9
fi=(26)
262 9
fi=(13)
2002 27
fe=(28)
478 9 0 0 3 0 0 3
fi=(13)
2002 27
-6 9
fi=(26)
75 9 9
272 18 9 0 0 1 0 0 1
fe=(28)
523 9 0 0 0 0 0 0 0 0 9
+31 27 9 0 0 0 0 0 0 0 9
+6 9
fi=(13)
1950 9 0 9
+1 18 9 9
fe=(28)
518 9
-2 54430
+48 54436 3 0 3 0 0 3 0 0 54433 3
+4 217720 108860 0 1 7 0 1 3 0 108860 5
+30 163290 108860 0 0 0 0 0 0 0 54430 8928
+7 279622 79892 0 0 7879 0 0 7858 0 19973
+4 59919
+8 54430
fi=(26)
805 54430 54430
fi=(22)
425 272150 0 54430 0 0 1 0 0 1
fi=(26)
810 109064
+6 109268 0 54634
-6 109268 0 0 0 0 0 0 0 0 54634 48
+6 54430 0 54430
-6 108860 0 0 0 0 0 0 0 0 54430
+5 273170 163902 0 0 7539 0 0 7534
+1 163902 0 0 0 0 0 0 0 0 54634 5
fe=(28)
618 217720 54430 54430
+1 108860 0 0 0 0 0 0 0 0 54430
+7 54430 0 54430
+1 54430 0 54430
+1 54430 0 54430 0 0 563 0 0 424
+1 108860 54430 0 0 0 0 0 0 0 54430
+6 108860 54430 54430
+1 163290 54430 54430 0 0 3 0 0 2
cfi=(13)
cfn=(242)
calls=54430 2047 
* 2077980 326939 117306 41 41 1051 41 6 1035 389445 26
* 108860 54430 54430 0 1 1
+3 163290 0 54430
cfi=(26)
cfn=(266)
calls=54430 154 
* 326580 163290 54430 0 1
fi=(13)
365 163290 108860 54430
fe=(28)
643 326580 108860 0 0 0 0 0 0 0 108860
+4 381010 54430 0 0 0 0 0 0 0 108860
+14 108860 54430 54430 0 0 0 0 0 0 54430
fi=(13)
545 163290 54430
fe=(28)
663 108860 0 0 0 0 0 0 0 0 54430 8
+2 342 114 0 0 0 0 0 0 0 114
470 228 114 0 2 0 0 2
665 114
+13 114 0 0 2 0 0 2 0 0 114
+6 342 114 0 0 0 0 0 0 0 114
+6 342 114 0 0 0 0 0 0 0 114 16
+1 36 0 0 0 0 0 0 0 0 9 6
fi=(27)
75 63
fe=(28)
691 9 0 9
cfi=(29)
cfn=(425)
calls=6 74 
* 626 160 158 1 6 2 1 6 1 88 6 4 1
cfi=(29)
cfn=(424)
calls=3 74 
* 331 100 57 0 6 0 0 6 0 54 2
* 18
+2 420 0 0 2 0 0 2 0 0 105
fi=(27)
63 735 0 0 2 0 0 2
fe=(28)
693 105 0 105
cfi=(29)
cfn=(425)
calls=71 74 
* 7785 2185 1627 0 60 4 0 54 0 1193 78 23
cfi=(29)
cfn=(424)
calls=34 74 
* 3783 1143 651 0 50 0 0 41 0 618 38
* 210
470 108632 54316 0 1 1 0 1
696 54316 0 0 0 0 0 0 0 0 54316
+2 217264 54316 0 0 0 0 0 0 0 54316 2385
+17 8998 4499 0 0 0 0 0 0 0 4499
+4 8998 0 4499
cfi=(13)
cfn=(1579)
calls=4499 1484 
* 188958 49489 67485 0 1 0 0 0 0 22495 0 4499 1
+4 13497 0 4499
cfi=(19)
cfn=(176)
calls=4499 +41 
* 116974 26994 8998 0 0 0 0 0 0 17996
+1 8998 4499 4499 0 1 0 0 0 0 4499
+1 8998 8998 4499 0 0 0 0 0 0 4499
+1 8998 0 4499
cfi=(19)
cfn=(178)
calls=4499 +67 
* 67485 22495 8998 0 0 0 0 0 0 13497
+3 4499
fi=(30)
287 13497 8998 4499 0 0 0 0 0 0 4499
fe=(28)
731 17996 8998
cfn=(1183)
calls=4499 369 
* 124104014455 26739337720 16290993335 2150991 526084290 6575530 1988904 499958133 5590378 18813047991 177361705 42191973 24939
+4 199268 0 0 1 0 0 1 0 0 49817
fi=(27)
75 348719
fe=(28)
735 49817 0 49817
cfi=(29)
cfn=(425)
calls=47366 74 
* 2235123 665840 427715 4 5944 1 4 159 1 285883 101 1
cfi=(29)
cfn=(424)
calls=2451 74 
* 115758 34478 22160 3 329 5 0 28 4 14809 16 1 1
+2 199724 99862 0 0 1
cfn=(1183)
calls=29 369 
* 40505009 9243431 5564192 7053 224710 1911 7001 213198 1403 6570682 11629 536 38
609 3998 1999
fi=(22)
425 5997
fe=(28)
609 23971 19973 0 0 0 0 0 0 0 1999 84
fi=(22)
425 59919
fe=(28)
609 39946 0 0 0 0 0 0 0 0 19973 22
+1 15992 7996 0 0 44 0 0 43 0 1999

fn=(1638)
315 399945 79989 79989 279 1 0 9 0 0 79989 219
+1 159978 79989 0 0 1 0 0 0 0 79989 16
+4 399945 159978 0 39 5530 0 8 2409 0 79989 61
+4 474360 0 79060 0 0 0 0 0 0 79060 35
+3 395300 158120
-6 4645 1858 0 11 0 0 6

fn=(1182)
332 156415690 31283138 31283138 14896 0 0 8 0 0 31283138 1
+1 62566276 31283138 31283138 724 0 17 9 0 6
+4 31283138 0 31283138
154 31283138
fi=(30)
+8 31283138 31283138 0 0 2524 0 0 3
fe=(28)
-7 125132552 0 0 0 0 0 0 0 0 31283138 47
+3 21048
-3 21048
fi=(30)
+42 105240 0 21048
fe=(28)
-39 21048 0 0 0 0 0 0 0 0 21048
+1 21048 21048 0 0 2169 0 0 2
-4 21048
341 21048
156 31262090 31262090 0 9 5 0 5 1
fi=(30)
+6 31262090
fe=(28)
341 62524180 0 62524180 0 0 1 0 0 1
+1 31262090 0 0 0 0 0 0 0 0 31262090 4
-1 42096 0 42096 37 0 60 5
+1 21048 0 0 0 0 0 0 0 0 21048 4
+1 93786270 62524180 31262090
+1 125048360 62524180
+7 66549 0 22183 19 0 2174 7 0 6
cfn=(1632)
calls=22183 100 
* 2626974 425698 211517 285 19300 2232 94 4486 0 381589 1510
+1 44366 0 0 0 0 0 0 0 0 22183 2
fi=(13)
+13 22170 22170 0 0 22055 0 0 14650
fe=(28)
-9 44340 0 0 0 0 0 0 0 0 22170 56
+4 836 418 0 0 1 0 0 0 0 209 4
+6 65883 0 21961
cfn=(1638)
calls=21961 -51 
* 499547 131766 42996 316 1161 0 13 679 0 86918 62
* 65883 0 21961 0 0 0 0 0 0 21961 4
+2 42070 21035 21035 20 19493 0 8 13424
+1 63105 0 21035
cfn=(1572)
calls=21035 470 
* 10420180 2050353 1193221 3684 53984 20754 163 11985 983 1330698 50226 2724 769
* 42070 0 0 0 0 0 0 0 0 21035 276
+4 2650
fi=(30)
-23 10600 5300 2650 0 0 0 0 0 0 2650 4
fe=(28)
+30 21035
+34 18385
-34 18385
+34 2650
-34 2650
195 13
fi=(30)
-33 13 13
fe=(28)
+34 52 0 0 0 0 0 0 0 0 13
+3 26
-3 13
fi=(30)
+1 78 0 13
fe=(28)
+2 13 0 0 0 0 0 0 0 0 13
-3 13
353 26
+32 13 0 13
+29 13 0 13
-31 52 26 13
cfn=(146)
calls=13 166 
* 364 65 26 0 0 0 0 0 0 65 14
+2 21035 0 21035 20 0 0 8
+29 21035 0 21035
-31 84140 42070 21035 21 0 0 8
cfn=(146)
calls=21035 166 
* 588980 105175 42070 5 0 0 1 0 0 105175 16
+2 63144 21048 0 0 0 0 0 0 0 21048 19
+16 39 13 0 0 3 0 0 0 0 13 2
+9 13
fi=(69)
-16 13
fi=(30)
178 39 13 13 0 13 0 0 4 0 13
fe=(28)
413 39 26 13
+1 52 39
-1 63105 42070 21035 20 0 0 8
+1 84140 63105
cfn=(721)
calls=2 281 
* 43967627 9492951 5953166 2141 152825 3888 1745 145034 3526 6590035 111694 36598 41

fn=(1183)
332 272185 54437 54437 6 0 0 3 0 0 54437
+1 108874 54437 54437 6 0 4 3 0 4
+4 54437 0 54437
154 54437
fi=(30)
+8 54437 54437 0 0 5 0 0 3
fe=(28)
-7 217748 0 0 0 0 0 0 0 0 54437 3
+3 54434
-3 54434
fi=(30)
+42 272170 0 54434
fe=(28)
-39 54434 0 0 0 0 0 0 0 0 54434
+1 54434 54434 0 0 1 0 0 1
-4 54434
341 54434
156 3 3 0 3 1 0 2 1
fi=(30)
+6 3
fe=(28)
341 6 0 6
+1 3 0 0 0 0 0 0 0 0 3
-1 108868 0 108868 2 0 1 2 0 1
+1 54434 0 0 0 0 0 0 0 0 54434
+1 9 6 3
+1 12 6
+7 163302 0 54434 1 0 1 1 0 1
cfn=(1632)
calls=54434 100 
* 6035007 986741 493441 23 8086 1 20 7974 1 877633 15714
+1 108868 0 0 0 0 0 0 0 0 54434
fi=(13)
+13 54430 54430 0 0 53506 0 0 53481
fe=(28)
-9 108860 0 0 0 0 0 0 0 0 54430 2
+10 163290 0 54430
cfn=(1638)
calls=54430 -51 
* 1251890 326580 108860 2 783 0 2 781 0 217720 4
* 163290 0 54430 0 0 0 0 0 0 54430
+2 108860 54430 54430 1 53032 0 1 52585
+1 163290 0 54430
cfn=(1573)
calls=54430 470 
* 13233962 3418191 2161421 67 35761 1637 64 29345 1471 2174384 18674 4528 3
* 108860 0 0 0 0 0 0 0 0 54430 2379
+4 4499
fi=(30)
-23 17996 8998 4499 0 0 0 0 0 0 4499
fe=(28)
+30 54430
+34 49931
-34 49931
+34 4499
-34 4499
195 4
fi=(30)
-33 4 4
fe=(28)
+34 16 0 0 0 0 0 0 0 0 4
+3 8
-3 4
fi=(30)
+1 24 0 4
fe=(28)
+2 4 0 0 0 0 0 0 0 0 4
-3 4
353 8
+32 4 0 4
+29 4 0 4
-31 16 8 4
cfn=(146)
calls=4 166 
* 112 20 8 0 0 0 0 0 0 20 7
+2 54430 0 54430 1 0 0 1
+29 54430 0 54430
-31 217720 108860 54430 1 0 0 1
cfn=(146)
calls=54430 166 
* 1524040 272150 108860 4 2 0 4 0 0 272150
+2 163302 54434 0 0 0 0 0 0 0 54434 2
+16 12 4 0 0 0 0 0 0 0 4
+9 4
fi=(69)
-16 4
fi=(30)
178 12 4 4 0 4 0 0 3 0 4
fe=(28)
413 12 8 4
+1 16 12
-1 163290 108860 54430 1 0 0 1
+1 217720 163290 0 0 2
cfi=(35)
cfn=(1179)
calls=25 602 
* 20566184 4687017 2817324 5804 116545 1358 5754 110404 1000 3332224 7695 450 25
cfi=(35)
cfn=(1178)
calls=1 602 
* 19828735 4525887 2734664 246 107335 403 244 102007 265 3219972 2625 31 1
cfn=(721)
calls=4502 281 
* 124103880178 26739300385 16290973872 2151987 526085120 6575680 1989900 499958920 5590516 18813030282 177363013 42192028 24951

fl=(47)
fn=(364)
27 18 0 18 9 0 9 6 0 6
+1 18 0 18
+1 18 0 18
+1 18
+2 18 0 18
+1 18 0 18 9 0 9 6 0 6
+1 18 0 18
+1 18 0 18
+1 18
+2 18 0 18
+1 18 0 18 0 0 9 0 0 5
+1 18 0 18
+1 18 0 18
+1 18
+2 18 0 18
+1 18 0 18 0 0 9 0 0 5
+1 18 0 18
+1 18 0 18
+1 18 0 0 9 0 0 6
+2 18 0 18
+1 18 0 18 0 0 9 0 0 5
+1 18 0 18
+1 18 0 18
+1 18
+2 18 0 18
+1 18 0 18 0 0 9 0 0 5
+1 18 0 18
+1 18 0 18
+1 18
+2 18 0 18
+1 18 0 18 0 0 9 0 0 5
+1 18 0 18
+1 18 0 18 9 0 0 5
+1 18
+2 18 0 18
+1 18 0 18 0 0 9 0 0 5
+1 18 0 18
+1 18 0 18
+1 18
+2 18 0 18
+1 18 0 18 0 0 9 0 0 5
+1 18 0 18
+1 18 0 18
+1 18
+2 18 0 18
+1 18 0 18 0 0 9 0 0 5
+1 18 0 18 9 0 0 5
+1 18 0 18
+1 18
+2 18 0 18
+1 18 0 18 0 0 9 0 0 5
+1 18 0 18
+1 18 0 18
+1 18
+2 18 0 18
+1 18 0 18 0 0 9 0 0 5
+1 18 0 18
+1 18 0 18
+1 18
+2 18 0 18
-27 378 0 378 29 0 0 5
+1 378
+2 378 0 378
+1 378 0 378 0 0 31
+1 378 0 378
+1 378 0 378
+1 378
+2 378 0 378
+1 378 0 378 0 0 14
+1 378 0 378 278 0 0 5
+1 378 0 378
+1 378
+2 378 0 378
+1 378 0 378 0 0 3
+1 378 0 378
+1 378 0 378
+1 378
+2 378 0 378
+1 378 0 378
+1 378 0 378
+1 378 0 378
+1 378
+2 378 0 378
+1 378 0 378 278 0 0 5
+1 378 0 378
+1 378 0 378
+1 378
+2 378 378
-28 1 0 1 1
+1 1 0 1
+1 1
+2 1 0 1 0 0 1
+1 1 0 1
+1 1 0 1 1
+1 1 0 1
+1 1
+2 1 0 1
+1 1 0 1
+1 1 0 1
+1 1 0 1
+1 1
+2 1 0 1
+1 1 0 1
+1 1 0 1
+1 1 0 1
+1 1
+2 1 0 1
+1 1 0 1 1
+1 1 0 1
+1 1 0 1
+1 1
+2 1 1
-27 1 0 1 1 0 0 1
+1 1
+2 1 0 1
+1 1 0 1
+1 1 0 1 1 0 0 1
+1 1 0 1
+1 1
+2 1 0 1
+1 1 0 1
+1 1 0 1
+1 1 0 1
+1 1
+2 1 0 1
+1 1 0 1
+1 1 0 1
+1 1 0 1
+1 1
+2 1 0 1
+1 1 0 1 1 0 0 1
+1 1 0 1
+1 1 0 1
+1 1
+2 1 1
-24 379 0 379 0 0 34
+1 379 0 379
+1 379 0 379
+1 379 0 379 0 0 34
+1 379
+2 379 0 379
+1 379 0 379
+1 379 0 379
+1 379 0 379 0 0 34
+1 379
+2 379 0 379
+1 379 0 379
+1 379 0 379
+1 379 0 379 0 0 34
+1 379
+2 379 0 379
+1 379 0 379
+1 379 0 379
+1 379 0 379 0 0 34
+1 379
+2 379 379
-9 379 0 379
+1 379
+2 379 0 379
+1 379 0 379
+1 379 0 379
+1 379 0 379
+1 379
+2 379 379
-5 18 0 18 9 0 9 5 0 5
+1 18 0 18
+1 18 0 18
+1 18
+2 18 18

fl=(26)
fn=(262) runtime.heapBits.forward
490 234230 0 140538 71 0 4 8 0 3
+1 93692
+1 187384
+1 46846
+1 140538 0 0 0 0 0 0 0 0 46846 120
+6 208
+1 416 0 0 14 0 0 12
+2 936 208 0 0 0 0 0 0 0 312 7
+2 198
+1 208
+4 624 208
-15 46742 0 0 52 0 0 9
+1 233710 93484

fn=(266)
154 81139 81139 0 39 0 0 11
+6 81139 81139 0 0 904 0 0 154
+4 81139
fi=(13)
1996 81139
fe=(26)
164 81139 0 81139
+1 81139 81139

fn=(346) runtime.runGCProg
1613 16 0 4 1 0 0 1
+12 2
+18 304
+7 152
-25 152
+18 154 154 0 0 4 0 0 4
+1 154
+1 308
97 154 0 0 1 0 0 1
1646 308 0 0 0 0 0 0 0 0 154 5
+2 296 0 0 0 0 0 0 0 0 148 10
+2 4 0 0 0 0 0 0 0 0 2 2
+7 292
+1 146
+27 12 0 0 0 0 0 0 0 0 6 6
1878 24 0 6 1 0 0 1
1706 6
+11 12 0 0 0 0 0 0 0 0 6
+6 12 0 0 0 0 0 0 0 0 6
+1 6
110 12 6
1625 6
1881 6
1725 6
1625 122
1878 122
1625 674 0 0 1 0 0 1 0 0 276 30
+1 244 0 0 0 0 0 0 0 0 122
+1 122 0 122 0 0 3 0 0 3
+1 122
+1 122
97 122
1629 122
1869 4 0 0 1 0 0 1 0 0 2
+1 6
+1 8 0 0 1 0 0 1
+1 2
1698 3
110 3
1701 6
-2 3 3
+1 3
+1 18
97 3
1702 6 0 0 0 0 0 0 0 0 3
-1 12
-2 6 6
+1 6
+1 36 0 0 1 0 0 1
97 6
1702 18 0 0 0 0 0 0 0 0 6 4
+43 12 0 0 1 0 0 1 0 0 6
+1 18
1625 6
1746 18
+1 6
+4 12 0 0 0 0 0 0 0 0 6
+7 12 0 0 0 0 0 0 0 0 6 2
+27 6 0 0 1 0 0 1
-23 6
+23 12
+1 6
+22 6
-23 24 0 0 0 0 0 0 0 0 12 4
+1 12
-1 6
+1 30 0 0 1 0 0 1
+1 6
-64 6
+65 6 0 0 0 0 0 0 0 0 6 2
+18 12 0 0 0 0 0 0 0 0 6 2
1625 6 0 0 1 0 0 1
+25 6
1878 6
+3 6
1643 6
1811 6
-21 1260 0 1260 0 0 19 0 0 19
+1 1260
+1 1260
+1 1260
97 1260
1789 2538 0 0 1 0 0 1 0 0 1266 18
-64 18 0 0 1 0 0 1 0 0 6
-67 2109
97 2109
1878 2109
1658 4510 0 0 1 0 0 1 0 0 2255 147
+1 2109 2109 0 0 30 0 0 30
1878 2109
1659 6327
+1 2109
+1 4218 0 0 0 0 0 0 0 0 2109
+1 2109 0 2109 0 0 32 0 0 32
+1 2109
+1 2109
97 2109
1664 2109
+12 438 0 0 1 0 0 1 0 0 146 1
+1 145 145 0 0 4 0 0 4
1878 145
1677 435 0 0 1 0 0 1
+1 145
+1 145
97 145
1679 145
1878 2
1650 1
-7 2
+38 1
1878 145
1650 145
-7 290
+38 145
1887 8 4
-14 1 0 1
-1 1
+2 1
+1 1
97 1
1872 8 0 0 1 0 0 1 0 0 3 1

fn=(970)
391 423954 0 141318 20 0 49 10
fi=(13)
639 141318
fe=(26)
392 141318
fi=(13)
565 282636
+77 282636 0 0 21 0 0 11 0 0 141318 147
+9 141318 141318 0 0 67 0 0 6
+4 282636 141318 0 0 356 0 0 37
+1 282636 0 0 0 0 0 0 0 0 141318 1335
+3 433572 108393 0 0 95598 0 0 52839
fe=(26)
396 108393
-4 207168 0 32925 0 0 6
+3 65850 0 0 16 0 0 5 0 0 32925 24
-3 216786 0 108393 0 0 5
+3 216786 0 0 9 0 0 6 0 0 108393
fi=(13)
-30 108393 108393 0 0 97122 0 0 48110
fe=(26)
+43 216786 0 0 0 0 0 0 0 0 108393 279
fi=(13)
+62 108339 108339 0 0 96509 0 0 48393
fe=(26)
-62 541695 108339 0 0 23478 0 0 11886 0 216678 635
+2 108 0 0 0 0 0 0 0 0 54 2
+1 324 108
+10 108339 0 0 45 0 0 12
+1 108339 108339
252 108339
-10 325017 108339 0 112 1721 0 6 630
422 216678
+1 433356 216678
-27 98775 0 0 32 0 0 5 0 0 32925 105
+6 197550 65850 0 38 0 0 11

fn=(134)
171 32015 6403 6403 25 0 2 7 0 2 6403 8
+1 6403 6403
+1 6403 6403
+1 12806 0 0 0 0 0 0 0 0 6403 2213
+3 4425 0 0 0 0 0 0 0 0 4425
-4 4425 0 4425
-2 4425 0 4425
+10 4425 4425
+2 13275
+1 4425
-9 7912 3956 0 29 0 0 7
+9 8850 0 0 38 0 0 7 0 0 4425 10
+15 4425
+1 8850 0 0 0 0 0 0 0 0 4425 4
+5 13846 1978 1978 43 0 0 7
+1 5934
+2 3956 0 0 0 0 0 0 0 0 1978 17
+9 1978 0 1978 70 0 0 7
+1 7912 3956
-17 2447 0 2447 2
+1 9788 4894

fn=(280)
844 966 161 161 23 0 0 8 0 0 161 11
+17 322 0 0 0 0 0 0 0 0 161 18
326 294 147 0 0 3 0 0 1
-1 147
fi=(13)
565 441 0 0 21 0 0 7
fe=(26)
326 588 147 0 0 5 0 0 1 0 147
+4 294 0 0 0 0 0 0 0 0 147 29
+5 588
+1 441
+2 147 0 0 26 0 0 7
fi=(13)
565 147
fe=(26)
878 147
+1 294 147 0 0 33 0 0 24
+8 294 0 0 0 0 0 0 0 0 147 20
+37 218 0 0 0 0 0 0 0 0 109 2
-46 107
998 107
878 107
998 107 0 0 23 0 0 7
878 107
fi=(13)
565 321
fe=(26)
998 214 0 0 0 0 0 0 0 0 107 2
844 107 0 107 0 0 1
fi=(13)
565 107 0 107
fe=(26)
998 107 0 107
844 107 0 107
fi=(13)
565 107 0 107 36 0 0 7
fe=(26)
1032 321 107 0 0 0 0 0 0 0 107 11
+52 349 107 28 0 0 0 0 0 0 107 25
+5 112 28 0 0 0 0 0 0 0 28
844 28 0 28
+35 28
1101 56 0 28 17 0 0 6
+1 28
+11 56 0 28
1286 28
1101 28
879 158 0 0 10 0 0 6
1257 158 0 79
+19 158 0 79 0 0 2
+1 158 0 79
+9 79
1084 79 0 0 14 0 0 6
925 2 2 0 2 2 0 1 1
+17 4 2 0 0 0 0 0 0 0 2 2
+11 2
+2 6
+2 4
+2 10
+4 2
+4 4 0 0 0 0 0 0 0 0 2
-3 4 0 0 2 0 0 1 0 0 2
+1 4 2
+1 8 0 2
+21 6 4 0 1 0 0 1
-99 76 38 0 1 0 0 0 0 0 38 3
+16 9 1 1 1 1
+2 3 2
+12 148 37 0 3 0 0 1
+4 37
-1 37
+1 37
-6 37 37 0 0 4 0 0 1
+1 37
+1 222 0 0 1
+3 259 37
+1 148 0 37
+1 111 74
-48 42 28 0 10 0 0 7
1344 107 0 0 15 0 0 2 0 0 107 27
1484 321 214 0 10 0 0 7
1140 214 0 0 28 0 0 7 0 0 107 11
fi=(13)
565 79
fe=(26)
1141 79 79 0 0 16 0 0 9
+1 79
97 79 0 0 5 0 0 2
1084 79
336 79 0 79
1220 158 0 79
335 158 79
1143 79
-59 28 0 0 13 0 0 5
1214 28 28
+6 28 0 28
998 28 28
1146 107 0 0 0 0 0 0 0 0 107 6
+2 237 79 0 8 0 0 2
+5 84 0 0 9 0 0 5 0 0 28
+61 28
-61 168 28
335 28 28
1187 28
-32 321 0 0 0 0 0 0 0 0 107
+16 214 0 0 12 0 0 7 0 0 107 22
+16 194
+1 97
+1 196 0 0 0 0 0 0 0 0 97 7
+1 1
+2 96 0 96 0 0 12 0 0 6
+1 96
+1 96
+1 192 96
97 288
1195 96 0 0 14 0 0 7
+2 20 0 0 0 0 0 0 0 0 10
+17 30
+1 20
+2 10
-1 10
+6 10
998 10
1221 20 10 0 0 6 0 0 4
+1 20 0 10
+1 10
97 10
1224 10
-8 10 0 0 0 0 0 0 0 0 10 3
+3 10
+1 30 10
1339 10
-99 10
998 10 10
1240 10
+1 20 10
-1 96 0 0 11 0 0 7
+1 192 96 0 19 0 0 7
+59 22028 0 22028
+1 22028
+1 44056 22028
97 22028
1302 22028
998 22028
1249 22028
998 22028 22028
1247 44056 0 22028
+1 22028
+1 66084 0 0 0 0 0 0 0 0 22028 58
-2 212 0 106
+1 106 0 0 20 0 0 7
+1 22385 0 22067 0 0 1 0 0 0 106 11
+3 22067 0 22067
+1 22067
+1 44134 22067
+3 66201 22067 0 0 0 0 0 0 0 22067 6
+5 4944 0 0 0 0 0 0 0 0 2472 2
+1 9888 2472 0 4 3 0 2 2
97 2472
1297 2472 2472
998 2472 2472
1264 2472
+8 39190 0 0 14 0 0 5 0 0 19595 6
+3 39190 0 0 16 0 0 5 0 0 19595 2766
+1 8253
+1 5502 2751
+20 2751 2751
-21 2751 2751
998 2751
1279 2751
+16 5502 0 2751
+1 2751
+1 8253 0 0 0 0 0 0 0 0 2751 9
-18 16844
+16 33688 0 16844
+1 16844 0 0 14 0 0 5
+1 50532 0 0 0 0 0 0 0 0 16844 17
-2 4944 0 2472 9 0 0 2
+1 2472 0 0 6 0 0 2
+1 7416 0 0 0 0 0 0 0 0 2472 69
97 39
1307 39
998 39 39
1307 39
+32 39
998 39 39
1307 145 0 0 1 0 0 0 0 0 39 14
+32 67
998 67 67
1307 136 0 0 0 0 0 0 0 0 68 16
+4 890 0 0 12 0 0 2
+1 445
+8 18 0 0 6 0 0 5
-4 36
+4 36 0 0 0 0 0 0 0 0 18
-4 178
+4 178 0 0 0 0 0 0 0 0 89 5
+1 101 0 101 0 0 3 0 0 2
+1 101
+2 101
97 101 0 0 21 0 0 7
1324 101
+14 321 0 0 1 0 0 0 0 0 107 33
+1 28 7 7
998 14
1339 7
998 100
1338 100
-13 918 0 918 0 0 2
-1 918
+2 918
97 918
1324 2038 0 0 0 0 0 0 0 0 1019 94
+15 101 0 0 21 0 0 7
-1 202
-14 101
-67 28 0 28
+20 28 0 28
1084 28 28
1286 28
1140 28
+80 28 28
-83 28
-35 74 0 0 24 0 0 6
-1 37
+1 222 74 0 22 24 0 6 10
+1 37
97 37
1084 37 37
-86 74 37
1101 37 0 37
+12 37 0 37
335 37 37
-9 37 37
1101 195 65 0 19 0 0 6 0 0 65 10
+4 56
+10 112 28 0 0 0 0 0 0 0 28
-10 28
+10 28
998 28 28
1286 56
-66 28 0 28
+56 84 0 28
1124 129 0 129 17 0 0 6
-7 774 129
+1 129
335 129 129
1084 129 129
+32 314 0 0 16 0 0 6 0 0 157 64
+7 56 0 0 0 0 0 0 0 0 28
-18 28
+18 280 28 28 15 0 0 6
+1 56
844 28
1124 196
-40 56 28
335 28 28
1126 28

fn=(344) runtime.progToPointerMask
1580 12 2 4 1 0 0 1 0 0 2
+1 8 0 2
+1 12 0 4 1 0 0 1
cfi=(12)
cfn=(72)
calls=2 1337 
* 442 118 92 2 0 0 0 0 0 72 3 2 1
* 8 2 0 0 0 0 0 0 0 2
+1 6 2 0 0 0 0 0 0 0 2 2
-1 2 0 2
+1 2 0 2 0 0 2 0 0 2
+1 12 2 2 1 0 0 1
cfn=(346)
calls=2 +29 
* 54328 2427 3502 17 38 54 17 38 54 6558 234
+1 10 6 0 0 0 0 0 0 0 2
+3 6 4

fn=(258)
774 327243 46749 140247 1785 30 0 18 0 0 46749 1104
+2 140247 46749
+1 140247 0 0 0 0 0 0 0 0 46749 1
+3 93498 0 0 0 0 0 0 0 0 46749
+3 140247 46749 46749
+1 46749
+13 140538 93692
-14 46846 46846
+2 187384 187384
-1 234036 0 46846 162 0 0 10 0 0 93595 156
+1 140538 0 93692 0 0 3 0 0 2
cfn=(260) runtime.heapBits.forwardOrBoundary
calls=46846 516 
* 2016344 281284 374768 206 0 4926 45 0 11 94004 139
* 234230 0 234230 47 0 0 8
+1 93692
-3 93692 46846
+4 46846 0 0 0 0 0 0 0 0 46846 32
+2 6 2
+5 140532 46844 46844
cfi=(33)
cfn=(264)
calls=46844 18 
* 28688800 140388 26564448 1837 7003 3462956 45 0 3459464 26976980 48465
* 46844
+5 140247 93498
-9 512 0 512 0 0 8 0 0 8
-1 512
+2 512
97 512
789 1030 0 0 2 0 0 1 0 0 514 13

fn=(260)
516 327922 46846 140538 34 0 0 8 0 0 46846 12
+1 234230
+1 46846
+3 234230 0 93692 35 0 4922 8 0 8
cfn=(262)
calls=46846 -31 
* 985732 93900 140538 137 0 4 29 0 3 47158 127
* 46846 46846
-3 140538 93692

fl=(31)
fn=(170)
39 317 0 0 37 0 0 13
+1 317
+1 317
+13 317
+1 317 0 0 0 0 0 0 0 0 317 45
-1 2
+1 2 0 0 0 0 0 0 0 0 2
+1 294
+1 294 0 0 0 0 0 0 0 0 294 15
+1 261
+1 261 0 0 0 0 0 0 0 0 261 9
+1 253 0 0 0 0 0 0 0 0 253 6
+1 250
+1 250 0 0 0 0 0 0 0 0 250 9
+1 241 0 0 0 0 0 0 0 0 241 29
+1 209
+1 209 0 0 49 0 0 13 0 0 209 43
+1 166
+1 166 0 0 0 0 0 0 0 0 166 37
+1 128
+1 128 0 0 0 0 0 0 0 0 128 54
+1 74
+1 74 0 0 0 0 0 0 0 0 74 32
+1 33
+1 33 0 0 0 0 0 0 0 0 33 25
+2 10 10
+1 10 0 0 10 0 0 7 0 0 10 2
+5 2
+1 2 0 0 0 0 0 0 0 0 2 2
+6 2
+1 2 0 0 0 0 0 0 0 0 2 2
+29 2 0 0 1 0 0 1
+1 2
+1 2
+1 2 0 0 0 0 0 0 0 0 2 2
+28 33 33 0 9 0 0 5
+1 33 33
+1 33 0 33
+1 33 0 33
+1 33 33
+2 25 25 0 12 0 0 7
+2 3 3
+1 3 0 3
+1 3 3
+2 8 8 0 3
+1 8 8
+1 8 0 8 0 0 3
+1 8 0 8
+1 8 8
+2 9 9 0 0 1
+1 9 9
+1 9 0 9 0 0 3 0 0 2
+1 9 0 9
+1 9 9
+3 32 32 0 18 2 0 4
+1 32 0 32 0 0 2 0 0 1
+1 32 32
+2 43 43 0 6 2 0 1 1
+1 43 43
+1 43 0 43 0 0 2 0 0 2
+1 43 0 43
+1 43 43 0 7 0 0 5
+2 38 38 0 5 1 0 3
+1 38 38
+1 38 0 38 0 0 15 0 0 13
+1 38 0 38 0 0 2 0 0 2
+1 38 38
+2 54 54 0 23 2 0 3 1
+1 54 54
+1 54 54
+1 54 54
+1 54 0 54 0 0 14 0 0 14
+1 54 0 54 0 0 3 0 0 3
+1 54 0 54
+1 54 0 54 0 0 2 0 0 2
+1 54 54 0 4 0 0 1
+2 41 41 0 19 19 0 9
+1 41 41
+1 41 41
+1 41 41
+1 41 41 0 0 1
+1 41 41
+1 41 41
+1 41 41
+1 41 0 41 0 0 5 0 0 4
+1 41 0 41 0 0 1 0 0 1
+1 41 0 41 0 0 33 0 0 19
+1 41 0 41 0 0 1 0 0 1
+1 41 0 41 18 0 2 6 0 2
+1 41 0 41
+1 41 0 41 0 0 1 0 0 1
+1 41 0 41 0 0 1 0 0 1
+1 41 41
+2 23 23 0 13 19 0 3
+1 23 23 0 0 18
+1 23 23
+1 23 23
+1 23 23
+1 23 23 0 0 18
+1 23 23
+1 23 23
+1 23 23 0 20 0 0 9
+1 23 23
+1 23 23
+1 23 23
+1 23 23 0 0 16
+1 23 23
+1 23 23
+1 23 23
+1 23 0 23 0 0 5 0 0 5
+1 23 0 23
+1 23 0 23 20 0 18 9 0 2
+1 23 0 23
+1 23 0 23 0 0 5 0 0 5
+1 23 0 23
+1 23 0 23 0 0 18 0 0 11
+1 23 0 23
+1 23 0 23 0 0 1 0 0 1
+1 23 0 23 0 0 1 0 0 1
+1 23 0 23
+1 23 0 23
+1 23 0 23 19 0 2 9 0 2
+1 23 0 23 0 0 17 0 0 10
+1 23 0 23 0 0 2 0 0 2
+1 23 0 23
+2 23
+1 23 23
+2 7
+1 7 7 0 0 1
+1 7 7
+1 7 7
+1 7 7
+1 7 7
+1 7 7
+1 7 7 0 1 0 0 1
+1 7 7
+1 7 7
+1 7 7
+1 7 7
+1 7 7
+1 7 7
+1 7 7
+1 7 7 0 1 0 0 1
+1 7 7
+1 7 0 7 0 0 7 0 0 7
+1 7 0 7
+1 7 0 7
+1 7 0 7
+1 7 0 7 0 0 7 0 0 7
+1 7 0 7
+1 7 0 7
+1 7 0 7
+1 7 0 7 2 0 7 1 0 7
+1 7 0 7
+1 7 0 7
+1 7 0 7
+1 7 0 7 0 0 7 0 0 7
+1 7 0 7
+1 7 0 7
+1 7 0 7 2 0 0 1
+1 7
+1 7
+1 7
+1 7 0 0 0 0 0 0 0 0 7 5
+2 2
+1 2
+6 8 0 0 8 0 0 6
+1 8
+2 8
+2 8 0 0 0 0 0 0 0 0 8 8
+3 8
+1 8 0 0 8 0 0 7 0 0 8
+28 8
+1 8
+2 8 8 0 0 2
+1 8 8 0 0 1
+1 8
+2 8
+1 8
+2 8 8
+1 8 8
+2 8
+1 8
+2 8 8 0 0 1
+1 8 8 0 0 1
+2 8 0 0 8 0 0 7
+2 8 8
+1 8 8
+3 8 8 0 0 7 0 0 4
+2 8
+1 8
+3 8 8
+1 8 8 0 0 7 0 0 4
+1 8 8 0 0 1
+1 8 8 0 0 6 0 0 4
+1 8
+1 8 0 8 0 0 5 0 0 5
+1 8 0 8 0 0 4 0 0 4
+1 8 0 8 0 0 1 0 0 1
+1 8 0 8 7 0 6 6 0 6
+1 8
+1 8
+1 8 0 0 0 0 0 0 0 0 8 8
-11 4168 4168 0 0 1
+1 4168 4168 0 0 4159 0 0 3594
+1 4168 4168
+1 4168 4168 0 0 4158 0 0 3592
+1 4168
+1 4168 0 4168 0 0 6 0 0 6
+1 4168 0 4168 0 0 4154 0 0 4154
+1 4168 0 4168 0 0 6 0 0 6
+1 4168 0 4168 0 0 4154 0 0 4154
+1 4168
+1 4168
+1 4168 0 0 0 0 0 0 0 0 4168 20
+2 8
+1 8
+1 8 0 8 0 0 5 0 0 1
+1 8
+1 8 0 8 0 0 1 0 0 1
+1 8 0 8
+1 8 0 8
+1 8 0 8
+1 8 0 8 0 0 5 0 0 5
+1 8 0 8
+1 8 0 8
+1 8 0 8 7 0 2 6 0 2
+1 8 8 0 0 4

fl=(51)
fn=(418)
80 13160 2632 2632 44 0 0 10 0 0 2632
+1 5264 0 2632 0 0 116 0 0 16
+2 5264 2632 0 60 105 0 12 5 0 2632 14
+11 5264 0 2632
+3 10528 5264 0 0 0 0 0 0 0 2632 10
+3 7896 5264

fn=(1358)
200 7480 1496 1496 123 0 0 10 0 0 1496
+1 5984 2992 1496 0 22
cfn=(1360)
calls=1496 +14 
* 2395973 496858 148407 997 98010 110 224 35 0 331794 1224
+1 4488 2992 0 0 100

fn=(1360)
215 11720 2344 2344 58 0 0 11 0 0 2344 18
+2 4688 0 0 40 0 0 12
+1 7032 2344 0 0 385 0 0 165
+1 4688 0 0 0 0 0 0 0 0 2344 10
-4 2344 0 2344
+3 2344 0 2344
+5 2344 0 2344
+2 11720 2344 0 0 7 0 0 6 0 2344 83
+25 275062 53606 0 137 6580 0 22 14 0 55950 713
+1 107212 0 0 0 0 0 0 0 0 53606 516
-1 26685 0 26685 0 0 4
+32 26685 0 26685
-22 133425 0 26685 20 0 4 10 0 4
cfi=(26)
cfn=(970)
calls=26685 391 
* 1196558 265344 53370 221 84853 5 34 158 0 159608 405
+1 53370 0 0 0 0 0 0 0 0 26685 4
-11 753 753
+32 502 251
-20 251
+4 26434
fi=(13)
2002 185038
-6 26434
fi=(26)
262 26434 26434 0 23 0 0 12
+10 52868 26434 0 0 6656 0 0 28
fe=(51)
-5 26434 0 0 0 0 0 0 0 0 26434 48
-17 79206 79206
+32 52804 26402
-14 26402
+2 32
fi=(26)
+10 32 32 32 0 0 0 0 0 0 32
fi=(13)
696 64 32
fe=(51)
273 64
fi=(13)
470 32 32
695 32
565 96 0 0 16 0 0 8
696 96 32 0 0 0 0 0 0 0 32
fe=(51)
274 32
fi=(13)
697 96
fe=(51)
274 96 32 0 0 25
fi=(13)
698 160 0 0 16 0 0 8
fe=(51)
274 64 0 0 0 0 0 0 0 0 32
+1 32 32 32 0 0 0 0 0 0 32
+3 32 32
fi=(13)
549 32
fe=(51)
278 32 0 0 0 0 0 0 0 0 32 17
+1 64 48 16
-29 32 32
+32 16 16
-2 16
+2 112 48 16 16 0 0 8 0 0 16 14
+1 16
-33 32 16
+32 16
+1 16 0 0 16 0 0 8
+4 4688 0 0 8 0 0 4 0 0 2344 8
-68 2344
+29 2344
+39 11720 0 2344 0 0 1
cfi=(135)
cfn=(1364)
calls=2344 166 
* 29344 7208 4848 424 100 0 70 0 0 4912 159
+2 7032 2344 2344
cfn=(418)
calls=2344 80 
* 42192 14064 7032 102 105 100 20 5 0 7032 17
+1 7032 4688 0 26 0 0 13

fn=(1356)
168 4488 0 1496 121 0 0 10
+11 4488 2992 0 0 43 0 0 0 0 1496
+8 2992 1496 0 121 8 0 10 0 0 1496 70
+13 4488 0 2992 25 0 0 11
cfi=(2)
cfn=(75)
calls=1496 463 
* 2432781 514214 152299 1122 98869 110 236 44 0 336482 1229 1496 471
* 2992 1496
+3 4488 2992 0 0 100

fl=(60)
fn=(552)
21 456 0 228 1 0 0 1
+13 342 114 0 0 1 0 0 0 0 114 9
+1 114 0 114 1 0 0 1
cfi=(7)
cfn=(554)
calls=114 521 
* 2857 1027 912 4 0 0 4 0 0 117 11
+53 342 228

fl=(63)
fn=(1604) runtime.mProf_FlushLocked
382 85 17 17 17 0 0 8 0 0 17
+2 85 0 17 17 0 0 8 0 0 17
+1 17
fi=(30)
+5 17 17 0 0 17 0 0 1
fe=(63)
-4 51 0 0 17 0 0 8 0 0 17 3
+9 51 34

fn=(1600)
364 85 17 17 17 4 0 8 0 0 17
186 17
365 17 17
189 51
fi=(30)
+8 85 0 17
fe=(63)
-7 17 0 0 0 0 0 0 0 0 17
-2 34
366 17 0 0 17 0 0 8 0 0 17
fi=(30)
162 17 0 17
fe=(63)
371 17
fi=(17)
48 17
fi=(54)
-26 34 0 17
cfi=(17)
cfn=(80)
calls=17 +29 
* 306 102 51 0 2 1 0 0 1 68 4
fe=(63)
187 34 17
370 85
+2 34 0 0 0 0 0 0 0 0 17
-2 17 0 17
+2 51 0 17 17 0 0 8
fi=(17)
48 17
fi=(54)
-26 34 0 17
cfi=(17)
cfn=(80)
calls=17 +29 
* 306 102 51 0 17 0 0 7 0 68
fe=(63)
373 34 17 17
cfn=(1604)
calls=17 +9 
* 306 68 34 51 17 0 24 1 0 51 3
+1 17
fi=(17)
112 17
fi=(54)
-80 51 17 17
cfi=(17)
cfn=(94)
calls=17 +83 
* 374 119 51 0 0 0 0 0 0 102 3
fe=(63)
375 17
fi=(17)
112 17
fi=(54)
-80 34 0 17
cfi=(17)
cfn=(94)
calls=17 +83 
* 374 119 51 0 0 0 0 0 0 102
fe=(63)
376 51 34

fl=(50)
fn=(412)
247 9 0 3 2 0 0 1
+2 3
+3 6
-3 3 0 0 0 0 0 0 0 0 3 1
+3 2 0 2 2 0 0 1
-5 4 0 4
+28 4 2 0 0 0 0 0 0 0 2 2
+1 2
+3 4 0 0 2 0 0 1 0 0 2
+8 4 2
+1 4 2 0 0 0 0 0 0 0 2 2
+6 6 0 2 2
cfi=(31)
cfn=(170)
calls=2 39 
* 191 50 47 7 20 0 0 0 0 30 11
+1 8 6
-42 4 2 0 1 0 0 1

fn=(774)
315 3 0 1 1 0 0 1
+1 2 1 0 0 0 0 0 0 0 1 1
+3 4 1 1 1 0 0 1
cfi=(33)
cfn=(264)
calls=1 18 
* 13 1 1 1 0 0 0 0 0 5 1
+1 3 2

fn=(756)
157 3 0 1 1 0 0 1
+1 2 0 0 0 0 0 0 0 0 1
-1 3 0 3 1 0 0 1
+4 2 1 0 0 0 0 0 0 0 1 1
+10 5 1 1 1 0 0 1
cfi=(31)
cfn=(170)
calls=1 39 
* 16 2 1 2 1 0 0 0 0 6 1
+1 2 1 0 0 0 0 0 0 0 1 1
+3 3 2

fl=(11)
fn=(56)
599 6 1 1 2 0 0 2 0 0 1
+2 1 1 0 0 1 0 0 1
+1 9 3 1 0 1 0 0 1 0 3
+1 8 4 0 1 1 0 1 1 0 3
+12 1 0 1
-4 4 2
+1 5743 0 0 1 0 0 1 0 0 1436 1
+2 11480 2870 0 0 180 0 0 180 0 2870 4
+18 2 0 0 1 0 0 1 0 0 1
-21 2 0 2
+21 2 1 1 1 0 0 1
cfn=(58)
calls=1 +33 
* 14 5 1 2 2 0 2 2 0 1 1
+1 6 4 0 0 0 0 0 0 0 1
-1 1 0 1
+1 5 2 1 1 0 0 1
cfn=(58)
calls=1 +32 
* 14 5 1 0 0 0 0 0 0 1 1
* 1 0 1
+1 8 4 1 0 0 0 0 0 0 2
+5 4 2 0 1 1 0 1 1 0 1 1
+6 3 2

fn=(812)
1072 9912 1239 3717 19 0 0 9 0 0 1239
+1 2478 1239 0 0 0 0 0 0 0 1239 860
+1 1516 758
-5 1720
fi=(22)
18 1720 0 0 21 0 0 9
fe=(11)
1069 860 860 0 0 35 0 0 17
+7 1720 0 860 0 0 35 0 0 8
cfn=(802) runtime.pcvalue
calls=860 878 
* 413112 72367 46327 0 234 139 0 119 32 47871 3653
+1 2580 1720

fn=(342)
526 5 1 1 1 0 0 1 0 0 1
+1 3 0 1 1 0 0 1
cfi=(12)
cfn=(278)
calls=1 1201 
* 3690 637 398 3 12 7 3 6 6 393 26 2 1
* 2 0 1
+1 7 1 0 0 0 0 0 0 0 2 1
+1 2 1 0 0 0 0 0 0 0 1
-1 1 0 1
+4 10 3 1 1 1 0 1 1 0 1
cfi=(39)
cfn=(286)
calls=1 178 
* 5209 639 644 5 10 7 5 4 6 647 33 2
* 17 4 4 1 0 2 1 0 1 2
+1 5 2 0 1 0 0 1 0 0 2
+1 3 2 1 0 1 0 0 1
+1 2 1 1
cfi=(26)
cfn=(344)
calls=1 1580 
* 9937 587 537 14 9 9 12 9 9 1162 49 1 1
* 6 2 2 1 0 0 1 0 0 1
+1 3 2 1
+1 2 1 1
cfi=(26)
cfn=(344)
calls=1 1580 
* 44911 1976 3073 8 29 47 8 29 47 5476 190 1
* 2 1 1 1 0 0 1
+1 3 2
-1 5 1 1 0 0 0 0 0 0 1
fi=(34)
969 2 1 1 1 1 0 1 1 0 1
fe=(11)
532 1 1
-4 1
+10 1
+13 7 3 0 0 0 0 0 0 0 1
+1 2 1 0 0 0 0 0 0 0 1
+1 5 1 1 1 0 0 1 0 0 1
+1 11 3 1 0 0 0 0 0 0 2
+5 1
fi=(44)
32 2 1 0 1 0 0 1 0 0 1 1
+3 2 1 1 0 1 0 0 1 0 1
fe=(11)
560 3 2

fn=(628)
1050 24 3 9 1 0 0 1 0 0 3
+1 3 3
+1 15 9 0 1 3 0 1 3 0 3 1
-1 3 0 3 0 0 1
+1 15 0 15 0 0 1 0 0 1
819 12 3 3 0 1 2 0 1 1
cfn=(58)
calls=3 665 
* 42 15 3 4 0 0 0 0 0 3 3
1053 3 0 3 0 0 1
+1 3 0 3 2 0 0 1
-2 36 12
+4 3
+6 57 38
-2 19
-2 57
+2 19
-2 57 0 57
+2 19 0 19
819 76 57 19
cfn=(58)
calls=19 665 
* 266 95 19 0 0 0 0 0 0 19 6
1058 9 0 9 2 0 0 1
+2 3 0 3
819 12 9 3
cfn=(58)
calls=3 665 
* 42 15 3 0 0 0 0 0 0 3 2
1058 198 88 22 2 0 0 1
cfn=(630) runtime.step
calls=22 +60 
* 1441 113 82 14 4 0 7 4 0 198 34
* 22
+1 22 0 0 0 0 0 0 0 0 22 6
+1 12 9

fn=(802)
878 16936 2117 6351 30 0 0 9 0 0 2117
+1 4234 0 0 0 0 0 0 0 0 2117 2
+10 4234 0 0 0 0 0 0 0 0 2117 9
+1 2117
-17 8468 0 0 30 0 0 9
+18 2117
-86 2113
+99 2113 0 0 0 0 0 0 0 0 2113
+8 12678 6339 0 24 0 0 9 0 0 2113
-34 8452 0 8452 0 0 35 0 0 8
+34 2113 0 2113 0 0 35 0 0 8
-34 2113 0 2113
+56 2113 0 2113 20 0 0 9
-22 6339 0 6339 0 0 33 0 0 6
-93 10565 2113 2113 0 111 69 0 47 16
cfn=(58)
calls=2113 665 
* 29582 10565 2113 36 0 2 16 0 2 2113 2
+94 2113 0 2113 0 0 37 0 0 10
+2 2113 0 2113 0 0 33 0 0 6
-3 23243 8452 0 19 0 0 9
+4 2113
+2 7464
+23 2488
-23 7464 0 7464
+23 2488 0 2488
819 9952 7464 2488
cfn=(58)
calls=2488 665 
* 34832 12440 2488 0 0 0 0 0 0 2488 4
+99 6339 0 6339 49 0 0 18
+23 2113 0 2113
819 8452 6339 2113
cfn=(58)
calls=2113 665 
* 29582 10565 2113 0 0 0 0 0 0 2113 2
+99 36808 18404 4601 30 0 0 9
cfn=(630)
calls=4601 1118 
* 284899 22150 18404 498 603 0 56 287 0 40557 2582
* 4601
+1 4601 0 0 0 0 0 0 0 0 4601 14
+3 23005 9202 0 0 0 0 0 0 0 4601 2440
-33 4226 2113
+40 2113 0 0 0 0 0 0 0 0 2113
fi=(22)
128 2113 2113
+7 4226 2113 0 19 0 0 9
+1 4226
fe=(11)
878 2113
fi=(22)
135 2113
+1 2113
fe=(11)
930 2113
+2 2113
fi=(22)
135 2113 0 2113
fe=(11)
873 6339
+58 4226
+2 6339 6339 0 19 0 0 9
fi=(22)
137 2113
+20 8452
fe=(11)
933 12678 0 6339 0 0 0 0 0 0 2113 393
+4 2113 2113
-3 8452 2113 6339 22 0 0 9
+7 10565 8452
-50 16904
+6 16904
-6 38042 0 0 26 0 0 9 0 0 19021 2132
+6 84540
+1 67650 16914 0 30 0 0 9 0 0 16914 145
+1 20 12
+23 2113
-31 2113

fn=(636)
977 152 19 57 16 0 0 1 0 0 19
+1 19
-7 76 19 0 0 3 0 0 3 0 38
+3 114 38 0 0 2 0 0 0 0 19 2
+4 38 0 19 6 0 0 1
fi=(9)
566 38 0 19
cfn=(114)
calls=19 -57 
* 1197 228 228 65 5 0 0 3 0 114 4
* 57 19 38
+1 19 19
fe=(11)
978 95 38

fn=(508)
828 4977 0 1659 39 0 0 9
+1 1659
-38 4977 0 0 0 0 0 0 0 0 1659 7
+1 8295 3318 0 0 35 0 0 8 0 3318 2
+38 3318 0 0 38 0 0 9 0 0 1659 378
+5 1659
691 4977 1659
+1 6636 3318 0 0 72 0 0 16 0 1659 12
840 4977 1659 0 39 0 0 9
+1 3318
+3 3318
fi=(22)
18 1659 1659
fe=(11)
842 3318
+3 8295 3318 0 0 251 0 0 98 0 1659
+3 26976 8439 0 37 327 0 9 125 0 5626 1516
+4 4977 1659 0 0 1 0 0 0 0 1659 2
+1 14931 6636 0 37 36 0 9 9 0 1659 28

fn=(630)
1118 18492 0 9246 31 0 0 9
+3 18492 4623 0 0 503 0 0 248 0 4623 1
+1 9246 0 0 31 0 0 9 0 0 4623 895
-4 861
+4 861 0 0 0 0 0 0 0 0 861 2
+1 21 6
+3 9240 0 0 0 0 0 0 0 0 4620 525
+1 1608
+18 4620
-16 24504 0 4084 36 0 0 9
+1 8168 0 0 0 0 0 0 0 0 4084
-1 3216 0 536
+1 33412 0 0 0 0 0 0 0 0 536
+2 13860 4620 0 0 38 0 0 13 0 4620
+2 9240 0 0 0 0 0 0 0 0 4620 1148
+1 4053
+10 4620 0 0 321 0 0 9
-8 9240 0 0 0 0 0 0 0 0 4620
+1 4620 0 4620
-1 32340
+2 18480 9240
+13 1351
-4 1351
-2 9457 2702 0 31 32 0 9 14 0 2702
+1 2702
+1 16212
+1 5404 0 0 0 0 0 0 0 0 2702 43
-11 1351
-1 1351
-2 1351
+17 536
-22 536
+16 3216 1072 0 31 34 0 9 16 0 1072
+1 1072
+1 2144
-18 1072
+18 3216
+1 2144 0 0 0 0 0 0 0 0 1072 2
-19 536
-1 1072 0 0 31 0 0 9
+1 536
-3 536

fn=(58)
665 23994 0 7998 21 0 2 9 0 2
+1 7998
+1 15996 7998
+1 31992 15996 0 21 2 0 9 2 0 7998 708
+13 31992 15996

fn=(800)
1040 8799 1257 3771 19 0 0 9 0 0 1257
+1 7542 1257 1257 0 0 35 0 0 8
cfn=(802)
calls=1257 878 
* 516990 86065 55008 852 480 105 189 215 24 59340 4072
+5 3771 2514

fl=(32)
fn=(216)
30 149760 0 49920 61 0 0 11
+1 299520 0 0 233 0 0 11 0 0 49920 2
+1 99840 0 0 0 0 0 0 0 0 49920 98
+6 99442
+1 248605 0 0 0 0 0 0 0 0 49721 36669
+4 25520 0 0 0 0 0 0 0 0 12760
+2 51040 0 12760 0 0 1576 0 0 1576
+1 25520 0 0 6 0 0 4
-6 332649 0 36961 39 0 0 7
+1 110883 73922
-7 199
-8 597 398 597 0 0 166 0 0 9
+9 597 398
+12 9476 0 9476
-1 53948 0 0 44 0 0 9 0 0 22236 30
+4 114840 0 12760
+1 38280 25520 0 6 0 0 4

fn=(230)
434 386568 48321 193284 23512 0 0 17 0 0 48321 24
+2 48321 48321 0 0 1688 0 0 70
-84 48321 0 48321 0 0 192
cfn=(216)
calls=48321 30 
* 1559062 97040 108228 199 0 166 36 0 9 167130 36762
+85 289926 144963 48321
cfn=(232)
calls=48321 72 
* 1607184 97040 108228 236 0 0 44 0 0 167130 9272
+1 144963 96642

fn=(224)
239 225085 45017 45017 34 0 0 9 0 0 45017
+1 90034 0 0 0 0 0 0 0 0 45017 16
+14 27
+1 54 0 0 2 0 0 1
-12 89980 0 0 41 0 0 10 0 0 44990 1
+1 44989 0 44989 0 0 157 0 0 2
cfn=(336) runtime.(*pallocBits).findSmallN
calls=44989 +33 
* 5780273 252894 0 269 5120 0 52 12 0 1090719 159732
* 134967 89978
+2 1 0 1
cfn=(1804) runtime.(*pallocBits).findLargeN
calls=1 +70 
* 111 8 0 5 1 0 5 1 0 19 9
* 3 2
+9 63 0 0 0 0 0 0 0 0 30 2
+1 30 30 0 0 21 0 0 2
+1 90 0 0 0 0 0 0 0 0 30 3
+3 81 0 0 5 0 0 3
-19 27
+1 135 54

fn=(228)
110 289926 48321 48321 45 0 0 9 0 0 48321 32
+1 96642 0 0 0 0 0 0 0 0 48321 201
+3 240610 0 0 0 0 0 0 0 0 48122 1
+1 96244 0 0 76 0 0 11
+1 192488 0 0 0 0 0 0 0 0 48122 11198
+3 22356 0 0 0 0 0 0 0 0 11178
-9 11178 0 11178
+5 11178 0 11178
+1 11178 0 11178
+4 100602 22356 0 5 741 0 2 4 0 11178
+1 22356
-4 110832 36944 0 48 6406 0 12 117
-7 36944
+7 664992 110832 0 30 1587 0 8 0 0 36944
-5 2388 597 0 2 99 0 2 9 0 199
+9 10
+1 10
+2 10 0 10
-3 20 0 0 0 0 0 0 0 0 10 6
+3 11178 0 11178 34 0 12 8
-3 22356 0 0 0 0 0 0 0 0 11178 207
+1 50 10 0 0 0 0 0 0 0 10
+2 167670 11178 0 65 0 0 16 0 0 11178
+1 33534 22356

fn=(336)
277 758682 0 0 55 0 0 11 0 0 207905 12
+1 415810 207905 0 53 5120 0 10 12
+1 831620 0 0 0 0 0 0 0 0 207905 74031
-2 301718
+4 150859
+4 114092 0 0 0 0 0 0 0 0 57046 1182
+3 224945
+4 12057
-2 36171
+1 36171 0 0 0 0 0 0 0 0 12057 130
-1 134967
+1 134967 0 0 54 0 0 11 0 0 44989 648
396 90422
+2 52621
295 7410
401 151204
+16 75602
296 90422 0 0 0 0 0 0 0 0 45211 4600
fi=(133)
130 60285
fe=(32)
299 12057
-7 59175 11835 0 2
409 139258
+3 139258
-11 139258
-3 368938 0 0 53 0 0 11 0 0 184469 67
+1 368938 0 0 0 0 0 0 0 0 184469 30876
+6 440004 0 0 50 0 0 9
+1 300746 0 0 0 0 0 0 0 0 146668 48186
297 132616 33154 0 2

fn=(1804)
316 31 0 0 2 0 0 2 0 0 7 1
+1 14 7 0 0 1 0 0 1
+1 19 0 0 0 0 0 0 0 0 7 4
+2 5
+2 4 0 0 0 0 0 0 0 0 2 1
+3 9 0 0 1 0 0 1
fi=(133)
130 1
fe=(32)
329 1
-2 4 0 0 0 0 0 0 0 0 2 2
fi=(133)
130 3
fe=(32)
328 1
+1 4
fi=(133)
130 2
fe=(32)
316 2
+11 1 0 0 1 0 0 1
+3 1
+2 3
+1 3 0 0 0 0 0 0 0 0 1 1
+2 3 1 0 1 0 0 1

fn=(220)
136 233356 0 0 28 0 0 9
+4 1575153 0 0 0 0 0 0 0 0 525051 58267
+1 1400136 466712 0 0 1576 0 0 1576
+1 933424 0 0 0 0 0 0 0 0 466712 112970
+1 199257
+1 199257
+2 267455
fi=(133)
-16 267455
fe=(32)
+20 267455
+1 534910
+3 267455 0 0 28 0 0 8
+11 267455
fi=(133)
-35 802365
fe=(32)
+17 267455
fi=(133)
-17 534910
fe=(32)
+28 267455
+2 116678 0 0 2 0 0 2 0 0 58339 1634
+5 56666
+3 113332
-3 65944 0 0 0 0 0 0 0 0 56666 1653
+3 56666
fi=(15)
929 94776 0 0 25 0 0 6 0 0 47388 9
+3 47388
+1 94776
-1 47388
+2 94776
-1 47388
fe=(32)
170 94776 47388
-7 3346 1673 0 3 0 0 2
+12 241228 0 0 43 0 0 10 0 0 83502 9137
+1 148448 74224
+8 222672
-9 74224
+9 148448
+1 224322 0 0 0 0 0 0 0 0 74224 1398
+35 3300
-27 1650 0 0 21 0 0 7
-2 485
+16 485
-16 270
+9 270
-9 895
+31 895
fi=(15)
929 18556 0 0 16 0 0 4 0 0 9278 22
+3 9278
+1 18556
-1 9278
+2 18556 0 0 25 0 0 6
-1 9278
fe=(32)
227 18556 9278
-7 36
-22 36
-3 36
+1 36
-1 36
+1 505 0 0 15 0 0 5
+2 2020
+1 1785 0 0 0 0 0 0 0 0 505 166
-3 696 0 0 10 0 0 1
+20 3480
+1 696
+1 1392
+1 696
+1 696
+1 2088 0 0 0 0 0 0 0 0 696 17
-5 940
+1 235
+1 470
+1 235
+1 235
+1 1600 0 0 0 0 0 0 0 0 235 9
-12 1598
+3 1598
-14 1598
-3 6568 0 0 27 0 0 10 0 0 3284 214
+1 5176 0 0 0 0 0 0 0 0 2588 353
+9 6249 0 0 12 0 0 1
+1 6734 0 0 0 0 0 0 0 0 2083 317

fn=(232)
72 170190 0 56730 45 0 0 6
+1 340380 0 0 63 0 0 11 0 0 56730 50
+1 113460 0 0 0 0 0 0 0 0 56730 65
+6 113004
+1 282510 0 0 0 0 0 0 0 0 56502 9972
+4 23710 0 0 0 0 0 0 0 0 11855 8
+2 59275 0 11855 6 0 128 2 0 1
+1 23710
-6 446470 0 44647 65 0 1644 8 0 106
+1 133941 89294
-7 228 0 0 2 0 0 2
-8 684 456 684 4 16 22 2 14
+9 684 456
+12 20 0 20
-1 23770 0 0 45 0 0 10 0 0 11875 10
+4 106695 0 11855
+1 35565 23710 0 47 0 0 12

fl=(41)
fn=(298)
311 5 1 1 1 0 0 1 0 0 1
+3 3 1 0 0 0 0 0 0 0 1
+1 2 1 0 0 0 0 0 0 0 1
+1 2 1 0 0 0 0 0 0 0 1
+1 1
+15 1 0 1
+2 4 0 1 1 0 0 1
cfi=(7)
cfn=(300)
calls=1 +21 
* 2403 351 278 13 4 2 13 2 2 460 30
-16 3 2

fn=(610)
44 5 1 1 1 0 0 1 0 0 1
fi=(138)
-35 2 1 1 1 1 0 1
fi=(46)
305 5 2 1 0 1 1 0 1 1 1
+1 5 2 1 1 1 0 1 1 0 1
+1 6 2 1 0 0 0 0 0 0 1
+1 5 2 1 1 0 1 1 0 0 1
+1 5 2 1 0 0 0 0 0 0 1
fi=(63)
593 1 1 0 1 0 0 1
-6 5 0 1
fi=(64)
+68 5 2 1 0 1 0 0 0 0 1 1
fi=(65) /usr/lib/go-1.19/src/runtime/select.go
26 2 0 1 1 0 0 1
+1 2 0 1
fi=(63)
593 3 2
fe=(41)

fl=(48)
fn=(380)
11 30 5 10 1 0 0 1 0 0 5
+1 10 10 0 1 0 0 1
+1 10 0 0 0 0 0 0 0 0 5
+3 10 0 0 0 0 0 0 0 0 5
+1 5 0 5
+20 5 0 5
-25 10 0 5
+4 5
+5 20 8
-5 1236 618 0 0 6
+1 618 0 0 0 0 0 0 0 0 309 10
-1 10 10 0 1 4 0 1
+1 1492 304 0 0 68 0 0 0 0 309 20
-1 76 0 76
+21 76 0 19
cfi=(49)
cfn=(382)
calls=19 -24 
* 417 57 0 3 4 0 3 4 0 95 10
-21 38 38
+1 19 19
-1 19 19
+2 38 38
-1 19
+20 19 19
-20 657 0 0 1 0 0 1 0 0 314 1
-1 943 0 0 0 0 0 0 0 0 313 16
+2 14 2 0 1 0 0 1 0 0 1

totals: 101531531919 45951601223 6179514340 297659 1531444950 120781245 19188 980599544 120176074 14247025971 2534781 505906 3384
