desc: I1 cache:         32768 B, 64 B, 8-way associative
desc: D1 cache:         32768 B, 64 B, 8-way associative
desc: LL cache:         16777216 B, 64 B, 16-way associative
cmd: ./bucles.exe
events: Ir I1mr ILmr Dr D1mr DLmr Dw D1mw DLmw 
fl=./csu/../csu/libc-start.c
fn=__libc_start_main@@GLIBC_2.34
128 2 1 1 2 0 0 0 0 0
134 3 0 0 1 1 0 0 0 0
135 6 0 0 2 1 0 1 0 0
138 1 0 0 1 1 0 0 0 0
139 2 0 0 0 0 0 0 0 0
142 3 1 1 2 1 0 0 0 0
143 2 0 0 2 0 0 0 0 0
144 15 1 1 2 0 0 1 0 0
145 8 0 0 2 1 0 2 0 0
242 11 1 1 0 0 0 7 0 0
311 3 0 0 0 0 0 0 0 0
312 3 0 0 0 0 0 1 0 0
337 6 1 1 2 0 0 1 0 0
340 2 0 0 0 0 0 0 0 0
343 2 0 0 2 0 0 0 0 0
350 2 1 0 1 1 0 1 0 0
352 2 0 0 0 0 0 0 0 0
360 4 1 0 1 0 0 1 0 0
fl=./csu/../sysdeps/nptl/libc_start_call_main.h
fn=(below main)
29 7 1 1 1 0 0 4 0 0
44 2 1 1 0 0 0 1 0 0
46 2 0 0 0 0 0 0 0 0
51 2 0 0 1 1 0 1 0 0
52 2 0 0 1 1 0 1 0 0
55 2 0 0 0 0 0 1 0 0
58 6 1 1 5 2 0 1 0 0
74 2 1 1 0 0 0 1 0 0
fl=./csu/./csu/init-first.c
fn=_init_first
46 3 1 1 0 0 0 1 0 0
51 2 0 0 1 0 0 0 0 0
55 5 1 1 4 2 1 0 0 0
61 1 0 0 0 0 0 1 1 0
62 1 0 0 0 0 0 1 0 0
63 2 0 0 1 1 0 1 1 1
71 2 0 0 0 0 0 0 0 0
72 2 0 0 1 0 0 0 0 0
fl=./ctype/./ctype/ctype-info.c
fn=__ctype_init
31 7 2 2 5 4 0 1 0 0
33 4 0 0 2 2 0 1 0 0
35 4 0 0 2 1 0 1 0 0
36 1 0 0 1 0 0 0 0 0
fl=./elf/../bits/stdlib-bsearch.h
fn=intel_check_word.constprop.0
27 96 0 0 0 0 0 0 0 0
28 48 0 0 0 0 0 0 0 0
29 744 1 1 0 0 0 0 0 0
31 912 0 0 0 0 0 0 0 0
32 348 0 0 0 0 0 0 0 0
37 120 1 1 0 0 0 0 0 0
fl=./elf/../elf/dl-tls.c
fn=_dl_add_to_slotinfo
1105 14 0 0 0 0 0 8 0 0
1111 2 0 0 2 0 0 0 0 0
1114 2 0 0 2 2 0 0 0 0
1115 2 0 0 0 0 0 0 0 0
1119 6 1 1 2 2 0 0 0 0
1155 4 0 0 0 0 0 0 0 0
1158 6 0 0 0 0 0 2 2 0
1159 6 1 1 2 0 0 2 0 0
1162 12 0 0 10 0 0 0 0 0
fn=_dl_allocate_tls_init
564 9 1 1 0 0 0 8 0 0
565 2 1 1 0 0 0 0 0 0
569 2 0 0 1 1 0 1 0 0
572 1 0 0 0 0 0 0 0 0
575 2 0 0 1 1 0 1 0 0
578 3 0 0 2 1 0 0 0 0
590 1 0 0 1 0 0 0 0 0
595 20 1 1 3 0 0 1 0 0
601 7 1 1 0 0 0 0 0 0
604 6 0 0 2 0 0 0 0 0
605 4 1 1 0 0 0 0 0 0
611 6 0 0 4 0 0 0 0 0
612 4 0 0 0 0 0 0 0 0
614 17 0 0 6 2 0 2 1 1
617 4 0 0 0 0 0 0 0 0
618 4 1 1 2 0 0 0 0 0
621 4 0 0 0 0 0 0 0 0
622 8 0 0 4 1 0 0 0 0
624 4 0 0 0 0 0 0 0 0
625 4 0 0 2 0 0 0 0 0
634 2 0 0 0 0 0 2 0 0
642 4 1 1 2 0 0 0 0 0
644 16 0 0 2 0 0 4 0 0
650 2 0 0 2 0 0 0 0 0
656 2 0 0 1 0 0 1 0 0
659 2 0 0 1 0 0 1 0 0
662 9 0 0 8 0 0 0 0 0
fn=_dl_allocate_tls_storage
88 1 0 0 2 1 0 0 0 0
94 1 0 0 2 0 0 0 0 0
448 4 1 1 0 0 0 3 0 0
450 1 0 0 1 0 0 0 0 0
461 1 0 0 1 0 0 0 0 0
465 1 0 0 0 0 0 0 0 0
466 2 1 1 0 0 0 0 0 0
477 6 0 0 0 0 0 0 0 0
478 1 0 0 0 0 0 0 0 0
482 305 1 1 0 0 0 297 37 37
501 1 0 0 0 0 0 1 1 1
503 2 0 0 0 0 0 1 0 0
504 2 0 0 0 0 0 0 0 0
509 5 0 0 4 0 0 0 0 0
fn=_dl_assign_tls_modid
156 2 1 1 0 0 0 0 0 0
159 4 0 0 2 0 0 0 0 0
172 2 1 1 2 0 0 0 0 0
212 2 0 0 0 0 0 0 0 0
214 2 0 0 0 0 0 2 0 0
217 2 0 0 0 0 0 2 0 0
218 4 0 0 2 0 0 0 0 0
fn=_dl_count_modids
225 2 1 1 1 0 0 0 0 0
226 1 0 0 1 0 0 0 0 0
241 2 0 0 1 0 0 0 0 0
fn=_dl_determine_tlsoffset
247 7 1 1 0 0 0 6 0 0
248 1 0 0 0 0 0 0 0 0
249 1 0 0 0 0 0 0 0 0
250 1 0 0 0 0 0 0 0 0
253 3 1 1 1 0 0 0 0 0
256 2 0 0 1 0 0 0 0 0
290 1 0 0 0 0 0 0 0 0
292 16 0 0 3 0 0 0 0 0
294 7 2 2 3 0 0 1 0 0
296 6 0 0 2 0 0 0 0 0
297 4 0 0 2 0 0 0 0 0
299 4 1 1 0 0 0 0 0 0
301 10 0 0 2 0 0 0 0 0
312 2 0 0 0 0 0 2 0 0
317 18 0 0 0 0 0 0 0 0
319 4 0 0 0 0 0 0 0 0
320 2 0 0 0 0 0 0 0 0
332 1 0 0 0 0 0 1 0 0
333 7 1 1 1 0 0 0 0 0
335 2 0 0 0 0 0 1 0 0
385 1 0 0 0 0 0 1 0 0
386 8 1 1 7 0 0 0 0 0
fn=_dl_tls_initial_modid_limit_setup
1088 1 1 1 1 0 0 0 0 0
1090 10 0 0 1 0 0 0 0 0
1092 9 1 1 3 0 0 0 0 0
1093 6 0 0 0 0 0 0 0 0
1096 4 0 0 2 0 0 0 0 0
1099 1 0 0 0 0 0 1 1 1
1100 1 0 0 1 0 0 0 0 0
fn=_dl_tls_static_surplus_init
108 3 0 0 0 0 0 0 0 0
122 5 1 1 0 0 0 3 0 0
126 6 1 1 1 0 0 1 0 0
127 5 0 0 1 0 0 1 0 0
133 3 0 0 0 0 0 0 0 0
135 4 0 0 0 0 0 0 0 0
138 1 0 0 0 0 0 0 0 0
140 1 0 0 0 0 0 1 0 0
142 3 0 0 0 0 0 1 0 0
143 5 0 0 4 0 0 0 0 0
fn=allocate_dtv
391 4 1 1 0 0 0 2 0 0
396 1 0 0 1 0 0 0 0 0
400 1 0 0 0 0 0 0 0 0
401 1 0 0 0 0 0 0 0 0
402 2 0 0 0 0 0 0 0 0
405 1 0 0 0 0 0 1 0 0
411 3 0 0 0 0 0 1 0 0
417 4 0 0 3 0 0 0 0 0
fl=./elf/../include/list.h
fn=__tls_init_tp
43 2 1 1 1 1 0 1 0 0
44 2 0 0 0 0 0 1 0 0
45 1 0 0 0 0 0 1 0 0
47 1 0 0 0 0 0 1 0 0
fl=./elf/../include/rtld-malloc.h
fn=__minimal_calloc
56 17 0 0 17 0 0 0 0 0
fn=_dl_allocate_tls_storage
56 1 0 0 1 0 0 1 0 0
fn=_dl_check_map_versions
44 18 0 0 6 0 0 6 0 0
fn=_dl_find_object_init
56 2 0 0 1 1 0 1 0 0
fn=_dl_important_hwcaps
56 3 0 0 2 0 0 2 0 0
fn=_dl_init_paths
56 5 0 0 3 0 0 3 0 0
fn=_dl_map_object_deps
56 12 0 0 6 0 0 6 0 0
fn=_dl_new_object
44 18 0 0 6 0 0 6 0 0
56 15 0 0 5 0 0 5 0 0
fn=allocate_dtv
44 2 0 0 1 0 0 1 0 0
fn=do_lookup_x
44 13 1 1 3 2 0 6 0 0
fn=fillin_rpath.isra.0
50 2 1 1 1 0 0 1 0 0
51 1 0 0 0 0 0 0 0 0
56 2 0 0 1 0 0 1 0 0
fn=init_tls
44 2 0 0 1 0 0 1 0 0
fl=./elf/../include/scratch_buffer.h
fn=_dl_map_object_deps
77 2 0 0 0 0 0 1 1 1
78 1 0 0 0 0 0 1 0 0
85 3 1 1 1 0 0 0 0 0
131 15 0 0 0 0 0 5 0 0
fl=./elf/../misc/sbrk.c
fn=sbrk
37 4 1 1 0 0 0 2 0 0
40 1 0 0 1 0 0 0 0 0
58 2 0 0 0 0 0 0 0 0
62 2 0 0 0 0 0 0 0 0
78 5 0 0 3 0 0 0 0 0
fl=./elf/../nptl/nptl-stack.h
fn=__libc_early_init
58 8 1 1 2 1 0 0 0 0
fl=./elf/../sysdeps/generic/_itoa.h
fn=_dl_check_map_versions
76 30 1 1 10 0 0 20 0 0
fl=./elf/../sysdeps/generic/dl-cache.h
fn=_dl_load_cache_lookup
194 1 0 0 1 0 0 0 0 0
195 5 1 1 0 0 0 0 0 0
fn=search_cache
125 20 1 1 4 0 0 0 0 0
fl=./elf/../sysdeps/generic/dl-debug.h
fn=dl_main
29 4 0 0 2 0 0 0 0 0
30 2 1 1 1 0 0 1 0 0
fl=./elf/../sysdeps/generic/dl-hash.h
fn=__rtld_malloc_init_real
43 1 0 0 0 0 0 0 0 0
44 1 0 0 0 0 0 0 0 0
45 19 0 0 6 1 1 0 0 0
48 18 0 0 0 0 0 0 0 0
62 24 0 0 0 0 0 0 0 0
67 1 0 0 0 0 0 0 0 0
72 1 0 0 0 0 0 1 0 0
fl=./elf/../sysdeps/generic/dl-new-hash.h
fn=_dl_lookup_symbol_x
69 1872 0 0 0 0 0 0 0 0
70 3744 0 0 0 0 0 0 0 0
74 41186 0 0 41186 1444 1182 0 0 0
77 82372 0 0 0 0 0 0 0 0
80 40243 0 0 40243 514 463 0 0 0
81 80486 0 0 0 0 0 0 0 0
87 929 1 1 0 0 0 0 0 0
88 929 0 0 0 0 0 0 0 0
89 1858 0 0 0 0 0 0 0 0
90 929 1 1 0 0 0 0 0 0
99 39314 0 0 0 0 0 0 0 0
101 39314 0 0 0 0 0 0 0 0
102 78628 0 0 0 0 0 0 0 0
104 39314 3 2 0 0 0 0 0 0
105 39314 0 0 0 0 0 0 0 0
fl=./elf/../sysdeps/generic/dl-protected.h
fn=do_lookup_x
29 7428 3 2 1857 0 0 0 0 0
fl=./elf/../sysdeps/generic/ldsodefs.h
fn=_dl_new_object
1354 48 0 0 0 0 0 0 0 0
fn=_dl_relocate_object
81 48 1 1 23 1 0 0 0 0
142 10113 0 0 3371 0 0 0 0 0
fn=_dl_start
81 6 0 0 2 0 0 0 0 0
fn=do_lookup_x
141 3714 2 2 1857 0 0 0 0 0
142 5571 0 0 0 0 0 0 0 0
fl=./elf/../sysdeps/nptl/dl-mutex.c
fn=__rtld_mutex_init
30 3 1 1 0 0 0 3 0 0
37 1 1 1 1 1 0 0 0 0
40 7 0 0 0 0 0 1 0 0
44 2 0 0 0 0 0 0 0 0
45 9 1 1 3 0 0 1 0 0
47 6 0 0 0 0 0 1 0 0
51 2 0 0 0 0 0 0 0 0
52 7 0 0 3 0 0 1 0 0
53 4 0 0 4 0 0 0 0 0
fl=./elf/../sysdeps/nptl/dl-tls_init_tp.c
fn=__tls_init_tp
66 2 0 0 0 0 0 1 0 0
67 1 0 0 1 0 0 0 0 0
70 1 0 0 0 0 0 0 0 0
73 4 0 0 0 0 0 1 0 0
74 2 1 1 0 0 0 1 0 0
75 1 0 0 0 0 0 1 0 0
80 2 0 0 1 0 0 1 0 0
85 4 0 0 0 0 0 1 0 0
88 1 0 0 0 0 0 1 0 0
91 3 1 1 0 0 0 0 0 0
104 4 0 0 0 0 0 1 0 0
115 2 0 0 1 0 0 1 0 0
122 2 0 0 1 0 0 1 0 0
123 3 1 1 2 0 0 0 0 0
fn=__tls_pre_init_tp
51 2 1 1 0 0 0 0 0 0
54 10 1 1 0 0 0 3 1 1
59 2 0 0 0 0 0 1 0 0
60 1 0 0 0 0 0 1 0 0
62 1 0 0 1 0 0 0 0 0
fn=rtld_mutex_dummy
44 356 0 0 178 0 0 0 0 0
fl=./elf/../sysdeps/nptl/pthread_early_init.h
fn=__libc_early_init
33 6 1 1 0 0 0 1 0 0
34 1 0 0 1 0 0 0 0 0
38 5 0 0 0 0 0 0 0 0
45 2 0 0 2 1 0 0 0 0
46 1 0 0 0 0 0 0 0 0
52 7 0 0 0 0 0 1 0 0
53 1 0 0 0 0 0 1 1 1
54 1 0 0 0 0 0 1 1 1
57 1 0 0 0 0 0 1 0 0
fl=./elf/../sysdeps/posix/dl-fileid.h
fn=_dl_map_object_from_fd
37 25 1 1 5 0 0 5 0 0
40 20 1 1 15 0 0 5 0 0
49 60 0 0 30 1 1 0 0 0
fl=./elf/../sysdeps/unix/sysv/linux/brk.c
fn=brk
37 1 0 0 0 0 0 1 1 1
38 2 0 0 0 0 0 0 0 0
44 1 0 0 0 0 0 0 0 0
45 1 0 0 1 0 0 0 0 0
fl=./elf/../sysdeps/unix/sysv/linux/brk_call.h
fn=brk
24 2 1 1 0 0 0 0 0 0
fl=./elf/../sysdeps/unix/sysv/linux/dl-osinfo.h
fn=dl_main
39 2 0 0 1 1 0 0 0 0
52 1 0 0 1 0 0 0 0 0
fl=./elf/../sysdeps/unix/sysv/linux/dl-parse_auxv.h
fn=_dl_sysdep_parse_arguments
32 2 0 0 0 0 0 1 0 0
33 1 0 0 0 0 0 1 0 0
34 1 0 0 0 0 0 1 0 0
41 85 2 2 22 0 0 0 0 0
42 40 0 0 0 0 0 0 0 0
43 40 0 0 20 5 5 20 0 0
45 1 1 1 0 0 0 1 0 0
46 2 0 0 1 0 0 1 0 0
47 3 0 0 2 0 0 1 1 1
48 2 0 0 1 0 0 1 0 0
49 2 0 0 1 0 0 1 0 0
50 2 0 0 1 0 0 1 0 0
51 2 1 1 1 0 0 1 0 0
52 2 0 0 1 0 0 1 0 0
54 2 0 0 1 0 0 1 1 1
fl=./elf/../sysdeps/unix/sysv/linux/dl-sysdep.c
fn=_dl_sysdep_parse_arguments
78 5 1 1 0 0 0 3 0 0
79 2 1 1 1 0 0 1 0 0
80 2 0 0 0 0 0 1 0 0
81 3 0 0 0 0 0 1 1 1
82 53 0 0 0 0 0 0 0 0
83 109 0 0 54 7 7 0 0 0
86 2 0 0 0 0 0 1 1 1
90 56 0 0 0 0 0 52 6 6
93 2 0 0 1 0 0 1 0 0
94 2 0 0 1 0 0 1 0 0
95 2 0 0 1 0 0 1 0 0
96 5 0 0 4 0 0 0 0 0
fn=_dl_sysdep_start
102 3 1 1 0 0 0 1 0 0
103 1 0 0 0 0 0 1 0 0
106 2 0 0 0 0 0 1 1 1
110 2 0 0 1 0 0 1 0 0
113 1 0 0 0 0 0 1 0 0
115 2 0 0 0 0 0 1 0 0
122 3 0 0 1 0 0 0 0 0
123 2 1 1 0 0 0 2 0 0
125 5 0 0 0 0 0 1 0 0
137 3 0 0 1 0 0 0 0 0
140 5 0 0 3 0 0 1 0 0
143 4 1 1 3 1 0 0 0 0
fn=_dl_sysdep_start_cleanup
148 1 1 1 1 0 0 0 0 0
fl=./elf/../sysdeps/unix/sysv/linux/dl-vdso-setup.h
fn=dl_main
30 1 0 0 0 0 0 1 0 0
33 1 0 0 0 0 0 1 0 0
36 1 0 0 0 0 0 1 0 0
39 1 0 0 0 0 0 1 0 0
45 1 0 0 0 0 0 1 0 0
fl=./elf/../sysdeps/unix/sysv/linux/dl-vdso.h
fn=dl_main
40 2 0 0 1 0 0 0 0 0
41 5 1 1 0 0 0 2 0 0
55 2 0 0 0 0 0 0 0 0
fl=./elf/../sysdeps/unix/sysv/linux/rseq-internal.h
fn=__tls_init_tp
41 3 0 0 1 0 0 0 0 0
50 4 1 1 1 0 0 0 0 0
58 1 0 0 0 0 0 1 0 0
59 1 0 0 0 0 0 1 0 0
60 1 0 0 0 0 0 1 0 0
61 1 0 0 0 0 0 1 0 0
63 6 1 1 0 0 0 0 0 0
65 2 0 0 0 0 0 0 0 0
70 1 0 0 0 0 0 1 0 0
fl=./elf/../sysdeps/unix/sysv/linux/x86/dl-minsigstacksize.h
fn=get_common_indices.constprop.0
24 2 1 1 1 0 0 0 0 0
27 2 0 0 1 0 0 0 0 0
28 2 0 0 1 0 0 0 0 0
65 3 1 1 0 0 0 0 0 0
72 1 0 0 0 0 0 0 0 0
74 1 0 0 0 0 0 1 0 0
fl=./elf/../sysdeps/x86/cpu-features.c
fn=get_common_indices.constprop.0
325 1 1 1 0 0 0 1 0 0
329 4 0 0 0 0 0 0 0 0
332 5 1 1 0 0 0 3 1 1
336 1 0 0 0 0 0 1 0 0
337 4 0 0 0 0 0 1 0 0
338 4 0 0 0 0 0 1 0 0
339 4 0 0 0 0 0 1 0 0
340 3 1 1 0 0 0 1 0 0
341 2 0 0 1 0 0 0 0 0
348 2 0 0 1 0 0 0 0 0
350 9 1 1 0 0 0 4 0 0
355 8 0 0 0 0 0 4 1 1
362 2 0 0 1 0 0 0 0 0
363 7 1 1 0 0 0 4 1 1
369 2 0 0 1 0 0 0 0 0
384 2 0 0 2 0 0 0 0 0
fn=init_cpu_features.constprop.0
303 3 1 1 0 0 0 0 0 0
304 2 0 0 0 0 0 0 0 0
305 6 0 0 0 0 0 4 0 0
310 2 0 0 0 0 0 0 0 0
311 6 1 1 0 0 0 4 1 1
316 2 1 1 0 0 0 0 0 0
317 7 0 0 0 0 0 4 0 0
399 7 1 1 0 0 0 6 0 0
402 1 0 0 0 0 0 1 0 0
403 1 0 0 0 0 0 1 0 0
404 1 0 0 0 0 0 1 0 0
415 3 0 0 0 0 0 1 0 0
418 6 1 1 0 0 0 0 0 0
419 1 0 0 0 0 0 0 0 0
422 2 0 0 0 0 0 1 0 0
424 6 1 1 0 0 0 1 0 0
429 1 0 0 0 0 0 1 0 0
431 3 1 1 1 0 0 0 0 0
433 5 1 1 2 0 0 1 0 0
434 15 2 2 0 0 0 0 0 0
489 3 0 0 1 0 0 0 0 0
503 1 0 0 1 0 0 0 0 0
513 9 1 1 1 1 1 0 0 0
555 1 0 0 1 0 0 0 0 0
556 1 0 0 0 0 0 0 0 0
564 2 0 0 1 0 0 0 0 0
571 2 0 0 1 0 0 0 0 0
573 1 0 0 1 0 0 0 0 0
577 2 0 0 1 0 0 0 0 0
583 2 1 1 1 0 0 0 0 0
585 1 0 0 0 0 0 0 0 0
687 3 1 1 1 0 0 0 0 0
688 1 0 0 1 0 0 0 0 0
691 2 0 0 0 0 0 0 0 0
692 1 0 0 1 0 0 0 0 0
698 1 0 0 0 0 0 1 0 0
699 1 0 0 0 0 0 1 0 0
700 1 1 1 0 0 0 1 0 0
701 3 0 0 1 0 0 2 0 0
706 4 1 1 0 0 0 1 0 0
710 3 0 0 1 0 0 0 0 0
723 2 0 0 0 0 0 0 0 0
724 4 0 0 1 0 0 0 0 0
770 1 0 0 0 0 0 1 0 0
771 2 1 1 1 0 0 0 0 0
775 3 0 0 1 0 0 0 0 0
792 2 1 1 0 0 0 0 0 0
793 3 0 0 1 0 0 0 0 0
795 3 1 1 0 0 0 0 0 0
796 2 0 0 1 0 0 0 0 0
798 4 0 0 0 0 0 0 0 0
799 1 0 0 0 0 0 0 0 0
802 1 0 0 0 0 0 1 0 0
874 9 0 0 7 0 0 0 0 0
fn=update_active.constprop.0
43 7 1 1 0 0 0 6 0 0
47 1 0 0 1 0 0 0 0 0
55 3 0 0 1 0 0 0 0 0
56 3 1 1 0 0 0 0 0 0
57 1 0 0 1 0 0 0 0 0
65 4 0 0 1 0 0 1 0 0
66 1 0 0 1 0 0 0 0 0
74 3 1 1 1 0 0 0 0 0
75 1 0 0 1 0 0 0 0 0
76 3 0 0 0 0 0 1 1 1
80 4 0 0 0 0 0 1 0 0
83 4 0 0 1 0 0 1 0 0
84 1 1 1 1 0 0 0 0 0
87 4 0 0 1 0 0 1 0 0
88 2 0 0 1 0 0 1 0 0
92 4 0 0 1 0 0 1 0 0
93 3 1 1 2 0 0 0 0 0
94 3 0 0 2 0 0 0 0 0
95 2 0 0 1 0 0 1 0 0
97 4 1 1 1 0 0 1 0 0
98 3 0 0 2 1 1 0 0 0
101 6 0 0 0 0 0 1 0 0
109 2 0 0 0 0 0 0 0 0
113 2 0 0 0 0 0 0 0 0
115 4 0 0 0 0 0 0 0 0
119 2 1 1 0 0 0 0 0 0
121 1 0 0 0 0 0 0 0 0
124 2 0 0 0 0 0 0 0 0
126 2 0 0 0 0 0 1 0 0
130 1 0 0 0 0 0 0 0 0
131 1 1 1 1 0 0 0 0 0
134 4 0 0 1 0 0 1 0 0
140 4 0 0 0 0 0 1 0 0
142 4 0 0 1 0 0 1 0 0
144 3 1 1 0 0 0 1 0 0
149 4 1 1 0 0 0 0 0 0
198 3 0 0 0 0 0 0 0 0
210 3 0 0 1 0 0 1 0 0
211 1 1 1 1 0 0 0 0 0
214 4 0 0 1 0 0 1 0 0
218 2 0 0 1 0 0 0 0 0
222 3 1 1 0 0 0 0 0 0
223 2 0 0 0 0 0 0 0 0
225 1 1 1 0 0 0 0 0 0
226 1 0 0 0 0 0 0 0 0
229 2 0 0 0 0 0 1 0 0
231 1 0 0 0 0 0 1 0 0
234 2 0 0 0 0 0 0 0 0
285 3 1 1 1 0 0 0 0 0
289 3 0 0 1 0 0 0 0 0
296 1 0 0 0 0 0 1 0 0
297 8 0 0 7 0 0 0 0 0
fl=./elf/../sysdeps/x86/dl-cacheinfo.h
fn=get_common_cache_info.constprop.0
476 9 1 1 0 0 0 6 0 0
491 1 0 0 1 0 0 0 0 0
492 1 0 0 1 0 0 0 0 0
493 2 0 0 1 0 0 1 0 0
494 1 1 1 1 0 0 0 0 0
495 1 0 0 1 0 0 0 0 0
501 1 0 0 0 0 0 1 0 0
503 9 0 0 3 0 0 0 0 0
506 2 0 0 0 0 0 0 0 0
518 1 0 0 0 0 0 0 0 0
523 3 0 0 1 0 0 0 0 0
527 2 0 0 0 0 0 0 0 0
532 6 2 2 0 0 0 2 0 0
535 24 0 0 0 0 0 2 0 0
541 8 0 0 0 0 0 0 0 0
542 8 1 1 0 0 0 0 0 0
545 26 0 0 0 0 0 0 0 0
550 2 1 1 0 0 0 0 0 0
554 3 0 0 0 0 0 1 0 0
555 1 0 0 0 0 0 0 0 0
559 6 0 0 0 0 0 0 0 0
563 3 0 0 0 0 0 0 0 0
566 4 0 0 0 0 0 1 0 0
567 1 0 0 0 0 0 0 0 0
572 4 0 0 0 0 0 0 0 0
578 4 1 1 0 0 0 0 0 0
586 8 0 0 2 0 0 0 0 0
588 2 0 0 0 0 0 0 0 0
590 5 1 1 1 0 0 0 0 0
592 11 0 0 0 0 0 0 0 0
595 2 0 0 0 0 0 0 0 0
596 9 1 1 0 0 0 1 0 0
598 4 1 1 0 0 0 0 0 0
601 2 0 0 0 0 0 0 0 0
606 1 0 0 1 0 0 0 0 0
608 4 0 0 0 0 0 0 0 0
609 4 0 0 0 0 0 1 0 0
610 1 0 0 0 0 0 0 0 0
613 2 0 0 0 0 0 0 0 0
616 2 2 2 0 0 0 0 0 0
620 2 0 0 1 0 0 0 0 0
623 1 0 0 0 0 0 0 0 0
625 4 0 0 0 0 0 0 0 0
626 1 0 0 0 0 0 0 0 0
631 2 0 0 0 0 0 0 0 0
636 3 0 0 1 0 0 0 0 0
637 2 0 0 0 0 0 1 0 0
638 2 0 0 0 0 0 0 0 0
639 3 0 0 0 0 0 0 0 0
640 2 0 0 1 0 0 0 0 0
675 4 1 1 0 0 0 0 0 0
676 5 0 0 0 0 0 0 0 0
680 2 0 0 1 0 0 0 0 0
687 1 0 0 0 0 0 1 0 0
688 1 0 0 0 0 0 1 0 0
689 1 0 0 0 0 0 1 0 0
690 7 0 0 7 0 0 0 0 0
fn=handle_intel.constprop.0
250 84 0 0 0 0 0 72 0 0
255 24 1 1 12 0 0 0 0 0
261 12 0 0 0 0 0 12 0 0
262 12 0 0 0 0 0 12 0 0
267 60 1 1 0 0 0 0 0 0
271 24 0 0 0 0 0 0 0 0
276 24 1 1 0 0 0 0 0 0
279 60 0 0 0 0 0 12 0 0
281 24 0 0 0 0 0 0 0 0
284 60 0 0 0 0 0 12 0 0
286 24 1 1 0 0 0 0 0 0
305 96 0 0 84 0 0 0 0 0
fn=init_cpu_features.constprop.0
702 1 0 0 0 0 0 1 0 0
704 1 0 0 0 0 0 1 0 0
718 2 0 0 0 0 0 0 0 0
720 3 1 1 0 0 0 1 0 0
721 3 0 0 0 0 0 1 0 0
722 4 0 0 0 0 0 2 0 0
723 1 0 0 0 0 0 1 0 0
726 3 1 1 0 0 0 1 0 0
728 3 0 0 0 0 0 1 0 0
729 1 0 0 0 0 0 1 0 0
731 3 0 0 0 0 0 2 0 0
733 3 0 0 0 0 0 2 0 0
734 2 0 0 0 0 0 2 0 0
736 3 1 1 0 0 0 2 0 0
738 3 0 0 0 0 0 2 0 0
739 1 0 0 0 0 0 1 0 0
741 3 0 0 0 0 0 2 0 0
743 3 0 0 0 0 0 1 0 0
745 3 1 1 0 0 0 1 0 0
747 5 0 0 1 0 0 1 0 0
843 1 0 0 0 0 0 1 1 1
844 1 0 0 0 0 0 1 0 0
845 1 0 0 0 0 0 1 0 0
846 2 1 1 1 0 0 1 1 1
847 2 1 1 1 0 0 1 0 0
848 2 0 0 1 0 0 1 0 0
849 2 0 0 1 0 0 1 0 0
850 2 0 0 1 0 0 1 0 0
851 2 0 0 1 0 0 1 0 0
852 1 0 0 0 0 0 1 0 0
853 1 0 0 0 0 0 1 1 1
854 1 1 1 0 0 0 1 0 0
868 10 0 0 3 0 0 0 0 0
873 1 0 0 0 0 0 0 0 0
874 5 1 1 1 0 0 0 0 0
882 1 0 0 1 0 0 0 0 0
883 2 1 1 0 0 0 0 0 0
894 7 1 1 1 0 0 0 0 0
905 2 0 0 0 0 0 0 0 0
906 1 0 0 1 0 0 0 0 0
913 11 2 2 0 0 0 0 0 0
931 3 0 0 1 0 0 0 0 0
939 7 1 1 1 0 0 3 0 0
941 2 0 0 0 0 0 0 0 0
944 5 0 0 1 0 0 1 0 0
946 3 0 0 1 0 0 0 0 0
949 5 1 1 1 0 0 1 0 0
950 5 0 0 0 0 0 0 0 0
954 7 0 0 1 0 0 3 0 0
955 5 1 1 2 0 0 0 0 0
961 7 0 0 1 0 0 3 0 0
964 11 1 1 1 0 0 6 0 0
965 8 1 1 1 0 0 4 0 0
966 11 1 1 2 0 0 4 0 0
969 12 1 1 2 0 0 4 0 0
971 8 1 1 0 0 0 4 0 0
981 4 0 0 3 0 0 0 0 0
987 1 0 0 0 0 0 1 0 0
988 1 0 0 0 0 0 1 0 0
989 1 0 0 0 0 0 1 0 0
990 2 0 0 1 0 0 1 0 0
991 1 0 0 0 0 0 1 0 0
992 1 0 0 0 0 0 1 0 0
fn=intel_check_word.constprop.0
110 648 0 0 324 6 6 0 0 0
113 324 0 0 0 0 0 0 0 0
119 96 0 0 0 0 0 72 0 0
123 72 1 1 0 0 0 0 0 0
125 12 0 0 0 0 0 0 0 0
129 144 0 0 0 0 0 0 0 0
131 144 1 1 0 0 0 0 0 0
133 60 1 1 0 0 0 0 0 0
135 120 0 0 0 0 0 0 0 0
143 120 0 0 0 0 0 0 0 0
152 12 0 0 0 0 0 0 0 0
155 123 1 1 0 0 0 0 0 0
158 99 0 0 0 0 0 0 0 0
162 64 0 0 0 0 0 0 0 0
164 192 1 1 0 0 0 0 0 0
165 24 0 0 0 0 0 0 0 0
167 120 0 0 0 0 0 0 0 0
168 72 0 0 0 0 0 0 0 0
169 60 0 0 0 0 0 0 0 0
170 48 0 0 0 0 0 0 0 0
172 11 1 1 0 0 0 0 0 0
174 22 0 0 0 0 0 0 0 0
176 12 1 1 0 0 0 0 0 0
177 16 0 0 0 0 0 0 0 0
178 12 0 0 0 0 0 0 0 0
179 20 0 0 0 0 0 0 0 0
180 14 0 0 0 0 0 0 0 0
181 12 0 0 0 0 0 0 0 0
183 8 0 0 0 0 0 0 0 0
184 12 0 0 0 0 0 0 0 0
187 21 0 0 0 0 0 0 0 0
190 2 0 0 0 0 0 0 0 0
194 192 0 0 0 0 0 0 0 0
202 168 0 0 48 0 0 0 0 0
216 48 0 0 0 0 0 0 0 0
246 96 0 0 96 0 0 0 0 0
fl=./elf/../sysdeps/x86/dl-get-cpu-features.c
fn=__x86_cpu_features
39 3 1 0 1 0 0 0 0 0
71 2 0 0 1 0 0 0 0 0
fn=_dl_x86_init_cpu_features
39 3 1 1 1 0 0 0 0 0
41 1 0 0 0 0 0 0 0 0
fl=./elf/../sysdeps/x86/dl-hwcap.h
fn=_dl_important_hwcaps
57 6 1 1 1 0 0 0 0 0
fl=./elf/../sysdeps/x86/dl-procinfo.h
fn=search_cache
39 8 0 0 0 0 0 0 0 0
42 28 1 1 0 0 0 8 0 0
fl=./elf/../sysdeps/x86/dl-prop.h
fn=_dl_map_object_from_fd
95 28 1 1 14 0 0 0 0 0
100 4 1 1 0 0 0 2 0 0
101 2 0 0 0 0 0 2 0 0
102 2 0 0 0 0 0 0 0 0
103 2 0 0 0 0 0 0 0 0
105 18 0 0 0 0 0 0 0 0
108 6 0 0 2 0 0 0 0 0
109 4 0 0 2 0 0 0 0 0
110 4 1 1 2 0 0 0 0 0
114 6 0 0 2 0 0 0 0 0
118 6 0 0 0 0 0 2 0 0
121 6 0 0 2 0 0 0 0 0
122 4 0 0 0 0 0 0 0 0
126 2 0 0 0 0 0 0 0 0
127 8 1 1 0 0 0 4 0 0
131 4 1 1 2 0 0 0 0 0
132 2 0 0 2 0 0 0 0 0
135 4 0 0 0 0 0 0 0 0
138 2 0 0 0 0 0 0 0 0
139 8 0 0 0 0 0 0 0 0
144 8 0 0 0 0 0 0 0 0
151 4 1 1 0 0 0 0 0 0
164 4 0 0 0 0 0 0 0 0
167 8 0 0 4 1 1 0 0 0
192 2 0 0 0 0 0 0 0 0
193 8 0 0 0 0 0 0 0 0
198 16 1 1 4 0 0 0 0 0
200 8 0 0 2 0 0 2 0 0
201 2 0 0 0 0 0 2 0 0
202 2 0 0 0 0 0 2 0 0
203 4 0 0 0 0 0 2 0 0
212 16 0 0 14 0 0 0 0 0
213 7 0 0 7 0 0 0 0 0
fn=dl_main
36 2 0 0 2 0 0 0 0 0
37 24 1 1 0 0 0 0 0 0
40 10 1 1 10 0 0 0 0 0
49 40 0 0 13 1 0 0 0 0
53 39 0 0 7 2 0 0 0 0
95 8 1 1 4 0 0 0 0 0
100 2 1 1 0 0 0 1 0 0
101 1 0 0 0 0 0 1 0 0
102 1 0 0 0 0 0 0 0 0
103 1 0 0 0 0 0 0 0 0
105 10 0 0 0 0 0 0 0 0
108 3 0 0 1 0 0 0 0 0
109 2 0 0 1 0 0 0 0 0
110 2 1 1 1 0 0 0 0 0
114 3 0 0 1 0 0 0 0 0
118 3 0 0 0 0 0 1 0 0
121 3 0 0 1 0 0 0 0 0
122 2 0 0 0 0 0 0 0 0
126 1 0 0 0 0 0 0 0 0
127 5 1 1 0 0 0 3 0 0
131 2 1 1 1 0 0 0 0 0
132 1 0 0 1 0 0 0 0 0
135 2 0 0 0 0 0 0 0 0
138 1 0 0 0 0 0 0 0 0
139 4 0 0 0 0 0 0 0 0
144 4 1 1 0 0 0 0 0 0
151 2 0 0 0 0 0 0 0 0
164 2 0 0 0 0 0 0 0 0
167 1 0 0 1 0 0 0 0 0
170 4 0 0 2 0 0 0 0 0
192 1 0 0 0 0 0 0 0 0
193 4 0 0 0 0 0 0 0 0
198 9 2 2 2 0 0 0 0 0
200 4 1 1 1 0 0 1 0 0
201 1 0 0 0 0 0 1 0 0
202 1 0 0 0 0 0 1 0 0
203 2 0 0 0 0 0 1 0 0
212 5 0 0 4 0 0 0 0 0
213 2 0 0 2 0 0 0 0 0
fl=./elf/../sysdeps/x86/get-isa-level.h
fn=_dl_hwcaps_subdirs_active
30 2 1 1 0 0 0 0 0 0
31 3 1 1 1 0 0 0 0 0
32 3 0 0 1 0 0 0 0 0
36 3 0 0 0 0 0 0 0 0
39 4 0 0 1 0 0 0 0 0
40 4 1 1 1 0 0 0 0 0
45 4 0 0 0 0 0 0 0 0
48 2 0 0 0 0 0 0 0 0
51 5 0 0 1 0 0 0 0 0
53 4 1 1 0 0 0 0 0 0
54 2 0 0 0 0 0 0 0 0
55 2 0 0 0 0 0 0 0 0
58 2 0 0 0 0 0 0 0 0
61 2 0 0 0 0 0 0 0 0
fn=update_active.constprop.0
28 1 0 0 0 0 0 0 0 0
30 2 0 0 0 0 0 0 0 0
31 2 0 0 0 0 0 0 0 0
32 3 1 1 0 0 0 0 0 0
36 3 0 0 0 0 0 0 0 0
38 1 0 0 0 0 0 0 0 0
39 3 2 2 1 0 0 0 0 0
40 4 0 0 1 0 0 0 0 0
45 4 0 0 0 0 0 0 0 0
47 1 0 0 0 0 0 0 0 0
48 2 0 0 0 0 0 0 0 0
51 5 1 1 1 0 0 0 0 0
53 4 0 0 0 0 0 0 0 0
54 2 0 0 0 0 0 0 0 0
55 2 1 1 0 0 0 0 0 0
57 1 0 0 0 0 0 0 0 0
58 2 0 0 0 0 0 0 0 0
61 2 0 0 0 0 0 0 0 0
fl=./elf/../sysdeps/x86_64/dl-hwcaps-subdirs.c
fn=_dl_hwcaps_subdirs_active
38 3 0 0 0 0 0 0 0 0
43 1 0 0 0 0 0 0 0 0
48 1 0 0 0 0 0 0 0 0
52 1 0 0 1 0 0 0 0 0
fl=./elf/../sysdeps/x86_64/dl-irel.h
fn=_dl_fixup
32 5 2 1 0 0 0 5 0 0
fl=./elf/../sysdeps/x86_64/dl-machine.h
fn=_dl_fixup
220 105 1 1 0 0 0 105 0 0
fn=_dl_relocate_object
72 28 0 0 7 0 0 0 0 0
78 20 0 0 15 4 0 0 0 0
82 15 1 1 5 5 5 0 0 0
88 5 0 0 0 0 0 5 0 0
98 10 0 0 0 0 0 0 0 0
118 10 0 0 5 1 0 0 0 0
121 10 0 0 0 0 0 5 0 0
123 20 2 2 5 2 0 0 0 0
126 5 0 0 0 0 0 0 0 0
253 6776 1 1 0 0 0 0 0 0
260 6776 0 0 0 0 0 0 0 0
264 6776 0 0 0 0 0 0 0 0
273 27026 8 6 10125 4 0 0 0 0
276 13477 0 0 3356 0 0 0 0 0
277 6754 1 1 0 0 0 0 0 0
278 6746 0 0 0 0 0 0 0 0
303 20328 1 1 3388 8 3 0 0 0
330 6 1 1 0 0 0 0 0 0
331 9 0 0 6 2 0 3 2 1
336 6 0 0 2 0 0 0 0 0
338 4 0 0 4 0 0 0 0 0
347 4 0 0 2 0 0 2 0 0
384 54 1 1 18 0 0 0 0 0
386 72 0 0 18 0 0 0 0 0
390 54 0 0 36 2 2 0 0 0
399 36 0 0 18 0 0 18 5 5
407 9443 0 0 6079 352 352 3364 1176 434
444 3 1 1 1 0 0 0 0 0
448 4 0 0 1 0 0 2 0 0
449 4 0 0 2 0 0 0 0 0
450 5 1 1 3 0 0 0 0 0
451 2 0 0 0 0 0 0 0 0
460 4 0 0 4 0 0 0 0 0
461 6 0 0 2 0 0 0 0 0
462 2 0 0 0 0 0 2 0 0
463 2 0 0 0 0 0 2 2 1
482 2706 0 0 902 111 111 0 0 0
483 902 0 0 0 0 0 902 250 245
487 1804 0 0 0 0 0 0 0 0
488 1804 0 0 902 115 115 0 0 0
498 2360 0 0 1180 0 0 0 0 0
502 2240 0 0 0 0 0 0 0 0
505 3360 0 0 1120 0 0 0 0 0
506 1120 0 0 1120 147 147 0 0 0
532 120 0 0 120 0 0 0 0 0
533 180 0 0 60 0 0 0 0 0
534 60 0 0 0 0 0 60 0 0
535 60 0 0 0 0 0 60 0 0
fn=_dl_start
72 1 0 0 1 0 0 0 0 0
264 15 0 0 0 0 0 0 0 0
273 43 0 0 15 5 5 1 1 1
276 10 0 0 5 0 0 0 0 0
277 20 0 0 0 0 0 0 0 0
303 15 0 0 0 0 0 0 0 0
307 4 0 0 0 0 0 4 1 1
fn=_dl_sysdep_start
206 1 0 0 0 0 0 1 0 0
fl=./elf/../sysdeps/x86_64/dl-runtime.h
fn=_dl_fixup
28 105 0 0 0 0 0 0 0 0
fl=./elf/../sysdeps/x86_64/dl-trampoline.h
fn=_dl_runtime_resolve_xsave
76 105 2 2 0 0 0 105 0 0
79 105 0 0 0 0 0 0 0 0
81 105 0 0 0 0 0 0 0 0
91 105 0 0 105 3 1 0 0 0
97 105 2 2 0 0 0 105 4 1
98 105 0 0 0 0 0 105 0 0
99 105 0 0 0 0 0 105 0 0
100 105 0 0 0 0 0 105 0 0
101 105 0 0 0 0 0 105 0 0
102 105 0 0 0 0 0 105 0 0
103 105 0 0 0 0 0 105 0 0
107 105 0 0 0 0 0 0 0 0
108 105 0 0 0 0 0 0 0 0
111 105 0 0 0 0 0 105 6 0
112 105 0 0 0 0 0 105 0 0
114 105 0 0 0 0 0 105 0 0
115 105 2 2 0 0 0 105 0 0
116 105 0 0 0 0 0 105 0 0
117 105 0 0 0 0 0 105 0 0
118 105 0 0 0 0 0 105 0 0
119 105 0 0 0 0 0 105 0 0
121 105 0 0 105 0 0 3465 38 2
128 105 0 0 105 0 0 0 0 0
129 105 0 0 105 0 0 0 0 0
130 105 0 0 0 0 0 105 4 0
131 105 0 0 0 0 0 0 0 0
136 105 2 2 0 0 0 0 0 0
137 105 0 0 0 0 0 0 0 0
138 105 0 0 3780 0 0 0 0 0
140 105 0 0 105 0 0 0 0 0
141 105 0 0 105 0 0 0 0 0
142 105 0 0 105 0 0 0 0 0
143 105 0 0 105 0 0 0 0 0
144 105 0 0 105 0 0 0 0 0
145 105 0 0 105 0 0 0 0 0
146 105 0 0 105 0 0 0 0 0
148 105 0 0 0 0 0 0 0 0
150 105 0 0 105 0 0 0 0 0
154 105 0 0 0 0 0 0 0 0
156 105 0 0 0 0 0 0 0 0
fl=./elf/../sysdeps/x86_64/tls_get_addr.S
fn=__tls_get_addr
30 2 1 1 2 0 0 0 0 0
31 2 0 0 2 1 1 0 0 0
33 2 0 0 2 1 1 0 0 0
34 2 0 0 0 0 0 0 0 0
35 2 0 0 2 1 1 0 0 0
38 2 0 0 0 0 0 0 0 0
39 2 0 0 2 1 1 0 0 0
43 2 1 1 0 0 0 0 0 0
44 2 0 0 0 0 0 0 0 0
45 2 0 0 2 0 0 0 0 0
46 2 0 0 2 0 0 0 0 0
fl=./elf/./dl-find_object.h
fn=_dl_find_object_from_map
95 14 1 1 7 4 0 7 5 5
96 14 0 0 7 0 0 7 0 0
97 7 0 0 0 0 0 7 0 0
103 35 0 0 14 6 0 0 0 0
104 176 0 0 0 0 0 0 0 0
105 122 1 1 61 52 6 0 0 0
107 21 0 0 14 1 0 7 0 0
112 7 0 0 7 0 0 0 0 0
fl=./elf/./dl-hwcaps.h
fn=_dl_important_hwcaps
54 9 0 0 1 0 0 4 0 0
56 7 3 3 0 0 0 4 0 0
57 1 0 0 0 0 0 0 0 0
88 5 0 0 2 0 0 3 0 0
89 8 0 0 2 0 0 3 0 0
90 3 0 0 0 0 0 0 0 0
fn=copy_hwcaps
54 2 0 0 0 0 0 2 1 1
56 4 0 0 0 0 0 2 0 0
88 2 0 0 0 0 0 2 0 0
89 2 0 0 0 0 0 2 0 0
90 2 0 0 0 0 0 0 0 0
fl=./elf/./dl-load.h
fn=_dl_map_object_from_fd
91 40 0 0 0 0 0 0 0 0
92 15 0 0 10 0 0 5 0 0
94 40 1 1 20 0 0 0 0 0
95 16 1 1 8 0 0 0 0 0
96 24 1 1 8 0 0 0 0 0
97 16 0 0 4 0 0 0 0 0
99 16 0 0 0 0 0 4 0 0
fl=./elf/./dl-main.h
fn=dl_main
112 5 1 1 4 0 0 1 0 0
fl=./elf/./dl-map-segments.h
fn=_dl_map_object_from_fd
28 15 1 1 5 0 0 0 0 0
29 50 1 1 25 0 0 10 0 0
101 5 0 0 0 0 0 5 0 0
102 15 0 0 5 0 0 0 0 0
105 15 1 1 5 0 0 5 0 0
106 10 0 0 0 0 0 5 0 0
108 10 0 0 5 0 0 0 0 0
125 5 1 1 5 0 0 0 0 0
127 5 0 0 5 0 0 0 0 0
135 120 0 0 20 0 0 0 0 0
137 60 1 1 30 0 0 0 0 0
139 165 0 0 60 0 0 30 0 0
140 15 0 0 15 0 0 0 0 0
149 80 0 0 40 0 0 0 0 0
155 10 0 0 5 0 0 0 0 0
156 5 0 0 0 0 0 0 0 0
157 25 1 1 5 0 0 0 0 0
158 10 0 0 0 0 0 0 0 0
165 10 0 0 0 0 0 0 0 0
168 10 0 0 0 0 0 0 0 0
176 45 0 0 10 0 0 15 0 0
182 10 0 0 0 0 0 0 0 0
186 16 1 1 0 0 0 2 0 0
189 4 1 1 0 0 0 0 0 0
194 20 1 1 0 0 0 0 0 0
fl=./elf/./dl-sym-post.h
fn=lookup_malloc_symbol
41 8 0 0 0 0 0 0 0 0
53 12 1 1 4 0 0 0 0 0
fl=./elf/./dl-tunable-types.h
fn=do_tunable_update_val
90 10 0 0 0 0 0 0 0 0
fl=./elf/./elf/dl-audit.c
fn=_dl_audit_activity_map
29 7 1 1 0 0 0 6 0 0
30 1 0 0 1 0 0 0 0 0
31 3 0 0 1 0 0 0 0 0
37 8 1 1 7 0 0 0 0 0
fn=_dl_audit_activity_nsid
45 12 2 1 3 0 0 0 0 0
47 9 0 0 3 1 1 0 0 0
51 3 2 2 3 0 0 0 0 0
fn=_dl_audit_objclose
98 28 1 1 14 0 0 0 0 0
fn=_dl_audit_objopen
78 20 1 1 10 0 0 0 0 0
fn=_dl_audit_preinit
119 4 1 1 2 1 0 0 0 0
fl=./elf/./elf/dl-cache.c
fn=_dl_cache_libcmp
367 42 1 1 0 0 0 0 0 0
368 735 0 0 245 0 0 0 0 0
370 717 0 0 0 0 0 0 0 0
372 490 0 0 239 31 31 0 0 0
378 18 0 0 0 0 0 0 0 0
379 18 1 1 0 0 0 0 0 0
380 24 0 0 6 0 0 0 0 0
382 24 0 0 6 0 0 0 0 0
384 12 0 0 0 0 0 0 0 0
390 466 1 1 0 0 0 0 0 0
392 466 0 0 0 0 0 0 0 0
393 108 1 1 36 0 0 0 0 0
396 197 0 0 0 0 0 0 0 0
397 197 0 0 0 0 0 0 0 0
400 18 0 0 12 0 0 0 0 0
fn=_dl_load_cache_lookup
413 20 1 1 0 0 0 8 0 0
415 8 1 1 4 0 0 0 0 0
418 12 0 0 4 0 0 0 0 0
421 6 2 2 0 0 0 2 0 0
429 6 0 0 2 0 0 0 0 0
430 8 1 1 3 1 1 0 0 0
433 6 0 0 0 0 0 0 0 0
434 1 0 0 1 0 0 0 0 0
441 1 1 1 0 0 0 1 0 0
442 2 1 1 0 0 0 1 0 0
487 9 0 0 3 0 0 0 0 0
492 12 0 0 4 0 0 0 0 0
495 24 1 1 4 0 0 4 0 0
510 8 0 0 4 0 0 0 0 0
514 8 0 0 0 0 0 0 0 0
522 12 0 0 0 0 0 4 0 0
523 20 1 1 0 0 0 0 0 0
524 12 0 0 0 0 0 4 0 0
525 4 0 0 0 0 0 4 0 0
526 12 0 0 12 0 0 0 0 0
fn=_dl_unload_cache
535 1 0 0 0 0 0 0 0 0
536 4 2 2 1 1 0 0 0 0
538 2 0 0 1 1 0 1 0 0
539 1 0 0 0 0 0 1 0 0
543 1 0 0 0 0 0 1 0 0
545 2 0 0 1 0 0 0 0 0
fn=search_cache
194 72 0 0 0 0 0 0 0 0
206 52 1 1 0 0 0 40 1 1
208 4 0 0 4 0 0 0 0 0
211 24 1 1 4 0 0 8 0 0
213 76 1 1 20 0 0 16 0 0
214 8 0 0 0 0 0 0 0 0
216 24 1 1 8 0 0 4 0 0
228 72 0 0 0 0 0 0 0 0
230 180 0 0 0 0 0 0 0 0
231 76 0 0 40 28 28 0 0 0
235 72 0 0 0 0 0 0 0 0
236 44 1 1 12 0 0 4 0 0
239 108 1 1 36 0 0 36 0 0
240 72 0 0 0 0 0 0 0 0
248 20 1 1 0 0 0 0 0 0
250 12 0 0 6 1 1 0 0 0
253 12 0 0 0 0 0 0 0 0
255 36 0 0 0 0 0 6 0 0
257 6 0 0 0 0 0 0 0 0
267 8 0 0 0 0 0 0 0 0
277 8 1 1 4 0 0 0 0 0
278 12 0 0 4 0 0 0 0 0
285 8 0 0 4 0 0 0 0 0
294 8 0 0 0 0 0 0 0 0
303 8 0 0 4 0 0 0 0 0
306 8 0 0 4 0 0 0 0 0
311 4 0 0 0 0 0 0 0 0
312 12 1 1 4 0 0 0 0 0
340 8 0 0 0 0 0 4 0 0
356 32 0 0 0 0 0 0 0 0
357 18 0 0 0 0 0 0 0 0
359 14 0 0 0 0 0 0 0 0
363 36 0 0 32 0 0 0 0 0
fl=./elf/./elf/dl-call-libc-early-init.c
fn=_dl_call_libc_early_init
27 3 0 0 0 0 0 2 0 0
29 2 1 0 0 0 0 0 0 0
33 7 1 1 0 0 0 1 0 0
37 2 0 0 0 0 0 0 0 0
39 4 0 0 3 0 0 0 0 0
40 2 0 0 0 0 0 0 0 0
41 3 0 0 2 0 0 0 0 0
fl=./elf/./elf/dl-call_fini.c
fn=_dl_call_fini
24 28 1 1 0 0 0 21 0 0
28 14 0 0 7 0 0 0 0 0
32 7 0 0 7 0 0 0 0 0
34 7 0 0 7 7 7 0 0 0
35 14 1 1 0 0 0 0 0 0
38 10 0 0 10 5 5 0 0 0
39 15 0 0 10 3 3 0 0 0
42 40 0 0 0 0 0 0 0 0
43 5 0 0 5 5 5 5 0 0
47 7 0 0 7 6 6 0 0 0
48 14 1 1 0 0 0 0 0 0
49 15 0 0 10 3 3 0 0 0
50 23 0 0 23 0 0 0 0 0
fl=./elf/./elf/dl-debug.c
fn=_dl_debug_initialize
56 1 1 1 0 0 0 0 0 0
57 3 1 1 0 0 0 0 0 0
59 2 0 0 0 0 0 0 0 0
63 3 0 0 1 1 1 0 0 0
64 1 0 0 0 0 0 1 0 0
85 3 0 0 1 0 0 0 0 0
90 3 2 2 1 0 0 1 0 0
91 2 0 0 0 0 0 1 0 0
92 1 0 0 0 0 0 1 0 0
95 3 0 0 2 0 0 0 0 0
96 6 1 1 1 0 0 1 0 0
99 2 0 0 0 0 0 0 0 0
107 2 0 0 1 0 0 0 0 0
fn=_dl_debug_state
117 2 1 1 2 0 0 0 0 0
fn=_dl_debug_update
40 12 0 0 0 0 0 0 0 0
41 6 0 0 0 0 0 0 0 0
44 12 1 1 6 1 0 0 0 0
48 6 0 0 6 0 0 0 0 0
fl=./elf/./elf/dl-deps.c
fn=_dl_map_object_deps
128 6 0 0 0 0 0 3 2 2
129 5 0 0 0 0 0 2 0 0
130 6 1 1 0 0 0 1 0 0
132 2 0 0 0 0 0 1 0 0
136 8 1 1 2 0 0 2 0 0
143 13 1 1 0 0 0 7 1 1
144 9 2 2 0 0 0 0 0 0
160 8 0 0 0 0 0 0 0 0
161 1 0 0 1 0 0 0 0 0
164 2 1 1 1 0 0 1 0 0
182 1 0 0 1 0 0 0 0 0
183 6 1 1 4 0 0 0 0 0
184 1 0 0 0 0 0 1 0 0
188 13 0 0 7 0 0 0 0 0
190 37 1 1 0 0 0 20 0 0
193 7 1 1 0 0 0 7 0 0
197 21 0 0 7 0 0 0 0 0
198 53 2 2 20 0 0 0 0 0
201 15 0 0 0 0 0 0 0 0
205 10 0 0 5 0 0 0 0 0
208 22 0 0 11 2 2 0 0 0
210 20 1 1 15 0 0 0 0 0
215 5 1 1 0 0 0 5 0 0
216 5 0 0 0 0 0 5 0 0
217 5 0 0 0 0 0 5 0 0
218 10 0 0 5 0 0 5 0 0
221 602 1 1 163 2 0 5 0 0
222 276 1 1 0 0 0 0 0 0
228 95 1 1 20 0 0 14 1 1
230 10 0 0 0 0 0 10 0 0
232 40 2 2 0 0 0 10 0 0
233 20 0 0 10 0 0 0 0 0
242 10 0 0 10 0 0 0 0 0
244 20 0 0 10 0 0 0 0 0
249 15 1 1 0 0 0 0 0 0
252 5 0 0 0 0 0 5 0 0
253 5 0 0 0 0 0 5 0 0
254 5 0 0 0 0 0 5 0 0
255 10 0 0 5 0 0 5 0 0
257 5 0 0 5 0 0 0 0 0
259 25 0 0 5 0 0 10 0 0
263 30 0 0 10 0 0 0 0 0
264 24 0 0 0 0 0 8 1 1
266 384 1 1 0 0 0 0 0 0
417 14 0 0 0 0 0 0 0 0
419 20 1 1 0 0 0 10 0 0
422 15 0 0 0 0 0 5 0 0
423 20 1 1 10 0 0 0 0 0
429 5 0 0 0 0 0 5 1 1
430 25 0 0 0 0 0 10 0 0
431 30 0 0 5 0 0 5 0 0
434 5 0 0 0 0 0 5 0 0
435 5 0 0 5 0 0 0 0 0
439 21 0 0 7 0 0 0 0 0
441 7 1 1 7 0 0 0 0 0
442 32 0 0 6 0 0 0 0 0
448 5 1 1 1 0 0 0 0 0
449 2 0 0 0 0 0 1 0 0
452 4 0 0 1 0 0 1 0 0
463 5 1 1 1 0 0 2 0 0
465 4 1 1 2 0 0 0 0 0
470 4 0 0 1 0 0 1 0 0
471 1 0 0 0 0 0 1 0 0
472 1 0 0 0 0 0 0 0 0
474 23 0 0 7 0 0 0 0 0
478 21 1 1 7 0 0 0 0 0
483 14 0 0 0 0 0 0 0 0
485 21 0 0 0 0 0 7 2 2
490 7 0 0 7 0 0 0 0 0
495 3 0 0 1 0 0 0 0 0
532 2 1 1 0 0 0 0 0 0
533 2 0 0 0 0 0 0 0 0
536 1 0 0 1 0 0 0 0 0
547 9 2 2 2 0 0 3 0 0
552 9 1 1 1 0 0 2 0 0
553 5 1 1 2 0 0 1 0 0
557 1 0 0 0 0 0 1 0 0
559 2 0 0 1 0 0 1 0 0
560 1 0 0 1 0 0 0 0 0
561 3 0 0 1 0 0 0 0 0
568 3 1 1 1 0 0 0 0 0
571 2 0 0 0 0 0 0 0 0
574 8 0 0 7 0 0 0 0 0
fn=openaux
61 20 0 0 0 0 0 10 0 0
64 110 0 0 40 0 0 20 0 0
65 10 0 0 10 0 0 0 0 0
68 10 0 0 10 0 0 0 0 0
69 20 0 0 20 0 0 0 0 0
fl=./elf/./elf/dl-environ.c
fn=_dl_next_ld_env_entry
29 3 1 1 3 0 0 0 0 0
32 163 0 0 54 0 0 0 0 0
34 106 0 0 53 0 0 0 0 0
35 16 0 0 8 0 0 0 0 0
37 2 0 0 0 0 0 0 0 0
40 4 1 1 0 0 0 2 0 0
42 2 0 0 2 0 0 0 0 0
45 51 0 0 0 0 0 0 0 0
49 1 0 0 1 0 0 0 0 0
fl=./elf/./elf/dl-error-skeleton.c
fn=_dl_catch_error
225 9 2 2 0 0 0 3 0 0
227 2 0 0 0 0 0 1 0 0
228 2 0 0 1 0 0 1 0 0
229 2 0 0 1 0 0 1 0 0
230 2 0 0 1 0 0 1 0 0
232 5 0 0 4 0 0 0 0 0
fn=_dl_catch_exception
175 44 1 1 0 0 0 33 4 4
178 22 0 0 0 0 0 0 0 0
180 22 1 1 11 0 0 11 0 0
185 11 0 0 0 0 0 0 0 0
199 22 0 0 11 0 0 11 0 0
200 22 0 0 0 0 0 11 0 0
203 22 0 0 0 0 0 11 0 0
206 55 0 0 0 0 0 11 0 0
208 33 1 1 22 0 0 11 0 0
209 22 0 0 11 0 0 11 0 0
210 44 0 0 11 0 0 22 0 0
219 22 0 0 11 0 0 0 0 0
fn=_dl_receive_error
238 5 1 1 0 0 0 2 0 0
239 1 0 0 1 0 0 0 0 0
240 1 0 0 1 0 0 0 0 0
243 1 0 0 0 0 0 1 0 0
244 1 0 0 0 0 0 1 0 0
246 1 0 0 0 0 0 1 0 0
248 1 0 0 0 0 0 1 0 0
249 1 0 0 0 0 0 1 0 0
250 4 1 0 3 0 0 0 0 0
fl=./elf/./elf/dl-find_object.c
fn=_dl_find_object_init
561 3 1 1 0 0 0 2 0 0
564 1 0 0 1 1 0 0 0 0
566 2 0 0 1 0 0 0 0 0
567 3 2 2 0 0 0 1 0 0
579 2 1 1 0 0 0 1 0 0
580 3 0 0 1 0 0 1 0 0
582 2 0 0 0 0 0 0 0 0
585 2 0 0 0 0 0 0 0 0
590 1 1 1 0 0 0 1 0 0
591 1 0 0 0 0 0 1 0 0
594 3 0 0 1 0 0 0 0 0
596 2 0 0 0 0 0 1 0 0
599 6 0 0 3 0 0 1 0 0
601 1 0 0 0 0 0 0 0 0
604 4 0 0 3 0 0 0 0 0
fn=_dlfo_process_initial
474 4 0 0 0 0 0 2 0 0
475 2 0 0 2 0 0 0 0 0
477 2 0 0 0 0 0 0 0 0
478 4 1 1 2 0 0 0 0 0
504 22 1 1 4 1 0 0 0 0
505 34 0 0 2 0 0 0 0 0
506 14 0 0 14 1 0 0 0 0
508 52 1 1 12 0 0 0 0 0
511 48 0 0 12 0 0 0 0 0
513 36 1 1 12 0 0 0 0 0
515 12 0 0 0 0 0 6 0 0
516 12 0 0 0 0 0 0 0 0
517 24 0 0 0 0 0 0 0 0
529 2 0 0 0 0 0 2 0 0
531 8 0 0 4 0 0 0 0 0
fn=_dlfo_sort_mappings
537 2 1 1 0 0 0 0 0 0
540 24 0 0 5 0 0 0 0 0
544 10 0 0 5 0 0 0 0 0
545 70 1 1 0 0 0 0 0 0
546 83 0 0 15 0 0 0 0 0
553 20 0 0 10 0 0 0 0 0
554 25 0 0 10 0 0 10 0 0
555 10 0 0 0 0 0 10 0 0
557 1 0 0 1 0 0 0 0 0
fl=./elf/./elf/dl-fini.c
fn=_dl_fini
26 10 1 1 0 0 0 7 0 0
43 1 0 0 0 0 0 0 0 0
46 13 1 1 1 1 1 0 0 0
49 2 0 0 1 1 1 1 0 0
51 1 0 0 1 1 1 0 0 0
54 2 0 0 0 0 0 0 0 0
56 5 1 1 2 0 0 0 0 0
61 1 0 0 0 0 0 1 0 0
63 4 0 0 0 0 0 2 0 0
68 7 0 0 1 0 0 0 0 0
73 25 1 1 8 3 3 0 0 0
75 14 0 0 7 1 1 0 0 0
77 14 0 0 0 0 0 0 0 0
79 14 0 0 0 0 0 7 0 0
80 7 0 0 0 0 0 7 6 6
81 7 0 0 0 0 0 0 0 0
85 7 1 1 7 1 1 0 0 0
87 6 0 0 0 0 0 0 0 0
88 6 0 0 0 0 0 0 0 0
94 6 1 1 0 0 0 2 0 0
103 2 0 0 1 0 0 1 0 0
108 27 0 0 1 0 0 0 0 0
110 7 1 1 7 0 0 0 0 0
112 14 0 0 7 0 0 0 0 0
114 28 0 0 0 0 0 21 0 0
117 35 0 0 14 0 0 7 0 0
122 7 0 0 7 0 0 0 0 0
126 5 1 1 1 0 0 1 0 0
132 6 0 0 2 0 0 1 0 0
134 1 0 0 0 0 0 0 0 0
138 2 0 0 1 0 0 0 0 0
145 8 1 1 7 0 0 0 0 0
fl=./elf/./elf/dl-hwcaps.c
fn=_dl_important_hwcaps
55 16 0 0 0 0 0 4 0 0
57 2 0 0 0 0 0 0 0 0
58 6 0 0 2 0 0 0 0 0
59 2 0 0 0 0 0 0 0 0
103 4 1 1 0 0 0 2 0 0
105 3 0 0 1 0 0 0 0 0
108 1 0 0 0 0 0 1 0 0
111 2 0 0 0 0 0 1 0 0
115 4 1 1 0 0 0 1 0 0
117 1 0 0 0 0 0 0 0 0
128 12 1 1 0 0 0 3 0 0
130 10 0 0 4 0 0 2 1 1
131 4 0 0 2 0 0 2 0 0
132 4 0 0 0 0 0 2 0 0
133 2 0 0 0 0 0 0 0 0
136 5 0 0 1 0 0 0 0 0
145 14 2 2 7 0 0 1 0 0
146 10 1 1 0 0 0 1 0 0
148 8 0 0 1 0 0 5 0 0
154 2 1 1 2 0 0 0 0 0
158 7 0 0 2 0 0 1 0 0
159 3 0 0 1 0 0 0 0 0
160 3 0 0 0 0 0 0 0 0
164 1 0 0 1 0 0 0 0 0
165 3 0 0 1 0 0 1 0 0
166 2 0 0 0 0 0 2 0 0
175 13 1 1 0 0 0 10 3 3
176 6 1 1 1 0 0 1 1 1
178 2 0 0 1 0 0 1 0 0
179 4 0 0 1 0 0 1 0 0
187 2 0 0 0 0 0 2 0 0
188 4 0 0 1 0 0 0 0 0
198 2 0 0 0 0 0 1 0 0
199 4 0 0 0 0 0 1 0 0
203 17 1 1 1 0 0 0 0 0
204 6 0 0 0 0 0 0 0 0
205 4 0 0 0 0 0 0 0 0
208 1 0 0 0 0 0 0 0 0
228 6 0 0 0 0 0 2 0 0
230 8 1 1 3 0 0 0 0 0
231 4 0 0 2 0 0 2 1 1
233 1 0 0 0 0 0 1 0 0
234 2 0 0 0 0 0 2 0 0
235 9 1 1 0 0 0 3 0 0
236 3 0 0 0 0 0 0 0 0
238 3 0 0 1 0 0 0 0 0
240 2 0 0 0 0 0 1 0 0
241 2 0 0 1 0 0 1 0 0
242 3 0 0 0 0 0 0 0 0
245 5 1 1 0 0 0 1 0 0
246 1 0 0 0 0 0 1 0 0
249 3 0 0 1 0 0 0 0 0
253 2 0 0 0 0 0 0 0 0
254 4 1 1 1 0 0 2 0 0
257 4 0 0 2 0 0 1 0 0
258 2 1 1 0 0 0 0 0 0
260 3 1 1 0 0 0 0 0 0
261 4 0 0 0 0 0 0 0 0
262 4 1 1 1 0 0 0 0 0
263 2 0 0 0 0 0 0 0 0
270 4 1 1 1 0 0 0 0 0
274 9 1 1 2 0 0 2 1 1
281 5 0 0 1 0 0 1 0 0
282 2 0 0 0 0 0 0 0 0
289 1 0 0 0 0 0 1 0 0
290 6 1 1 2 0 0 2 0 0
291 5 0 0 1 0 0 1 0 0
292 5 0 0 2 0 0 1 0 0
295 1 0 0 1 0 0 0 0 0
296 1 0 0 1 0 0 0 0 0
303 4 1 1 2 0 0 0 0 0
305 1 0 0 0 0 0 1 0 0
314 2 0 0 1 0 0 1 0 0
327 1 0 0 0 0 0 1 1 1
330 2 0 0 0 0 0 0 0 0
337 7 0 0 3 0 0 1 0 0
340 2 0 0 0 0 0 0 0 0
343 17 1 1 7 0 0 5 0 0
346 13 0 0 2 0 0 1 0 0
347 22 2 2 0 0 0 6 0 0
348 5 0 0 2 0 0 2 0 0
351 10 0 0 4 0 0 4 0 0
353 16 1 1 7 0 0 0 0 0
358 25 0 0 0 0 0 0 0 0
359 8 1 1 0 0 0 8 0 0
363 17 0 0 0 0 0 0 0 0
366 66 0 0 0 0 0 0 0 0
367 72 0 0 0 0 0 0 0 0
368 36 0 0 24 0 0 0 0 0
370 9 0 0 0 0 0 0 0 0
373 6 0 0 2 0 0 0 0 0
374 2 0 0 0 0 0 0 0 0
375 9 1 1 0 0 0 0 0 0
377 6 0 0 0 0 0 0 0 0
378 2 0 0 2 0 0 0 0 0
380 1 0 0 1 0 0 0 0 0
381 7 1 1 0 0 0 2 0 0
388 18 0 0 5 0 0 4 0 0
389 4 0 0 0 0 0 0 0 0
391 8 0 0 0 0 0 0 0 0
394 3 0 0 2 0 0 0 0 0
400 9 0 0 7 0 0 0 0 0
fn=copy_hwcaps
77 12 2 2 0 0 0 8 0 0
80 16 1 1 0 0 0 4 0 0
82 6 0 0 4 0 0 2 0 0
83 16 0 0 4 0 0 6 1 1
87 2 0 0 0 0 0 2 0 0
88 2 0 0 2 0 0 0 0 0
89 6 0 0 2 0 0 2 0 0
90 4 0 0 0 0 0 2 0 0
91 4 0 0 0 0 0 2 0 0
93 12 0 0 10 0 0 0 0 0
fl=./elf/./elf/dl-hwcaps_split.c
fn=_dl_hwcaps_contains
67 12 0 0 0 0 0 0 0 0
68 6 0 0 0 0 0 0 0 0
77 6 0 0 6 0 0 0 0 0
fn=_dl_hwcaps_split
25 45 1 1 0 0 0 30 0 0
26 45 0 0 15 0 0 0 0 0
27 6 0 0 0 0 0 0 0 0
30 36 0 0 12 0 0 12 0 0
34 72 0 0 18 1 1 0 0 0
35 12 0 0 0 0 0 6 0 0
36 24 1 1 0 0 0 0 0 0
41 27 0 0 0 0 0 9 2 2
42 18 0 0 0 0 0 0 0 0
43 21 0 0 0 0 0 12 0 0
45 18 0 0 0 0 0 0 0 0
46 9 0 0 0 0 0 0 0 0
47 60 1 1 45 0 0 0 0 0
fn=_dl_hwcaps_split_masked
51 33 1 1 0 0 0 11 0 0
54 56 0 0 0 0 0 14 0 0
56 9 0 0 9 0 0 0 0 0
57 27 0 0 0 0 0 9 0 0
58 54 0 0 18 0 0 6 0 0
62 22 0 0 22 0 0 0 0 0
fl=./elf/./elf/dl-init.c
fn=_dl_init
81 11 1 1 0 0 0 6 0 0
82 1 0 0 1 1 0 0 0 0
83 1 0 0 1 0 0 0 0 0
86 3 0 0 1 0 0 0 0 0
88 1 1 1 0 0 0 1 0 0
89 2 0 0 0 0 0 1 0 0
94 2 0 0 0 0 0 0 0 0
119 1 1 1 1 0 0 0 0 0
120 26 0 0 0 0 0 0 0 0
121 42 0 0 14 1 0 7 0 0
127 8 1 1 7 0 0 0 0 0
fn=call_init
27 64 0 0 0 0 0 40 1 0
29 16 1 1 8 0 0 0 0 0
35 48 0 0 8 0 0 0 0 0
37 16 0 0 0 0 0 0 0 0
43 21 1 1 7 0 0 7 0 0
46 21 0 0 14 5 0 0 0 0
47 2 0 0 0 0 0 0 0 0
51 12 0 0 6 0 0 0 0 0
59 18 0 0 6 5 0 0 0 0
60 24 1 1 8 3 0 4 0 0
63 6 0 0 6 4 0 0 0 0
64 12 0 0 0 0 0 0 0 0
70 15 0 0 10 5 0 0 0 0
72 10 0 0 10 0 0 0 0 0
73 105 0 0 0 0 0 0 0 0
74 80 1 1 20 5 0 20 0 0
76 48 0 0 48 0 0 0 0 0
fl=./elf/./elf/dl-load.c
fn=_dl_dst_count
238 60 1 1 0 0 0 60 1 1
241 24 0 0 0 0 0 12 2 2
244 24 0 0 0 0 0 0 0 0
245 12 0 0 0 0 0 0 0 0
264 84 1 1 72 0 0 0 0 0
fn=_dl_init_paths
706 12 2 2 0 0 0 8 0 0
720 4 0 0 0 0 0 2 0 0
725 1 0 0 0 0 0 1 0 0
727 3 0 0 0 0 0 0 0 0
734 3 0 0 0 0 0 0 0 0
735 2 1 1 1 0 0 0 0 0
739 4 0 0 0 0 0 1 1 1
741 4 0 0 2 0 0 0 0 0
747 1 0 0 0 0 0 1 0 0
748 1 0 0 0 0 0 1 0 0
756 9 0 0 0 0 0 4 0 0
758 8 1 1 0 0 0 4 1 1
759 4 1 1 0 0 0 4 0 0
761 5 0 0 0 0 0 4 1 1
762 7 0 0 3 1 1 4 1 1
763 7 0 0 0 0 0 0 0 0
766 9 0 0 3 1 1 0 0 0
767 9 0 0 1 0 0 0 0 0
768 18 1 1 4 0 0 5 0 0
770 29 2 2 6 0 0 6 0 0
776 1 0 0 0 0 0 1 0 0
777 1 0 0 0 0 0 1 0 0
782 1 0 0 1 0 0 0 0 0
785 3 0 0 0 0 0 0 0 0
787 4 0 0 1 0 0 0 0 0
789 3 1 1 1 0 0 0 0 0
806 1 0 0 0 0 0 1 0 0
808 3 2 2 1 0 0 0 0 0
822 2 1 1 0 0 0 1 0 0
825 5 1 1 2 0 0 0 0 0
827 12 1 1 0 0 0 2 0 0
831 2 0 0 0 0 0 0 0 0
832 60 0 0 15 0 0 0 0 0
833 14 0 0 0 0 0 0 0 0
834 28 1 1 0 0 0 0 0 0
836 1 0 0 0 0 0 1 0 0
837 1 0 0 0 0 0 0 0 0
838 2 0 0 0 0 0 0 0 0
844 6 0 0 1 0 0 1 0 0
847 3 0 0 2 0 0 0 0 0
853 1 0 0 0 0 0 1 0 0
857 8 0 0 7 0 0 0 0 0
fn=_dl_map_object
1971 110 1 1 0 0 0 99 6 6
1973 5 0 0 0 0 0 5 0 0
1979 22 1 1 0 0 0 0 0 0
1980 44 0 0 11 1 1 0 0 0
1983 204 1 1 46 0 0 11 0 0
1988 287 0 0 82 0 0 0 0 0
1990 205 1 1 0 0 0 41 0 0
1994 70 0 0 35 0 0 0 0 0
1995 105 0 0 35 0 0 0 0 0
1998 85 0 0 51 0 0 0 0 0
1999 51 1 1 17 0 0 0 0 0
2000 85 0 0 0 0 0 17 0 0
2014 30 0 0 5 0 0 0 0 0
2015 15 1 1 5 0 0 5 2 2
2023 15 0 0 5 0 0 0 0 0
2038 5 0 0 0 0 0 5 0 0
2040 25 1 1 0 0 0 5 0 0
2044 16 1 1 0 0 0 8 0 0
2046 8 0 0 4 0 0 0 0 0
2053 16 0 0 4 0 0 0 0 0
2057 4 1 1 4 0 0 0 0 0
2058 4 1 1 0 0 0 0 0 0
2062 18 0 0 6 0 0 0 0 0
2063 48 1 1 0 0 0 6 0 0
2065 36 0 0 0 0 0 16 0 0
2072 16 1 1 16 0 0 0 0 0
2077 8 0 0 0 0 0 0 0 0
2078 24 2 2 4 0 0 0 0 0
2079 52 1 1 12 0 0 12 0 0
2088 8 0 0 0 0 0 0 0 0
2103 8 0 0 4 0 0 0 0 0
2104 68 1 1 8 0 0 20 0 0
2110 20 0 0 0 0 0 0 0 0
2111 32 1 1 0 0 0 4 0 0
2119 4 0 0 0 0 0 4 0 0
2133 8 0 0 4 0 0 0 0 0
2135 12 1 1 4 0 0 0 0 0
2139 12 0 0 0 0 0 4 0 0
2141 8 0 0 0 0 0 0 0 0
2145 8 0 0 0 0 0 0 0 0
2153 12 0 0 4 0 0 0 0 0
2176 36 1 1 0 0 0 8 0 0
2180 8 0 0 0 0 0 0 0 0
2181 4 0 0 0 0 0 4 0 0
2198 8 0 0 4 0 0 0 0 0
2204 1 0 0 0 0 0 1 0 0
2205 4 0 0 0 0 0 1 0 0
2206 2 0 0 0 0 0 0 0 0
2207 3 1 1 0 0 0 0 0 0
2211 9 0 0 0 0 0 2 0 0
2214 2 0 0 0 0 0 0 0 0
2226 20 0 0 5 0 0 0 0 0
2271 10 1 1 5 0 0 5 0 0
2272 80 1 1 25 0 0 25 0 0
2274 99 0 0 77 0 0 0 0 0
fn=_dl_map_object_from_fd
944 70 1 1 0 0 0 50 2 2
954 15 1 1 5 0 0 10 1 1
961 20 0 0 5 0 0 5 0 0
999 95 0 0 30 0 0 0 0 0
1000 40 1 1 20 0 0 0 0 0
1018 10 1 1 5 0 0 0 0 0
1046 20 1 1 5 0 0 5 0 0
1056 10 0 0 5 0 0 0 0 0
1063 40 0 0 25 0 0 5 0 0
1064 10 0 0 0 0 0 0 0 0
1075 10 0 0 5 0 0 5 3 3
1076 15 0 0 5 0 0 5 0 0
1077 10 0 0 5 0 0 5 0 0
1079 15 0 0 0 0 0 0 0 0
1080 20 1 1 10 0 0 0 0 0
1081 8 1 1 0 0 0 4 0 0
1084 6 0 0 0 0 0 1 0 0
1085 6 1 1 1 0 0 1 1 1
1096 5 1 1 0 0 0 5 0 0
1098 5 0 0 0 0 0 5 0 0
1100 60 0 0 5 0 0 5 0 0
1101 5 0 0 0 0 0 0 0 0
1102 5 0 0 0 0 0 5 0 0
1103 5 0 0 0 0 0 5 0 0
1104 5 0 0 0 0 0 0 0 0
1110 189 1 1 10 0 0 0 0 0
1111 450 3 3 53 10 10 0 0 0
1117 10 0 0 5 2 2 0 0 0
1124 12 0 0 7 0 0 5 0 0
1125 15 0 0 5 0 0 5 0 0
1126 50 1 1 10 0 0 5 0 0
1131 2 0 0 1 0 0 1 0 0
1132 1 0 0 0 0 0 0 0 0
1137 155 0 0 65 0 0 5 0 0
1145 80 1 1 20 0 0 0 0 0
1146 130 0 0 0 0 0 20 3 2
1147 100 1 1 20 0 0 20 0 0
1148 40 0 0 0 0 0 20 0 0
1149 40 0 0 20 2 2 20 2 2
1151 120 0 0 20 3 3 0 0 0
1153 40 0 0 0 0 0 20 4 4
1166 40 0 0 0 0 0 0 0 0
1167 75 0 0 30 0 0 15 0 0
1172 20 0 0 0 0 0 0 0 0
1173 205 1 1 40 0 0 40 1 1
1183 20 0 0 0 0 0 0 0 0
1186 6 1 1 2 2 2 0 0 0
1190 8 0 0 0 0 0 2 2 2
1191 2 0 0 2 0 0 0 0 0
1195 10 0 0 0 0 0 2 0 0
1196 4 1 1 2 0 0 2 0 0
1199 2 0 0 0 0 0 2 1 1
1204 8 0 0 2 0 0 0 0 0
1219 10 1 1 5 0 0 5 0 0
1220 5 0 0 0 0 0 0 0 0
1223 20 0 0 10 1 1 5 2 2
1228 35 1 1 25 0 0 0 0 0
1238 95 0 0 0 0 0 0 0 0
1239 40 0 0 0 0 0 20 0 0
1245 10 1 1 0 0 0 0 0 0
1255 20 0 0 10 0 0 0 0 0
1262 35 0 0 15 0 0 5 0 0
1278 20 1 1 10 0 0 0 0 0
1279 15 0 0 5 0 0 5 0 0
1285 18 1 1 4 0 0 0 0 0
1286 10 0 0 0 0 0 0 0 0
1288 10 0 0 0 0 0 0 0 0
1298 15 1 1 5 0 0 0 0 0
1317 10 0 0 5 0 0 5 0 0
1319 30 0 0 10 0 0 0 0 0
1371 15 0 0 5 3 3 0 0 0
1372 4 0 0 2 0 0 2 0 0
1378 146 1 1 68 0 0 0 0 0
1379 251 1 1 53 45 45 0 0 0
1385 61 0 0 0 0 0 2 0 0
1390 20 1 1 5 0 0 5 0 0
1403 10 0 0 5 0 0 0 0 0
1405 20 1 1 10 0 0 5 0 0
1407 10 0 0 5 0 0 0 0 0
1423 10 0 0 0 0 0 5 0 0
1427 10 0 0 5 0 0 0 0 0
1428 10 0 0 5 0 0 0 0 0
1445 10 0 0 5 0 0 0 0 0
1446 1 0 0 0 0 0 1 0 0
1449 10 1 1 5 0 0 5 1 1
1454 10 0 0 5 0 0 0 0 0
1464 10 0 0 5 1 1 0 0 0
1471 40 1 1 15 1 1 0 0 0
1472 9 2 2 3 0 0 0 0 0
1473 18 0 0 6 0 0 2 0 0
1474 6 0 0 2 0 0 0 0 0
1475 5 0 0 1 0 0 1 0 0
1481 10 0 0 5 0 0 0 0 0
1482 8 0 0 2 0 0 0 0 0
1487 4 0 0 0 0 0 2 0 0
1494 15 1 1 5 0 0 5 0 0
1497 20 0 0 10 0 0 0 0 0
1516 10 1 1 0 0 0 0 0 0
1520 35 1 1 15 0 0 0 0 0
1521 20 0 0 5 0 0 5 0 0
1525 45 1 1 35 0 0 0 0 0
fn=_dl_process_pt_gnu_property
868 3 0 0 0 0 0 0 0 0
869 6 0 0 6 0 0 0 0 0
870 3 0 0 3 0 0 0 0 0
876 6 1 1 3 0 0 0 0 0
882 15 1 1 0 0 0 0 0 0
885 9 0 0 3 2 2 0 0 0
886 6 0 0 3 1 1 0 0 0
887 6 0 0 3 0 0 0 0 0
930 3 0 0 3 0 0 0 0 0
fn=cache_rpath
681 28 1 1 0 0 0 0 0 0
682 42 0 0 14 0 0 0 0 0
683 28 0 0 0 0 0 0 0 0
685 4 0 0 0 0 0 0 0 0
686 2 0 0 0 0 0 0 0 0
688 8 0 0 2 0 0 0 0 0
691 2 0 0 0 0 0 2 0 0
699 28 1 1 14 0 0 0 0 0
fn=expand_dynamic_string_token
385 14 2 2 0 0 0 8 0 0
395 4 0 0 0 0 0 2 0 0
398 4 0 0 0 0 0 0 0 0
399 4 0 0 0 0 0 0 0 0
410 10 0 0 8 0 0 0 0 0
fn=fillin_rpath.isra.0
468 16 1 1 0 0 0 12 0 0
472 1 0 0 0 0 0 0 0 0
474 12 1 1 4 0 0 2 0 0
481 2 0 0 1 0 0 0 0 0
483 4 0 0 1 0 0 1 0 0
487 2 0 0 0 0 0 0 0 0
492 3 1 1 0 0 0 1 0 0
493 2 0 0 0 0 0 0 0 0
500 5 0 0 1 0 0 0 0 0
505 4 1 1 0 0 0 1 0 0
509 15 1 1 5 0 0 0 0 0
510 8 0 0 4 0 0 0 0 0
528 4 1 1 1 0 0 1 0 0
532 4 1 1 2 0 0 0 0 0
534 2 0 0 0 0 0 0 0 0
538 1 0 0 0 0 0 1 0 0
539 2 0 0 1 0 0 0 0 0
540 4 0 0 0 0 0 2 0 0
541 1 1 1 0 0 0 1 0 0
543 2 0 0 1 0 0 0 0 0
549 4 0 0 1 0 0 0 0 0
550 35 0 0 1 0 0 0 0 0
551 10 0 0 0 0 0 10 0 0
553 2 1 1 1 0 0 1 0 0
554 3 0 0 1 0 0 0 0 0
555 1 0 0 0 0 0 1 0 0
561 2 0 0 1 0 0 1 0 0
562 1 0 0 0 0 0 1 0 0
565 3 0 0 0 0 0 1 0 0
571 1 0 0 0 0 0 1 0 0
574 10 0 0 7 0 0 0 0 0
fn=open_path
1819 44 2 2 0 0 0 36 1 1
1820 8 0 0 4 0 0 4 1 1
1823 4 0 0 0 0 0 4 0 0
1824 4 0 0 0 0 0 0 0 0
1826 8 0 0 0 0 0 0 0 0
1829 8 0 0 0 0 0 0 0 0
1831 32 1 1 8 0 0 4 0 0
1834 8 0 0 8 0 0 0 0 0
1838 4 0 0 0 0 0 0 0 0
1843 24 1 1 4 0 0 4 0 0
1850 20 0 0 12 0 0 4 1 1
1851 142 2 2 44 0 0 0 0 0
1854 80 0 0 40 0 0 0 0 0
1859 143 1 1 65 0 0 26 0 0
1862 39 0 0 13 0 0 0 0 0
1868 39 0 0 13 0 0 0 0 0
1869 12 0 0 0 0 0 12 0 0
1871 104 1 1 65 0 0 13 0 0
1873 39 0 0 13 0 0 0 0 0
1875 20 0 0 0 0 0 0 0 0
1880 20 1 1 10 0 0 0 0 0
1881 80 1 1 40 0 0 0 0 0
1887 40 1 1 20 0 0 10 0 0
1889 59 1 1 0 0 0 19 0 0
1890 2 0 0 1 1 1 0 0 0
1892 18 0 0 0 0 0 1 0 0
1899 12 0 0 0 0 0 0 0 0
1901 14 0 0 0 0 0 4 0 0
1940 28 1 1 4 0 0 0 0 0
1945 4 0 0 4 0 0 0 0 0
1947 16 1 1 12 0 0 0 0 0
1950 16 0 0 8 0 0 0 0 0
1964 36 1 1 28 0 0 0 0 0
fn=open_verify.constprop.0
1578 216 1 1 0 0 0 144 1 1
1610 54 0 0 18 0 0 0 0 0
1615 26 1 1 0 0 0 0 0 0
1629 90 0 0 0 0 0 18 0 0
1631 36 1 1 0 0 0 0 0 0
1639 5 0 0 0 0 0 5 0 0
1640 5 0 0 0 0 0 5 2 2
1645 40 0 0 0 0 0 5 0 0
1647 10 1 1 0 0 0 0 0 0
1649 10 0 0 5 0 0 5 0 0
1651 10 0 0 0 0 0 0 0 0
1657 10 0 0 0 0 0 0 0 0
1674 74 3 3 23 0 0 0 0 0
1755 10 0 0 5 0 0 0 0 0
1760 10 1 1 5 0 0 0 0 0
1766 20 0 0 5 0 0 0 0 0
1772 10 0 0 5 2 2 0 0 0
1778 20 0 0 5 0 0 0 0 0
1779 20 1 1 5 0 0 0 0 0
1783 5 1 1 0 0 0 0 0 0
1784 5 0 0 0 0 0 1 0 0
1805 162 0 0 126 0 0 0 0 0
fl=./elf/./elf/dl-lookup-direct.c
fn=_dl_lookup_direct
74 33 2 2 0 0 0 24 0 0
75 3 0 0 3 0 0 0 0 0
76 6 0 0 0 0 0 0 0 0
78 21 0 0 9 2 0 0 0 0
79 6 0 0 0 0 0 0 0 0
81 9 1 1 3 0 0 0 0 0
84 25 0 0 5 3 2 0 0 0
86 9 0 0 0 0 0 0 0 0
87 18 0 0 6 0 0 3 0 0
90 6 0 0 0 0 0 0 0 0
93 6 1 1 0 0 0 0 0 0
115 3 0 0 0 0 0 0 0 0
116 27 0 0 21 0 0 0 0 0
fn=check_match
31 27 1 1 0 0 0 15 0 0
32 12 1 1 9 0 0 0 0 0
33 9 0 0 0 0 0 0 0 0
35 6 0 0 3 3 3 0 0 0
36 6 0 0 3 0 0 0 0 0
40 9 0 0 0 0 0 0 0 0
48 9 0 0 3 0 0 3 0 0
51 6 0 0 6 0 0 0 0 0
53 15 1 1 3 0 0 3 0 0
57 6 0 0 6 2 0 0 0 0
58 18 0 0 6 0 0 0 0 0
59 9 0 0 3 0 0 3 0 0
64 21 0 0 18 0 0 0 0 0
fl=./elf/./elf/dl-lookup.c
fn=_dl_lookup_symbol_x
756 24336 4 4 0 0 0 14976 16 2
758 3744 0 0 0 0 0 1872 0 0
759 3744 0 0 0 0 0 1872 0 0
762 1872 0 0 1872 6 1 0 0 0
766 7452 0 0 1854 0 0 0 0 0
768 22464 2 2 1872 0 0 5616 4 1
769 3744 0 0 1872 0 0 0 0 0
771 3744 2 2 3744 10 1 0 0 0
775 3819 0 0 15 1 0 0 0 0
776 31824 1 1 11232 0 0 13104 8 1
781 9360 0 0 3744 0 0 0 0 0
783 90 1 1 15 0 0 0 0 0
800 1872 0 0 0 0 0 1872 0 0
801 45 1 1 0 0 0 0 0 0
804 3744 0 0 1872 0 0 0 0 0
805 12983 0 0 1853 0 0 0 0 0
812 1857 2 2 1857 0 0 0 0 0
840 7428 0 0 1857 0 0 0 0 0
854 5571 0 0 1857 19 3 0 0 0
855 2 1 1 0 0 0 1 0 0
857 3714 0 0 1857 0 0 0 0 0
874 1857 0 0 1857 0 0 0 0 0
876 16848 2 2 13104 0 0 0 0 0
fn=check_match
71 24245 2 2 3730 0 0 9325 12 2
74 13055 1 1 3730 296 214 0 0 0
79 1874 0 0 0 0 0 0 0 0
87 9300 1 1 0 0 0 0 0 0
90 4128 0 0 136 0 0 68 1 0
94 1860 0 0 1860 11 0 0 0 0
95 3720 0 0 0 0 0 0 0 0
97 3714 0 0 0 0 0 0 0 0
116 3714 0 0 3714 47 17 0 0 0
117 14856 1 1 5571 18 1 0 0 0
118 9270 1 1 3708 7 0 1854 2 1
119 6 0 0 3 0 0 0 0 0
120 6 0 0 0 0 0 0 0 0
145 6 1 1 0 0 0 0 0 0
147 18 0 0 6 3 0 0 0 0
148 12 0 0 0 0 0 0 0 0
151 2 0 0 0 0 0 0 0 0
152 7 0 0 3 0 0 1 0 0
154 3 0 0 1 0 0 1 0 0
163 11190 0 0 11190 0 0 0 0 0
fn=do_lookup_x
171 300 0 0 2 0 0 0 0 0
172 640 2 2 324 0 0 2 0 0
173 940 0 0 250 58 58 0 0 0
175 98 0 0 0 0 0 0 0 0
176 294 0 0 0 0 0 0 0 0
177 528 1 1 0 0 0 0 0 0
180 152 0 0 0 0 0 152 0 0
181 152 1 1 0 0 0 152 0 0
182 82 0 0 0 0 0 82 0 0
183 152 0 0 0 0 0 152 0 0
223 492 1 1 82 0 0 328 0 0
225 738 1 1 82 2 0 246 0 0
227 164 0 0 82 2 0 0 0 0
228 82 0 0 82 0 0 0 0 0
229 328 0 0 164 0 0 0 0 0
231 2521 1 1 127 0 0 405 0 0
232 486 1 1 0 0 0 0 0 0
235 352 0 0 176 0 0 0 0 0
236 176 1 1 176 79 42 0 0 0
255 352 0 0 0 0 0 0 0 0
258 95 0 0 0 0 0 0 0 0
259 285 0 0 0 0 0 0 0 0
260 276 1 1 0 0 0 0 0 0
263 1458 0 0 648 1 0 0 0 0
270 12 1 1 0 0 0 6 0 0
273 4 0 0 0 0 0 0 0 0
280 290 2 2 4 0 0 0 0 0
281 276 0 0 92 14 2 0 0 0
282 350 1 1 210 0 0 0 0 0
286 18 1 1 6 0 0 4 0 0
287 2 0 0 0 0 0 2 0 0
289 4 0 0 2 0 0 2 0 0
290 8 0 0 6 0 0 2 0 0
301 3 1 1 2 0 0 0 0 0
303 2 0 0 0 0 0 0 0 0
306 1 0 0 0 0 0 1 0 0
307 1 0 0 0 0 0 1 0 0
308 2 0 0 1 0 0 1 1 1
311 164 0 0 0 0 0 0 0 0
312 492 2 2 164 0 0 0 0 0
319 328 0 0 82 0 0 0 0 0
330 574 1 1 246 0 0 82 0 0
332 164 0 0 164 0 0 82 0 0
334 246 0 0 164 0 0 82 0 0
335 164 0 0 0 0 0 82 0 0
348 26208 2 2 3744 0 0 18720 17 4
349 1872 0 0 1872 3 1 0 0 0
354 1872 0 0 0 0 0 0 0 0
355 1872 0 0 1872 5 1 0 0 0
359 11636 1 1 11636 41 8 0 0 0
362 11636 0 0 0 0 0 0 0 0
366 22874 0 0 1875 0 0 0 0 0
370 11634 0 0 5817 28 5 0 0 0
374 11634 0 0 5817 3 0 0 0 0
380 17451 1 1 5817 24 3 0 0 0
384 5817 0 0 0 0 0 5817 5 1
385 5817 0 0 0 0 0 5817 0 0
388 29085 0 0 17451 66 10 0 0 0
389 17451 0 0 11634 11 2 0 0 0
392 5817 0 0 5817 0 0 0 0 0
393 11634 2 2 0 0 0 0 0 0
395 5817 0 0 5817 865 116 0 0 0
396 3744 0 0 0 0 0 0 0 0
397 11634 0 0 5817 0 0 0 0 0
400 23268 0 0 5817 0 0 0 0 0
403 40719 0 0 0 0 0 0 0 0
406 3794 0 0 3794 1155 189 0 0 0
407 5691 3 2 0 0 0 0 0 0
408 3794 0 0 0 0 0 0 0 0
410 3794 0 0 1897 0 0 0 0 0
413 23475 0 0 4695 1670 464 0 0 0
415 5595 1 1 1865 0 0 0 0 0
416 46977 4 4 9325 0 0 22572 11 3
417 3730 0 0 0 0 0 0 0 0
420 5595 0 0 0 0 0 0 0 0
423 8535 0 0 9 0 0 0 0 0
432 1 1 1 0 0 0 1 0 0
437 16704 4 4 11136 0 0 0 0 0
454 83 1 1 42 0 0 0 0 0
456 2 0 0 0 0 0 0 0 0
460 3714 0 0 0 0 0 0 0 0
467 9752 0 0 1857 0 0 0 0 0
471 3705 3 2 1235 3 0 0 0 0
483 3550 0 0 1775 0 0 1775 0 0
484 1775 0 0 0 0 0 1775 0 0
485 3714 0 0 0 0 0 0 0 0
502 11883 0 0 0 0 0 0 0 0
505 15 0 0 0 0 0 0 0 0
506 14976 0 0 13104 0 0 0 0 0
fl=./elf/./elf/dl-minimal-malloc.c
fn=__minimal_calloc
78 68 0 0 0 0 0 0 0 0
82 17 1 1 0 0 0 0 0 0
85 17 1 1 0 0 0 0 0 0
86 51 0 0 0 0 0 0 0 0
fn=__minimal_free
97 12 0 0 6 0 0 0 0 0
fn=__minimal_malloc
35 168 1 1 0 0 0 84 0 0
36 126 0 0 42 4 1 0 0 0
41 3 0 0 0 0 0 1 0 0
42 2 1 1 1 0 0 0 0 0
43 2 0 0 0 0 0 0 0 0
47 167 1 1 41 0 0 42 0 0
50 282 0 0 0 0 0 0 0 0
55 12 1 1 3 0 0 0 0 0
56 12 0 0 0 0 0 0 0 0
58 3 0 0 0 0 0 0 0 0
59 24 0 0 0 0 0 3 0 0
61 6 0 0 0 0 0 0 0 0
63 6 0 0 3 0 0 0 0 0
65 8 0 0 0 0 0 3 0 0
68 43 0 0 1 0 0 42 4 1
69 46 0 0 0 0 0 42 0 0
71 168 0 0 126 0 0 0 0 0
fl=./elf/./elf/dl-minimal.c
fn=__rtld_malloc_init_real
76 7 1 1 0 0 0 5 0 0
86 2 0 0 0 0 0 1 0 0
87 1 1 1 0 0 0 1 0 0
89 1 1 1 0 0 0 1 0 0
91 6 0 0 0 0 0 1 0 0
92 5 0 0 0 0 0 1 0 0
93 5 1 1 0 0 0 1 0 0
94 4 0 0 0 0 0 1 0 0
99 1 0 0 0 0 0 1 0 0
100 1 0 0 0 0 0 1 0 0
101 1 0 0 0 0 0 1 0 0
102 1 0 0 0 0 0 1 0 0
103 7 1 1 6 0 0 0 0 0
fn=__rtld_malloc_init_stubs
43 2 1 1 0 0 0 1 1 1
44 2 1 1 0 0 0 1 0 0
45 2 0 0 0 0 0 1 0 0
46 2 0 0 0 0 0 1 0 0
47 1 0 0 1 0 0 0 0 0
fn=lookup_malloc_symbol
61 28 1 1 0 0 0 12 0 0
63 4 0 0 0 0 0 4 0 0
64 28 1 1 4 0 0 12 0 0
68 28 0 0 16 0 0 0 0 0
69 28 0 0 12 0 0 0 0 0
71 4 0 0 0 0 0 4 0 0
72 24 0 0 20 0 0 0 0 0
fn=strsep
242 6 1 1 2 1 1 0 0 0
244 2 0 0 2 0 0 0 0 0
245 4 0 0 0 0 0 0 0 0
249 91 0 0 15 0 0 0 0 0
254 56 1 1 0 0 0 0 0 0
256 112 0 0 28 0 0 0 0 0
260 14 0 0 0 0 0 0 0 0
267 1 0 0 0 0 0 1 0 0
271 4 0 0 2 0 0 0 0 0
fl=./elf/./elf/dl-misc.c
fn=_dl_higher_prime_number
124 2 0 0 0 0 0 0 0 0
125 2 0 0 0 0 0 0 0 0
127 26 1 1 0 0 0 0 0 0
129 87 0 0 0 0 0 0 0 0
130 30 0 0 10 4 2 0 0 0
131 6 0 0 0 0 0 0 0 0
145 2 0 0 2 0 0 0 0 0
146 2 0 0 2 0 0 0 0 0
fn=_dl_name_match_p
68 450 1 1 0 0 0 180 0 0
69 360 0 0 90 0 0 90 2 2
70 16 0 0 0 0 0 0 0 0
72 90 0 0 90 0 0 0 0 0
74 358 0 0 0 0 0 0 0 0
75 525 1 1 105 0 0 105 0 0
80 89 0 0 89 0 0 0 0 0
82 74 0 0 0 0 0 0 0 0
83 360 0 0 270 0 0 0 0 0
fn=_dl_sysdep_read_whole_file
36 8 1 1 0 0 0 4 0 0
39 3 0 0 0 0 0 1 0 0
40 2 0 0 0 0 0 0 0 0
42 6 1 1 0 0 0 1 0 0
44 2 0 0 1 0 0 1 1 1
47 2 0 0 0 0 0 0 0 0
49 8 0 0 0 0 0 1 0 0
60 3 0 0 0 0 0 1 0 0
63 7 0 0 5 0 0 0 0 0
fl=./elf/./elf/dl-object.c
fn=_dl_add_to_namespace_list
31 30 1 1 0 0 0 18 0 0
33 18 0 0 6 0 0 6 1 1
35 53 1 1 6 0 0 0 0 0
38 80 0 0 20 0 0 0 0 0
40 5 0 0 0 0 0 5 0 0
42 5 0 0 0 0 0 5 0 0
45 2 1 1 0 0 0 1 0 0
46 18 0 0 6 0 0 0 0 0
47 12 0 0 6 1 1 6 0 0
48 12 0 0 0 0 0 6 0 0
50 12 0 0 6 0 0 0 0 0
51 18 0 0 18 0 0 0 0 0
fn=_dl_new_object
59 78 1 1 0 0 0 54 2 2
62 12 0 0 0 0 0 0 0 0
64 2 1 1 0 0 0 0 0 0
66 3 1 1 1 0 0 0 0 0
67 2 0 0 0 0 0 0 0 0
71 6 1 1 0 0 0 2 0 0
77 2 0 0 0 0 0 0 0 0
80 5 0 0 5 0 0 0 0 0
83 31 1 1 5 0 0 16 1 1
87 10 0 0 0 0 0 0 0 0
92 5 0 0 0 0 0 0 0 0
95 12 0 0 0 0 0 0 0 0
98 6 1 1 0 0 0 6 5 5
99 6 0 0 0 0 0 6 6 6
100 12 0 0 6 0 0 0 0 0
103 12 0 0 0 0 0 6 1 1
104 42 0 0 18 0 0 18 1 1
106 6 0 0 0 0 0 6 0 0
119 22 1 1 11 0 0 0 0 0
123 5 0 0 0 0 0 0 0 0
125 1 0 0 0 0 0 0 0 0
127 42 0 0 12 6 6 12 0 0
130 12 0 0 6 0 0 0 0 0
131 12 1 1 0 0 0 6 6 6
132 6 0 0 0 0 0 6 1 1
136 6 1 1 0 0 0 6 0 0
139 82 1 1 0 0 0 0 0 0
141 16 0 0 0 0 0 16 4 4
149 12 0 0 0 0 0 6 1 1
150 6 0 0 0 0 0 6 6 6
153 1 1 1 0 0 0 0 0 0
155 36 0 0 6 0 0 0 0 0
157 20 0 0 0 0 0 5 3 3
160 14 0 0 0 0 0 0 0 0
164 28 0 0 7 0 0 0 0 0
168 30 1 1 5 0 0 0 0 0
176 1 1 1 0 0 0 1 1 1
179 12 1 1 0 0 0 6 0 0
189 18 0 0 6 0 0 0 0 0
191 25 0 0 0 0 0 10 0 0
195 15 0 0 0 0 0 0 0 0
200 20 0 0 0 0 0 0 0 0
208 5 0 0 0 0 0 0 0 0
212 5 0 0 0 0 0 0 0 0
245 20 1 1 5 0 0 5 0 0
250 168 0 0 0 0 0 0 0 0
251 168 0 0 84 0 0 0 0 0
253 10 0 0 0 0 0 0 0 0
256 5 0 0 0 0 0 5 0 0
259 5 0 0 0 0 0 5 1 1
263 54 0 0 42 0 0 0 0 0
fl=./elf/./elf/dl-profstub.c
fn=_dl_mcount_wrapper_check
36 128 0 0 0 0 0 0 0 0
37 384 2 2 256 0 0 0 0 0
39 128 0 0 128 0 0 0 0 0
fl=./elf/./elf/dl-reloc.c
fn=_dl_protect_relro
355 14 0 0 0 0 0 7 0 0
356 42 1 1 21 2 0 0 0 0
359 14 1 1 7 0 0 0 0 0
363 14 0 0 0 0 0 0 0 0
364 35 0 0 0 0 0 7 0 0
370 14 0 0 14 0 0 0 0 0
fn=_dl_relocate_object
170 13552 1 1 3388 1691 1319 0 0 0
171 6742 0 0 0 0 0 0 0 0
174 15402 1 1 3371 7 1 0 0 0
175 12219 1 1 2250 6 0 0 0 0
177 1608 1 1 1608 3 0 0 0 0
178 4824 0 0 1608 0 0 1608 0 0
182 1675 1 1 658 4 2 18 1 0
183 1763 1 1 0 0 0 1763 0 0
184 1763 0 0 0 0 0 1763 0 0
186 14145 1 1 7052 2 0 27 0 0
187 1757 0 0 0 0 0 0 0 0
188 10542 0 0 1757 57 0 1757 0 0
190 12347 1 1 1763 0 0 5289 0 0
193 1763 0 0 1763 0 0 0 0 0
194 12341 1 1 5289 0 0 1763 1 0
196 1608 0 0 1608 0 0 0 0 0
207 84 1 1 0 0 0 49 0 0
217 14 0 0 0 0 0 0 0 0
218 21 0 0 0 0 0 7 0 0
221 7 0 0 0 0 0 0 0 0
223 14 0 0 0 0 0 0 0 0
225 7 0 0 7 0 0 0 0 0
226 21 1 1 7 3 0 0 0 0
245 14 1 1 7 0 0 0 0 0
251 28 0 0 7 0 0 0 0 0
252 14 1 1 7 7 0 0 0 0
255 14 0 0 0 0 0 0 0 0
262 28 1 1 7 1 0 7 0 0
301 11668 8 8 1358 265 229 56 0 0
304 42 0 0 7 0 0 0 0 0
328 7 0 0 7 1 0 0 0 0
331 14 0 0 7 0 0 0 0 0
348 14 0 0 7 5 0 0 0 0
349 14 1 1 0 0 0 7 0 0
350 56 0 0 49 3 0 0 0 0
fl=./elf/./elf/dl-runtime.c
fn=_dl_fixup
46 735 2 2 0 0 0 420 0 0
48 525 0 0 420 13 4 0 0 0
49 315 0 0 210 0 0 0 0 0
54 105 0 0 105 8 1 0 0 0
55 420 1 1 105 10 1 0 0 0
56 735 0 0 105 99 6 105 0 0
58 210 0 0 105 9 0 0 0 0
63 210 0 0 0 0 0 0 0 0
67 210 1 1 105 102 66 0 0 0
71 315 0 0 105 9 1 0 0 0
75 315 0 0 210 98 8 0 0 0
76 420 0 0 105 3 1 0 0 0
77 315 0 0 105 23 4 0 0 0
84 105 0 0 0 0 0 0 0 0
85 315 1 1 105 2 0 0 0 0
95 1155 2 2 210 10 1 315 4 0
99 525 0 0 315 0 0 0 0 0
109 1050 1 1 420 5 0 105 0 0
124 420 0 0 105 0 0 0 0 0
125 10 0 0 0 0 0 5 0 0
133 315 0 0 105 0 0 0 0 0
159 315 0 0 105 2 1 0 0 0
162 210 2 2 105 0 0 0 0 0
163 630 0 0 525 0 0 0 0 0
fl=./elf/./elf/dl-setup_hash.c
fn=_dl_setup_hash
25 7 0 0 0 0 0 0 0 0
28 21 1 1 7 0 0 0 0 0
31 21 0 0 14 0 0 0 0 0
32 14 1 1 7 7 7 7 1 1
33 7 0 0 7 0 0 0 0 0
34 7 0 0 7 1 1 0 0 0
36 21 0 0 0 0 0 0 0 0
37 7 0 0 0 0 0 7 0 0
38 21 0 0 7 0 0 7 0 0
40 7 0 0 0 0 0 7 0 0
41 14 0 0 0 0 0 0 0 0
43 7 0 0 0 0 0 7 0 0
45 21 1 1 0 0 0 7 0 0
50 7 0 0 7 0 0 0 0 0
fl=./elf/./elf/dl-sort-maps.c
fn=_dl_sort_maps
145 58 0 0 14 0 0 10 0 0
186 2 0 0 0 0 0 2 0 0
187 4 0 0 2 0 0 0 0 0
188 52 2 2 0 0 0 0 0 0
189 28 0 0 28 0 0 0 0 0
216 18 4 4 0 0 0 0 0 0
221 4 0 0 0 0 0 2 0 0
223 2 0 0 0 0 0 2 0 0
224 10 0 0 0 0 0 0 0 0
226 38 0 0 0 0 0 0 0 0
228 14 0 0 14 0 0 0 0 0
231 42 2 2 14 0 0 0 0 0
249 8 0 0 2 0 0 0 0 0
262 2 2 2 0 0 0 0 0 0
269 8 2 2 0 0 0 2 0 0
282 8 0 0 2 0 0 0 0 0
304 24 4 3 0 0 0 14 0 0
312 6 0 0 2 2 1 0 0 0
316 18 0 0 14 0 0 0 0 0
fn=_dl_sort_maps_init
295 1 1 1 0 0 0 0 0 0
296 4 0 0 0 0 0 1 0 0
297 1 0 0 0 0 0 1 0 0
298 3 0 0 1 0 0 0 0 0
299 2 0 0 1 0 0 0 0 0
fn=dfs_traversal.part.0
140 112 4 4 0 0 0 56 1 1
145 66 0 0 33 0 0 0 0 0
148 14 0 0 14 0 0 0 0 0
150 42 0 0 14 3 3 0 0 0
152 176 0 0 44 6 6 0 0 0
161 49 1 1 7 0 0 0 0 0
176 42 0 0 14 0 0 14 0 0
177 14 0 0 0 0 0 14 0 0
178 104 2 2 74 0 0 4 0 0
fl=./elf/./elf/dl-tunables.c
fn=__GI___tunable_set_val
158 30 0 0 0 0 0 0 0 0
160 5 0 0 0 0 0 0 0 0
fn=__GI___tunables_init
71 270 0 0 54 0 0 0 0 0
74 53 0 0 0 0 0 0 0 0
77 4795 1 1 685 27 27 0 0 0
81 106 1 1 0 0 0 0 0 0
86 212 0 0 0 0 0 0 0 0
152 106 1 1 0 0 0 0 0 0
273 3 0 0 1 0 0 0 0 0
282 8 1 1 0 0 0 6 0 0
305 7844 0 0 0 0 0 0 0 0
307 5 1 1 0 0 0 0 0 0
311 10759 0 0 3922 37 37 0 0 0
323 212 1 1 53 0 0 0 0 0
357 8 0 0 7 0 0 0 0 0
fn=__tunable_get_val
408 372 1 1 34 24 16 0 0 0
417 44 0 0 34 7 0 10 0 0
427 24 0 0 0 0 0 24 0 0
428 24 0 0 0 0 0 0 0 0
434 170 1 1 34 7 0 0 0 0
436 34 0 0 34 0 0 0 0 0
fn=do_tunable_update_val
99 5 1 1 0 0 0 0 0 0
102 15 0 0 5 0 0 0 0 0
111 5 0 0 5 0 0 0 0 0
112 20 0 0 10 0 0 0 0 0
113 25 0 0 10 0 0 0 0 0
116 10 0 0 0 0 0 0 0 0
119 15 0 0 0 0 0 0 0 0
123 20 0 0 0 0 0 0 0 0
130 10 0 0 0 0 0 0 0 0
131 10 0 0 0 0 0 0 0 0
134 5 1 1 0 0 0 5 0 0
135 5 0 0 0 0 0 5 0 0
136 5 0 0 0 0 0 5 0 0
137 5 0 0 0 0 0 5 0 0
138 5 0 0 5 0 0 0 0 0
fl=./elf/./elf/dl-tunables.h
fn=__GI___tunables_init
140 1287 1 1 588 1 1 0 0 0
141 2236 0 0 0 0 0 0 0 0
fn=do_tunable_update_val
121 10 0 0 0 0 0 0 0 0
122 5 1 1 0 0 0 0 0 0
131 5 0 0 0 0 0 0 0 0
fl=./elf/./elf/dl-version.c
fn=_dl_check_all_versions
392 5 1 1 0 0 0 4 0 0
394 2 0 0 0 0 0 0 0 0
396 26 0 0 7 0 0 0 0 0
397 7 0 0 0 0 0 0 0 0
398 63 1 1 7 0 0 7 0 0
401 7 0 0 5 0 0 0 0 0
fn=_dl_check_map_versions
36 148 0 0 20 0 0 0 0 0
37 39 0 0 39 0 0 0 0 0
38 245 1 1 0 0 0 49 0 0
56 152 0 0 114 0 0 0 0 0
64 114 0 0 38 0 0 0 0 0
70 114 1 1 38 2 0 0 0 0
86 38 0 0 38 1 0 0 0 0
87 76 0 0 0 0 0 0 0 0
89 38 0 0 38 0 0 0 0 0
94 1472 0 0 603 30 30 114 0 0
108 1206 1 1 603 13 13 0 0 0
110 38 1 1 38 0 0 0 0 0
113 266 0 0 76 1 1 76 0 0
120 1695 0 0 565 12 12 0 0 0
124 565 0 0 0 0 0 0 0 0
155 56 1 1 0 0 0 49 0 0
156 7 0 0 0 0 0 7 0 0
164 12 1 1 0 0 0 7 0 0
170 21 0 0 7 0 0 0 0 0
172 28 0 0 14 1 0 0 0 0
174 7 0 0 7 2 0 0 0 0
175 7 1 1 7 1 0 0 0 0
177 14 0 0 0 0 0 0 0 0
180 15 0 0 10 0 0 0 0 0
184 35 1 1 5 5 5 20 1 0
198 5 0 0 0 0 0 0 0 0
200 30 0 0 20 1 1 0 0 0
204 20 0 0 0 0 0 0 0 0
208 30 0 0 10 0 0 0 0 0
213 30 0 0 10 1 1 0 0 0
215 28 0 0 0 0 0 0 0 0
217 114 0 0 76 10 10 0 0 0
218 253 1 1 200 1 0 0 0 0
221 76 0 0 38 0 0 38 0 0
224 152 0 0 76 0 0 0 0 0
225 5 0 0 0 0 0 1 0 0
228 22 1 1 11 0 0 10 0 0
231 152 1 1 38 0 0 0 0 0
234 114 0 0 38 0 0 0 0 0
239 28 0 0 0 0 0 0 0 0
243 30 0 0 10 0 0 0 0 0
248 5 0 0 0 0 0 0 0 0
257 30 1 1 15 0 0 0 0 0
260 10 1 1 10 0 0 0 0 0
263 507 0 0 128 7 7 5 0 0
266 374 0 0 123 4 4 5 0 0
270 118 0 0 0 0 0 0 0 0
274 18 1 1 6 0 0 0 0 0
279 6 0 0 0 0 0 6 2 0
280 24 1 1 6 0 0 6 0 0
281 18 0 0 6 0 0 0 0 0
291 6 0 0 0 0 0 6 0 0
294 32 1 1 19 4 0 6 1 0
296 12 0 0 0 0 0 0 0 0
299 20 0 0 10 0 0 0 0 0
301 5 0 0 0 0 0 0 0 0
303 30 1 1 10 0 0 0 0 0
306 114 0 0 38 0 0 0 0 0
308 152 0 0 0 0 0 0 0 0
310 190 1 1 38 0 0 38 0 0
311 76 0 0 0 0 0 38 14 14
312 114 0 0 38 0 0 38 3 3
313 114 0 0 38 0 0 38 1 1
316 114 0 0 38 0 0 0 0 0
321 28 0 0 0 0 0 0 0 0
324 30 0 0 10 0 0 0 0 0
329 5 0 0 0 0 0 0 0 0
334 12 1 1 0 0 0 0 0 0
337 10 0 0 5 0 0 0 0 0
341 118 0 0 118 0 0 0 0 0
343 246 1 1 123 0 0 0 0 0
347 118 0 0 118 0 0 0 0 0
348 590 0 0 118 0 0 118 32 32
349 354 0 0 118 0 0 118 0 0
350 118 0 0 0 0 0 118 14 14
353 369 0 0 123 0 0 0 0 0
357 118 0 0 0 0 0 0 0 0
365 10 0 0 0 0 0 0 0 0
366 10 1 1 5 0 0 0 0 0
367 10 0 0 5 0 0 0 0 0
368 4 0 0 2 0 0 0 0 0
370 4 2 2 3 0 0 0 0 0
372 108 0 0 28 0 0 0 0 0
373 52 1 1 0 0 0 0 0 0
375 2 0 0 1 0 0 0 0 0
376 7 0 0 0 0 0 1 0 0
387 63 0 0 56 0 0 0 0 0
fl=./elf/./elf/do-rel.h
fn=_dl_relocate_object
49 42 1 1 14 2 0 0 0 0
50 42 0 0 14 0 0 14 0 0
51 7 0 0 7 0 0 0 0 0
53 84 0 0 28 2 0 14 0 0
72 11 0 0 0 0 0 0 0 0
73 13 2 2 0 0 0 8 1 0
80 42 0 0 14 0 0 0 0 0
83 3575 1 1 5 0 0 5 0 0
85 4720 1 1 1180 443 441 0 0 0
87 180 0 0 0 0 0 0 0 0
96 25 0 0 5 1 0 0 0 0
97 202 1 1 2 0 0 2 0 0
98 120 0 0 60 0 0 0 0 0
114 27 1 1 0 0 0 0 0 0
123 2728 1 1 0 0 0 0 0 0
124 1804 0 0 902 115 112 0 0 0
126 27 1 1 9 7 0 0 0 0
129 28 0 0 14 3 0 7 1 0
131 13557 1 1 3391 0 0 0 0 0
133 16920 0 0 10152 2097 1149 0 0 0
134 13536 0 0 3384 0 0 3384 0 0
135 10152 1 1 6768 0 0 3384 0 0
136 13536 0 0 3384 2 0 0 0 0
138 10152 0 0 0 0 0 0 0 0
140 10 0 0 2 0 0 4 0 0
143 2 0 0 0 0 0 0 0 0
147 3382 0 0 0 0 0 3382 0 0
150 10169 1 1 3382 0 0 0 0 0
151 12 1 1 4 0 0 0 0 0
163 36 0 0 18 0 0 0 0 0
164 28 2 2 4 0 0 2 0 0
165 6 0 0 2 0 0 0 0 0
168 6 0 0 4 0 0 0 0 0
170 16 1 1 4 1 0 2 0 0
171 2 0 0 2 0 0 0 0 0
172 4 0 0 2 0 0 0 0 0
179 35 0 0 8 0 0 3 0 0
181 42 0 0 12 2 2 6 0 0
182 12 0 0 12 0 0 0 0 0
184 18 1 1 0 0 0 0 0 0
192 6 0 0 0 0 0 6 0 0
195 18 1 1 6 0 0 0 0 0
209 6 0 0 3 0 0 0 0 0
fn=_dl_start
49 6 0 0 2 0 0 0 0 0
50 4 0 0 2 0 0 0 0 0
51 1 0 0 1 0 0 0 0 0
53 10 1 1 4 0 0 0 0 0
56 4 0 0 0 0 0 0 0 0
61 19 1 1 0 0 0 0 0 0
63 15 1 1 5 2 2 0 0 0
64 10 0 0 0 0 0 0 0 0
65 5 0 0 5 0 0 0 0 0
fl=./elf/./elf/get-dynamic-info.h
fn=_dl_map_object_from_fd
39 10 0 0 0 0 0 0 0 0
43 5 0 0 0 0 0 0 0 0
45 531 0 0 134 36 36 0 0 0
49 258 0 0 0 0 0 0 0 0
54 121 0 0 0 0 0 0 0 0
55 82 0 0 0 0 0 0 0 0
56 25 0 0 0 0 0 0 0 0
58 5 0 0 0 0 0 0 0 0
59 25 2 2 0 0 0 0 0 0
62 20 1 1 0 0 0 0 0 0
64 20 0 0 0 0 0 0 0 0
68 129 0 0 0 0 0 129 29 29
72 20 1 1 5 0 0 0 0 0
84 17 0 0 7 0 0 0 0 0
85 20 0 0 10 0 0 0 0 0
86 20 1 1 10 0 0 0 0 0
87 20 0 0 10 0 0 0 0 0
88 17 0 0 7 2 2 0 0 0
89 19 0 0 9 1 1 0 0 0
90 19 0 0 9 1 1 0 0 0
91 20 1 1 10 0 0 0 0 0
103 40 0 0 10 0 0 5 0 0
110 16 0 0 5 0 0 0 0 0
115 8 0 0 4 0 0 0 0 0
122 8 0 0 4 0 0 0 0 0
123 15 1 1 10 0 0 0 0 0
129 15 0 0 5 0 0 0 0 0
130 6 0 0 4 0 0 0 0 0
147 15 1 1 5 0 0 0 0 0
152 4 0 0 2 0 0 2 0 0
154 4 0 0 0 0 0 0 0 0
156 4 0 0 0 0 0 0 0 0
158 4 0 0 0 0 0 0 0 0
162 15 1 1 5 0 0 0 0 0
164 3 0 0 1 0 0 1 0 0
165 2 0 0 0 0 0 0 0 0
174 2 0 0 1 0 0 0 0 0
175 3 1 1 0 0 0 0 0 0
180 2 1 1 0 0 0 0 0 0
184 10 0 0 5 0 0 0 0 0
fl=./elf/./elf/libc_early_init.c
fn=__libc_early_init
33 6 1 1 1 0 0 2 0 0
35 1 0 0 0 0 0 1 0 0
38 2 0 0 1 0 0 1 1 1
41 2 0 0 0 0 0 2 1 1
47 4 1 1 2 0 0 0 0 0
49 2 0 0 1 0 0 0 0 0
fl=./elf/./elf/rtld.c
fn=_dl_start
84 8 0 0 0 0 0 2 1 1
460 2 0 0 0 0 0 1 0 0
478 3 1 1 0 0 0 1 0 0
479 1 0 0 0 0 0 1 0 0
480 2 0 0 1 0 0 1 0 0
482 2 0 0 0 0 0 1 1 1
491 1 0 0 0 0 0 1 1 1
497 4 1 0 1 0 0 1 0 0
499 2 1 1 1 0 0 0 0 0
520 15 2 2 0 0 0 8 2 2
546 1 0 0 0 0 0 1 1 1
549 2 0 0 0 0 0 1 0 0
550 1 0 0 1 1 1 0 0 0
566 144 6 6 27 4 4 7 0 0
568 1 0 0 1 0 0 0 0 0
581 1 0 0 0 0 0 1 0 0
588 9 0 0 7 2 0 0 0 0
fn=dl_main
84 18 4 4 0 0 0 1 0 0
91 12 0 0 0 0 0 0 0 0
92 2 0 0 0 0 0 1 0 0
100 9 0 0 4 0 0 0 0 0
196 2 1 1 0 0 0 1 0 0
198 1 0 0 0 0 0 1 0 0
223 4 3 3 4 1 1 0 0 0
224 4 0 0 3 0 0 0 0 0
225 5 0 0 0 0 0 0 0 0
295 3 0 0 0 0 0 3 0 0
301 1 0 0 0 0 0 1 0 0
302 1 0 0 0 0 0 1 0 0
845 1 0 0 1 0 0 0 0 0
847 1 0 0 0 0 0 1 0 0
856 1 0 0 0 0 0 1 0 0
858 1 0 0 0 0 0 1 0 0
863 1 0 0 0 0 0 1 0 0
1123 1 0 0 1 0 0 0 0 0
1124 1 0 0 1 0 0 0 0 0
1126 4 0 0 1 0 0 1 0 0
1129 2 0 0 1 0 0 1 0 0
1131 2 0 0 1 1 1 1 0 0
1133 1 1 1 1 0 0 0 0 0
1134 1 0 0 1 0 0 0 0 0
1149 1 0 0 0 0 0 0 0 0
1152 46 1 1 0 0 0 0 0 0
1153 117 0 0 22 7 7 0 0 0
1157 3 1 1 1 0 0 1 0 0
1162 3 0 0 2 0 0 1 0 0
1163 9 0 0 2 0 0 1 0 0
1172 2 1 1 0 0 0 1 0 0
1173 2 0 0 2 1 1 0 0 0
1175 1 0 0 0 0 0 1 0 0
1182 3 1 1 1 0 0 0 0 0
1200 2 0 0 0 0 0 1 0 0
1208 8 0 0 4 0 0 0 0 0
1209 17 1 1 5 1 1 0 0 0
1210 8 0 0 4 0 0 0 0 0
1211 1 0 0 0 0 0 1 0 0
1213 12 0 0 4 0 0 0 0 0
1214 14 1 1 0 0 0 0 0 0
1218 8 0 0 4 3 3 0 0 0
1219 8 0 0 4 0 0 0 0 0
1220 4 0 0 0 0 0 4 0 0
1221 10 0 0 5 0 0 0 0 0
1222 1 0 0 0 0 0 1 0 0
1226 12 1 1 0 0 0 0 0 0
1254 2 1 1 1 0 0 1 1 1
1258 4 0 0 2 1 1 1 1 1
1260 1 0 0 0 0 0 0 0 0
1264 26 0 0 0 0 0 0 0 0
1265 61 1 1 13 0 0 0 0 0
1271 17 0 0 0 0 0 1 0 0
1277 4 1 1 2 1 1 0 0 0
1280 3 0 0 2 0 0 0 0 0
1282 3 0 0 2 0 0 0 0 0
1284 2 1 1 1 0 0 0 0 0
1359 12 1 1 0 0 0 9 2 2
1364 1 0 0 0 0 0 1 0 0
1370 1 0 0 0 0 0 1 1 1
1386 3 0 0 2 0 0 1 0 0
1387 4 0 0 2 0 0 0 0 0
1656 9 1 1 0 0 0 2 0 0
1658 2 1 1 0 0 0 0 0 0
1659 3 0 0 1 0 0 1 0 0
1660 2 0 0 1 0 0 1 1 1
1661 3 0 0 2 0 0 1 0 0
1665 2 0 0 0 0 0 1 0 0
1666 2 1 1 1 0 0 0 0 0
1691 3 0 0 1 0 0 0 0 0
1692 6 0 0 2 0 0 1 0 0
1693 3 0 0 2 0 0 0 0 0
1694 3 1 1 3 0 0 0 0 0
1697 1 0 0 0 0 0 1 0 0
1699 1 0 0 0 0 0 1 1 1
1700 1 0 0 0 0 0 1 1 1
1702 2 1 1 1 0 0 0 0 0
1703 2 0 0 0 0 0 1 0 0
1707 2 0 0 1 0 0 0 0 0
1709 2 0 0 1 0 0 0 0 0
1717 4 0 0 2 0 0 0 0 0
1724 2 2 2 1 0 0 1 0 0
1727 2 0 0 1 0 0 0 0 0
1752 4 1 1 1 0 0 2 0 0
1754 1 0 0 0 0 0 1 0 0
1759 2 0 0 1 0 0 0 0 0
1762 4 1 1 2 0 0 1 0 0
1763 4 0 0 1 0 0 1 0 0
1764 3 0 0 2 0 0 1 0 0
1765 1 0 0 0 0 0 1 0 0
1766 1 0 0 1 0 0 0 0 0
1767 1 1 1 1 0 0 0 0 0
1778 2 0 0 1 1 1 0 0 0
1779 2 0 0 1 0 0 0 0 0
1781 2 0 0 1 0 0 0 0 0
1783 1 1 1 0 0 0 1 0 0
1784 3 0 0 1 0 0 1 0 0
1789 5 0 0 0 0 0 0 0 0
1790 5 0 0 1 1 1 0 0 0
1792 4 1 1 2 0 0 1 1 1
1798 2 0 0 1 1 1 0 0 0
1807 2 1 1 1 0 0 0 0 0
1811 1 0 0 0 0 0 0 0 0
1812 2 0 0 1 0 0 0 0 0
1836 2 0 0 0 0 0 2 0 0
1842 2 0 0 1 0 0 1 0 0
1843 1 0 0 0 0 0 1 0 0
1848 3 0 0 1 0 0 1 0 0
1853 3 0 0 2 0 0 0 0 0
1855 1 0 0 0 0 0 0 0 0
1857 2 1 1 1 0 0 0 0 0
1861 5 0 0 2 0 0 1 0 0
1866 2 0 0 1 0 0 0 0 0
1882 6 0 0 0 0 0 1 0 0
1958 4 1 1 2 0 0 0 0 0
1962 9 1 1 0 0 0 0 0 0
1963 1 0 0 0 0 0 0 0 0
1966 3 0 0 0 0 0 1 0 0
1967 1 1 1 1 0 0 0 0 0
1968 2 0 0 0 0 0 0 0 0
1969 2 0 0 0 0 0 0 0 0
1974 3 0 0 1 0 0 0 0 0
1984 9 0 0 2 0 0 1 0 0
1990 31 0 0 1 0 0 0 0 0
1991 17 1 1 15 0 0 0 0 0
1994 3 0 0 2 0 0 1 0 0
1995 2 0 0 0 0 0 0 0 0
1996 1 0 0 0 0 0 1 0 0
1998 22 1 1 1 0 0 0 0 0
1999 10 0 0 5 0 0 0 0 0
2003 2 0 0 0 0 0 0 0 0
2009 1 0 0 0 0 0 1 0 0
2011 3 0 0 1 0 0 1 0 0
2012 2 1 1 0 0 0 0 0 0
2014 2 0 0 0 0 0 1 0 0
2016 4 0 0 1 0 0 0 0 0
2018 3 0 0 1 0 0 0 0 0
2019 1 0 0 1 0 0 0 0 0
2020 2 0 0 0 0 0 0 0 0
2032 2 1 1 0 0 0 0 0 0
2033 2 0 0 1 0 0 1 0 0
2034 3 0 0 1 0 0 0 0 0
2036 2 0 0 1 0 0 0 0 0
2037 2 0 0 1 0 0 1 0 0
2045 5 0 0 1 1 0 1 1 0
2046 4 0 0 0 0 0 1 0 0
2047 4 1 1 1 0 0 1 0 0
2057 2 0 0 1 1 0 1 0 0
2058 2 1 1 1 0 0 0 0 0
2059 4 1 1 0 0 0 2 0 0
2061 2 0 0 0 0 0 0 0 0
2066 3 1 1 1 0 0 0 0 0
2265 3 0 0 1 0 0 1 0 0
2269 3 1 1 1 0 0 2 0 0
2275 2 0 0 1 0 0 1 0 0
2278 2 0 0 1 0 0 0 0 0
2286 2 0 0 2 0 0 0 0 0
2297 3 0 0 1 0 0 0 0 0
2300 1 0 0 1 0 0 0 0 0
2306 29 1 1 3 1 0 1 0 0
2308 14 0 0 14 4 0 0 0 0
2313 14 0 0 14 7 0 0 0 0
2315 16 0 0 0 0 0 0 0 0
2317 1 1 1 0 0 0 1 0 0
2318 1 0 0 1 0 0 0 0 0
2321 7 1 1 7 2 0 0 0 0
2323 14 0 0 0 0 0 0 0 0
2324 48 0 0 12 7 0 6 0 0
2328 18 0 0 9 3 0 0 0 0
2329 6 1 1 0 0 0 2 0 0
2338 2 0 0 1 0 0 0 0 0
2342 4 1 1 2 1 0 0 0 0
2344 1 0 0 1 0 0 0 0 0
2351 4 0 0 1 0 0 1 0 0
2354 2 0 0 1 0 0 0 0 0
2364 3 1 1 2 1 0 0 0 0
2366 2 0 0 1 0 0 0 0 0
2376 1 1 1 0 0 0 1 0 0
2381 3 0 0 1 0 0 1 0 0
2384 1 0 0 0 0 0 1 0 0
2390 1 0 0 1 0 0 0 0 0
2391 5 0 0 2 0 0 1 0 0
2399 3 0 0 1 0 0 1 0 0
2406 1 1 1 0 0 0 1 0 0
2410 3 0 0 0 0 0 1 0 0
2415 2 0 0 0 0 0 1 0 0
2416 1 0 0 0 0 0 1 0 0
2417 1 0 0 0 0 0 1 0 0
2422 1 0 0 0 0 0 1 0 0
2427 8 0 0 7 1 0 0 0 0
2560 2 0 0 1 0 0 1 0 0
2562 1 0 0 0 0 0 0 0 0
2566 6 1 1 1 0 0 1 0 0
2568 18 0 0 3 0 0 4 0 0
2570 2 0 0 0 0 0 0 0 0
2572 107 0 0 21 0 0 0 0 0
2573 19 1 1 0 0 0 0 0 0
2581 13 1 1 2 1 1 0 0 0
2602 2 1 1 1 0 0 0 0 0
2609 4 1 1 2 0 0 0 0 0
2611 2 0 0 0 0 0 1 0 0
2612 1 0 0 0 0 0 0 0 0
2657 3 1 1 1 0 0 0 0 0
2658 5 1 1 2 0 0 0 0 0
2660 2 0 0 0 0 0 1 0 0
2661 2 0 0 0 0 0 1 0 0
2662 1 0 0 0 0 0 0 0 0
2699 4 1 1 1 0 0 1 0 0
2724 2 0 0 0 0 0 0 0 0
fn=do_preload
812 6 2 2 0 0 0 3 0 0
814 1 0 0 0 0 0 1 0 0
818 1 0 0 0 0 0 1 0 0
819 1 0 0 0 0 0 1 0 0
820 1 0 0 0 0 0 1 0 0
822 1 0 0 1 0 0 0 0 0
824 6 0 0 0 0 0 1 0 0
825 3 1 1 1 0 0 0 0 0
833 3 0 0 1 0 0 0 0 0
839 5 0 0 4 0 0 0 0 0
fn=handle_preload_list
182 3 0 0 1 0 0 0 0 0
877 8 2 2 0 0 0 7 1 1
878 1 0 0 0 0 0 0 0 0
882 7 0 0 2 0 0 0 0 0
885 4 1 1 0 0 0 1 0 0
886 3 0 0 0 0 0 0 0 0
888 6 1 1 0 0 0 1 0 0
889 2 0 0 0 0 0 1 0 0
895 1 0 0 0 0 0 0 0 0
897 2 0 0 1 0 0 0 0 0
899 2 0 0 1 0 0 0 0 0
900 5 0 0 1 0 0 1 0 0
903 9 0 0 7 0 0 0 0 0
fn=init_tls
737 3 1 1 0 0 0 2 0 0
739 2 0 0 1 0 0 1 0 0
743 3 0 0 1 0 0 0 0 0
749 2 1 1 0 0 0 1 0 0
752 1 0 0 0 0 0 1 0 0
753 1 0 0 0 0 0 0 0 0
754 1 0 0 0 0 0 0 0 0
758 1 0 0 0 0 0 0 0 0
760 1 0 0 0 0 0 1 0 0
764 2 0 0 1 1 1 0 0 0
765 2 1 1 0 0 0 0 0 0
766 17 0 0 1 0 0 0 0 0
767 7 0 0 7 0 0 0 0 0
768 14 0 0 7 3 0 0 0 0
772 6 0 0 0 0 0 2 1 1
774 2 0 0 0 0 0 0 0 0
776 3 0 0 1 0 0 0 0 0
779 2 1 1 0 0 0 1 0 0
782 1 0 0 0 0 0 1 0 0
789 2 0 0 0 0 0 1 0 0
790 2 0 0 0 0 0 0 0 0
794 1 0 0 0 0 0 1 0 0
798 2 0 0 1 0 0 1 0 0
801 8 1 1 0 0 0 2 0 0
804 1 0 0 0 0 0 1 0 0
805 1 0 0 0 0 0 1 0 0
808 5 0 0 3 0 0 0 0 0
fn=map_doit
644 2 1 1 0 0 0 1 0 0
646 4 0 0 1 0 0 0 0 0
647 6 1 1 2 0 0 2 0 0
649 2 0 0 2 0 0 0 0 0
fn=version_check_doit
677 2 1 1 0 0 0 1 0 0
679 6 0 0 2 0 0 1 0 0
683 2 1 0 2 0 0 0 0 0
fl=./elf/./get-dynamic-info.h
fn=_dl_start
45 83 1 1 21 6 6 0 0 0
49 40 1 1 0 0 0 0 0 0
54 17 0 0 0 0 0 0 0 0
55 11 0 0 0 0 0 0 0 0
56 5 0 0 0 0 0 0 0 0
58 1 0 0 0 0 0 0 0 0
59 5 1 1 0 0 0 0 0 0
62 4 1 1 0 0 0 0 0 0
64 4 1 1 0 0 0 0 0 0
68 21 0 0 0 0 0 20 8 8
72 3 1 1 0 0 0 0 0 0
84 4 0 0 2 0 0 0 0 0
85 4 0 0 2 0 0 0 0 0
86 4 0 0 2 0 0 0 0 0
87 4 1 1 2 0 0 0 0 0
88 5 0 0 2 0 0 0 0 0
89 4 0 0 2 0 0 0 0 0
90 4 0 0 2 0 0 0 0 0
91 4 1 1 2 0 0 0 0 0
103 10 1 1 2 0 0 1 0 0
110 3 0 0 1 0 0 0 0 0
115 2 0 0 1 0 0 0 0 0
122 1 0 0 0 0 0 0 0 0
123 3 1 1 2 0 0 0 0 0
129 3 0 0 1 0 0 0 0 0
130 3 0 0 2 0 0 0 0 0
133 2 0 0 1 0 0 0 0 0
134 3 1 1 1 0 0 0 0 0
139 3 0 0 1 0 0 0 0 0
142 3 0 0 1 0 0 0 0 0
fn=dl_main
39 4 0 0 2 0 0 0 0 0
43 1 1 1 0 0 0 0 0 0
45 107 0 0 27 7 7 0 0 0
49 52 1 1 0 0 0 0 0 0
54 25 0 0 0 0 0 0 0 0
55 17 0 0 0 0 0 0 0 0
56 5 0 0 0 0 0 0 0 0
58 1 0 0 0 0 0 0 0 0
59 5 1 1 0 0 0 0 0 0
62 4 1 1 0 0 0 0 0 0
64 4 0 0 0 0 0 0 0 0
68 26 0 0 0 0 0 26 7 7
72 7 1 1 4 0 0 0 0 0
84 3 0 0 1 0 0 0 0 0
85 5 1 1 3 0 0 0 0 0
86 5 0 0 3 0 0 0 0 0
87 5 0 0 3 0 0 0 0 0
88 4 1 1 2 0 0 0 0 0
89 5 0 0 3 0 0 0 0 0
90 5 0 0 3 0 0 0 0 0
91 5 1 1 3 0 0 0 0 0
103 9 0 0 3 0 0 1 0 0
110 3 1 1 1 0 0 0 0 0
115 2 1 1 1 0 0 0 0 0
122 3 0 0 2 0 0 0 0 0
123 4 1 1 3 0 0 0 0 0
129 3 0 0 1 0 0 0 0 0
147 4 0 0 2 0 0 0 0 0
162 4 2 2 2 0 0 0 0 0
164 3 0 0 1 0 0 1 0 0
165 2 0 0 0 0 0 0 0 0
174 2 0 0 1 0 0 0 0 0
175 3 1 1 0 0 0 0 0 0
180 2 0 0 0 0 0 0 0 0
184 3 1 1 2 0 0 0 0 0
fl=./elf/./setup-vdso.h
fn=dl_main
24 2 0 0 1 0 0 0 0 0
fl=./iconv/./iconv/gconv_simple.c
fn=__gconv_btwoc_ascii
51 512 1 1 0 0 0 0 0 0
54 128 0 0 128 0 0 0 0 0
fl=./io/../sysdeps/unix/sysv/linux/access.c
fn=access
27 7 1 1 0 0 0 1 0 0
31 1 0 0 1 0 0 0 0 0
fl=./io/../sysdeps/unix/sysv/linux/close_nocancel.c
fn=__GI___close_nocancel
26 24 1 1 0 0 0 0 0 0
27 6 0 0 6 0 0 0 0 0
fl=./io/../sysdeps/unix/sysv/linux/fstat64.c
fn=fstat
29 7 2 2 0 0 0 0 0 0
30 14 0 0 0 0 0 0 0 0
35 21 1 1 0 0 0 0 0 0
fl=./io/../sysdeps/unix/sysv/linux/fstatat64.c
fn=fstatat
99 34 0 0 0 0 0 0 0 0
154 17 2 2 0 0 0 0 0 0
168 18 0 0 0 0 0 9 0 0
169 60 1 1 9 0 0 0 0 0
170 8 0 0 8 0 0 0 0 0
fl=./io/../sysdeps/unix/sysv/linux/open64_nocancel.c
fn=__open_nocancel
28 19 0 0 0 0 0 19 1 1
31 133 1 1 0 0 0 0 0 0
39 172 1 1 0 0 0 13 0 0
41 19 0 0 19 0 0 0 0 0
fl=./io/../sysdeps/unix/sysv/linux/pread64_nocancel.c
fn=__pread64_nocancel
25 2 0 0 0 0 0 0 0 0
26 8 0 0 0 0 0 0 0 0
27 2 0 0 2 0 0 0 0 0
fl=./io/../sysdeps/unix/sysv/linux/read_nocancel.c
fn=__read_nocancel
26 20 1 1 0 0 0 0 0 0
27 5 0 0 5 0 0 0 0 0
fl=./io/../sysdeps/unix/sysv/linux/stat64.c
fn=stat
28 10 0 0 0 0 0 0 0 0
29 40 0 0 0 0 0 0 0 0
fl=./io/../sysdeps/unix/sysv/linux/write.c
fn=write
26 66 2 2 11 9 5 0 0 0
27 11 0 0 11 0 0 0 0 0
fl=./libio/../include/sys/sysmacros.h
fn=_IO_file_doallocate
47 6 1 1 0 0 0 0 0 0
fl=./libio/./libio/filedoalloc.c
fn=_IO_file_doallocate
78 8 1 1 1 0 0 4 0 0
84 9 0 0 3 0 0 1 0 0
86 4 0 0 1 0 0 0 0 0
89 2 0 0 0 0 0 0 0 0
91 2 1 1 1 0 0 0 0 0
94 2 0 0 1 0 0 0 0 0
97 4 1 1 1 0 0 0 0 0
101 3 0 0 0 0 0 1 0 0
102 2 0 0 0 0 0 0 0 0
104 4 0 0 0 0 0 1 0 0
105 1 0 0 0 0 0 0 0 0
106 8 0 0 6 0 0 0 0 0
fl=./libio/./libio/fileops.c
fn=_IO_do_write@@GLIBC_2.2.5
423 22 0 0 0 0 0 11 0 0
425 80 8 4 0 0 0 11 0 0
426 23 0 0 23 0 0 0 0 0
fn=_IO_file_overflow@@GLIBC_2.2.5
731 72 1 1 0 0 0 54 0 0
732 54 0 0 18 0 0 0 0 0
739 106 1 1 18 0 0 0 0 0
742 2 1 1 0 0 0 0 0 0
744 2 1 1 0 0 0 1 0 0
745 6 1 1 1 0 0 2 0 0
754 3 0 0 1 0 0 0 0 0
763 3 0 0 1 0 0 0 0 0
765 1 0 0 0 0 0 1 0 0
766 1 0 0 0 0 0 1 0 0
767 1 0 0 0 0 0 1 0 0
768 3 0 0 1 0 0 2 0 0
770 3 1 1 0 0 0 1 0 0
771 5 0 0 1 0 0 0 0 0
772 1 0 0 0 0 0 1 0 0
774 36 0 0 0 0 0 0 0 0
775 2 0 0 0 0 0 0 0 0
776 19 0 0 18 0 0 0 0 0
777 34 0 0 17 0 0 0 0 0
780 51 0 0 0 0 0 34 0 0
781 51 0 0 17 0 0 0 0 0
782 68 0 0 0 0 0 0 0 0
783 44 0 0 0 0 0 11 0 0
784 33 0 0 22 0 0 0 0 0
786 17 7 4 0 0 0 0 0 0
787 71 1 1 71 0 0 0 0 0
fn=_IO_file_setbuf@@GLIBC_2.2.5
381 2 1 1 0 0 0 1 0 0
382 3 0 0 0 0 0 1 0 0
385 1 0 0 1 0 0 0 0 0
387 3 0 0 0 0 0 3 0 0
389 2 0 0 0 0 0 0 0 0
390 2 0 0 2 0 0 0 0 0
fn=_IO_file_stat
1147 2 1 1 1 0 0 0 0 0
fn=_IO_file_sync@@GLIBC_2.2.5
792 88 6 6 0 0 0 44 0 0
797 88 0 0 44 1 0 0 0 0
799 22 2 2 22 0 0 0 0 0
800 44 0 0 22 0 0 0 0 0
811 44 5 3 0 0 0 22 0 0
815 88 0 0 66 0 0 0 0 0
fn=_IO_file_write@@GLIBC_2.2.5
1173 66 2 0 0 0 0 44 0 0
1174 22 0 0 0 0 0 0 0 0
1175 66 0 0 0 0 0 0 0 0
1179 33 10 6 11 0 0 0 0 0
1180 33 0 0 11 0 0 11 0 0
1181 22 0 0 0 0 0 0 0 0
1186 11 0 0 0 0 0 0 0 0
1187 11 0 0 0 0 0 0 0 0
1189 33 10 6 0 0 0 0 0 0
1190 33 0 0 11 0 0 0 0 0
1193 66 0 0 55 0 0 0 0 0
fn=_IO_file_xsputn@@GLIBC_2.2.5
1197 470 1 1 0 0 0 282 8 5
1199 1 1 1 0 0 0 0 0 0
1203 94 0 0 0 0 0 0 0 0
1204 47 1 1 0 0 0 0 0 0
1210 188 0 0 47 0 0 0 0 0
1212 139 0 0 93 10 6 0 0 0
1213 92 0 0 0 0 0 0 0 0
1216 638 1 1 0 0 0 0 0 0
1218 750 0 0 250 0 0 0 0 0
1227 3 0 0 1 0 0 0 0 0
1228 46 0 0 0 0 0 0 0 0
1233 46 0 0 0 0 0 0 0 0
1235 138 0 0 0 0 0 92 0 0
1236 46 0 0 0 0 0 0 0 0
1237 184 0 0 0 0 0 0 0 0
1239 92 0 0 0 0 0 0 0 0
1243 6 1 1 2 1 0 1 0 0
1249 2 0 0 2 0 0 0 0 0
1250 5 0 0 0 0 0 0 0 0
1252 3 0 0 0 0 0 0 0 0
1263 2 0 0 0 0 0 0 0 0
1264 4 0 0 0 0 0 1 0 0
1266 95 0 0 0 0 0 0 0 0
1267 376 1 1 329 0 0 0 0 0
fn=new_do_write
431 110 9 6 0 0 0 66 0 0
433 22 0 0 11 0 0 0 0 0
440 44 1 1 22 0 0 0 0 0
443 11 0 0 11 0 0 0 0 0
448 55 0 0 11 9 5 11 0 0
449 55 1 1 11 0 0 0 0 0
451 33 0 0 11 0 0 22 0 0
452 22 0 0 0 0 0 11 0 0
453 11 0 0 0 0 0 11 0 0
454 22 1 1 11 0 0 0 0 0
455 44 0 0 11 0 0 0 0 0
457 99 0 0 77 0 0 0 0 0
fl=./libio/./libio/genops.c
fn=_IO_cleanup
786 6 0 0 0 0 0 3 0 0
787 11 1 1 4 0 0 2 0 0
790 12 1 1 4 0 0 0 0 0
800 6 1 1 3 0 0 0 0 0
802 9 1 1 3 0 0 0 0 0
805 6 0 0 3 0 0 0 0 0
807 6 0 0 2 0 0 0 0 0
812 1 0 0 0 0 0 0 0 0
813 13 1 1 5 0 0 2 0 0
821 5 0 0 2 0 0 0 0 0
823 2 0 0 0 0 0 1 0 0
825 4 1 1 2 0 0 1 0 0
826 1 1 1 0 0 0 1 0 0
830 5 0 0 2 1 0 1 0 0
832 3 0 0 1 0 0 0 0 0
836 5 1 1 1 0 0 0 0 0
837 8 0 0 3 0 0 2 0 0
844 3 0 0 0 0 0 3 0 0
848 9 1 1 3 0 0 2 0 0
849 2 0 0 0 0 0 1 0 0
869 10 2 2 1 0 0 7 0 0
872 3 0 0 0 0 0 1 0 0
884 12 0 0 9 0 0 0 0 0
fn=_IO_default_setbuf
330 5 0 0 1 0 0 0 0 0
332 1 0 0 0 0 0 1 0 0
333 1 0 0 0 0 0 1 0 0
337 2 0 0 0 0 0 1 0 0
452 8 2 2 0 0 0 4 0 0
453 5 0 0 2 0 0 1 0 0
455 4 0 0 0 0 0 0 0 0
457 3 1 1 1 0 0 1 0 0
458 2 0 0 0 0 0 0 0 0
462 1 1 1 0 0 0 0 0 0
466 4 0 0 0 0 0 3 0 0
467 1 0 0 0 0 0 0 0 0
468 6 0 0 5 0 0 0 0 0
fn=_IO_default_xsputn
371 333 1 1 0 0 0 259 9 5
374 74 0 0 0 0 0 0 0 0
375 1 0 0 1 0 0 0 0 0
379 28 1 1 14 0 0 0 0 0
399 62 0 0 18 0 0 6 0 0
401 6 0 0 0 0 0 0 0 0
404 296 1 1 259 0 0 0 0 0
fn=_IO_doallocbuf
343 3 0 0 0 0 0 3 0 0
344 2 1 1 1 0 0 0 0 0
346 4 0 0 1 0 0 0 0 0
347 5 0 0 2 1 0 1 0 0
350 4 1 1 4 0 0 0 0 0
fn=_IO_flush_all_lockp
686 11 2 2 1 0 0 7 0 0
687 1 0 0 0 0 0 0 0 0
691 6 0 0 0 0 0 3 0 0
692 12 1 1 4 1 0 2 0 0
695 12 1 1 4 3 3 0 0 0
697 3 0 0 0 0 0 3 0 0
698 3 0 0 0 0 0 0 0 0
701 21 1 1 9 2 2 0 0 0
709 6 1 1 0 0 0 0 0 0
711 3 0 0 0 0 0 3 0 0
715 9 1 1 3 0 0 2 0 0
716 2 0 0 0 0 0 1 0 0
720 12 1 1 9 0 0 0 0 0
fn=_IO_no_init
563 162 10 7 0 0 0 72 0 0
564 18 0 0 0 0 0 18 8 5
565 18 0 0 0 0 0 18 8 5
566 36 0 0 0 0 0 0 0 0
586 36 1 1 0 0 0 18 0 0
587 18 0 0 0 0 0 18 0 0
588 108 0 0 90 0 0 0 0 0
fn=_IO_old_init
532 36 0 0 0 0 0 18 8 5
534 108 1 1 18 9 6 18 0 0
539 126 0 0 0 0 0 108 0 0
544 18 0 0 0 0 0 18 8 5
550 36 0 0 0 0 0 18 0 0
555 54 0 0 18 0 0 0 0 0
558 18 0 0 18 0 0 0 0 0
fn=_IO_setb
329 171 19 12 0 0 0 76 0 0
330 112 0 0 38 0 0 0 0 0
332 19 0 0 0 0 0 19 0 0
333 19 0 0 0 0 0 19 0 0
335 114 0 0 0 0 0 19 0 0
338 114 0 0 95 0 0 0 0 0
fn=__overflow
199 22 1 1 0 0 0 11 0 0
201 33 0 0 11 0 0 0 0 0
203 33 0 0 22 9 5 0 0 0
204 22 1 1 11 0 0 0 0 0
fl=./libio/./libio/iofflush.c
fn=fflush
32 84 0 0 0 0 0 42 0 0
33 42 1 1 0 0 0 0 0 0
39 273 1 1 147 5 2 21 0 0
40 105 0 0 42 2 0 21 0 0
44 84 0 0 63 0 0 0 0 0
fl=./libio/./libio/iofwrite.c
fn=fwrite
31 329 2 2 0 0 0 282 8 5
32 94 0 0 0 0 0 0 0 0
35 94 0 0 0 0 0 0 0 0
37 799 1 1 329 38 20 47 0 0
38 234 0 0 47 10 5 1 0 0
39 235 0 0 94 10 5 47 0 0
45 282 0 0 0 0 0 0 0 0
46 47 0 0 0 0 0 0 0 0
49 423 0 0 329 0 0 0 0 0
fl=./libio/./libio/libioP.h
fn=_IO_cleanup
940 4 0 0 0 0 0 0 0 0
942 2 1 1 0 0 0 0 0 0
943 2 0 0 0 0 0 0 0 0
fn=_IO_default_setbuf
940 3 0 0 0 0 0 0 0 0
942 2 0 0 0 0 0 0 0 0
943 2 0 0 0 0 0 0 0 0
fn=_IO_default_xsputn
940 7 0 0 0 0 0 0 0 0
942 12 0 0 0 0 0 0 0 0
943 12 0 0 0 0 0 0 0 0
fn=_IO_doallocbuf
940 3 1 1 0 0 0 0 0 0
942 2 0 0 0 0 0 0 0 0
943 2 0 0 0 0 0 0 0 0
fn=_IO_file_doallocate
940 3 1 1 0 0 0 0 0 0
942 2 0 0 0 0 0 0 0 0
943 2 0 0 0 0 0 0 0 0
fn=_IO_file_xsputn@@GLIBC_2.2.5
940 3 0 0 0 0 0 0 0 0
942 2 0 0 0 0 0 0 0 0
943 2 0 0 0 0 0 0 0 0
fn=__overflow
940 33 0 0 0 0 0 0 0 0
942 22 0 0 0 0 0 0 0 0
943 22 0 0 0 0 0 0 0 0
fn=fflush
883 42 0 0 21 0 0 0 0 0
884 210 1 1 84 0 0 42 0 0
940 63 0 0 0 0 0 0 0 0
942 42 0 0 0 0 0 0 0 0
943 42 0 0 0 0 0 0 0 0
fn=fwrite
883 94 0 0 47 0 0 0 0 0
884 376 1 1 188 0 0 47 0 0
940 141 1 1 0 0 0 0 0 0
942 94 0 0 0 0 0 0 0 0
943 94 0 0 0 0 0 0 0 0
fn=new_do_write
940 33 0 0 0 0 0 0 0 0
942 33 0 0 0 0 0 0 0 0
943 22 0 0 0 0 0 0 0 0
fl=./libio/./libio/putc.c
fn=putc
25 66 1 1 0 0 0 33 0 0
28 22 0 0 11 0 0 0 0 0
29 77 5 3 22 0 0 0 0 0
34 44 1 1 33 0 0 0 0 0
fl=./libio/./libio/strops.c
fn=_IO_str_init_static_internal
36 144 9 6 0 0 0 72 0 0
40 36 0 0 0 0 0 0 0 0
42 18 14 6 0 0 0 0 0 0
43 90 0 0 0 0 0 0 0 0
46 90 8 6 0 0 0 18 0 0
48 18 0 0 0 0 0 18 0 0
49 18 0 0 0 0 0 18 0 0
50 18 0 0 0 0 0 18 0 0
51 54 0 0 0 0 0 0 0 0
53 18 0 0 0 0 0 18 0 0
54 18 0 0 0 0 0 18 0 0
55 18 0 0 0 0 0 18 0 0
64 18 0 0 0 0 0 18 0 0
65 108 0 0 90 0 0 0 0 0
fl=./libio/./libio/vsnprintf.c
fn=__vsnprintf_internal
95 234 2 2 18 0 0 126 8 5
99 18 0 0 0 0 0 18 8 5
104 36 0 0 0 0 0 0 0 0
110 126 0 0 0 0 0 18 0 0
111 36 0 0 0 0 0 18 0 0
112 18 1 1 0 0 0 18 0 0
113 162 5 3 18 0 0 36 8 5
114 90 0 0 0 0 0 18 0 0
116 36 0 0 18 0 0 0 0 0
117 36 0 0 18 0 0 18 0 0
119 198 0 0 162 0 0 0 0 0
fn=vsnprintf
124 36 1 1 0 0 0 0 0 0
fl=./libio/./libio/vtables.c
fn=check_stdfiles_vtables
84 4 1 1 2 2 0 0 0 0
85 3 1 1 2 1 0 0 0 0
86 3 0 0 2 1 0 0 0 0
88 1 0 0 1 0 0 0 0 0
fl=./locale/./locale/newlocale.c
fn=newlocale
43 13 2 2 1 0 0 7 0 0
55 2 0 0 0 0 0 0 0 0
56 1 0 0 0 0 0 0 0 0
63 2 1 1 0 0 0 0 0 0
66 3 1 1 0 0 0 0 0 0
73 4 1 1 2 0 0 0 0 0
75 1 1 1 0 0 0 0 0 0
277 12 2 2 9 0 0 0 0 0
fl=./locale/./locale/uselocale.c
fn=uselocale
31 114 3 2 76 19 10 0 0 0
33 76 0 0 0 0 0 0 0 0
36 76 0 0 0 0 0 0 0 0
37 38 0 0 0 0 0 38 0 0
65 114 0 0 76 29 15 38 0 0
66 114 0 0 76 10 5 38 0 0
68 114 0 0 76 10 5 38 0 0
72 114 2 1 0 0 0 0 0 0
73 38 0 0 38 0 0 0 0 0
fl=./malloc/./malloc/arena.c
fn=free
162 92625 0 0 0 0 0 0 0 0
fn=malloc
162 102258 0 0 0 0 0 0 0 0
315 1 1 1 0 0 0 1 0 0
fn=ptmalloc_init.part.0
313 6 1 1 1 0 0 3 0 0
318 1 0 0 0 0 0 1 0 0
343 2 2 2 1 0 0 0 0 0
347 3 0 0 1 1 0 1 0 0
352 4 0 0 0 0 0 1 0 0
353 4 1 1 0 0 0 1 0 0
354 4 0 0 0 0 0 1 0 0
355 4 0 0 0 0 0 1 0 0
356 4 1 1 0 0 0 1 0 0
357 4 0 0 0 0 0 1 0 0
358 4 0 0 0 0 0 1 0 0
360 4 1 1 0 0 0 1 0 0
361 4 0 0 0 0 0 1 0 0
362 4 0 0 0 0 0 1 0 0
365 4 0 0 0 0 0 1 0 0
366 4 1 1 0 0 0 1 0 0
367 2 0 0 1 1 1 0 0 0
430 7 0 0 5 0 0 0 0 0
fl=./malloc/./malloc/malloc.c
fn=_int_free
2006 114831 1 1 38277 0 0 0 0 0
3175 7 1 1 0 0 0 7 0 0
3177 28 1 1 7 1 0 7 0 0
3178 7 0 0 0 0 0 7 0 0
3179 14 0 0 0 0 0 7 0 0
4417 421124 3 3 38284 1 0 267988 1 0
4427 114852 0 0 38284 0 0 0 0 0
4433 191420 0 0 0 0 0 0 0 0
4434 76568 0 0 0 0 0 0 0 0
4438 191420 0 0 0 0 0 0 0 0
4445 76568 0 0 0 0 0 0 0 0
4446 267988 3 3 114852 8 4 0 0 0
4449 103 0 0 0 0 0 0 0 0
4455 309 0 0 206 26 1 0 0 0
4464 103 0 0 103 0 0 0 0 0
4475 412 1 1 103 1 0 0 0 0
4478 7 0 0 0 0 0 0 0 0
4489 76554 0 0 38277 10 5 0 0 0
4565 76554 0 0 0 0 0 0 0 0
4571 191385 0 0 38277 1 0 38277 0 0
4574 38277 0 0 0 0 0 0 0 0
4578 114831 1 1 38277 10 5 0 0 0
4581 79564 4 1 38277 10 5 0 0 0
4583 4515 1 1 1505 2 0 0 0 0
4586 114831 0 0 38277 7997 6161 0 0 0
4589 76554 0 0 0 0 0 0 0 0
4590 76554 0 0 0 0 0 0 0 0
4591 76554 0 0 38277 10 5 0 0 0
4597 76554 0 0 38277 0 0 0 0 0
4598 15452 0 0 15452 0 0 0 0 0
4599 15452 0 0 0 0 0 0 0 0
4600 15452 0 0 0 0 0 0 0 0
4601 61808 0 0 15452 0 0 0 0 0
4603 30904 0 0 0 0 0 15452 0 0
4606 76554 0 0 38277 0 0 0 0 0
4611 76526 6 4 38263 24719 17271 0 0 0
4612 30800 1 1 0 0 0 15400 0 0
4613 30800 0 0 0 0 0 0 0 0
4615 22863 0 0 22863 0 0 0 0 0
4623 38263 0 0 0 0 0 0 0 0
4624 153052 0 0 38263 0 0 0 0 0
4625 76526 0 0 38263 1 0 0 0 0
4627 38263 0 0 0 0 0 38263 1693 1692
4629 76526 1 1 0 0 0 0 0 0
4631 76522 0 0 0 0 0 38261 5718 5714
4634 38263 1 1 0 0 0 38263 0 0
4635 38263 0 0 0 0 0 38263 0 0
4637 114789 0 0 0 0 0 38263 0 0
4638 76526 0 0 0 0 0 38263 0 0
4649 14 4 2 0 0 0 0 0 0
4650 42 0 0 0 0 0 14 0 0
4651 28 0 0 0 0 0 14 0 0
4668 76550 0 0 0 0 0 0 0 0
4669 81429 0 0 27143 0 0 0 0 0
4672 81429 1 1 0 0 0 0 0 0
4674 135715 9 6 81429 10 6 0 0 0
4676 52782 0 0 17594 0 0 17594 1 0
4688 114831 7 4 38277 0 0 0 0 0
4698 421124 2 2 344556 0 0 0 0 0
fn=_int_malloc
1338 102260 8 4 0 0 0 0 0 0
1357 204520 0 0 0 0 0 0 0 0
1999 12675 0 0 4225 0 0 0 0 0
3766 460170 1 1 0 0 0 306780 0 0
3807 102260 0 0 0 0 0 0 0 0
3834 102260 0 0 51130 0 0 0 0 0
3841 312 2 1 0 0 0 0 0 0
3897 102260 2 1 0 0 0 0 0 0
3899 312 2 1 0 0 0 0 0 0
3900 208 4 2 0 0 0 0 0 0
3902 312 0 0 104 1 0 0 0 0
3959 1160591 8 5 0 0 0 0 0 0
3960 153078 0 0 51026 1 0 0 0 0
3978 51130 0 0 0 0 0 0 0 0
3979 153390 0 0 0 0 0 51130 0 0
3980 255648 1 1 153389 0 0 0 0 0
3984 51130 1 1 0 0 0 51130 0 0
3989 17358 0 0 0 0 0 0 0 0
3990 338908 0 0 95926 1 0 17358 0 0
3992 27438 0 0 27438 0 0 0 0 0
3993 54876 0 0 27438 1 0 0 0 0
3994 27438 0 0 0 0 0 0 0 0
3996 54876 0 0 0 0 0 0 0 0
3997 82314 1 1 27438 0 0 0 0 0
3999 27438 0 0 27438 10080 6368 0 0 0
4000 109752 0 0 0 0 0 0 0 0
4002 109752 0 0 27438 0 0 0 0 0
4004 54876 8 5 27438 10075 7512 0 0 0
4005 54876 0 0 27438 0 0 0 0 0
4007 54876 0 0 0 0 0 0 0 0
4018 109752 0 0 0 0 0 0 0 0
4049 27438 0 0 0 0 0 27438 0 0
4050 27438 0 0 0 0 0 27438 0 0
4054 54876 0 0 0 0 0 0 0 0
4083 54876 1 1 0 0 0 0 0 0
4085 10 0 0 0 0 0 0 0 0
4086 20 0 0 0 0 0 0 0 0
4087 5 0 0 5 5 1 0 0 0
4091 513557 2 2 0 0 0 0 0 0
4092 109732 0 0 0 0 0 0 0 0
4093 27433 0 0 27433 34 6 0 0 0
4096 54866 5 2 0 0 0 0 0 0
4099 25886 0 0 0 0 0 0 0 0
4101 103544 0 0 51772 10613 2 0 0 0
4102 51772 0 0 0 0 0 0 0 0
4108 164 0 0 0 0 0 41 0 0
4109 41 0 0 41 0 0 0 0 0
4110 123 0 0 0 0 0 82 0 0
4114 129225 1 1 51690 88 0 0 0 0
4115 51694 0 0 0 0 0 0 0 0
4117 2 0 0 2 0 0 0 0 0
4118 6 0 0 2 1 1 0 0 0
4121 51690 1 1 0 0 0 25845 0 0
4124 50856 1 1 25428 0 0 0 0 0
4127 1668 0 0 0 0 0 417 0 0
4128 417 0 0 417 1 0 0 0 0
4129 834 0 0 417 0 0 0 0 0
4131 417 0 0 0 0 0 417 0 0
4132 1251 0 0 417 0 0 417 0 0
4134 25845 0 0 25845 10612 0 0 0 0
4135 51690 0 0 25845 1 0 0 0 0
4140 90207 2 1 0 0 0 1547 0 0
4143 164628 8 5 27438 0 0 0 0 0
4144 27438 0 0 0 0 0 27438 0 0
4145 27438 0 0 0 0 0 27438 0 0
4146 27438 0 0 0 0 0 27438 0 0
4147 27438 0 0 0 0 0 27438 0 0
4152 54876 0 0 54876 0 0 0 0 0
4153 54876 0 0 0 0 0 0 0 0
4162 82314 1 1 0 0 0 0 0 0
4168 34716 0 0 0 0 0 0 0 0
4179 102260 4 2 0 0 0 0 0 0
4181 153078 0 0 0 0 0 0 0 0
4184 153078 0 0 51026 6 1 0 0 0
4185 64014 0 0 32007 0 0 0 0 0
4188 5717 6 5 5717 0 0 0 0 0
4189 62867 0 0 11430 5303 0 0 0 0
4191 5713 0 0 5713 0 0 0 0 0
4195 11434 0 0 5717 0 0 0 0 0
4196 11426 0 0 5713 5303 0 0 0 0
4197 5713 0 0 5713 0 0 0 0 0
4200 17151 6 5 0 0 0 5717 0 0
4201 11434 0 0 0 0 0 5717 0 0
4204 17151 0 0 5717 0 0 0 0 0
4213 5717 0 0 0 0 0 0 0 0
4217 22868 0 0 5717 0 0 0 0 0
4218 11434 0 0 5717 0 0 0 0 0
4221 5717 2 1 0 0 0 5717 5717 5282
4222 5717 0 0 0 0 0 5717 0 0
4223 5717 0 0 0 0 0 5717 0 0
4224 11434 0 0 0 0 0 0 0 0
4226 11428 0 0 0 0 0 5714 1 0
4229 45736 0 0 0 0 0 5717 0 0
4231 17151 0 0 0 0 0 5717 407 0
4232 5717 0 0 0 0 0 5717 0 0
4235 5717 0 0 0 0 0 0 0 0
4252 45413 0 0 0 0 0 0 0 0
4253 90826 0 0 0 0 0 0 0 0
4254 90826 0 0 0 0 0 0 0 0
4255 90826 0 0 45413 2 0 0 0 0
4256 136239 4 2 0 0 0 0 0 0
4261 103170 0 0 0 0 0 0 0 0
4265 124800 0 0 0 0 0 0 0 0
4268 1648 0 0 412 0 0 0 0 0
4270 192 1 1 0 0 0 0 0 0
4271 96 0 0 0 0 0 0 0 0
4275 29914 0 0 0 0 0 0 0 0
4277 9934 0 0 0 0 0 0 0 0
4279 19868 0 0 0 0 0 0 0 0
4283 5023 0 0 5023 0 0 0 0 0
4286 10046 0 0 0 0 0 0 0 0
4288 3990 0 0 0 0 0 798 0 0
4289 798 0 0 0 0 0 0 0 0
4290 798 0 0 0 0 0 0 0 0
4295 8450 1 1 4225 6 2 0 0 0
4298 8450 0 0 0 0 0 0 0 0
4300 12675 1 1 0 0 0 4225 0 0
4303 8450 0 0 0 0 0 4225 0 0
4306 12675 0 0 4225 0 0 0 0 0
4316 4225 0 0 0 0 0 0 0 0
4321 16900 0 0 4225 0 0 0 0 0
4322 8450 0 0 4225 0 0 0 0 0
4325 4225 1 1 0 0 0 4225 4216 1025
4326 4225 0 0 0 0 0 4225 0 0
4327 4225 0 0 0 0 0 4225 0 0
4330 8450 0 0 0 0 0 0 0 0
4332 8450 0 0 0 0 0 0 0 0
4334 8448 0 0 0 0 0 4224 755 4
4337 33800 1 1 0 0 0 4225 0 0
4339 12675 0 0 0 0 0 4225 269 2
4340 4225 0 0 0 0 0 4225 0 0
4343 4225 0 0 0 0 0 0 0 0
4365 41188 0 0 41188 0 0 0 0 0
4366 82376 0 0 41188 5 2 0 0 0
4368 82376 0 0 41188 0 0 0 0 0
4371 151332 2 1 0 0 0 27768 0 0
4373 13420 0 0 0 0 0 0 0 0
4374 13420 0 0 0 0 0 0 0 0
4375 13420 0 0 0 0 0 13420 0 0
4376 107360 7 5 0 0 0 13420 0 0
4378 26840 0 0 0 0 0 13420 13418 12794
4381 13420 0 0 0 0 0 0 0 0
4382 13420 0 0 0 0 0 0 0 0
4388 83304 0 0 27768 0 0 0 0 0
4403 111072 2 2 0 0 0 27768 0 0
4404 55536 0 0 0 0 0 0 0 0
4405 281430 1 0 46905 0 0 93810 0 0
4409 460170 16 7 357910 0 0 0 0 0
fn=alloc_perturb
1999 140715 10 5 46905 0 0 0 0 0
2001 46905 0 0 46905 0 0 0 0 0
fn=free
3346 153381 0 0 0 0 0 102254 0 0
3350 102254 1 1 0 0 0 0 0 0
3358 102254 1 1 102254 0 0 0 0 0
3360 51127 0 0 0 0 0 0 0 0
3362 153381 0 0 51127 35658 35647 0 0 0
3366 60756 0 0 20252 1 1 0 0 0
3368 81008 0 0 20252 1 1 0 0 0
3370 40504 1 1 0 0 0 20252 0 0
3371 40504 0 0 0 0 0 20252 0 0
3375 40504 0 0 0 0 0 20252 0 0
3379 92625 0 0 61750 20 10 0 0 0
3385 61750 1 1 0 0 0 30875 0 0
3388 51127 0 0 0 0 0 51127 0 0
3389 204508 0 0 153381 0 0 0 0 0
fn=malloc
1338 102258 6 2 0 0 0 0 0 0
1357 255645 1 1 0 0 0 0 0 0
3235 4 1 1 2 0 0 1 0 0
3281 255645 10 5 0 0 0 153387 0 0
3288 102258 0 0 51129 2 1 0 0 0
3298 102258 0 0 0 0 0 0 0 0
3300 204516 0 0 102258 2 0 0 0 0
3303 102258 1 1 51129 1 0 0 0 0
3305 312 1 0 104 2 0 0 0 0
3313 102258 10 5 51129 0 0 0 0 0
3315 204516 2 1 0 0 0 51129 0 0
3316 255645 3 1 51129 0 0 0 0 0
3341 255645 1 0 204516 0 0 0 0 0
fn=munmap_chunk
3038 20252 1 1 0 0 0 0 0 0
3039 40504 0 0 40504 3 1 0 0 0
3040 60756 1 1 20252 0 0 0 0 0
3042 40504 0 0 0 0 0 0 0 0
3044 20252 0 0 0 0 0 0 0 0
3045 60756 0 0 20252 0 0 0 0 0
3046 20252 0 0 0 0 0 0 0 0
3052 81008 0 0 0 0 0 0 0 0
3053 101260 0 0 0 0 0 0 0 0
3056 20252 1 1 40504 0 0 0 0 0
3057 60756 0 0 40504 0 0 0 0 0
3062 40504 0 0 0 0 0 0 0 0
3063 20252 0 0 0 0 0 0 0 0
fn=ptmalloc_init.part.0
1960 385 1 1 0 0 0 0 0 0
1963 381 0 0 0 0 0 127 32 32
1971 1 0 0 0 0 0 1 0 0
1972 1 0 0 0 0 0 1 1 0
1974 1 0 0 0 0 0 1 0 0
3156 7 1 1 0 0 0 1 0 0
fn=sysmalloc
2022 539 7 2 108 0 0 0 0 0
2034 3 1 1 0 0 0 1 0 0
2542 249912 2 1 0 0 0 166608 5 0
2562 111072 2 1 83304 8 0 27768 0 0
2563 7516 0 0 0 0 0 7516 3 0
2573 55536 0 0 0 0 0 0 0 0
2574 55536 0 0 27768 4 0 0 0 0
2575 60756 0 0 40504 0 0 0 0 0
2579 101260 0 0 20252 0 0 0 0 0
2588 81008 0 0 0 0 0 20252 1 0
2589 40504 1 1 0 0 0 0 0 0
2600 7516 0 0 7516 0 0 0 0 0
2601 22548 0 0 7516 0 0 0 0 0
2602 7516 0 0 0 0 0 0 0 0
2604 214 0 0 0 0 0 0 0 0
2611 90185 2 1 0 0 0 0 0 0
2617 22548 0 0 0 0 0 0 0 0
2620 22548 2 1 0 0 0 0 0 0
2681 15032 3 1 7516 0 0 0 0 0
2690 30064 0 0 7516 0 0 0 0 0
2703 22548 0 0 7516 0 0 0 0 0
2711 37580 0 0 0 0 0 7516 0 0
2719 15032 2 1 0 0 0 0 0 0
2721 37580 3 1 0 0 0 22548 0 0
2722 22548 0 0 7516 0 0 0 0 0
2723 107 0 0 107 0 0 0 0 0
2740 29636 0 0 7409 0 0 0 0 0
2746 59272 0 0 0 0 0 14818 0 0
2748 22227 0 0 7409 0 0 0 0 0
2752 22227 0 0 7409 0 0 0 0 0
2756 14818 0 0 0 0 0 0 0 0
2758 15032 2 1 7516 1 1 0 0 0
2759 2 2 2 0 0 0 1 0 0
2760 22548 0 0 7516 0 0 7516 0 0
2766 30062 2 1 0 0 0 0 0 0
2767 424 0 0 0 0 0 106 0 0
2769 14822 5 4 7410 0 0 0 0 0
2796 7409 0 0 0 0 0 0 0 0
2809 3 1 1 0 0 0 0 0 0
2831 3 0 0 0 0 0 0 0 0
2832 7 1 1 0 0 0 1 0 0
2834 2 0 0 0 0 0 0 0 0
2835 5 0 0 0 0 0 3 0 0
2847 4 0 0 2 0 0 0 0 0
2861 14818 1 0 0 0 0 0 0 0
2880 14818 0 0 0 0 0 0 0 0
2889 7410 0 0 0 0 0 7410 0 0
2890 29640 5 4 0 0 0 7410 7410 7410
2891 7414 0 0 2 0 0 7410 0 0
2902 14820 0 0 0 0 0 0 0 0
2909 14818 0 0 0 0 0 0 0 0
2910 22227 0 0 0 0 0 7409 0 0
2918 7409 0 0 0 0 0 7409 7409 7409
2920 7409 0 0 0 0 0 7409 0 0
2925 14818 1 0 0 0 0 0 0 0
2927 37045 0 0 0 0 0 7409 0 0
2935 22441 2 1 14925 0 0 0 0 0
2936 7472 0 0 0 0 0 7472 0 0
2940 14924 0 0 7515 0 0 0 0 0
2941 15032 0 0 7516 0 0 0 0 0
2944 15032 0 0 0 0 0 0 0 0
2946 7516 0 0 0 0 0 0 0 0
2947 7516 0 0 0 0 0 0 0 0
2948 7516 0 0 0 0 0 7516 0 0
2949 60128 2 1 0 0 0 7516 0 0
2950 15032 0 0 0 0 0 7516 7516 7472
2952 7516 0 0 0 0 0 0 0 0
2958 305448 2 1 249912 0 0 0 0 0
fn=sysmalloc_mmap.constprop.0
2022 81008 2 2 20252 0 0 0 0 0
2414 60756 1 1 0 0 0 60756 0 0
2427 60756 0 0 0 0 0 0 0 0
2432 40504 0 0 0 0 0 0 0 0
2435 202520 1 1 0 0 0 20252 1 0
2438 40504 0 0 0 0 0 0 0 0
2442 40504 0 0 0 0 0 0 0 0
2460 60756 1 1 0 0 0 0 0 0
2478 20252 0 0 0 0 0 20252 20252 20252
2479 60756 0 0 0 0 0 20252 0 0
2483 60756 0 0 40504 0 0 0 0 0
2484 101260 0 0 40504 0 0 0 0 0
2487 60756 0 0 40504 0 0 0 0 0
2488 101260 0 0 40504 0 0 0 0 0
2493 101260 0 0 81008 0 0 0 0 0
fn=sysmalloc_mmap_fallback.constprop.0
2022 29636 1 1 7409 0 0 0 0 0
2502 59272 1 1 0 0 0 37045 0 0
2506 7409 0 0 7409 0 0 0 0 0
2509 22227 0 0 7409 0 0 0 0 0
2510 5 0 0 0 0 0 0 0 0
2513 14818 0 0 0 0 0 0 0 0
2517 14818 1 1 0 0 0 0 0 0
2518 7409 0 0 0 0 0 0 0 0
2520 66681 0 0 0 0 0 7409 0 0
2523 14818 0 0 0 0 0 0 0 0
2527 14818 0 0 0 0 0 0 0 0
2534 7409 0 0 7409 0 0 0 0 0
2536 7409 0 0 0 0 0 7409 0 0
2538 51863 0 0 44454 0 0 0 0 0
fn=systrim.constprop.0
2971 87970 1 1 17594 0 0 52782 3 0
2980 17594 0 0 17594 0 0 0 0 0
2982 17594 0 0 0 0 0 0 0 0
2983 35188 0 0 0 0 0 0 0 0
2984 17590 0 0 0 0 0 0 0 0
2988 52782 0 0 17594 0 0 0 0 0
2989 17594 0 0 0 0 0 0 0 0
2992 87970 0 0 35188 10 4 0 0 0
2994 35188 0 0 0 0 0 0 0 0
3001 38439 1 1 0 0 0 12813 0 0
3002 51252 0 0 12813 0 0 0 0 0
3014 12 0 0 0 0 0 4 0 0
3015 8 0 0 0 0 0 4 0 0
3019 8 0 0 0 0 0 0 0 0
3023 8 0 0 0 0 0 0 0 0
3026 4 0 0 4 0 0 0 0 0
3027 16 0 0 4 0 0 4 0 0
3029 8 0 0 0 0 0 0 0 0
3034 70376 0 0 70376 0 0 0 0 0
fn=tcache_init.part.0
3229 3 1 1 0 0 0 2 0 0
3238 8 0 0 3 0 0 0 0 0
3239 4 1 1 0 0 0 1 0 0
3240 2 0 0 0 0 0 0 0 0
3248 4 0 0 2 0 0 0 0 0
3257 2 0 0 1 0 0 1 0 0
3258 88 1 1 0 0 0 81 9 9
3261 4 0 0 3 0 0 0 0 0
fn=unlink_chunk.constprop.0
1620 40794 2 1 0 0 0 0 0 0
1622 203970 0 0 81588 7972 2248 0 0 0
1625 81595 3 3 81588 10 9 0 0 0
1626 81588 1 1 40794 0 0 0 0 0
1628 163176 0 0 81588 23388 18243 0 0 0
1631 40794 0 0 0 0 0 40794 0 0
1632 40794 0 0 0 0 0 40794 0 0
1633 203955 0 0 40789 5797 5790 0 0 0
1635 4020 0 0 2010 7 4 0 0 0
1636 6030 0 0 4020 1 1 0 0 0
1639 4020 0 0 2010 8 8 0 0 0
1641 18 0 0 0 0 0 0 0 0
1642 14 0 0 0 0 0 7 0 0
1645 8 0 0 0 0 0 2 0 0
1647 2 0 0 0 0 0 2 0 0
1648 6 1 1 2 0 0 2 0 0
1653 2001 0 0 0 0 0 2001 0 0
1654 2001 0 0 0 0 0 2001 0 0
1657 81588 1 1 40794 0 0 0 0 0
fl=./malloc/./malloc/morecore.c
fn=__glibc_morecore
25 20338 0 0 0 0 0 0 0 0
26 40676 10 5 20338 0 0 0 0 0
27 7409 0 0 0 0 0 0 0 0
29 20338 3 1 0 0 0 20338 1 0
30 40676 0 0 0 0 0 0 0 0
34 40676 0 0 20338 0 0 0 0 0
fl=./malloc/./malloc/scratch_buffer_set_array_size.c
fn=__libc_scratch_buffer_set_array_size
30 45 2 2 0 0 0 15 0 0
34 5 0 0 0 0 0 0 0 0
35 10 0 0 0 0 0 0 0 0
45 10 0 0 5 0 0 0 0 0
46 5 0 0 0 0 0 0 0 0
63 20 1 1 20 0 0 0 0 0
fl=./math/../sysdeps/x86_64/fpu/multiarch/e_asin.c
fn=__asin_finite@GLIBC_2.15
27 1 0 0 1 0 0 0 0 0
fl=./math/../sysdeps/x86_64/fpu/multiarch/e_atan2.c
fn=__atan2_finite@GLIBC_2.15
26 1 1 1 1 0 0 0 0 0
fl=./math/../sysdeps/x86_64/fpu/multiarch/e_exp.c
fn=__exp_finite@GLIBC_2.15
27 1 0 0 1 0 0 0 0 0
fl=./math/../sysdeps/x86_64/fpu/multiarch/e_exp2f.c
fn=exp2f@@GLIBC_2.27
27 1 0 0 1 0 0 0 0 0
fl=./math/../sysdeps/x86_64/fpu/multiarch/e_expf.c
fn=expf@@GLIBC_2.27
27 1 0 0 1 0 0 0 0 0
fl=./math/../sysdeps/x86_64/fpu/multiarch/e_log.c
fn=__log_finite@GLIBC_2.15
27 1 1 1 1 0 0 0 0 0
fl=./math/../sysdeps/x86_64/fpu/multiarch/e_log2.c
fn=log2@@GLIBC_2.29
27 1 0 0 1 0 0 0 0 0
fl=./math/../sysdeps/x86_64/fpu/multiarch/e_log2f.c
fn=log2f@@GLIBC_2.27
27 1 0 0 1 0 0 0 0 0
fl=./math/../sysdeps/x86_64/fpu/multiarch/e_logf.c
fn=logf@@GLIBC_2.27
27 1 0 0 1 0 0 0 0 0
fl=./math/../sysdeps/x86_64/fpu/multiarch/e_pow.c
fn=__pow_finite@GLIBC_2.15
27 1 0 0 1 0 0 0 0 0
fl=./math/../sysdeps/x86_64/fpu/multiarch/ifunc-avx-fma4.h
fn=__atan2_finite@GLIBC_2.15
32 5 1 1 2 0 0 0 0 0
33 2 0 0 1 0 0 0 0 0
fn=__exp_finite@GLIBC_2.15
32 5 1 1 2 0 0 0 0 0
33 2 1 1 1 0 0 0 0 0
fn=__log_finite@GLIBC_2.15
32 5 1 1 2 0 0 0 0 0
33 2 0 0 1 0 0 0 0 0
fn=cos
32 5 1 1 2 0 0 0 0 0
33 2 0 0 1 0 0 0 0 0
fn=sin
32 5 1 1 2 0 0 0 0 0
33 2 0 0 1 0 0 0 0 0
fl=./math/../sysdeps/x86_64/fpu/multiarch/ifunc-fma.h
fn=__log1p
29 4 2 2 2 0 0 0 0 0
30 3 0 0 1 0 0 0 0 0
fn=cosf
29 4 2 2 2 0 0 0 0 0
30 3 0 0 1 0 0 0 0 0
fn=exp2f@@GLIBC_2.27
29 4 1 1 2 0 0 0 0 0
30 3 1 1 1 0 0 0 0 0
fn=expf@@GLIBC_2.27
29 4 2 2 2 0 0 0 0 0
30 3 0 0 1 0 0 0 0 0
fn=expm1
29 4 1 1 2 0 0 0 0 0
30 3 0 0 1 0 0 0 0 0
fn=log2@@GLIBC_2.29
29 4 1 1 2 0 0 0 0 0
30 3 0 0 1 0 0 0 0 0
fn=log2f@@GLIBC_2.27
29 4 1 1 2 0 0 0 0 0
30 3 1 1 1 0 0 0 0 0
fn=logf@@GLIBC_2.27
29 4 1 1 2 0 0 0 0 0
30 3 0 0 1 0 0 0 0 0
fn=powf@@GLIBC_2.27
29 4 1 1 2 0 0 0 0 0
30 4 1 1 2 0 0 0 0 0
fn=sincosf
29 4 2 2 2 0 0 0 0 0
30 3 0 0 1 0 0 0 0 0
fn=sinf
29 4 1 1 2 0 0 0 0 0
30 3 0 0 1 0 0 0 0 0
fl=./math/../sysdeps/x86_64/fpu/multiarch/ifunc-fma4.h
fn=__acos_finite@GLIBC_2.15
31 4 2 2 2 0 0 0 0 0
32 2 0 0 1 0 0 0 0 0
35 1 0 0 1 0 0 0 0 0
fn=__asin_finite@GLIBC_2.15
31 4 1 1 2 0 0 0 0 0
32 2 0 0 1 0 0 0 0 0
fn=__pow_finite@GLIBC_2.15
31 4 2 2 2 0 0 0 0 0
32 2 0 0 1 0 0 0 0 0
fn=sincos
31 4 1 1 2 0 0 0 0 0
32 2 0 0 1 0 0 0 0 0
fl=./math/../sysdeps/x86_64/fpu/multiarch/s_cosf.c
fn=cosf
26 1 0 0 1 0 0 0 0 0
fl=./math/../sysdeps/x86_64/fpu/multiarch/s_expm1.c
fn=expm1
26 1 0 0 1 0 0 0 0 0
fl=./math/../sysdeps/x86_64/fpu/multiarch/s_fma.c
fn=fma
49 5 2 2 3 0 0 0 0 0
fl=./math/../sysdeps/x86_64/fpu/multiarch/s_log1p.c
fn=__log1p
26 1 0 0 1 0 0 0 0 0
fl=./math/../sysdeps/x86_64/fpu/multiarch/s_sin.c
fn=cos
34 1 1 1 1 0 0 0 0 0
fn=sin
27 1 0 0 1 0 0 0 0 0
fl=./math/../sysdeps/x86_64/fpu/multiarch/s_sincos.c
fn=sincos
26 1 1 1 1 0 0 0 0 0
fl=./math/../sysdeps/x86_64/fpu/multiarch/s_sincosf.c
fn=sincosf
26 1 0 0 1 0 0 0 0 0
fl=./math/../sysdeps/x86_64/fpu/multiarch/s_sinf.c
fn=sinf
26 1 0 0 1 0 0 0 0 0
fl=./misc/../sysdeps/unix/syscall-template.S
fn=mprotect
117 28 1 1 0 0 0 0 0 0
122 7 0 0 7 0 0 0 0 0
fn=munmap
117 81012 2 2 0 0 0 0 0 0
122 20253 0 0 20253 0 0 0 0 0
fl=./misc/../sysdeps/unix/sysv/linux/brk.c
fn=brk
37 15042 0 0 7521 0 0 7521 0 0
38 15042 0 0 0 0 0 0 0 0
40 14818 0 0 7409 3 0 7409 2 0
41 14818 0 0 7409 0 0 0 0 0
44 112 0 0 0 0 0 0 0 0
45 112 0 0 112 0 0 0 0 0
fl=./misc/../sysdeps/unix/sysv/linux/brk_call.h
fn=brk
24 15042 2 1 0 0 0 0 0 0
fl=./misc/../sysdeps/unix/sysv/linux/mmap64.c
fn=mmap
47 27687 6 6 0 0 0 0 0 0
50 55374 0 0 0 0 0 0 0 0
58 110748 0 0 0 0 0 0 0 0
60 27687 0 0 27687 0 0 0 0 0
fl=./misc/./misc/init-misc.c
fn=__init_misc
30 4 0 0 0 0 0 2 0 0
31 5 2 2 1 0 0 0 0 0
33 3 0 0 0 0 0 1 0 0
37 5 0 0 1 0 0 1 1 0
38 3 0 0 2 0 0 1 0 0
40 4 0 0 3 0 0 0 0 0
fl=./misc/./misc/sbrk.c
fn=sbrk
37 81352 4 2 0 0 0 61014 5 0
40 40676 0 0 40676 23 8 0 0 0
43 40676 0 0 20338 11 4 0 0 0
50 7409 0 0 0 0 0 0 0 0
58 40676 0 0 0 0 0 0 0 0
59 4 0 0 0 0 0 1 0 0
62 40676 1 0 0 0 0 0 0 0
63 1 1 1 1 0 0 0 0 0
66 30080 0 0 0 0 0 0 0 0
68 8 0 0 0 0 0 0 0 0
74 22560 2 1 0 0 0 7520 2 0
78 101690 0 0 81352 0 0 0 0 0
fl=./nptl/../sysdeps/nptl/futex-internal.h
fn=__pthread_once_slow
209 8 1 1 0 0 0 0 0 0
fl=./nptl/../sysdeps/unix/sysv/linux/x86/elision-conf.c
fn=__lll_elision_init
96 5 1 1 1 0 0 2 0 0
101 5 0 0 0 0 0 1 0 0
103 4 1 1 0 0 0 1 0 0
105 4 0 0 0 0 0 1 0 0
107 4 0 0 0 0 0 1 0 0
109 4 1 1 0 0 0 1 0 0
113 3 0 0 1 1 1 0 0 0
114 1 0 0 0 0 0 1 1 1
115 6 0 0 4 0 0 0 0 0
fl=./nptl/./nptl/alloca_cutoff.c
fn=__libc_alloca_cutoff
28 162 2 2 18 9 5 0 0 0
35 18 0 0 18 0 0 0 0 0
fl=./nptl/./nptl/cleanup_compat.c
fn=_pthread_cleanup_pop@@GLIBC_2.34
43 2 1 1 1 0 0 1 0 0
47 2 0 0 0 0 0 0 0 0
49 1 0 0 1 0 0 0 0 0
fn=_pthread_cleanup_push@@GLIBC_2.34
28 1 1 1 0 0 0 1 0 0
29 1 0 0 0 0 0 1 0 0
30 2 0 0 1 1 0 1 0 0
32 1 0 0 0 0 0 1 0 0
33 1 0 0 1 0 0 0 0 0
fl=./nptl/./nptl/libc-cleanup.c
fn=__libc_cleanup_pop_restore
55 2 1 1 2 0 0 0 0 0
57 4 0 0 2 0 0 2 0 0
59 2 0 0 2 0 0 0 0 0
60 6 0 0 2 0 0 0 0 0
71 2 1 1 2 0 0 0 0 0
fn=__libc_cleanup_push_defer
25 2 1 1 2 0 0 0 0 0
27 4 1 1 2 0 0 2 0 0
29 4 0 0 2 1 1 0 0 0
32 4 0 0 0 0 0 0 0 0
46 6 0 0 0 0 0 2 0 0
48 2 0 0 0 0 0 2 0 0
49 2 0 0 2 0 0 0 0 0
fl=./nptl/./nptl/pthread_mutex_conf.c
fn=__pthread_tunables_init
50 5 2 2 1 0 0 2 0 0
51 5 0 0 0 0 0 1 0 0
53 4 0 0 0 0 0 1 0 0
55 6 1 1 4 0 0 0 0 0
fl=./nptl/./nptl/pthread_mutex_lock.c
fn=pthread_mutex_lock@@GLIBC_2.2.5
44 1 1 1 1 0 0 0 0 0
45 7 0 0 2 0 0 0 0 0
46 1 0 0 0 0 0 1 0 0
77 2 0 0 0 0 0 1 0 0
80 3 1 1 1 0 0 0 0 0
84 2 1 1 0 0 0 0 0 0
88 2 0 0 0 0 0 0 0 0
97 2 1 1 0 0 0 0 0 0
108 4 1 1 1 0 0 0 0 0
112 1 0 0 1 1 1 0 0 0
115 2 0 0 1 0 0 0 0 0
124 1 0 0 0 0 0 0 0 0
130 3 0 0 1 0 0 0 0 0
131 2 1 1 0 0 0 1 0 0
179 1 1 1 1 0 0 0 0 0
182 1 0 0 0 0 0 1 0 0
184 1 0 0 1 0 0 0 0 0
190 3 0 0 2 0 0 0 0 0
fl=./nptl/./nptl/pthread_mutex_unlock.c
fn=__pthread_mutex_unlock_usercnt
39 1 0 0 1 0 0 0 0 0
40 4 0 0 1 0 0 0 0 0
41 1 0 0 0 0 0 1 0 0
48 1 0 0 0 0 0 0 0 0
51 3 1 1 1 0 0 0 0 0
52 2 0 0 0 0 0 0 0 0
57 2 0 0 0 0 0 0 0 0
62 1 0 0 0 0 0 1 0 0
63 2 0 0 0 0 0 0 0 0
65 1 0 0 1 0 0 0 0 0
72 1 0 0 0 0 0 0 0 0
74 2 1 1 0 0 0 0 0 0
80 4 1 1 1 0 0 0 0 0
84 3 0 0 2 0 0 0 0 0
87 3 0 0 1 0 0 0 0 0
104 2 0 0 1 0 0 0 0 0
fn=pthread_mutex_unlock@@GLIBC_2.2.5
368 2 1 1 0 0 0 0 0 0
fl=./nptl/./nptl/pthread_once.c
fn=__pthread_once_slow
68 9 1 1 1 0 0 4 0 0
76 1 0 0 1 0 0 0 0 0
80 2 0 0 0 0 0 0 0 0
88 2 1 1 1 1 1 0 0 0
92 2 0 0 1 0 0 0 0 0
101 4 0 0 0 0 0 0 0 0
114 13 2 2 0 0 0 7 0 0
116 1 0 0 0 0 0 1 0 0
118 3 0 0 0 0 0 1 0 0
124 1 0 0 0 0 0 1 0 0
132 9 0 0 6 0 0 0 0 0
fn=pthread_once@@GLIBC_2.34
139 32 6 6 32 10 6 0 0 0
140 64 0 0 0 0 0 0 0 0
143 1 0 0 0 0 0 0 0 0
144 62 0 0 31 0 0 0 0 0
fl=./posix/../malloc/dynarray-skeleton.c
fn=__unregister_atfork
243 5 0 0 5 1 1 0 0 0
fl=./posix/../sysdeps/unix/sysv/linux/_exit.c
fn=_Exit
27 1 1 1 1 1 0 0 0 0
30 3 1 1 0 0 0 0 0 0
31 2 0 0 0 0 0 0 0 0
fl=./posix/./posix/register-atfork.c
fn=__unregister_atfork
71 10 1 1 0 0 0 0 0 0
82 10 1 1 0 0 0 5 0 0
83 20 0 0 5 1 1 0 0 0
109 20 1 1 10 0 0 0 0 0
110 10 0 0 10 0 0 0 0 0
fl=./resource/../sysdeps/unix/sysv/linux/getrlimit64.c
fn=getrlimit
38 1 1 1 0 0 0 0 0 0
39 7 0 0 0 0 0 0 0 0
40 1 0 0 1 0 0 0 0 0
fl=./setjmp/../sysdeps/x86_64/bsd-_setjmp.S
fn=_setjmp
30 1 1 1 0 0 0 0 0 0
32 1 0 0 0 0 0 0 0 0
fl=./setjmp/../sysdeps/x86_64/setjmp.S
fn=__sigsetjmp
32 12 2 2 0 0 0 12 0 0
41 12 0 0 0 0 0 0 0 0
42 24 1 1 12 0 0 0 0 0
43 12 0 0 0 0 0 12 0 0
47 12 0 0 0 0 0 12 2 2
48 12 0 0 0 0 0 12 0 0
49 12 1 1 0 0 0 12 0 0
50 12 0 0 0 0 0 12 0 0
51 12 0 0 0 0 0 0 0 0
53 24 0 0 12 0 0 0 0 0
55 12 0 0 0 0 0 12 0 0
56 12 0 0 12 0 0 0 0 0
59 24 0 0 12 0 0 0 0 0
61 12 1 1 0 0 0 12 0 0
80 11 0 0 0 0 0 0 0 0
81 11 0 0 11 0 0 0 0 0
84 1 0 0 0 0 0 0 0 0
fl=./setjmp/./setjmp/sigjmp.c
fn=__sigjmp_save
28 2 0 0 0 0 0 1 0 0
29 1 0 0 0 0 0 1 0 0
30 2 0 0 0 0 0 0 0 0
34 3 0 0 2 0 0 0 0 0
fl=./stdio-common/../include/../locale/localeinfo.h
fn=__printf_fp_l
331 54 0 0 36 18 10 18 0 0
fl=./stdio-common/../include/rounding-mode.h
fn=__printf_fp_l
49 10 0 0 0 0 0 0 0 0
52 73 0 0 0 0 0 0 0 0
fl=./stdio-common/../libio/libioP.h
fn=__vfprintf_internal
940 90 0 0 0 0 0 18 0 0
942 90 0 0 0 0 0 0 0 0
943 90 1 1 18 0 0 0 0 0
fl=./stdio-common/../sysdeps/generic/get-rounding-mode.h
fn=__printf_fp_l
94 18 1 1 0 0 0 18 0 0
95 126 4 3 18 0 0 0 0 0
fl=./stdio-common/../sysdeps/pthread/allocalim.h
fn=__printf_fp_l
27 36 0 0 0 0 0 18 0 0
29 90 2 1 0 0 0 18 0 0
fl=./stdio-common/./stdio-common/printf-parse.h
fn=__vfprintf_internal
82 144 1 1 18 0 0 54 0 0
fl=./stdio-common/./stdio-common/printf_fp.c
fn=__printf_fp
1278 18 0 0 0 0 0 0 0 0
1279 90 1 1 36 0 0 0 0 0
fn=__printf_fp_l
216 288 2 2 18 0 0 162 18 10
233 18 0 0 0 0 0 18 0 0
234 18 0 0 0 0 0 18 0 0
257 18 0 0 0 0 0 18 0 0
266 90 0 0 18 0 0 18 0 0
274 18 1 1 0 0 0 18 9 5
277 36 0 0 0 0 0 0 0 0
280 36 0 0 18 9 5 18 0 0
298 54 0 0 18 0 0 0 0 0
341 18 1 1 0 0 0 18 0 0
387 36 0 0 0 0 0 0 0 0
388 36 0 0 18 0 0 18 0 0
392 36 1 1 0 0 0 0 0 0
396 306 3 3 54 18 12 18 9 5
400 18 5 3 0 0 0 0 0 0
418 54 5 4 18 0 0 0 0 0
432 90 1 1 18 0 0 0 0 0
433 18 0 0 0 0 0 0 0 0
434 36 0 0 0 0 0 0 0 0
437 126 1 1 0 0 0 18 0 0
438 72 0 0 0 0 0 18 0 0
439 72 1 1 0 0 0 18 0 0
445 18 0 0 0 0 0 18 0 0
446 36 0 0 0 0 0 0 0 0
449 5 0 0 0 0 0 0 0 0
459 5 0 0 0 0 0 0 0 0
460 35 0 0 0 0 0 5 0 0
463 15 0 0 0 0 0 0 0 0
467 20 0 0 0 0 0 0 0 0
471 20 0 0 0 0 0 5 2 2
472 5 0 0 0 0 0 0 0 0
474 30 2 2 0 0 0 0 0 0
475 45 0 0 10 0 0 5 0 0
476 10 0 0 0 0 0 0 0 0
477 25 0 0 5 0 0 10 0 0
479 10 1 1 0 0 0 0 0 0
484 65 0 0 0 0 0 0 0 0
488 385 1 1 125 17 17 0 0 0
490 24 3 3 5 0 0 0 0 0
493 18 0 0 12 0 0 0 0 0
503 7 0 0 7 0 0 0 0 0
534 12 0 0 6 0 0 6 0 0
535 30 0 0 6 1 1 6 0 0
541 6 0 0 2 0 0 1 0 0
543 1 0 0 1 0 0 0 0 0
546 2 0 0 2 0 0 0 0 0
547 2 0 0 0 0 0 0 0 0
548 3 0 0 0 0 0 1 0 0
551 62 2 2 27 0 0 7 0 0
554 28 2 2 12 0 0 8 0 0
555 16 0 0 12 0 0 0 0 0
556 20 0 0 0 0 0 0 0 0
557 16 0 0 0 0 0 0 0 0
560 65 1 1 0 0 0 0 0 0
562 130 0 0 0 0 0 0 0 0
563 10 1 1 5 0 0 5 0 0
569 13 0 0 3 0 0 0 0 0
573 48 1 1 16 0 0 0 0 0
577 16 0 0 4 0 0 0 0 0
579 8 0 0 0 0 0 0 0 0
605 12 3 3 4 0 0 0 0 0
608 28 1 1 0 0 0 0 0 0
624 12 0 0 0 0 0 4 0 0
626 12 1 1 4 0 0 0 0 0
627 24 0 0 8 0 0 4 0 0
629 24 0 0 12 0 0 0 0 0
643 8 0 0 0 0 0 4 0 0
649 26 1 1 0 0 0 0 0 0
652 10 0 0 0 0 0 10 0 0
662 10 0 0 0 0 0 0 0 0
665 50 1 1 0 0 0 10 5 1
666 50 4 2 20 0 0 20 0 0
669 10 0 0 0 0 0 10 0 0
670 50 0 0 10 0 0 10 0 0
675 120 1 1 0 0 0 0 0 0
677 240 0 0 120 25 10 0 0 0
684 40 1 1 16 0 0 0 0 0
685 16 0 0 8 0 0 0 0 0
686 8 0 0 8 4 1 0 0 0
688 8 0 0 8 0 0 0 0 0
690 40 0 0 0 0 0 8 0 0
693 48 1 1 16 0 0 8 0 0
697 48 0 0 16 0 0 0 0 0
698 16 0 0 0 0 0 0 0 0
699 32 0 0 0 0 0 0 0 0
706 40 0 0 8 0 0 0 0 0
708 4 0 0 0 0 0 0 0 0
710 2 0 0 0 0 0 2 0 0
712 10 1 0 0 0 0 2 0 0
728 24 0 0 0 0 0 0 0 0
730 5 0 0 2 0 0 0 0 0
731 1 0 0 0 0 0 0 0 0
732 3 2 1 2 0 0 0 0 0
736 21 5 2 0 0 0 7 0 0
737 28 0 0 7 0 0 0 0 0
742 21 0 0 0 0 0 0 0 0
745 21 0 0 7 0 0 0 0 0
746 14 2 2 0 0 0 0 0 0
753 7 0 0 0 0 0 0 0 0
756 35 0 0 0 0 0 0 0 0
769 28 0 0 0 0 0 0 0 0
779 14 4 1 7 0 0 7 0 0
782 21 4 1 7 0 0 7 0 0
787 120 0 0 0 0 0 0 0 0
789 596 1 1 7 0 0 0 0 0
791 20 1 1 0 0 0 0 0 0
795 35 0 0 21 0 0 7 0 0
796 14 0 0 7 0 0 7 0 0
799 21 4 2 14 0 0 0 0 0
800 49 0 0 7 0 0 0 0 0
808 28 3 2 7 0 0 7 0 0
809 14 7 2 7 0 0 7 0 0
810 7 0 0 7 0 0 0 0 0
813 30 3 0 10 0 0 10 0 0
825 15 1 1 0 0 0 3 2 2
826 15 0 0 6 0 0 6 0 0
827 6 0 0 0 0 0 3 0 0
831 54 8 6 36 0 0 18 0 0
835 10 0 0 0 0 0 10 0 0
840 18 9 6 0 0 0 18 0 0
841 108 1 1 72 9 6 18 0 0
843 36 0 0 0 0 0 0 0 0
847 36 0 0 18 0 0 18 0 0
853 36 1 1 18 0 0 0 0 0
861 18 0 0 18 0 0 0 0 0
873 126 0 0 18 0 0 36 0 0
874 70 0 0 26 0 0 0 0 0
875 20 1 1 0 0 0 0 0 0
878 18 0 0 0 0 0 18 0 0
888 56 2 2 10 0 0 28 0 0
889 24 0 0 8 0 0 8 0 0
895 90 1 1 18 0 0 18 0 0
898 108 9 6 54 0 0 18 0 0
901 36 0 0 18 0 0 0 0 0
915 54 0 0 18 0 0 0 0 0
916 18 0 0 18 0 0 0 0 0
922 18 0 0 0 0 0 0 0 0
924 18 0 0 0 0 0 18 0 0
932 108 0 0 0 0 0 18 0 0
933 36 5 2 18 0 0 0 0 0
936 74 0 0 28 0 0 0 0 0
939 106 4 4 16 0 0 8 0 0
941 8 0 0 0 0 0 8 0 0
942 84 0 0 8 0 0 26 4 4
944 8 0 0 0 0 0 0 0 0
946 48 4 4 24 0 0 0 0 0
947 46 2 2 20 0 0 0 0 0
948 24 0 0 8 0 0 8 0 0
954 20 1 1 10 0 0 10 0 0
955 10 0 0 10 0 0 0 0 0
956 60 1 1 10 0 0 20 0 0
960 36 0 0 0 0 0 0 0 0
961 54 14 6 0 0 0 18 0 0
962 160 3 2 18 0 0 18 0 0
963 756 1 1 256 0 0 0 0 0
965 106 0 0 0 0 0 0 0 0
966 318 0 0 106 0 0 212 1 1
967 106 0 0 0 0 0 0 0 0
969 519 1 1 0 0 0 0 0 0
971 11 0 0 11 0 0 0 0 0
972 33 3 2 11 0 0 0 0 0
978 72 0 0 36 0 0 0 0 0
979 90 1 1 18 0 0 54 0 0
981 144 0 0 36 0 0 0 0 0
982 4 0 0 0 0 0 0 0 0
983 18 1 1 7 0 0 0 0 0
986 8 0 0 4 0 0 0 0 0
991 19 1 1 4 0 0 0 0 0
1003 24 0 0 0 0 0 0 0 0
1007 12 0 0 0 0 0 0 0 0
1008 93 1 1 19 0 0 0 0 0
1010 4 1 1 0 0 0 4 0 0
1011 4 0 0 0 0 0 0 0 0
1013 63 0 0 21 0 0 0 0 0
1014 27 0 0 0 0 0 9 0 0
1015 36 1 1 12 0 0 0 0 0
1017 24 0 0 0 0 0 12 0 0
1028 24 0 0 12 0 0 0 0 0
1039 18 1 1 0 0 0 0 0 0
1097 136 0 0 49 0 0 0 0 0
1099 7 0 0 0 0 0 0 0 0
1100 7 0 0 0 0 0 0 0 0
1104 36 0 0 0 0 0 0 0 0
1107 54 4 3 18 0 0 0 0 0
1120 54 2 2 18 0 0 0 0 0
1166 126 2 2 54 0 0 0 0 0
1168 144 1 1 18 0 0 36 0 0
1170 198 2 1 54 0 0 0 0 0
1175 36 0 0 0 0 0 0 0 0
1177 36 0 0 0 0 0 0 0 0
1180 90 6 5 36 0 0 0 0 0
1188 54 1 1 18 0 0 0 0 0
1195 54 9 6 36 0 0 0 0 0
1200 72 9 6 18 0 0 36 0 0
1202 72 0 0 36 0 0 0 0 0
1203 36 0 0 0 0 0 0 0 0
1207 54 3 1 18 0 0 0 0 0
1209 36 0 0 18 0 0 0 0 0
1220 90 0 0 0 0 0 0 0 0
1221 36 0 0 0 0 0 18 0 0
1227 744 7 7 108 0 0 90 0 0
1228 420 1 1 140 0 0 0 0 0
1229 72 0 0 18 0 0 18 0 0
1230 244 0 0 0 0 0 0 0 0
1233 244 0 0 0 0 0 122 0 0
1237 72 0 0 36 0 0 0 0 0
1254 1986 6 5 438 0 0 298 0 0
1257 36 1 1 18 0 0 0 0 0
1268 54 1 1 36 0 0 0 0 0
1272 216 1 1 162 0 0 0 0 0
fn=hack_digit
170 548 1 1 0 0 0 274 0 0
173 1059 5 2 299 0 0 81 0 0
175 378 0 0 126 0 0 0 0 0
177 448 2 1 350 0 0 0 0 0
178 490 0 0 0 0 0 196 0 0
183 56 0 0 0 0 0 0 0 0
187 196 3 3 56 0 0 28 0 0
189 112 0 0 84 0 0 28 0 0
190 28 0 0 28 0 0 0 0 0
192 56 0 0 28 0 0 28 0 0
193 168 0 0 56 0 0 0 0 0
200 56 0 0 0 0 0 0 0 0
204 112 0 0 28 0 0 28 0 0
205 56 0 0 0 0 0 0 0 0
206 110 0 0 44 0 0 44 0 0
209 98 0 0 0 0 0 0 0 0
210 685 0 0 411 0 0 0 0 0
fl=./stdio-common/./stdio-common/vfprintf-internal.c
fn=__vfprintf_internal
127 468 1 1 0 0 0 0 0 0
239 252 0 0 90 9 5 36 0 0
351 54 0 0 0 0 0 0 0 0
352 54 0 0 0 0 0 0 0 0
354 36 1 1 0 0 0 18 0 0
684 198 1 1 0 0 0 144 18 10
714 90 0 0 54 0 0 36 9 5
718 18 1 1 0 0 0 18 0 0
722 90 6 4 18 0 0 0 0 0
726 90 0 0 36 0 0 0 0 0
737 36 0 0 0 0 0 0 0 0
744 36 0 0 0 0 0 18 0 0
748 72 0 0 36 0 0 36 8 5
752 18 0 0 0 0 0 18 0 0
759 18 0 0 0 0 0 18 0 0
763 72 1 1 0 0 0 36 8 5
767 90 0 0 36 0 0 0 0 0
771 54 8 6 36 0 0 0 0 0
775 144 0 0 54 27 17 18 0 0
795 18 0 0 0 0 0 18 0 0
796 18 0 0 0 0 0 18 0 0
797 18 0 0 0 0 0 18 0 0
798 18 0 0 0 0 0 18 0 0
799 18 0 0 0 0 0 0 0 0
802 18 0 0 0 0 0 0 0 0
803 18 0 0 0 0 0 0 0 0
804 18 0 0 0 0 0 18 0 0
805 18 0 0 0 0 0 0 0 0
806 18 0 0 0 0 0 18 0 0
807 18 0 0 0 0 0 0 0 0
810 18 0 0 0 0 0 18 0 0
811 36 0 0 0 0 0 18 0 0
817 270 2 2 54 18 12 18 0 0
925 54 10 7 18 0 0 18 0 0
926 54 0 0 18 0 0 0 0 0
930 54 4 3 0 0 0 36 0 0
931 72 0 0 18 0 0 0 0 0
946 126 0 0 36 0 0 18 0 0
949 108 2 1 18 0 0 0 0 0
967 252 1 1 54 18 12 0 0 0
1035 36 1 1 18 0 0 0 0 0
1038 648 2 2 144 0 0 108 0 0
1058 198 13 9 54 0 0 36 0 0
1059 36 0 0 0 0 0 18 0 0
1062 36 1 1 0 0 0 0 0 0
1067 36 0 0 0 0 0 0 0 0
1086 18 0 0 18 0 0 0 0 0
1092 54 14 6 18 0 0 18 0 0
1096 72 1 1 0 0 0 0 0 0
1098 54 0 0 18 0 0 0 0 0
1111 36 1 1 18 0 0 0 0 0
1112 36 0 0 18 0 0 0 0 0
1115 216 9 6 162 0 0 0 0 0
fl=./stdlib/../sysdeps/ieee754/dbl-64/dbl2mpn.c
fn=__mpn_extract_double
33 36 0 0 0 0 0 0 0 0
35 18 2 1 0 0 0 0 0 0
37 54 1 1 0 0 0 18 0 0
38 90 0 0 0 0 0 18 0 0
47 54 0 0 0 0 0 18 0 0
56 54 0 0 0 0 0 0 0 0
103 36 1 1 0 0 0 18 0 0
107 36 0 0 18 0 0 0 0 0
fl=./stdlib/../sysdeps/unix/sysv/linux/getrandom.c
fn=getrandom
29 6 1 1 1 0 0 0 0 0
30 1 0 0 1 0 0 0 0 0
fl=./stdlib/../sysdeps/x86_64/lshift.S
fn=__mpn_lshift
29 18 1 1 0 0 0 0 0 0
30 18 0 0 0 0 0 0 0 0
32 18 0 0 0 0 0 0 0 0
33 18 0 0 0 0 0 0 0 0
34 18 0 0 0 0 0 0 0 0
46 18 1 1 0 0 0 0 0 0
47 18 0 0 0 0 0 0 0 0
48 18 0 0 18 0 0 0 0 0
49 18 0 0 0 0 0 0 0 0
50 18 0 0 0 0 0 0 0 0
51 18 0 0 0 0 0 0 0 0
52 18 0 0 0 0 0 0 0 0
58 18 0 0 0 0 0 0 0 0
59 18 0 0 0 0 0 18 9 5
60 18 0 0 18 0 0 0 0 0
fl=./stdlib/../sysdeps/x86_64/mul_1.S
fn=__mpn_mul_1
32 142 1 1 0 0 0 142 0 0
35 142 0 0 0 0 0 0 0 0
36 142 0 0 142 0 0 0 0 0
37 142 0 0 0 0 0 0 0 0
38 142 0 0 0 0 0 0 0 0
39 142 0 0 0 0 0 0 0 0
41 142 1 1 0 0 0 0 0 0
42 142 0 0 0 0 0 0 0 0
44 142 0 0 0 0 0 0 0 0
45 142 0 0 0 0 0 0 0 0
46 142 0 0 0 0 0 0 0 0
47 142 0 0 0 0 0 0 0 0
48 126 0 0 0 0 0 0 0 0
50 126 0 0 0 0 0 0 0 0
51 126 0 0 0 0 0 0 0 0
52 126 0 0 0 0 0 126 0 0
53 126 0 0 0 0 0 0 0 0
79 16 1 1 0 0 0 0 0 0
80 16 0 0 0 0 0 0 0 0
81 16 0 0 0 0 0 0 0 0
82 16 0 0 0 0 0 0 0 0
83 16 0 0 0 0 0 0 0 0
84 16 0 0 0 0 0 0 0 0
85 16 1 1 16 0 0 0 0 0
86 16 0 0 0 0 0 0 0 0
87 16 0 0 0 0 0 0 0 0
113 16 1 1 0 0 0 0 0 0
114 16 0 0 0 0 0 0 0 0
115 16 0 0 0 0 0 0 0 0
117 16 0 0 0 0 0 16 5 1
118 16 0 0 0 0 0 0 0 0
119 16 0 0 0 0 0 0 0 0
120 16 1 1 0 0 0 16 0 0
121 16 0 0 0 0 0 0 0 0
122 142 0 0 0 0 0 0 0 0
124 142 0 0 142 0 0 0 0 0
127 142 0 0 142 0 0 0 0 0
fl=./stdlib/../sysdeps/x86_64/rshift.S
fn=__mpn_rshift
29 22 2 1 0 0 0 0 0 0
30 22 0 0 0 0 0 0 0 0
31 22 0 0 0 0 0 0 0 0
44 22 0 0 0 0 0 0 0 0
45 22 0 0 0 0 0 0 0 0
61 22 7 4 0 0 0 0 0 0
62 22 0 0 22 0 0 0 0 0
63 22 0 0 22 0 0 0 0 0
64 22 0 0 0 0 0 0 0 0
65 22 0 0 0 0 0 0 0 0
66 22 0 0 0 0 0 0 0 0
67 22 0 0 0 0 0 0 0 0
72 22 0 0 0 0 0 0 0 0
73 22 0 0 0 0 0 22 0 0
74 22 7 4 0 0 0 0 0 0
75 22 0 0 0 0 0 22 0 0
76 22 0 0 22 0 0 0 0 0
fl=./stdlib/./stdlib/cmp.c
fn=__mpn_cmp
35 14 1 1 0 0 0 0 0 0
37 7 0 0 7 0 0 0 0 0
38 7 0 0 7 0 0 0 0 0
39 14 0 0 0 0 0 0 0 0
47 35 0 0 7 0 0 0 0 0
fl=./stdlib/./stdlib/cxa_atexit.c
fn=__cxa_atexit
70 22 2 1 0 0 0 0 0 0
fn=__internal_atexit
36 55 2 1 0 0 0 44 0 0
41 22 0 0 0 0 0 0 0 0
43 88 0 0 11 2 1 0 0 0
44 22 2 1 0 0 0 11 0 0
46 22 0 0 0 0 0 0 0 0
53 33 0 0 11 0 0 0 0 0
55 11 0 0 0 0 0 11 0 0
56 11 0 0 0 0 0 11 6 6
57 11 0 0 0 0 0 11 0 0
58 11 0 0 0 0 0 11 0 0
59 44 0 0 22 0 0 0 0 0
60 11 0 0 0 0 0 0 0 0
61 66 2 1 55 0 0 0 0 0
fn=__new_exitfn
82 44 0 0 0 0 0 22 0 0
83 11 0 0 0 0 0 0 0 0
88 22 1 1 11 2 1 0 0 0
93 59 0 0 12 2 0 0 0 0
95 44 1 1 11 0 0 0 0 0
96 50 0 0 10 1 0 0 0 0
103 1 0 0 0 0 0 1 0 0
106 20 0 0 0 0 0 0 0 0
124 1 0 0 0 0 0 0 0 0
125 1 1 1 0 0 0 1 0 0
131 30 0 0 0 0 0 0 0 0
132 20 0 0 0 0 0 10 0 0
136 1 0 0 0 0 0 0 0 0
138 11 1 1 0 0 0 11 0 0
139 11 0 0 11 0 0 0 0 0
143 55 0 0 33 0 0 0 0 0
fl=./stdlib/./stdlib/cxa_finalize.c
fn=__cxa_finalize
30 40 1 1 0 0 0 30 0 0
33 30 0 0 5 0 0 0 0 0
36 30 1 1 10 0 0 0 0 0
40 166 1 1 5 0 0 0 0 0
41 198 0 0 54 4 4 0 0 0
43 18 1 1 9 0 0 9 0 0
45 9 0 0 9 0 0 0 0 0
76 9 0 0 0 0 0 9 0 0
79 27 0 0 18 0 0 0 0 0
82 36 0 0 18 0 0 0 0 0
83 27 0 0 0 0 0 9 0 0
84 36 0 0 9 0 0 0 0 0
88 27 0 0 18 0 0 0 0 0
94 30 1 1 10 0 0 0 0 0
98 35 1 1 5 1 1 0 0 0
105 10 0 0 0 0 0 0 0 0
106 10 0 0 0 0 0 5 0 0
107 20 0 0 10 0 0 0 0 0
108 40 0 0 35 0 0 0 0 0
fl=./stdlib/./stdlib/cxa_thread_atexit_impl.c
fn=__call_tls_dtors
149 3 1 1 0 0 0 2 0 0
150 4 1 1 2 0 0 0 0 0
168 4 1 1 3 0 0 0 0 0
fl=./stdlib/./stdlib/divrem.c
fn=__mpn_divrem
46 308 3 3 0 0 0 168 2 2
47 28 2 2 0 0 0 28 2 2
49 56 0 0 0 0 0 0 0 0
62 28 2 2 28 0 0 0 0 0
63 28 0 0 28 0 0 0 0 0
65 56 0 0 0 0 0 0 0 0
67 3 0 0 0 0 0 0 0 0
68 6 1 1 0 0 0 3 0 0
72 238 0 0 0 0 0 0 0 0
73 66 0 0 22 0 0 22 0 0
76 84 1 1 0 0 0 0 0 0
79 28 0 0 0 0 0 28 0 0
234 252 0 0 224 0 0 0 0 0
fl=./stdlib/./stdlib/exit.c
fn=__run_exit_handlers
40 10 2 2 0 0 0 7 0 0
45 2 0 0 0 0 0 0 0 0
46 2 1 1 0 0 0 1 1 0
48 5 0 0 1 1 1 0 0 0
59 1 0 0 1 1 1 0 0 0
61 2 0 0 0 0 0 0 0 0
65 1 0 0 0 0 0 1 1 1
69 36 1 1 12 0 0 0 0 0
71 22 0 0 0 0 0 11 0 0
72 11 0 0 11 0 0 0 0 0
74 95 0 0 11 1 1 0 0 0
101 2 0 0 0 0 0 0 0 0
108 2 0 0 0 0 0 2 0 0
109 2 1 1 2 0 0 0 0 0
110 2 0 0 2 1 1 0 0 0
112 6 1 1 2 0 0 0 0 0
115 8 0 0 4 0 0 0 0 0
116 6 0 0 0 0 0 2 0 0
117 8 0 0 2 0 0 0 0 0
121 6 1 1 2 0 0 0 0 0
127 2 1 1 1 0 0 1 0 0
128 2 0 0 0 0 0 0 0 0
134 4 0 0 2 0 0 0 0 0
136 2 0 0 1 0 0 0 0 0
137 9 0 0 1 1 1 1 0 0
139 2 0 0 0 0 0 1 0 0
fn=exit
145 1 1 1 0 0 0 0 0 0
146 4 0 0 0 0 0 1 0 0
fl=./stdlib/./stdlib/mul.c
fn=__mpn_mul
48 144 10 4 9 0 0 63 4 0
54 18 0 0 0 0 0 0 0 0
66 18 0 0 0 0 0 0 0 0
71 9 4 2 9 4 1 0 0 0
72 18 0 0 0 0 0 0 0 0
81 63 2 1 27 0 0 27 4 0
83 9 0 0 0 0 0 9 0 0
84 9 0 0 0 0 0 0 0 0
88 18 0 0 0 0 0 0 0 0
141 9 1 1 0 0 0 9 0 0
142 99 0 0 81 0 0 0 0 0
fl=./string/../include/rtld-malloc.h
fn=strdup
56 12 0 0 6 0 0 6 0 0
fl=./string/../string/strcspn.c
fn=strcspn
32 3 1 1 0 0 0 1 0 0
33 3 0 0 1 1 1 0 0 0
34 2 0 0 1 0 0 0 0 0
39 6 0 0 0 0 0 4 2 2
40 4 1 1 0 0 0 4 1 1
41 4 0 0 0 0 0 4 1 1
42 4 1 1 0 0 0 4 0 0
44 1 0 0 0 0 0 0 0 0
47 9 0 0 3 0 0 3 0 0
48 6 0 0 0 0 0 0 0 0
51 4 0 0 2 0 0 0 0 0
52 4 0 0 2 0 0 0 0 0
53 4 1 1 2 0 0 0 0 0
54 4 0 0 2 0 0 0 0 0
56 3 0 0 0 0 0 0 0 0
61 13 0 0 0 0 0 0 0 0
62 26 0 0 26 1 1 0 0 0
63 26 0 0 26 0 0 0 0 0
64 26 0 0 26 0 0 0 0 0
65 13 1 1 13 0 0 0 0 0
67 78 0 0 13 0 0 0 0 0
69 1 0 0 0 0 0 0 0 0
70 4 0 0 0 0 0 0 0 0
71 3 0 0 2 0 0 0 0 0
fl=./string/../sysdeps/x86/cacheinfo.c
fn=__x86_cacheinfo
86 2 0 0 1 0 0 0 0 0
fl=./string/../sysdeps/x86/cacheinfo.h
fn=__x86_cacheinfo
61 1 1 1 1 0 0 0 0 0
64 3 0 0 1 1 0 0 0 0
66 3 0 0 0 0 0 1 0 0
67 1 1 1 0 0 0 1 1 1
73 3 0 0 1 0 0 0 0 0
75 3 0 0 0 0 0 1 0 0
76 1 0 0 0 0 0 1 0 0
80 2 0 0 1 0 0 1 1 1
82 2 1 1 1 0 0 1 0 0
83 2 0 0 1 0 0 1 0 0
84 2 0 0 1 0 0 1 0 0
86 2 0 0 1 1 0 0 0 0
fl=./string/../sysdeps/x86_64/multiarch/../multiarch/memcmp-sse2.S
fn=bcmp
71 1 1 1 0 0 0 0 0 0
72 1 0 0 0 0 0 0 0 0
94 1 0 0 0 0 0 0 0 0
95 1 0 0 0 0 0 0 0 0
140 1 1 1 1 0 0 0 0 0
141 1 0 0 1 0 0 0 0 0
143 1 0 0 0 0 0 0 0 0
144 1 0 0 0 0 0 0 0 0
146 1 0 0 1 0 0 0 0 0
147 1 0 0 1 0 0 0 0 0
149 1 0 0 0 0 0 0 0 0
150 1 0 0 0 0 0 0 0 0
197 1 1 1 0 0 0 0 0 0
198 1 0 0 0 0 0 0 0 0
199 1 0 0 0 0 0 0 0 0
200 1 0 0 0 0 0 0 0 0
201 1 0 0 0 0 0 0 0 0
202 1 0 0 1 0 0 0 0 0
fl=./string/../sysdeps/x86_64/multiarch/../multiarch/memset-vec-unaligned-erms.S
fn=memset
141 55 1 1 0 0 0 0 0 0
146 11 0 0 0 0 0 0 0 0
147 11 0 0 0 0 0 0 0 0
150 9 0 0 0 0 0 0 0 0
151 9 0 0 0 0 0 0 0 0
153 1 0 0 0 0 0 1 1 1
154 1 0 0 0 0 0 1 0 0
155 1 0 0 1 0 0 0 0 0
189 4 0 0 0 0 0 4 0 0
190 4 0 0 0 0 0 4 0 0
192 4 0 0 4 0 0 0 0 0
252 8 1 1 0 0 0 8 4 4
253 8 0 0 0 0 0 8 2 2
265 8 0 0 0 0 0 0 0 0
268 8 0 0 0 0 0 0 0 0
269 8 0 0 0 0 0 0 0 0
281 4 0 0 0 0 0 4 1 1
282 4 0 0 0 0 0 4 2 2
295 4 0 0 0 0 0 0 0 0
296 4 0 0 0 0 0 0 0 0
298 4 0 0 0 0 0 0 0 0
301 3 0 0 0 0 0 0 0 0
304 6 0 0 0 0 0 0 0 0
307 86 0 0 0 0 0 86 0 0
308 86 0 0 0 0 0 86 0 0
309 86 0 0 0 0 0 86 29 29
310 86 0 0 0 0 0 86 57 57
311 86 0 0 0 0 0 0 0 0
312 86 0 0 0 0 0 0 0 0
313 86 0 0 0 0 0 0 0 0
316 4 0 0 0 0 0 4 0 0
317 4 0 0 0 0 0 4 0 0
318 4 0 0 0 0 0 4 0 0
319 4 0 0 0 0 0 4 1 1
324 4 0 0 4 0 0 0 0 0
358 2 1 1 0 0 0 0 0 0
360 2 0 0 0 0 0 0 0 0
361 2 0 0 0 0 0 0 0 0
400 2 1 1 0 0 0 2 2 2
401 2 0 0 0 0 0 2 0 0
403 2 0 0 2 0 0 0 0 0
fl=./string/../sysdeps/x86_64/multiarch/../multiarch/strchr-sse2.S
fn=index
33 26 1 1 0 0 0 0 0 0
34 26 0 0 0 0 0 0 0 0
35 26 0 0 0 0 0 0 0 0
36 26 0 0 0 0 0 0 0 0
37 26 0 0 0 0 0 0 0 0
38 26 0 0 0 0 0 0 0 0
39 26 0 0 0 0 0 0 0 0
40 26 1 1 0 0 0 0 0 0
41 26 0 0 26 6 6 0 0 0
42 26 0 0 0 0 0 0 0 0
43 26 0 0 0 0 0 0 0 0
44 26 0 0 0 0 0 0 0 0
45 26 0 0 0 0 0 0 0 0
46 26 0 0 0 0 0 0 0 0
47 26 0 0 0 0 0 0 0 0
48 26 0 0 0 0 0 0 0 0
49 26 0 0 0 0 0 0 0 0
50 22 0 0 0 0 0 0 0 0
54 22 0 0 0 0 0 0 0 0
55 22 0 0 0 0 0 0 0 0
56 22 0 0 22 0 0 0 0 0
57 22 0 0 0 0 0 0 0 0
59 22 0 0 22 0 0 0 0 0
63 4 0 0 4 0 0 0 0 0
64 4 1 1 0 0 0 0 0 0
65 4 0 0 0 0 0 0 0 0
66 4 0 0 0 0 0 0 0 0
67 4 0 0 0 0 0 0 0 0
68 4 0 0 0 0 0 0 0 0
69 4 0 0 4 0 0 0 0 0
70 4 0 0 0 0 0 0 0 0
71 4 0 0 0 0 0 0 0 0
72 4 0 0 0 0 0 0 0 0
73 4 0 0 0 0 0 0 0 0
74 4 0 0 0 0 0 0 0 0
75 4 0 0 0 0 0 0 0 0
76 4 0 0 4 1 1 0 0 0
77 4 0 0 0 0 0 0 0 0
78 4 0 0 0 0 0 0 0 0
79 4 0 0 0 0 0 0 0 0
80 4 1 1 0 0 0 0 0 0
81 4 0 0 0 0 0 0 0 0
82 4 0 0 0 0 0 0 0 0
83 4 0 0 0 0 0 0 0 0
84 4 0 0 0 0 0 0 0 0
85 4 0 0 0 0 0 0 0 0
86 4 0 0 0 0 0 0 0 0
138 4 1 1 0 0 0 0 0 0
142 4 0 0 0 0 0 0 0 0
143 4 0 0 0 0 0 0 0 0
144 4 0 0 4 0 0 0 0 0
145 4 0 0 0 0 0 0 0 0
147 4 0 0 4 0 0 0 0 0
fl=./string/../sysdeps/x86_64/multiarch/../multiarch/strcmp-sse2.S
fn=strcmp
131 2186 2 2 0 0 0 0 0 0
132 2186 0 0 0 0 0 0 0 0
134 2186 0 0 0 0 0 0 0 0
135 2186 0 0 0 0 0 0 0 0
156 2186 0 0 0 0 0 0 0 0
157 2186 0 0 0 0 0 0 0 0
158 1126 0 0 0 0 0 0 0 0
159 1126 0 0 0 0 0 0 0 0
160 1005 0 0 1005 87 39 0 0 0
161 1005 0 0 1005 19 10 0 0 0
162 1005 0 0 1005 0 0 0 0 0
163 1005 0 0 1005 0 0 0 0 0
180 1005 0 0 0 0 0 0 0 0
181 1005 0 0 0 0 0 0 0 0
182 1005 0 0 0 0 0 0 0 0
183 1005 0 0 0 0 0 0 0 0
184 1005 0 0 0 0 0 0 0 0
185 1005 1 1 0 0 0 0 0 0
186 1005 0 0 0 0 0 0 0 0
191 23 0 0 0 0 0 0 0 0
192 23 0 0 0 0 0 0 0 0
201 1204 1 1 0 0 0 0 0 0
202 1204 0 0 0 0 0 0 0 0
203 1204 0 0 0 0 0 0 0 0
204 1204 0 0 0 0 0 0 0 0
205 1204 0 0 0 0 0 0 0 0
206 1204 0 0 0 0 0 0 0 0
207 1204 0 0 0 0 0 0 0 0
208 1204 0 0 0 0 0 0 0 0
209 187 0 0 0 0 0 0 0 0
210 107 0 0 0 0 0 0 0 0
211 107 0 0 0 0 0 0 0 0
212 107 0 0 0 0 0 0 0 0
214 187 0 0 0 0 0 0 0 0
215 187 0 0 0 0 0 0 0 0
216 187 1 1 0 0 0 0 0 0
217 187 0 0 187 10 3 0 0 0
218 187 0 0 0 0 0 0 0 0
219 187 0 0 0 0 0 0 0 0
229 1017 1 1 1017 13 3 0 0 0
230 1017 0 0 0 0 0 0 0 0
231 1017 0 0 0 0 0 0 0 0
233 1017 0 0 1017 2 1 0 0 0
239 1017 0 0 0 0 0 0 0 0
240 1017 0 0 0 0 0 0 0 0
241 1017 0 0 0 0 0 0 0 0
242 1017 0 0 0 0 0 0 0 0
243 1017 0 0 0 0 0 0 0 0
248 1017 0 0 0 0 0 0 0 0
250 996 0 0 0 0 0 0 0 0
251 996 1 1 0 0 0 0 0 0
252 1992 0 0 0 0 0 0 0 0
260 996 0 0 996 11 2 0 0 0
261 996 0 0 996 2 2 0 0 0
264 996 0 0 0 0 0 0 0 0
265 996 0 0 0 0 0 0 0 0
266 996 0 0 0 0 0 0 0 0
267 996 0 0 0 0 0 0 0 0
268 996 0 0 0 0 0 0 0 0
269 996 0 0 0 0 0 0 0 0
300 6 1 1 0 0 0 0 0 0
301 6 0 0 6 0 0 0 0 0
302 6 0 0 6 0 0 0 0 0
303 6 0 0 0 0 0 0 0 0
304 6 1 1 0 0 0 0 0 0
306 6 0 0 0 0 0 0 0 0
307 6 0 0 0 0 0 0 0 0
308 6 0 0 0 0 0 0 0 0
309 6 0 0 0 0 0 0 0 0
310 6 0 0 0 0 0 0 0 0
311 6 0 0 0 0 0 0 0 0
312 6 0 0 0 0 0 0 0 0
424 1 1 1 0 0 0 0 0 0
425 1 0 0 1 0 0 0 0 0
426 1 0 0 1 1 0 0 0 0
427 1 0 0 0 0 0 0 0 0
428 1 1 1 0 0 0 0 0 0
430 1 0 0 0 0 0 0 0 0
431 1 0 0 0 0 0 0 0 0
432 1 0 0 0 0 0 0 0 0
433 1 0 0 0 0 0 0 0 0
434 1 0 0 0 0 0 0 0 0
435 1 0 0 0 0 0 0 0 0
436 1 0 0 0 0 0 0 0 0
437 1 0 0 1 0 0 0 0 0
440 1 0 0 0 0 0 0 0 0
441 1 0 0 0 0 0 0 0 0
442 1 0 0 0 0 0 0 0 0
448 1 0 0 0 0 0 0 0 0
449 1 0 0 0 0 0 0 0 0
450 2 1 1 0 0 0 0 0 0
454 1 0 0 0 0 0 0 0 0
455 1 0 0 0 0 0 0 0 0
458 1 0 0 1 1 0 0 0 0
459 1 0 0 1 0 0 0 0 0
460 1 0 0 0 0 0 0 0 0
462 1 0 0 0 0 0 0 0 0
463 1 0 0 0 0 0 0 0 0
464 1 0 0 0 0 0 0 0 0
468 1 0 0 0 0 0 0 0 0
469 1 0 0 0 0 0 0 0 0
470 1 1 1 0 0 0 0 0 0
471 1 0 0 0 0 0 0 0 0
472 1 0 0 0 0 0 0 0 0
473 1 0 0 0 0 0 0 0 0
780 4 2 1 0 0 0 0 0 0
781 4 0 0 4 0 0 0 0 0
782 4 0 0 4 0 0 0 0 0
783 4 0 0 0 0 0 0 0 0
784 4 2 1 0 0 0 0 0 0
786 4 0 0 0 0 0 0 0 0
787 4 0 0 0 0 0 0 0 0
788 4 0 0 0 0 0 0 0 0
789 4 0 0 0 0 0 0 0 0
790 4 0 0 0 0 0 0 0 0
791 4 0 0 0 0 0 0 0 0
792 4 0 0 0 0 0 0 0 0
793 2 0 0 2 0 0 0 0 0
797 2 0 0 0 0 0 0 0 0
798 2 0 0 0 0 0 0 0 0
799 2 0 0 0 0 0 0 0 0
805 2 0 0 0 0 0 0 0 0
806 2 0 0 0 0 0 0 0 0
807 4 2 1 0 0 0 0 0 0
811 3 0 0 0 0 0 0 0 0
812 3 0 0 0 0 0 0 0 0
815 3 0 0 3 2 2 0 0 0
816 3 0 0 3 0 0 0 0 0
817 3 0 0 0 0 0 0 0 0
819 3 0 0 0 0 0 0 0 0
820 3 0 0 0 0 0 0 0 0
821 3 0 0 0 0 0 0 0 0
825 3 0 0 0 0 0 0 0 0
826 3 0 0 0 0 0 0 0 0
827 3 2 1 0 0 0 0 0 0
828 3 0 0 0 0 0 0 0 0
829 3 0 0 0 0 0 0 0 0
830 3 0 0 0 0 0 0 0 0
837 1 0 0 0 0 0 0 0 0
838 1 0 0 0 0 0 0 0 0
840 1 0 0 0 0 0 0 0 0
841 1 0 0 0 0 0 0 0 0
843 1 0 0 1 0 0 0 0 0
844 1 0 0 1 0 0 0 0 0
845 1 0 0 0 0 0 0 0 0
847 1 0 0 0 0 0 0 0 0
848 1 0 0 0 0 0 0 0 0
849 1 0 0 0 0 0 0 0 0
853 1 0 0 0 0 0 0 0 0
854 1 1 1 0 0 0 0 0 0
855 1 0 0 0 0 0 0 0 0
856 1 0 0 0 0 0 0 0 0
857 1 0 0 0 0 0 0 0 0
858 1 0 0 0 0 0 0 0 0
865 1 0 0 0 0 0 0 0 0
866 1 0 0 0 0 0 0 0 0
867 1 0 0 0 0 0 0 0 0
899 1 1 1 0 0 0 0 0 0
900 1 0 0 1 0 0 0 0 0
901 1 0 0 1 0 0 0 0 0
902 1 0 0 0 0 0 0 0 0
903 1 1 1 0 0 0 0 0 0
905 1 0 0 0 0 0 0 0 0
906 1 0 0 0 0 0 0 0 0
907 1 0 0 0 0 0 0 0 0
908 1 0 0 0 0 0 0 0 0
909 1 0 0 0 0 0 0 0 0
910 1 0 0 0 0 0 0 0 0
911 1 0 0 0 0 0 0 0 0
912 1 0 0 1 0 0 0 0 0
916 1 0 0 0 0 0 0 0 0
917 1 0 0 0 0 0 0 0 0
918 1 0 0 0 0 0 0 0 0
924 1 0 0 0 0 0 0 0 0
925 1 0 0 0 0 0 0 0 0
926 2 1 1 0 0 0 0 0 0
930 1 0 0 0 0 0 0 0 0
931 1 0 0 0 0 0 0 0 0
934 1 0 0 1 0 0 0 0 0
935 1 0 0 1 0 0 0 0 0
936 1 0 0 0 0 0 0 0 0
938 1 0 0 0 0 0 0 0 0
939 1 0 0 0 0 0 0 0 0
940 1 0 0 0 0 0 0 0 0
944 1 0 0 0 0 0 0 0 0
945 1 0 0 0 0 0 0 0 0
946 1 1 1 0 0 0 0 0 0
947 1 0 0 0 0 0 0 0 0
948 1 0 0 0 0 0 0 0 0
949 1 0 0 0 0 0 0 0 0
1018 4 1 1 0 0 0 0 0 0
1019 4 0 0 4 0 0 0 0 0
1020 4 0 0 4 0 0 0 0 0
1021 4 0 0 0 0 0 0 0 0
1022 4 1 1 0 0 0 0 0 0
1024 4 0 0 0 0 0 0 0 0
1025 4 0 0 0 0 0 0 0 0
1026 4 0 0 0 0 0 0 0 0
1027 4 0 0 0 0 0 0 0 0
1028 4 0 0 0 0 0 0 0 0
1029 4 0 0 0 0 0 0 0 0
1030 4 0 0 0 0 0 0 0 0
1137 10 2 1 0 0 0 0 0 0
1138 10 0 0 10 1 1 0 0 0
1139 10 0 0 10 1 0 0 0 0
1140 10 0 0 0 0 0 0 0 0
1141 10 2 1 0 0 0 0 0 0
1143 10 0 0 0 0 0 0 0 0
1144 10 0 0 0 0 0 0 0 0
1145 10 0 0 0 0 0 0 0 0
1146 10 0 0 0 0 0 0 0 0
1147 10 0 0 0 0 0 0 0 0
1148 10 0 0 0 0 0 0 0 0
1149 10 0 0 0 0 0 0 0 0
1150 2 0 0 2 0 0 0 0 0
1154 2 0 0 0 0 0 0 0 0
1155 2 0 0 0 0 0 0 0 0
1156 2 0 0 0 0 0 0 0 0
1162 2 0 0 0 0 0 0 0 0
1163 2 0 0 0 0 0 0 0 0
1164 4 2 1 0 0 0 0 0 0
1168 2 0 0 0 0 0 0 0 0
1169 2 0 0 0 0 0 0 0 0
1172 2 0 0 2 1 0 0 0 0
1173 2 0 0 2 1 1 0 0 0
1174 2 0 0 0 0 0 0 0 0
1176 2 0 0 0 0 0 0 0 0
1177 2 0 0 0 0 0 0 0 0
1178 2 0 0 0 0 0 0 0 0
1182 2 0 0 0 0 0 0 0 0
1183 2 0 0 0 0 0 0 0 0
1184 2 2 1 0 0 0 0 0 0
1185 2 0 0 0 0 0 0 0 0
1186 2 0 0 0 0 0 0 0 0
1187 2 0 0 0 0 0 0 0 0
1256 38 2 1 0 0 0 0 0 0
1257 38 0 0 38 2 1 0 0 0
1258 38 0 0 38 0 0 0 0 0
1259 38 0 0 0 0 0 0 0 0
1260 38 2 1 0 0 0 0 0 0
1262 38 0 0 0 0 0 0 0 0
1263 38 0 0 0 0 0 0 0 0
1264 38 0 0 0 0 0 0 0 0
1265 38 0 0 0 0 0 0 0 0
1266 38 0 0 0 0 0 0 0 0
1267 38 0 0 0 0 0 0 0 0
1268 38 0 0 0 0 0 0 0 0
1269 15 0 0 15 0 0 0 0 0
1273 15 0 0 0 0 0 0 0 0
1274 15 0 0 0 0 0 0 0 0
1275 15 0 0 0 0 0 0 0 0
1281 15 0 0 0 0 0 0 0 0
1282 15 0 0 0 0 0 0 0 0
1283 30 1 1 0 0 0 0 0 0
1287 15 0 0 0 0 0 0 0 0
1288 15 0 0 0 0 0 0 0 0
1291 15 0 0 15 0 0 0 0 0
1292 15 0 0 15 2 1 0 0 0
1293 15 0 0 0 0 0 0 0 0
1295 15 0 0 0 0 0 0 0 0
1296 15 0 0 0 0 0 0 0 0
1297 15 0 0 0 0 0 0 0 0
1301 15 0 0 0 0 0 0 0 0
1302 15 0 0 0 0 0 0 0 0
1303 15 2 1 0 0 0 0 0 0
1304 15 0 0 0 0 0 0 0 0
1305 15 0 0 0 0 0 0 0 0
1306 15 0 0 0 0 0 0 0 0
1375 35 4 1 0 0 0 0 0 0
1376 35 0 0 35 9 1 0 0 0
1377 35 0 0 35 5 0 0 0 0
1378 35 0 0 0 0 0 0 0 0
1379 35 2 1 0 0 0 0 0 0
1381 35 0 0 0 0 0 0 0 0
1382 35 0 0 0 0 0 0 0 0
1383 35 0 0 0 0 0 0 0 0
1384 35 0 0 0 0 0 0 0 0
1385 35 0 0 0 0 0 0 0 0
1386 35 0 0 0 0 0 0 0 0
1387 35 0 0 0 0 0 0 0 0
1388 33 0 0 33 0 0 0 0 0
1392 33 0 0 0 0 0 0 0 0
1393 33 0 0 0 0 0 0 0 0
1394 33 0 0 0 0 0 0 0 0
1400 33 0 0 0 0 0 0 0 0
1401 33 0 0 0 0 0 0 0 0
1402 66 1 1 0 0 0 0 0 0
1406 34 0 0 0 0 0 0 0 0
1407 34 0 0 0 0 0 0 0 0
1410 34 0 0 34 3 0 0 0 0
1411 34 0 0 34 6 3 0 0 0
1412 34 0 0 0 0 0 0 0 0
1414 34 0 0 0 0 0 0 0 0
1415 34 0 0 0 0 0 0 0 0
1416 34 0 0 0 0 0 0 0 0
1420 34 0 0 0 0 0 0 0 0
1421 34 0 0 0 0 0 0 0 0
1422 34 1 1 0 0 0 0 0 0
1423 34 0 0 0 0 0 0 0 0
1424 34 0 0 0 0 0 0 0 0
1425 34 0 0 0 0 0 0 0 0
1432 1 0 0 0 0 0 0 0 0
1433 1 0 0 0 0 0 0 0 0
1435 1 0 0 0 0 0 0 0 0
1436 1 0 0 0 0 0 0 0 0
1438 1 0 0 1 0 0 0 0 0
1439 1 0 0 1 0 0 0 0 0
1440 1 0 0 0 0 0 0 0 0
1442 1 0 0 0 0 0 0 0 0
1443 1 0 0 0 0 0 0 0 0
1444 1 0 0 0 0 0 0 0 0
1448 1 0 0 0 0 0 0 0 0
1449 1 1 1 0 0 0 0 0 0
1450 1 0 0 0 0 0 0 0 0
1451 1 0 0 0 0 0 0 0 0
1452 1 0 0 0 0 0 0 0 0
1453 1 0 0 0 0 0 0 0 0
1460 1 0 0 0 0 0 0 0 0
1461 1 0 0 0 0 0 0 0 0
1462 1 0 0 0 0 0 0 0 0
1494 10 2 1 0 0 0 0 0 0
1495 10 0 0 10 1 1 0 0 0
1496 10 0 0 10 1 1 0 0 0
1497 10 0 0 0 0 0 0 0 0
1498 10 3 1 0 0 0 0 0 0
1500 10 0 0 0 0 0 0 0 0
1501 10 0 0 0 0 0 0 0 0
1502 10 0 0 0 0 0 0 0 0
1503 10 0 0 0 0 0 0 0 0
1504 10 0 0 0 0 0 0 0 0
1505 10 0 0 0 0 0 0 0 0
1506 10 0 0 0 0 0 0 0 0
1507 1 0 0 1 0 0 0 0 0
1511 1 0 0 0 0 0 0 0 0
1512 1 0 0 0 0 0 0 0 0
1513 1 0 0 0 0 0 0 0 0
1519 1 0 0 0 0 0 0 0 0
1520 1 0 0 0 0 0 0 0 0
1521 2 1 1 0 0 0 0 0 0
1525 1 0 0 0 0 0 0 0 0
1526 1 0 0 0 0 0 0 0 0
1529 1 0 0 1 0 0 0 0 0
1530 1 0 0 1 1 1 0 0 0
1531 1 0 0 0 0 0 0 0 0
1533 1 0 0 0 0 0 0 0 0
1534 1 0 0 0 0 0 0 0 0
1535 1 0 0 0 0 0 0 0 0
1539 1 0 0 0 0 0 0 0 0
1540 1 0 0 0 0 0 0 0 0
1541 1 1 1 0 0 0 0 0 0
1542 1 0 0 0 0 0 0 0 0
1543 1 0 0 0 0 0 0 0 0
1544 1 0 0 0 0 0 0 0 0
1613 9 1 1 0 0 0 0 0 0
1614 9 0 0 9 3 2 0 0 0
1615 9 0 0 9 4 1 0 0 0
1616 9 0 0 0 0 0 0 0 0
1617 9 2 1 0 0 0 0 0 0
1619 9 0 0 0 0 0 0 0 0
1620 9 0 0 0 0 0 0 0 0
1621 9 0 0 0 0 0 0 0 0
1622 9 0 0 0 0 0 0 0 0
1623 9 0 0 0 0 0 0 0 0
1624 9 0 0 0 0 0 0 0 0
1625 9 0 0 0 0 0 0 0 0
1626 6 0 0 6 0 0 0 0 0
1630 6 0 0 0 0 0 0 0 0
1631 6 0 0 0 0 0 0 0 0
1632 6 0 0 0 0 0 0 0 0
1638 6 0 0 0 0 0 0 0 0
1639 6 0 0 0 0 0 0 0 0
1640 12 2 1 0 0 0 0 0 0
1644 6 0 0 0 0 0 0 0 0
1645 6 0 0 0 0 0 0 0 0
1648 6 0 0 6 4 2 0 0 0
1649 6 0 0 6 1 0 0 0 0
1650 6 0 0 0 0 0 0 0 0
1652 6 0 0 0 0 0 0 0 0
1653 6 0 0 0 0 0 0 0 0
1654 6 0 0 0 0 0 0 0 0
1658 6 0 0 0 0 0 0 0 0
1659 6 0 0 0 0 0 0 0 0
1660 6 4 1 0 0 0 0 0 0
1661 6 0 0 0 0 0 0 0 0
1662 6 0 0 0 0 0 0 0 0
1663 6 0 0 0 0 0 0 0 0
1670 1 0 0 0 0 0 0 0 0
1671 1 0 0 0 0 0 0 0 0
1673 1 0 0 0 0 0 0 0 0
1674 1 0 0 0 0 0 0 0 0
1676 1 0 0 1 0 0 0 0 0
1677 1 0 0 1 0 0 0 0 0
1678 1 0 0 0 0 0 0 0 0
1680 1 0 0 0 0 0 0 0 0
1681 1 0 0 0 0 0 0 0 0
1682 1 0 0 0 0 0 0 0 0
1686 1 0 0 0 0 0 0 0 0
1687 1 1 1 0 0 0 0 0 0
1688 1 0 0 0 0 0 0 0 0
1689 1 0 0 0 0 0 0 0 0
1690 1 0 0 0 0 0 0 0 0
1691 1 0 0 0 0 0 0 0 0
1732 23 3 2 0 0 0 0 0 0
1733 23 0 0 23 5 2 0 0 0
1734 23 0 0 23 1 1 0 0 0
1735 23 0 0 0 0 0 0 0 0
1736 23 3 2 0 0 0 0 0 0
1738 23 0 0 0 0 0 0 0 0
1739 23 0 0 0 0 0 0 0 0
1740 23 0 0 0 0 0 0 0 0
1741 23 0 0 0 0 0 0 0 0
1742 23 0 0 0 0 0 0 0 0
1743 23 0 0 0 0 0 0 0 0
1744 23 0 0 0 0 0 0 0 0
1745 5 0 0 5 0 0 0 0 0
1749 5 0 0 0 0 0 0 0 0
1750 5 0 0 0 0 0 0 0 0
1751 5 0 0 0 0 0 0 0 0
1757 5 0 0 0 0 0 0 0 0
1758 5 0 0 0 0 0 0 0 0
1759 10 3 2 0 0 0 0 0 0
1763 5 0 0 0 0 0 0 0 0
1764 5 0 0 0 0 0 0 0 0
1767 5 0 0 5 0 0 0 0 0
1768 5 0 0 5 2 2 0 0 0
1769 5 0 0 0 0 0 0 0 0
1771 5 0 0 0 0 0 0 0 0
1772 5 0 0 0 0 0 0 0 0
1773 5 0 0 0 0 0 0 0 0
1777 5 0 0 0 0 0 0 0 0
1778 5 0 0 0 0 0 0 0 0
1779 5 5 2 0 0 0 0 0 0
1780 5 0 0 0 0 0 0 0 0
1781 5 0 0 0 0 0 0 0 0
1782 5 0 0 0 0 0 0 0 0
1789 1 0 0 0 0 0 0 0 0
1790 1 0 0 0 0 0 0 0 0
1792 1 0 0 0 0 0 0 0 0
1793 1 0 0 0 0 0 0 0 0
1795 1 0 0 1 0 0 0 0 0
1796 1 0 0 1 0 0 0 0 0
1797 1 0 0 0 0 0 0 0 0
1799 1 0 0 0 0 0 0 0 0
1800 1 0 0 0 0 0 0 0 0
1801 1 0 0 0 0 0 0 0 0
1805 1 0 0 0 0 0 0 0 0
1806 1 1 1 0 0 0 0 0 0
1807 1 0 0 0 0 0 0 0 0
1808 1 0 0 0 0 0 0 0 0
1809 1 0 0 0 0 0 0 0 0
1810 1 0 0 0 0 0 0 0 0
1851 11 1 1 0 0 0 0 0 0
1852 11 0 0 11 4 2 0 0 0
1853 11 0 0 11 2 1 0 0 0
1854 11 0 0 0 0 0 0 0 0
1855 11 1 1 0 0 0 0 0 0
1857 11 0 0 0 0 0 0 0 0
1858 11 0 0 0 0 0 0 0 0
1859 11 0 0 0 0 0 0 0 0
1860 11 0 0 0 0 0 0 0 0
1861 11 0 0 0 0 0 0 0 0
1862 11 0 0 0 0 0 0 0 0
1863 11 0 0 0 0 0 0 0 0
1864 7 0 0 7 0 0 0 0 0
1868 7 0 0 0 0 0 0 0 0
1869 7 0 0 0 0 0 0 0 0
1870 7 0 0 0 0 0 0 0 0
1876 7 0 0 0 0 0 0 0 0
1877 7 0 0 0 0 0 0 0 0
1878 14 1 1 0 0 0 0 0 0
1882 7 0 0 0 0 0 0 0 0
1883 7 0 0 0 0 0 0 0 0
1886 7 0 0 7 2 2 0 0 0
1887 7 0 0 7 0 0 0 0 0
1888 7 0 0 0 0 0 0 0 0
1890 7 0 0 0 0 0 0 0 0
1891 7 0 0 0 0 0 0 0 0
1892 7 0 0 0 0 0 0 0 0
1896 7 0 0 0 0 0 0 0 0
1897 7 0 0 0 0 0 0 0 0
1898 7 1 1 0 0 0 0 0 0
1899 7 0 0 0 0 0 0 0 0
1900 7 0 0 0 0 0 0 0 0
1901 7 0 0 0 0 0 0 0 0
1908 1 0 0 0 0 0 0 0 0
1909 1 0 0 0 0 0 0 0 0
1911 1 0 0 0 0 0 0 0 0
1912 1 0 0 0 0 0 0 0 0
1914 1 0 0 1 0 0 0 0 0
1915 1 0 0 1 0 0 0 0 0
1916 1 0 0 0 0 0 0 0 0
1918 1 0 0 0 0 0 0 0 0
1919 1 0 0 0 0 0 0 0 0
1920 1 0 0 0 0 0 0 0 0
1924 1 0 0 0 0 0 0 0 0
1925 1 1 1 0 0 0 0 0 0
1926 1 0 0 0 0 0 0 0 0
1927 1 0 0 0 0 0 0 0 0
1928 1 0 0 0 0 0 0 0 0
1929 1 0 0 0 0 0 0 0 0
1970 35 2 1 0 0 0 0 0 0
1971 35 0 0 35 4 2 0 0 0
1972 35 0 0 35 2 0 0 0 0
1973 35 0 0 0 0 0 0 0 0
1974 35 2 1 0 0 0 0 0 0
1976 35 0 0 0 0 0 0 0 0
1977 35 0 0 0 0 0 0 0 0
1978 35 0 0 0 0 0 0 0 0
1979 35 0 0 0 0 0 0 0 0
1980 35 0 0 0 0 0 0 0 0
1981 35 0 0 0 0 0 0 0 0
1982 35 0 0 0 0 0 0 0 0
1984 11 0 0 11 0 0 0 0 0
1988 11 0 0 0 0 0 0 0 0
1989 11 0 0 0 0 0 0 0 0
1990 11 0 0 0 0 0 0 0 0
1996 11 0 0 0 0 0 0 0 0
1997 11 0 0 0 0 0 0 0 0
1999 22 2 1 0 0 0 0 0 0
2003 11 0 0 0 0 0 0 0 0
2004 11 0 0 0 0 0 0 0 0
2007 11 0 0 11 0 0 0 0 0
2008 11 0 0 11 3 2 0 0 0
2009 11 0 0 0 0 0 0 0 0
2011 11 0 0 0 0 0 0 0 0
2012 11 0 0 0 0 0 0 0 0
2013 11 0 0 0 0 0 0 0 0
2017 11 0 0 0 0 0 0 0 0
2018 11 0 0 0 0 0 0 0 0
2019 11 2 1 0 0 0 0 0 0
2020 11 0 0 0 0 0 0 0 0
2021 11 0 0 0 0 0 0 0 0
2022 11 0 0 0 0 0 0 0 0
2093 1080 1 1 0 0 0 0 0 0
2095 1204 0 0 0 0 0 0 0 0
2096 1204 0 0 0 0 0 0 0 0
2097 1204 0 0 0 0 0 0 0 0
2098 1204 1 1 0 0 0 0 0 0
2099 214 0 0 0 0 0 0 0 0
2104 2186 1 1 0 0 0 0 0 0
2110 2186 0 0 2186 0 0 0 0 0
2111 2186 0 0 2186 0 0 0 0 0
2119 2186 0 0 0 0 0 0 0 0
2120 2186 0 0 2186 0 0 0 0 0
fn=strncmp
125 1 1 1 0 0 0 0 0 0
126 1 0 0 0 0 0 0 0 0
127 1 0 0 0 0 0 0 0 0
128 1 0 0 0 0 0 0 0 0
129 1 0 0 0 0 0 0 0 0
131 1 0 0 0 0 0 0 0 0
132 1 0 0 0 0 0 0 0 0
134 1 0 0 0 0 0 0 0 0
135 1 1 1 0 0 0 0 0 0
156 1 0 0 0 0 0 0 0 0
157 1 0 0 0 0 0 0 0 0
158 1 0 0 0 0 0 0 0 0
159 1 0 0 0 0 0 0 0 0
160 1 0 0 1 0 0 0 0 0
161 1 0 0 1 1 1 0 0 0
162 1 0 0 1 0 0 0 0 0
163 1 0 0 1 0 0 0 0 0
180 1 0 0 0 0 0 0 0 0
181 1 0 0 0 0 0 0 0 0
182 1 0 0 0 0 0 0 0 0
183 1 0 0 0 0 0 0 0 0
184 1 0 0 0 0 0 0 0 0
185 1 0 0 0 0 0 0 0 0
186 1 0 0 0 0 0 0 0 0
2104 1 1 1 0 0 0 0 0 0
2107 1 0 0 0 0 0 0 0 0
2108 1 0 0 0 0 0 0 0 0
2110 1 0 0 1 0 0 0 0 0
2111 1 0 0 1 0 0 0 0 0
2119 1 0 0 0 0 0 0 0 0
2120 1 0 0 1 0 0 0 0 0
fl=./string/../sysdeps/x86_64/multiarch/../multiarch/strlen-sse2.S
fn=strlen
101 31 1 1 0 0 0 0 0 0
102 31 0 0 0 0 0 0 0 0
103 31 0 0 0 0 0 0 0 0
104 31 0 0 0 0 0 0 0 0
105 31 0 0 0 0 0 0 0 0
106 31 0 0 0 0 0 0 0 0
107 31 0 0 0 0 0 0 0 0
109 31 0 0 0 0 0 0 0 0
111 31 0 0 0 0 0 0 0 0
142 31 0 0 31 3 3 0 0 0
143 31 0 0 0 0 0 0 0 0
144 31 0 0 0 0 0 0 0 0
145 31 0 0 0 0 0 0 0 0
146 31 0 0 0 0 0 0 0 0
147 16 0 0 0 0 0 0 0 0
149 16 0 0 16 0 0 0 0 0
153 15 0 0 0 0 0 0 0 0
154 15 1 1 15 0 0 0 0 0
155 15 0 0 15 0 0 0 0 0
156 15 0 0 15 1 1 0 0 0
157 15 0 0 0 0 0 0 0 0
158 15 0 0 0 0 0 0 0 0
159 15 0 0 0 0 0 0 0 0
160 15 0 0 0 0 0 0 0 0
161 15 0 0 0 0 0 0 0 0
162 15 0 0 0 0 0 0 0 0
163 15 0 0 0 0 0 0 0 0
164 15 0 0 0 0 0 0 0 0
169 120 1 1 15 0 0 0 0 0
fl=./string/../sysdeps/x86_64/multiarch/ifunc-avx2.h
fn=memrchr
38 2 1 1 0 0 0 0 0 0
40 5 1 1 2 0 0 0 0 0
41 2 0 0 1 0 0 0 0 0
42 3 0 0 1 0 0 0 0 0
45 2 0 0 0 0 0 0 0 0
46 2 0 0 0 0 0 0 0 0
49 3 0 0 0 0 0 0 0 0
52 6 0 0 0 0 0 0 0 0
fn=rindex
38 2 0 0 0 0 0 0 0 0
40 5 1 1 2 0 0 0 0 0
41 2 0 0 1 0 0 0 0 0
42 3 1 1 1 0 0 0 0 0
45 2 0 0 0 0 0 0 0 0
46 2 0 0 0 0 0 0 0 0
49 3 0 0 0 0 0 0 0 0
52 6 0 0 0 0 0 0 0 0
fn=strchrnul
38 2 1 1 0 0 0 0 0 0
40 5 0 0 2 0 0 0 0 0
41 2 0 0 1 0 0 0 0 0
42 3 0 0 1 0 0 0 0 0
45 2 0 0 0 0 0 0 0 0
46 2 0 0 0 0 0 0 0 0
49 3 0 0 0 0 0 0 0 0
52 6 0 0 0 0 0 0 0 0
fn=strlen
38 4 0 0 0 0 0 0 0 0
40 10 4 2 4 1 0 0 0 0
41 4 0 0 2 1 0 0 0 0
42 6 0 0 2 0 0 0 0 0
45 4 0 0 0 0 0 0 0 0
46 4 0 0 0 0 0 0 0 0
49 6 0 0 0 0 0 0 0 0
52 12 2 1 0 0 0 0 0 0
fn=strnlen
38 4 0 0 0 0 0 0 0 0
40 10 1 1 4 1 0 0 0 0
41 4 0 0 2 1 0 0 0 0
42 6 1 1 2 0 0 0 0 0
45 4 0 0 0 0 0 0 0 0
46 4 0 0 0 0 0 0 0 0
49 6 0 0 0 0 0 0 0 0
52 12 0 0 0 0 0 0 0 0
fl=./string/../sysdeps/x86_64/multiarch/ifunc-evex.h
fn=memchr
37 4 0 0 0 0 0 0 0 0
38 10 4 2 4 0 0 0 0 0
39 6 0 0 2 0 0 0 0 0
42 4 0 0 0 0 0 0 0 0
43 4 0 0 0 0 0 0 0 0
45 4 0 0 0 0 0 0 0 0
51 6 0 0 0 0 0 0 0 0
54 8 0 0 0 0 0 0 0 0
fn=rawmemchr
37 2 0 0 0 0 0 0 0 0
38 5 2 2 2 0 0 0 0 0
39 3 0 0 1 0 0 0 0 0
42 2 0 0 0 0 0 0 0 0
43 2 1 1 0 0 0 0 0 0
45 2 0 0 0 0 0 0 0 0
51 3 0 0 0 0 0 0 0 0
54 4 0 0 0 0 0 0 0 0
fl=./string/../sysdeps/x86_64/multiarch/ifunc-memcmp.h
fn=bcmp
34 10 4 2 4 0 0 0 0 0
35 4 0 0 2 0 0 0 0 0
36 4 0 0 0 0 0 0 0 0
37 6 0 0 2 0 0 0 0 0
40 4 0 0 0 0 0 0 0 0
41 4 0 0 0 0 0 0 0 0
44 6 0 0 0 0 0 0 0 0
47 8 0 0 0 0 0 0 0 0
fl=./string/../sysdeps/x86_64/multiarch/ifunc-memmove.h
fn=memcpy@@GLIBC_2.14
56 4 0 0 0 0 0 0 0 0
57 6 2 1 4 0 0 0 0 0
60 6 2 1 2 1 0 0 0 0
61 4 2 1 0 0 0 0 0 0
74 4 0 0 0 0 0 0 0 0
77 4 0 0 0 0 0 0 0 0
85 4 0 0 0 0 0 0 0 0
93 4 0 0 0 0 0 0 0 0
96 10 2 1 2 0 0 0 0 0
fn=memmove
56 2 0 0 0 0 0 0 0 0
57 3 1 1 2 0 0 0 0 0
60 3 0 0 1 0 0 0 0 0
61 2 1 1 0 0 0 0 0 0
74 2 0 0 0 0 0 0 0 0
77 2 0 0 0 0 0 0 0 0
85 2 0 0 0 0 0 0 0 0
93 2 1 1 0 0 0 0 0 0
96 5 2 2 1 0 0 0 0 0
fn=mempcpy
56 2 0 0 0 0 0 0 0 0
57 3 0 0 2 0 0 0 0 0
60 3 0 0 1 0 0 0 0 0
61 2 1 1 0 0 0 0 0 0
74 2 0 0 0 0 0 0 0 0
77 2 1 1 0 0 0 0 0 0
85 2 0 0 0 0 0 0 0 0
93 2 0 0 0 0 0 0 0 0
96 5 0 0 1 0 0 0 0 0
fl=./string/../sysdeps/x86_64/multiarch/ifunc-memset.h
fn=memset
54 5 2 2 2 0 0 0 0 0
57 3 0 0 1 0 0 0 0 0
58 2 1 1 0 0 0 0 0 0
64 2 0 0 0 0 0 0 0 0
73 2 0 0 0 0 0 0 0 0
75 2 0 0 0 0 0 0 0 0
85 2 0 0 0 0 0 0 0 0
93 2 0 0 0 0 0 0 0 0
96 5 0 0 1 0 0 0 0 0
fl=./string/../sysdeps/x86_64/multiarch/ifunc-sse4_2.h
fn=strcspn
36 5 1 1 2 0 0 0 0 0
fn=strpbrk
36 5 1 1 2 0 0 0 0 0
fn=strspn
36 5 1 1 2 0 0 0 0 0
fl=./string/../sysdeps/x86_64/multiarch/ifunc-strcasecmp.h
fn=strcasecmp
36 2 0 0 0 0 0 0 0 0
37 4 0 0 2 0 0 0 0 0
38 3 1 1 1 0 0 0 0 0
41 2 0 0 0 0 0 0 0 0
42 2 0 0 0 0 0 0 0 0
45 3 0 0 0 0 0 0 0 0
48 5 1 1 0 0 0 0 0 0
fn=strcasecmp_l
36 2 0 0 0 0 0 0 0 0
37 4 1 1 2 0 0 0 0 0
38 3 1 1 1 0 0 0 0 0
41 2 0 0 0 0 0 0 0 0
42 2 0 0 0 0 0 0 0 0
45 3 0 0 0 0 0 0 0 0
48 5 1 1 0 0 0 0 0 0
fn=strncasecmp
36 2 0 0 0 0 0 0 0 0
37 4 1 1 2 0 0 0 0 0
38 3 1 1 1 0 0 0 0 0
41 2 0 0 0 0 0 0 0 0
42 2 0 0 0 0 0 0 0 0
45 3 0 0 0 0 0 0 0 0
48 5 0 0 0 0 0 0 0 0
fn=strncasecmp_l
36 2 0 0 0 0 0 0 0 0
37 4 1 1 2 0 0 0 0 0
38 3 1 1 1 0 0 0 0 0
41 2 0 0 0 0 0 0 0 0
42 2 0 0 0 0 0 0 0 0
45 3 0 0 0 0 0 0 0 0
48 5 1 1 0 0 0 0 0 0
fl=./string/../sysdeps/x86_64/multiarch/ifunc-strcpy.h
fn=stpcpy
38 4 1 1 2 0 0 0 0 0
39 3 1 1 1 0 0 0 0 0
42 2 0 0 0 0 0 0 0 0
43 2 0 0 0 0 0 0 0 0
46 3 0 0 0 0 0 0 0 0
49 3 0 0 0 0 0 0 0 0
fn=strcat
38 4 1 1 2 0 0 0 0 0
39 3 0 0 1 0 0 0 0 0
42 2 1 1 0 0 0 0 0 0
43 2 0 0 0 0 0 0 0 0
46 3 0 0 0 0 0 0 0 0
49 3 0 0 0 0 0 0 0 0
fn=strcpy
38 4 1 1 2 0 0 0 0 0
39 3 0 0 1 0 0 0 0 0
42 2 0 0 0 0 0 0 0 0
43 2 0 0 0 0 0 0 0 0
46 3 0 0 0 0 0 0 0 0
49 3 0 0 0 0 0 0 0 0
fl=./string/../sysdeps/x86_64/multiarch/ifunc-strncpy.h
fn=stpncpy
35 5 2 2 2 0 0 0 0 0
36 3 0 0 1 0 0 0 0 0
39 2 0 0 0 0 0 0 0 0
40 2 0 0 0 0 0 0 0 0
43 3 0 0 0 0 0 0 0 0
46 4 0 0 0 0 0 0 0 0
fn=strncpy
35 5 1 1 2 0 0 0 0 0
36 3 0 0 1 0 0 0 0 0
39 2 0 0 0 0 0 0 0 0
40 2 0 0 0 0 0 0 0 0
43 3 0 0 0 0 0 0 0 0
46 4 0 0 0 0 0 0 0 0
fl=./string/../sysdeps/x86_64/multiarch/memchr-avx2.S
fn=__memchr_avx2
68 18 2 1 0 0 0 0 0 0
70 18 0 0 0 0 0 0 0 0
73 18 0 0 0 0 0 0 0 0
74 18 0 0 0 0 0 0 0 0
76 18 0 0 0 0 0 0 0 0
77 18 0 0 0 0 0 0 0 0
78 18 0 0 0 0 0 0 0 0
79 18 0 0 0 0 0 0 0 0
82 18 0 0 18 0 0 0 0 0
83 18 0 0 0 0 0 0 0 0
86 18 0 0 0 0 0 0 0 0
87 18 0 0 0 0 0 0 0 0
101 18 9 6 0 0 0 0 0 0
106 18 0 0 0 0 0 0 0 0
113 18 0 0 0 0 0 0 0 0
114 18 0 0 0 0 0 0 0 0
115 18 0 0 0 0 0 0 0 0
116 18 0 0 18 0 0 0 0 0
fl=./string/../sysdeps/x86_64/multiarch/memchr.c
fn=memchr
29 2 0 0 2 0 0 0 0 0
fl=./string/../sysdeps/x86_64/multiarch/memcmp-avx2-movbe.S
fn=__memcmp_avx2_movbe
80 50 1 1 0 0 0 0 0 0
81 50 0 0 0 0 0 0 0 0
84 1 0 0 1 0 0 0 0 0
85 1 0 0 1 0 0 0 0 0
86 1 0 0 0 0 0 0 0 0
90 1 0 0 0 0 0 0 0 0
91 1 0 0 0 0 0 0 0 0
93 1 1 1 0 0 0 0 0 0
94 1 0 0 0 0 0 0 0 0
97 1 0 0 1 0 0 0 0 0
98 1 0 0 1 0 0 0 0 0
99 1 0 0 0 0 0 0 0 0
102 1 0 0 0 0 0 0 0 0
103 1 0 0 0 0 0 0 0 0
106 1 0 0 0 0 0 0 0 0
107 1 0 0 0 0 0 0 0 0
110 1 0 0 1 0 0 0 0 0
111 1 0 0 1 0 0 0 0 0
112 1 0 0 0 0 0 0 0 0
113 1 0 0 0 0 0 0 0 0
114 1 1 1 0 0 0 0 0 0
115 1 0 0 1 0 0 0 0 0
116 1 0 0 1 0 0 0 0 0
117 1 0 0 0 0 0 0 0 0
118 1 0 0 0 0 0 0 0 0
119 1 0 0 0 0 0 0 0 0
122 1 0 0 0 0 0 0 0 0
123 1 0 0 0 0 0 0 0 0
129 1 0 0 1 0 0 0 0 0
130 1 0 0 1 0 0 0 0 0
131 1 0 0 0 0 0 0 0 0
132 1 0 0 0 0 0 0 0 0
136 1 0 0 1 0 0 0 0 0
137 1 0 0 1 0 0 0 0 0
139 1 0 0 1 0 0 0 0 0
140 1 0 0 1 0 0 0 0 0
141 1 0 0 1 0 0 0 0 0
142 1 0 0 1 0 0 0 0 0
145 1 0 0 0 0 0 0 0 0
146 1 0 0 0 0 0 0 0 0
147 1 0 0 0 0 0 0 0 0
148 1 0 0 0 0 0 0 0 0
149 1 0 0 0 0 0 0 0 0
150 1 0 0 0 0 0 0 0 0
152 2 0 0 1 0 0 0 0 0
156 39 1 1 0 0 0 0 0 0
166 39 0 0 39 0 0 0 0 0
167 39 0 0 39 0 0 0 0 0
168 39 0 0 0 0 0 0 0 0
171 78 1 1 39 0 0 0 0 0
401 49 1 1 0 0 0 0 0 0
402 49 0 0 0 0 0 0 0 0
407 49 0 0 0 0 0 0 0 0
408 49 0 0 0 0 0 0 0 0
409 49 0 0 0 0 0 0 0 0
410 49 0 0 0 0 0 0 0 0
411 49 0 0 0 0 0 0 0 0
414 49 0 0 49 0 0 0 0 0
415 49 0 0 49 0 0 0 0 0
416 49 0 0 0 0 0 0 0 0
417 49 0 0 0 0 0 0 0 0
420 49 0 0 0 0 0 0 0 0
421 49 0 0 0 0 0 0 0 0
422 10 0 0 0 0 0 0 0 0
423 20 0 0 10 0 0 0 0 0
fl=./string/../sysdeps/x86_64/multiarch/memcmp.c
fn=bcmp
29 6 2 1 2 0 0 0 0 0
fl=./string/../sysdeps/x86_64/multiarch/memmove-vec-unaligned-erms.S
fn=__memcpy_avx_unaligned_erms
264 28 0 0 0 0 0 0 0 0
270 92 1 1 0 0 0 0 0 0
271 92 0 0 0 0 0 0 0 0
273 1 0 0 1 0 0 0 0 0
274 1 0 0 0 0 0 0 0 0
275 1 0 0 0 0 0 0 0 0
278 1 0 0 1 0 0 0 0 0
279 1 0 0 0 0 0 1 1 1
280 1 0 0 0 0 0 1 0 0
283 2 0 0 1 0 0 0 0 0
313 91 0 0 0 0 0 0 0 0
314 91 0 0 0 0 0 0 0 0
316 81 0 0 0 0 0 0 0 0
317 81 0 0 0 0 0 0 0 0
319 63 0 0 0 0 0 0 0 0
323 63 0 0 0 0 0 0 0 0
324 40 1 1 0 0 0 0 0 0
325 40 0 0 0 0 0 0 0 0
326 40 0 0 40 0 0 0 0 0
327 40 0 0 0 0 0 0 0 0
328 22 0 0 22 0 0 0 0 0
329 22 0 0 0 0 0 22 6 0
331 40 0 0 0 0 0 40 0 0
333 40 0 0 40 0 0 0 0 0
339 23 0 0 23 0 0 0 0 0
340 23 0 0 23 0 0 0 0 0
341 23 0 0 0 0 0 23 10 9
342 23 0 0 0 0 0 23 0 0
343 23 0 0 23 0 0 0 0 0
350 10 0 0 10 3 3 0 0 0
351 10 0 0 10 0 0 0 0 0
352 10 0 0 0 0 0 10 3 3
353 10 0 0 0 0 0 10 0 0
355 10 0 0 10 0 0 0 0 0
372 18 1 1 18 0 0 0 0 0
373 18 0 0 18 0 0 0 0 0
374 18 0 0 0 0 0 18 2 1
375 18 0 0 0 0 0 18 0 0
376 18 0 0 18 0 0 0 0 0
fn=__mempcpy_avx_unaligned_erms
251 64 2 1 0 0 0 0 0 0
252 64 0 0 0 0 0 0 0 0
253 64 0 0 0 0 0 0 0 0
fn=memcpy
219 32 2 2 0 0 0 0 0 0
225 77 0 0 0 0 0 0 0 0
226 77 0 0 0 0 0 0 0 0
228 32 0 0 32 2 1 0 0 0
229 32 0 0 0 0 0 0 0 0
230 32 0 0 0 0 0 0 0 0
232 16 0 0 16 0 0 0 0 0
233 16 0 0 0 0 0 16 8 8
234 16 0 0 0 0 0 16 0 0
236 16 0 0 16 0 0 0 0 0
316 45 0 0 0 0 0 0 0 0
317 45 0 0 0 0 0 0 0 0
319 13 0 0 0 0 0 0 0 0
323 13 0 0 0 0 0 0 0 0
324 8 0 0 0 0 0 0 0 0
325 8 0 0 0 0 0 0 0 0
326 3 0 0 3 2 2 0 0 0
327 3 0 0 0 0 0 0 0 0
328 2 0 0 2 0 0 0 0 0
329 2 0 0 0 0 0 2 0 0
331 3 0 0 0 0 0 3 1 1
333 8 0 0 8 0 0 0 0 0
339 5 0 0 5 0 0 0 0 0
340 5 0 0 5 0 0 0 0 0
341 5 0 0 0 0 0 5 0 0
342 5 0 0 0 0 0 5 0 0
343 5 0 0 5 0 0 0 0 0
372 32 1 1 32 0 0 0 0 0
373 32 0 0 32 0 0 0 0 0
374 32 0 0 0 0 0 32 7 7
375 32 0 0 0 0 0 32 1 1
376 32 0 0 32 0 0 0 0 0
383 15 1 1 15 0 0 0 0 0
384 15 0 0 15 0 0 0 0 0
385 15 0 0 0 0 0 15 4 4
386 15 0 0 0 0 0 15 3 3
387 15 0 0 0 0 0 15 1 1
388 15 0 0 0 0 0 15 0 0
389 15 0 0 15 0 0 0 0 0
400 16 2 2 0 0 0 0 0 0
401 16 0 0 0 0 0 0 0 0
403 15 0 0 15 0 0 0 0 0
404 15 0 0 0 0 0 0 0 0
405 15 0 0 0 0 0 0 0 0
425 1 1 1 0 0 0 0 0 0
426 1 0 0 0 0 0 0 0 0
430 1 0 0 0 0 0 0 0 0
432 1 0 0 0 0 0 0 0 0
448 1 0 0 0 0 0 0 0 0
451 1 0 0 0 0 0 0 0 0
453 1 0 0 0 0 0 0 0 0
455 1 0 0 0 0 0 0 0 0
459 1 0 0 0 0 0 0 0 0
460 1 0 0 0 0 0 0 0 0
469 1 0 0 1 1 1 0 0 0
470 1 1 1 1 1 1 0 0 0
472 1 0 0 0 0 0 0 0 0
474 1 0 0 0 0 0 0 0 0
475 1 0 0 1 0 0 0 0 0
476 1 0 0 1 0 0 0 0 0
479 1 0 0 0 0 0 0 0 0
481 1 0 0 0 0 0 0 0 0
483 1 0 0 0 0 0 0 0 0
485 1 0 0 0 0 0 0 0 0
491 3 0 0 3 0 0 0 0 0
492 3 0 0 3 0 0 0 0 0
493 3 0 0 3 0 0 0 0 0
494 3 0 0 3 2 2 0 0 0
495 3 0 0 0 0 0 0 0 0
496 3 0 0 0 0 0 3 1 1
497 3 0 0 0 0 0 3 0 0
498 3 0 0 0 0 0 3 0 0
499 3 1 1 0 0 0 3 3 3
500 3 0 0 0 0 0 0 0 0
501 3 0 0 0 0 0 0 0 0
502 3 0 0 0 0 0 0 0 0
504 1 0 0 0 0 0 1 1 1
505 1 0 0 0 0 0 1 0 0
506 1 0 0 0 0 0 1 0 0
507 1 0 0 0 0 0 1 0 0
509 1 0 0 0 0 0 1 0 0
513 1 0 0 1 0 0 0 0 0
fn=mempcpy
206 45 2 1 0 0 0 0 0 0
207 45 0 0 0 0 0 0 0 0
208 45 0 0 0 0 0 0 0 0
fl=./string/../sysdeps/x86_64/multiarch/memrchr.c
fn=memrchr
29 2 0 0 1 0 0 0 0 0
fl=./string/../sysdeps/x86_64/multiarch/rawmemchr.c
fn=rawmemchr
31 1 0 0 1 0 0 0 0 0
fl=./string/../sysdeps/x86_64/multiarch/stpcpy.c
fn=stpcpy
33 2 0 0 1 0 0 0 0 0
fl=./string/../sysdeps/x86_64/multiarch/stpncpy.c
fn=stpncpy
31 2 1 1 1 0 0 0 0 0
fl=./string/../sysdeps/x86_64/multiarch/strcasecmp.c
fn=strcasecmp
31 2 0 0 1 0 0 0 0 0
fl=./string/../sysdeps/x86_64/multiarch/strcasecmp_l.c
fn=strcasecmp_l
31 2 0 0 1 0 0 0 0 0
fl=./string/../sysdeps/x86_64/multiarch/strcat.c
fn=strcat
29 2 0 0 1 0 0 0 0 0
fl=./string/../sysdeps/x86_64/multiarch/strchr-avx2.S
fn=__strchrnul_avx2
55 36 1 1 0 0 0 0 0 0
56 36 0 0 0 0 0 0 0 0
57 36 0 0 0 0 0 0 0 0
58 36 0 0 0 0 0 0 0 0
59 36 0 0 0 0 0 0 0 0
62 36 0 0 0 0 0 0 0 0
63 36 0 0 0 0 0 0 0 0
67 36 1 1 36 0 0 0 0 0
68 36 0 0 0 0 0 0 0 0
69 36 0 0 0 0 0 0 0 0
70 36 0 0 0 0 0 0 0 0
71 36 0 0 0 0 0 0 0 0
72 36 0 0 0 0 0 0 0 0
73 36 0 0 0 0 0 0 0 0
74 36 0 0 0 0 0 0 0 0
87 36 0 0 0 0 0 0 0 0
89 72 0 0 36 0 0 0 0 0
fl=./string/../sysdeps/x86_64/multiarch/strchr.c
fn=index
42 2 1 1 0 0 0 0 0 0
43 4 1 1 2 0 0 0 0 0
44 3 0 0 1 0 0 0 0 0
47 2 0 0 0 0 0 0 0 0
48 2 0 0 0 0 0 0 0 0
51 3 0 0 0 0 0 0 0 0
54 3 0 0 0 0 0 0 0 0
65 2 1 1 1 0 0 0 0 0
fl=./string/../sysdeps/x86_64/multiarch/strchrnul.c
fn=strchrnul
31 2 0 0 1 0 0 0 0 0
fl=./string/../sysdeps/x86_64/multiarch/strcmp-avx2.S
fn=__strcmp_avx2
249 26 1 1 0 0 0 0 0 0
274 26 0 0 0 0 0 0 0 0
275 26 0 0 0 0 0 0 0 0
276 26 0 0 0 0 0 0 0 0
278 26 0 0 0 0 0 0 0 0
279 26 0 0 0 0 0 0 0 0
283 26 0 0 26 0 0 0 0 0
287 26 0 0 26 9 5 0 0 0
289 26 0 0 0 0 0 0 0 0
291 26 0 0 0 0 0 0 0 0
294 26 0 0 0 0 0 0 0 0
303 26 0 0 0 0 0 0 0 0
304 52 0 0 0 0 0 0 0 0
308 26 10 6 0 0 0 0 0 0
318 26 0 0 26 0 0 0 0 0
319 26 0 0 26 0 0 0 0 0
322 26 0 0 0 0 0 0 0 0
326 52 0 0 26 0 0 0 0 0
953 26 1 1 0 0 0 0 0 0
954 26 0 0 0 0 0 0 0 0
fl=./string/../sysdeps/x86_64/multiarch/strcmp.c
fn=strcmp
47 4 0 0 0 0 0 0 0 0
48 8 2 1 4 2 0 0 0 0
49 6 4 2 2 0 0 0 0 0
52 4 0 0 0 0 0 0 0 0
53 4 0 0 0 0 0 0 0 0
56 6 0 0 0 0 0 0 0 0
59 6 0 0 0 0 0 0 0 0
79 4 0 0 2 0 0 0 0 0
fl=./string/../sysdeps/x86_64/multiarch/strcpy.c
fn=strcpy
29 2 1 1 1 0 0 0 0 0
fl=./string/../sysdeps/x86_64/multiarch/strcspn.c
fn=strcspn
29 1 0 0 1 0 0 0 0 0
fl=./string/../sysdeps/x86_64/multiarch/strlen-avx2.S
fn=__strlen_avx2
65 106 1 1 0 0 0 0 0 0
66 106 0 0 0 0 0 0 0 0
67 106 0 0 0 0 0 0 0 0
70 106 0 0 0 0 0 0 0 0
72 106 0 0 0 0 0 0 0 0
73 106 0 0 0 0 0 0 0 0
76 106 0 0 106 14 11 0 0 0
77 106 0 0 0 0 0 0 0 0
85 106 0 0 0 0 0 0 0 0
86 106 0 0 0 0 0 0 0 0
87 105 0 0 0 0 0 0 0 0
92 210 0 0 105 0 0 0 0 0
143 1 1 1 0 0 0 0 0 0
156 1 0 0 0 0 0 0 0 0
157 1 0 0 0 0 0 0 0 0
158 1 0 0 0 0 0 0 0 0
164 2 0 0 1 0 0 0 0 0
221 1 1 1 0 0 0 0 0 0
236 1 0 0 1 0 0 0 0 0
242 1 0 0 0 0 0 0 0 0
243 1 0 0 0 0 0 0 0 0
244 1 0 0 0 0 0 0 0 0
246 1 0 0 1 1 1 0 0 0
247 1 0 0 0 0 0 0 0 0
248 1 0 0 0 0 0 0 0 0
249 1 0 0 0 0 0 0 0 0
fl=./string/../sysdeps/x86_64/multiarch/strlen.c
fn=strlen
29 4 0 0 2 0 0 0 0 0
fl=./string/../sysdeps/x86_64/multiarch/strncase.c
fn=strncasecmp
31 2 0 0 1 0 0 0 0 0
fl=./string/../sysdeps/x86_64/multiarch/strncase_l.c
fn=strncasecmp_l
31 2 0 0 1 0 0 0 0 0
fl=./string/../sysdeps/x86_64/multiarch/strncmp.c
fn=strncmp
43 2 0 0 0 0 0 0 0 0
44 4 2 2 2 0 0 0 0 0
45 3 1 1 1 0 0 0 0 0
48 2 0 0 0 0 0 0 0 0
49 2 0 0 0 0 0 0 0 0
52 3 0 0 0 0 0 0 0 0
55 5 0 0 0 0 0 0 0 0
67 2 0 0 1 0 0 0 0 0
fl=./string/../sysdeps/x86_64/multiarch/strncpy.c
fn=strncpy
29 2 1 1 1 0 0 0 0 0
fl=./string/../sysdeps/x86_64/multiarch/strnlen.c
fn=strnlen
31 4 0 0 2 0 0 0 0 0
fl=./string/../sysdeps/x86_64/multiarch/strpbrk.c
fn=strpbrk
29 1 0 0 1 0 0 0 0 0
fl=./string/../sysdeps/x86_64/multiarch/strrchr-avx2.S
fn=__strrchr_avx2
54 1 1 1 0 0 0 0 0 0
55 1 0 0 0 0 0 0 0 0
57 1 0 0 0 0 0 0 0 0
58 1 0 0 0 0 0 0 0 0
62 1 0 0 0 0 0 0 0 0
63 1 0 0 0 0 0 0 0 0
64 1 0 0 0 0 0 0 0 0
67 1 0 0 1 1 0 0 0 0
69 1 0 0 0 0 0 0 0 0
70 1 0 0 0 0 0 0 0 0
71 1 0 0 0 0 0 0 0 0
72 1 1 1 0 0 0 0 0 0
75 1 0 0 0 0 0 0 0 0
76 1 0 0 0 0 0 0 0 0
78 1 0 0 0 0 0 0 0 0
79 1 0 0 0 0 0 0 0 0
80 1 0 0 0 0 0 0 0 0
81 1 0 0 0 0 0 0 0 0
82 1 0 0 0 0 0 0 0 0
91 2 0 0 1 0 0 0 0 0
fl=./string/../sysdeps/x86_64/multiarch/strrchr.c
fn=rindex
28 2 0 0 1 0 0 0 0 0
fl=./string/../sysdeps/x86_64/multiarch/strspn.c
fn=strspn
29 1 0 0 1 0 0 0 0 0
fl=./string/./string/strdup.c
fn=strdup
40 24 1 1 0 0 0 12 0 0
41 12 0 0 0 0 0 6 0 0
44 12 0 0 0 0 0 0 0 0
47 24 0 0 0 0 0 0 0 0
48 18 1 1 12 0 0 0 0 0
fl=./time/../sysdeps/unix/sysv/linux/clock_gettime.c
fn=clock_gettime@@GLIBC_2.17
38 72 1 1 72 60 30 0 0 0
40 72 0 0 0 0 0 0 0 0
44 36 0 0 0 0 0 0 0 0
68 72 1 1 0 0 0 0 0 0
69 72 0 0 0 0 0 0 0 0
86 36 0 0 36 0 0 0 0 0
fl=./wcsmbs/../sysdeps/x86_64/multiarch/ifunc-avx2.h
fn=wcschr
38 4 0 0 0 0 0 0 0 0
40 10 1 1 4 0 0 0 0 0
41 4 1 1 2 0 0 0 0 0
42 6 0 0 2 0 0 0 0 0
45 4 0 0 0 0 0 0 0 0
46 4 0 0 0 0 0 0 0 0
49 6 0 0 0 0 0 0 0 0
52 12 1 1 0 0 0 0 0 0
fn=wcscmp
38 2 1 1 0 0 0 0 0 0
40 5 0 0 2 0 0 0 0 0
41 2 0 0 1 0 0 0 0 0
42 3 0 0 1 0 0 0 0 0
45 2 0 0 0 0 0 0 0 0
46 2 0 0 0 0 0 0 0 0
49 3 0 0 0 0 0 0 0 0
52 6 1 1 0 0 0 0 0 0
fl=./wcsmbs/../sysdeps/x86_64/multiarch/ifunc-evex.h
fn=wmemchr
37 4 0 0 0 0 0 0 0 0
38 10 2 2 4 0 0 0 0 0
39 6 0 0 2 0 0 0 0 0
42 4 0 0 0 0 0 0 0 0
43 4 1 1 0 0 0 0 0 0
45 4 0 0 0 0 0 0 0 0
51 6 0 0 0 0 0 0 0 0
54 8 0 0 0 0 0 0 0 0
fl=./wcsmbs/../sysdeps/x86_64/multiarch/ifunc-memcmp.h
fn=wmemcmp
34 5 1 1 2 0 0 0 0 0
35 2 0 0 1 0 0 0 0 0
36 2 0 0 0 0 0 0 0 0
37 3 0 0 1 0 0 0 0 0
40 2 0 0 0 0 0 0 0 0
41 2 0 0 0 0 0 0 0 0
44 3 0 0 0 0 0 0 0 0
47 4 0 0 0 0 0 0 0 0
fl=./wcsmbs/../sysdeps/x86_64/multiarch/ifunc-wcslen.h
fn=wcslen
40 2 0 0 0 0 0 0 0 0
41 4 1 1 2 0 0 0 0 0
42 3 1 1 1 0 0 0 0 0
45 2 0 0 0 0 0 0 0 0
46 2 0 0 0 0 0 0 0 0
49 3 0 0 0 0 0 0 0 0
52 3 0 0 0 0 0 0 0 0
fn=wcsnlen
40 2 0 0 0 0 0 0 0 0
41 4 1 1 2 0 0 0 0 0
42 3 1 1 1 0 0 0 0 0
45 2 0 0 0 0 0 0 0 0
46 2 0 0 0 0 0 0 0 0
49 3 0 0 0 0 0 0 0 0
52 3 0 0 0 0 0 0 0 0
fl=./wcsmbs/../sysdeps/x86_64/multiarch/ifunc-wmemset.h
fn=wmemset
36 10 1 1 4 0 0 0 0 0
37 6 0 0 2 0 0 0 0 0
fl=./wcsmbs/../sysdeps/x86_64/multiarch/wcschr.c
fn=wcschr
31 4 0 0 2 0 0 0 0 0
fl=./wcsmbs/../sysdeps/x86_64/multiarch/wcscmp.c
fn=wcscmp
30 2 0 0 1 0 0 0 0 0
fl=./wcsmbs/../sysdeps/x86_64/multiarch/wcscpy.c
fn=wcscpy
38 5 1 1 2 0 0 0 0 0
44 1 0 0 1 0 0 0 0 0
fl=./wcsmbs/../sysdeps/x86_64/multiarch/wcslen.c
fn=wcslen
29 2 1 1 1 0 0 0 0 0
fl=./wcsmbs/../sysdeps/x86_64/multiarch/wcsnlen.c
fn=wcsnlen
30 2 1 1 1 0 0 0 0 0
fl=./wcsmbs/../sysdeps/x86_64/multiarch/wmemchr.c
fn=wmemchr
31 2 0 0 2 0 0 0 0 0
fl=./wcsmbs/../sysdeps/x86_64/multiarch/wmemcmp.c
fn=wmemcmp
29 3 1 1 1 0 0 0 0 0
fl=./wcsmbs/../sysdeps/x86_64/multiarch/wmemset.c
fn=wmemset
31 2 1 1 2 0 0 0 0 0
fl=./wcsmbs/./wcsmbs/btowc.c
fn=btowc
32 1792 1 1 256 0 0 1024 0 0
37 1792 1 1 0 0 0 0 0 0
42 512 0 0 0 0 0 0 0 0
46 384 1 1 384 1 0 0 0 0
47 256 0 0 256 1 0 0 0 0
49 256 0 0 128 1 0 0 0 0
54 512 1 1 128 0 0 0 0 0
57 1152 0 0 384 0 0 128 0 0
98 1536 0 0 1152 0 0 0 0 0
fl=./wcsmbs/./wcsmbs/wctob.c
fn=wctob
30 896 2 2 128 0 0 512 0 0
39 384 0 0 0 0 0 0 0 0
44 256 0 0 0 0 0 0 0 0
45 128 0 0 0 0 0 0 0 0
81 1024 0 0 768 0 0 0 0 0
fl=./wcsmbs/./wcsmbsload.h
fn=btowc
69 128 0 0 128 1 0 0 0 0
70 384 0 0 128 1 0 0 0 0
fl=./wctype/./wctype/wctype_l.c
fn=wctype_l
26 90 1 1 0 0 0 60 0 0
29 20 1 1 0 0 0 10 0 0
32 20 0 0 20 1 0 0 0 0
33 68 0 0 0 0 0 0 0 0
35 174 0 0 0 0 0 58 0 0
37 410 0 0 0 0 0 49 0 0
40 48 0 0 0 0 0 0 0 0
41 96 0 0 48 0 0 0 0 0
45 10 1 1 10 1 0 0 0 0
46 10 0 0 10 2 0 0 0 0
47 80 0 0 70 0 0 0 0 0
fl=/home/just/OneDrive/Documents/Ucsp/Semestre X/Computacion Paralela y Distribuida/1-Comparacion-bucles-anidados/code/bucles.cpp
fn=_GLOBAL__sub_I__Z5test1PPdS_S_i
63 7 2 2 2 1 0 2 0 0
fn=__static_initialization_and_destruction_0(int, int)
63 12 1 1 4 0 0 3 0 0
fn=main
18 4 1 1 0 0 0 2 0 0
19 9 1 1 0 0 0 9 0 0
20 9 1 1 1 1 0 2 0 0
21 9 0 0 1 0 0 2 0 0
22 31 0 0 19 6 0 1 0 0
23 36 2 1 18 5 0 9 0 0
24 81 0 0 9 0 0 18 0 0
25 204445 1 1 153318 0 0 9 0 0
26 766500 1 1 153300 0 0 102200 6301 5011
28 81 0 0 9 0 0 18 0 0
29 90 1 1 9 0 0 18 0 0
32 204445 8 5 153318 0 0 9 0 0
33 357700 1 1 153300 8 0 51100 45616 6384
34 357700 0 0 102200 0 0 51100 45612 6385
35 3495495500 0 0 2621532200 0 0 51100 0 0
36 10485720000 0 0 4369050000 6389 5868 873810000 109263195 108950800
39 18 1 1 0 0 0 18 18 10
40 54 0 0 36 0 0 9 0 0
41 18 0 0 0 0 0 18 9 5
42 99 1 1 0 0 0 27 9 5
44 72 0 0 18 0 0 18 0 0
45 18 1 1 0 0 0 18 3 0
46 54 0 0 36 3 0 9 0 0
47 18 0 0 0 0 0 18 0 0
48 99 9 6 0 0 0 27 9 5
50 333 2 2 27 18 10 72 0 0
54 45 4 2 18 0 0 9 0 0
55 45 0 0 18 0 0 9 0 0
56 204445 1 1 153318 0 0 9 0 0
57 817600 0 0 306600 6353 125 51100 0 0
59 45 0 0 18 0 0 9 0 0
62 1 0 0 0 0 0 0 0 0
63 3 0 0 3 0 0 0 0 0
fn=test1(double**, double*, double*, int)
8 54 2 0 0 0 0 45 8 5
9 204445 2 2 153318 0 0 9 0 0
10 3495495500 0 0 2621532200 0 0 51100 0 0
11 27088110000 2 1 11359530000 218124780 109174925 873810000 0 0
12 36 0 0 18 0 0 0 0 0
fn=test2(double**, double*, double*, int)
13 54 0 0 0 0 0 45 0 0
14 204445 6 4 153318 0 0 9 0 0
15 3495495500 1 1 2621532200 0 0 51100 0 0
16 27088110000 2 1 11359530000 1092178975 827715245 873810000 0 0
17 36 0 0 18 0 0 0 0 0
fl=/usr/include/c++/12/bits/chrono.h
fn=std::chrono::duration<double, std::ratio<1l, 1l> > std::chrono::__duration_cast_impl<std::chrono::duration<double, std::ratio<1l, 1l> >, std::ratio<1l, 1000000000l>, double, true, false>::__cast<long, std::ratio<1l, 1000000000l> >(std::chrono::duration<long, std::ratio<1l, 1000000000l> > const&)
208 72 1 1 0 0 0 36 0 0
211 108 0 0 0 0 0 36 0 0
212 162 1 1 54 18 10 18 0 0
213 54 0 0 36 0 0 0 0 0
fn=std::chrono::duration<double, std::ratio<1l, 1l> >::count() const
521 108 5 1 0 0 0 72 0 0
522 216 0 0 144 0 0 0 0 0
fn=std::chrono::duration<double, std::ratio<1l, 1l> >::duration<double, void>(double const&)
505 72 3 2 0 0 0 54 0 0
506 126 3 2 90 0 0 18 0 0
fn=std::chrono::duration<double, std::ratio<1l, 1l> >::duration<long, std::ratio<1l, 1000000000l>, void>(std::chrono::duration<long, std::ratio<1l, 1000000000l> > const&)
513 90 0 0 0 0 0 54 0 0
514 270 0 0 72 0 0 72 0 0
fn=std::chrono::duration<long, std::ratio<1l, 1000000000l> >::count() const
521 162 0 0 0 0 0 108 0 0
522 216 0 0 216 0 0 0 0 0
fn=std::chrono::duration<long, std::ratio<1l, 1000000000l> >::duration<long, void>(long const&)
505 72 0 0 0 0 0 54 0 0
506 126 0 0 90 0 0 18 0 0
fn=std::chrono::time_point<std::chrono::_V2::system_clock, std::chrono::duration<long, std::ratio<1l, 1000000000l> > >::time_since_epoch() const
882 108 2 1 0 0 0 72 0 0
883 144 0 0 144 9 5 0 0 0
fn=std::common_type<std::chrono::duration<long, std::ratio<1l, 1000000000l> >, std::chrono::duration<long, std::ratio<1l, 1000000000l> > >::type std::chrono::operator-<long, std::ratio<1l, 1000000000l>, long, std::ratio<1l, 1000000000l> >(std::chrono::duration<long, std::ratio<1l, 1000000000l> > const&, std::chrono::duration<long, std::ratio<1l, 1000000000l> > const&)
644 108 5 2 0 0 0 72 18 10
650 396 9 6 90 0 0 108 0 0
651 54 8 6 54 0 0 0 0 0
fn=std::common_type<std::chrono::duration<long, std::ratio<1l, 1000000000l> >, std::chrono::duration<long, std::ratio<1l, 1000000000l> > >::type std::chrono::operator-<std::chrono::_V2::system_clock, std::chrono::duration<long, std::ratio<1l, 1000000000l> >, std::chrono::duration<long, std::ratio<1l, 1000000000l> > >(std::chrono::time_point<std::chrono::_V2::system_clock, std::chrono::duration<long, std::ratio<1l, 1000000000l> > > const&, std::chrono::time_point<std::chrono::_V2::system_clock, std::chrono::duration<long, std::ratio<1l, 1000000000l> > > const&)
1026 90 9 6 0 0 0 54 0 0
1028 270 0 0 72 0 0 90 0 0
fn=std::enable_if<std::chrono::__is_duration<std::chrono::duration<double, std::ratio<1l, 1l> > >::value, std::chrono::duration<double, std::ratio<1l, 1l> > >::type std::chrono::duration_cast<std::chrono::duration<double, std::ratio<1l, 1l> >, long, std::ratio<1l, 1000000000l> >(std::chrono::duration<long, std::ratio<1l, 1000000000l> > const&)
252 72 9 6 0 0 0 36 0 0
260 72 0 0 18 0 0 18 0 0
261 54 1 1 36 0 0 0 0 0
fl=/usr/include/c++/12/bits/stl_algobase.h
fn=__gnu_cxx::__enable_if<std::__is_scalar<double>::__value, void>::__type std::__fill_a1<double*, double>(double*, double*, double const&)
917 45 0 0 0 0 0 36 9 5
920 27 0 0 18 0 0 9 0 0
921 204436 1 1 153318 0 0 0 0 0
922 153300 0 0 102200 0 0 51100 6376 5891
923 36 0 0 18 0 0 0 0 0
fn=double* std::__fill_n_a<double*, int, double>(double*, int, double const&, std::random_access_iterator_tag)
1108 54 0 0 0 0 0 36 0 0
1114 18 0 0 9 0 0 0 0 0
1119 90 0 0 36 0 0 9 0 0
1120 45 0 0 18 0 0 0 0 0
1121 18 0 0 18 0 0 0 0 0
fn=double* std::fill_n<double*, int, double>(double*, int, double const&)
1143 54 0 0 0 0 0 36 0 0
1148 81 0 0 27 0 0 18 0 0
1149 27 0 0 0 0 0 9 0 0
1150 18 0 0 18 3 3 0 0 0
fn=std::__size_to_integer(int)
1003 54 0 0 27 0 0 18 0 0
fn=void std::__fill_a<double*, double>(double*, double*, double const&)
967 54 0 0 0 0 0 36 0 0
968 81 0 0 45 3 3 9 0 0
fl=/usr/include/c++/12/bits/stl_iterator_base_types.h
fn=std::iterator_traits<double*>::iterator_category std::__iterator_category<double*>(double* const&)
238 27 0 0 0 0 0 18 0 0
239 27 0 0 18 0 0 0 0 0
fl=/usr/include/c++/12/iostream
fn=__static_initialization_and_destruction_0(int, int)
74 10 0 0 1 1 0 2 0 0
fl=???
fn=(below main)
0 11 2 2 2 1 0 3 0 0
fn=???
0 312513 332 284 309571 5832 223 1045 52 33
fn=__cpu_indicator_init
0 128 11 11 13 3 2 17 0 0
fn=__cxa_get_globals
0 14 1 1 2 0 0 2 0 0
fn=__cxxabiv1::__si_class_type_info::__do_dyncast(long, __cxxabiv1::__class_type_info::__sub_kind, __cxxabiv1::__class_type_info const*, void const*, __cxxabiv1::__class_type_info const*, void const*, __cxxabiv1::__class_type_info::__dyncast_result&) const
0 1480 4 4 440 1 0 360 0 0
fn=__cxxabiv1::__vmi_class_type_info::__do_dyncast(long, __cxxabiv1::__class_type_info::__sub_kind, __cxxabiv1::__class_type_info const*, void const*, __cxxabiv1::__class_type_info const*, void const*, __cxxabiv1::__class_type_info::__dyncast_result&) const
0 1664 11 6 546 30 17 390 0 0
fn=__dynamic_cast
0 3234 33 19 1056 50 20 660 0 0
fn=__gnu_cxx::stdio_sync_filebuf<char, std::char_traits<char> >::overflow(int)
0 77 10 6 11 0 0 0 0 0
fn=__gnu_cxx::stdio_sync_filebuf<char, std::char_traits<char> >::sync()
0 48 10 6 16 2 1 0 0 0
fn=__gnu_cxx::stdio_sync_filebuf<char, std::char_traits<char> >::xsputn(char const*, long)
0 282 2 2 47 9 5 0 0 0
fn=__gnu_cxx::stdio_sync_filebuf<wchar_t, std::char_traits<wchar_t> >::sync()
0 15 0 0 5 2 2 0 0 0
fn=bool std::has_facet<std::ctype<char> >(std::locale const&)
0 88 2 2 36 2 0 12 0 0
fn=bool std::has_facet<std::ctype<wchar_t> >(std::locale const&)
0 88 2 2 36 2 0 12 0 0
fn=bool std::has_facet<std::num_get<char, std::istreambuf_iterator<char, std::char_traits<char> > > >(std::locale const&)
0 88 1 1 36 0 0 12 0 0
fn=bool std::has_facet<std::num_get<wchar_t, std::istreambuf_iterator<wchar_t, std::char_traits<wchar_t> > > >(std::locale const&)
0 88 0 0 36 0 0 12 0 0
fn=bool std::has_facet<std::num_put<char, std::ostreambuf_iterator<char, std::char_traits<char> > > >(std::locale const&)
0 88 2 2 36 1 0 12 0 0
fn=bool std::has_facet<std::num_put<wchar_t, std::ostreambuf_iterator<wchar_t, std::char_traits<wchar_t> > > >(std::locale const&)
0 88 2 2 36 1 0 12 0 0
fn=operator delete(void*)
0 102254 5 2 0 0 0 0 0 0
fn=operator delete[](void*)
0 102254 0 0 0 0 0 0 0 0
fn=operator new(unsigned long)
0 613524 8 6 102254 0 0 102254 0 0
fn=operator new[](unsigned long)
0 102254 1 1 0 0 0 0 0 0
fn=std::__cxx11::messages<char>::messages(unsigned long)
0 20 1 1 4 1 0 8 1 1
fn=std::__cxx11::messages<wchar_t>::messages(unsigned long)
0 20 2 2 4 0 0 8 0 0
fn=std::__cxx11::moneypunct<char, false>::_M_initialize_moneypunct(__locale_struct*, char const*)
0 113 4 4 38 1 1 31 0 0
fn=std::__cxx11::moneypunct<char, true>::_M_initialize_moneypunct(__locale_struct*, char const*)
0 113 5 5 38 0 0 31 0 0
fn=std::__cxx11::moneypunct<wchar_t, false>::_M_initialize_moneypunct(__locale_struct*, char const*)
0 102 5 5 27 1 0 30 0 0
fn=std::__cxx11::moneypunct<wchar_t, true>::_M_initialize_moneypunct(__locale_struct*, char const*)
0 102 5 5 27 0 0 30 0 0
fn=std::__cxx11::numpunct<char>::_M_initialize_numpunct(__locale_struct*)
0 414 5 5 137 4 2 75 0 0
fn=std::__cxx11::numpunct<wchar_t>::_M_initialize_numpunct(__locale_struct*)
0 350 4 4 74 1 1 74 3 3
fn=std::__num_base::_S_format_float(std::ios_base const&, char*, char)
0 558 12 8 54 9 6 72 0 0
fn=std::__timepunct<char>::_M_initialize_timepunct(__locale_struct*)
0 149 15 15 6 0 0 29 0 0
fn=std::__timepunct<char>::__timepunct(std::__timepunct_cache<char>*, unsigned long)
0 23 2 2 4 0 0 9 1 1
fn=std::__timepunct<wchar_t>::_M_initialize_timepunct(__locale_struct*)
0 149 14 14 6 0 0 29 0 0
fn=std::__timepunct<wchar_t>::__timepunct(std::__timepunct_cache<wchar_t>*, unsigned long)
0 23 2 2 4 0 0 9 0 0
fn=std::basic_ios<char, std::char_traits<char> >::_M_cache_locale(std::locale const&)
0 124 2 2 12 0 0 44 0 0
fn=std::basic_ios<char, std::char_traits<char> >::init(std::basic_streambuf<char, std::char_traits<char> >*)
0 92 2 2 12 0 0 36 0 0
fn=std::basic_ios<wchar_t, std::char_traits<wchar_t> >::_M_cache_locale(std::locale const&)
0 124 2 2 12 0 0 44 0 0
fn=std::basic_ios<wchar_t, std::char_traits<wchar_t> >::init(std::basic_streambuf<wchar_t, std::char_traits<wchar_t> >*)
0 92 2 2 12 0 0 40 0 0
fn=std::basic_ostream<char, std::char_traits<char> >& std::__ostream_insert<char, std::char_traits<char> >(std::basic_ostream<char, std::char_traits<char> >&, char const*, long)
0 1000 18 12 420 2 0 220 0 0
fn=std::basic_ostream<char, std::char_traits<char> >& std::endl<char, std::char_traits<char> >(std::basic_ostream<char, std::char_traits<char> >&)
0 226 10 8 79 8 5 34 0 0
fn=std::basic_ostream<char, std::char_traits<char> >& std::operator<< <std::char_traits<char> >(std::basic_ostream<char, std::char_traits<char> >&, char const*)
0 380 2 2 60 0 0 80 0 0
fn=std::basic_ostream<wchar_t, std::char_traits<wchar_t> >::flush()
0 142 3 3 67 10 10 18 0 0
fn=std::basic_ostream<wchar_t, std::char_traits<wchar_t> >::sentry::sentry(std::basic_ostream<wchar_t, std::char_traits<wchar_t> >&)
0 99 2 2 34 1 1 21 0 0
fn=std::chrono::_V2::system_clock::now()
0 324 3 2 108 0 0 36 0 0
fn=std::codecvt<char, char, __mbstate_t>::codecvt(unsigned long)
0 18 2 2 4 0 0 6 2 2
fn=std::codecvt<wchar_t, char, __mbstate_t>::codecvt(unsigned long)
0 18 2 2 4 1 0 6 1 1
fn=std::ctype<char> const& std::use_facet<std::ctype<char> >(std::locale const&)
0 440 11 7 198 36 20 66 0 0
fn=std::ctype<char>::_M_widen_init() const
0 726 10 10 33 5 3 37 4 0
fn=std::ctype<char>::ctype(unsigned short const*, bool, unsigned long)
0 116 5 5 8 1 0 79 9 9
fn=std::ctype<wchar_t> const& std::use_facet<std::ctype<wchar_t> >(std::locale const&)
0 80 2 2 36 0 0 12 0 0
fn=std::ctype<wchar_t>::_M_convert_to_wmask(unsigned short) const
0 146 6 6 12 0 0 0 0 0
fn=std::ctype<wchar_t>::_M_initialize_ctype()
0 2733 5 5 5 0 0 810 20 20
fn=std::ctype<wchar_t>::ctype(unsigned long)
0 20 2 2 3 0 0 7 1 1
fn=std::error_category::error_category()
0 10 1 1 4 1 0 2 0 0
fn=std::error_category::~error_category()
0 4 0 0 2 0 0 0 0 0
fn=std::future_category()
0 3 1 1 1 0 0 0 0 0
fn=std::ios_base::Init::Init()
0 273 29 29 51 13 1 146 16 3
fn=std::ios_base::Init::~Init()
0 25 3 3 10 8 8 7 0 0
fn=std::ios_base::_M_init()
0 160 2 2 32 1 1 56 0 0
fn=std::ios_base::ios_base()
0 464 3 3 8 0 0 192 31 19
fn=std::locale::_Impl::_Impl(unsigned long)
0 661 55 55 85 24 1 384 50 50
fn=std::locale::_Impl::_M_install_facet(std::locale::id const*, std::locale::facet const*)
0 12128 7 7 3552 1 0 256 0 0
fn=std::locale::facet::_S_create_c_locale(__locale_struct*&, char const*, __locale_struct*)
0 10 2 2 2 0 0 3 0 0
fn=std::locale::facet::_S_get_c_locale()
0 288 4 2 64 9 5 32 0 0
fn=std::locale::facet::_S_get_c_name()
0 21 1 1 7 0 0 0 0 0
fn=std::locale::id::_M_id() const
0 1362 1 1 454 27 14 96 0 0
fn=std::locale::locale()
0 374 3 3 132 0 0 132 2 1
fn=std::locale::locale(std::locale::_Impl*)
0 3 1 1 1 0 0 1 0 0
fn=std::locale::operator=(std::locale const&)
0 160 2 2 56 0 0 24 0 0
fn=std::locale::~locale()
0 64 2 2 32 0 0 8 0 0
fn=std::messages<char>::messages(unsigned long)
0 20 2 2 4 0 0 8 1 1
fn=std::messages<wchar_t>::messages(unsigned long)
0 20 1 1 4 0 0 8 0 0
fn=std::moneypunct<char, false>::_M_initialize_moneypunct(__locale_struct*, char const*)
0 113 4 4 38 0 0 31 1 0
fn=std::moneypunct<char, true>::_M_initialize_moneypunct(__locale_struct*, char const*)
0 113 5 5 38 0 0 31 0 0
fn=std::moneypunct<wchar_t, false>::_M_initialize_moneypunct(__locale_struct*, char const*)
0 102 6 6 27 0 0 30 0 0
fn=std::moneypunct<wchar_t, true>::_M_initialize_moneypunct(__locale_struct*, char const*)
0 102 4 4 27 0 0 30 0 0
fn=std::num_get<char, std::istreambuf_iterator<char, std::char_traits<char> > > const& std::use_facet<std::num_get<char, std::istreambuf_iterator<char, std::char_traits<char> > > >(std::locale const&)
0 80 1 1 36 0 0 12 0 0
fn=std::num_get<wchar_t, std::istreambuf_iterator<wchar_t, std::char_traits<wchar_t> > > const& std::use_facet<std::num_get<wchar_t, std::istreambuf_iterator<wchar_t, std::char_traits<wchar_t> > > >(std::locale const&)
0 80 1 1 36 0 0 12 0 0
fn=std::num_put<char, std::ostreambuf_iterator<char, std::char_traits<char> > > const& std::use_facet<std::num_put<char, std::ostreambuf_iterator<char, std::char_traits<char> > > >(std::locale const&)
0 80 2 2 36 0 0 12 0 0
fn=std::num_put<char, std::ostreambuf_iterator<char, std::char_traits<char> > >::do_put(std::ostreambuf_iterator<char, std::char_traits<char> >, std::ios_base&, char, double) const
0 72 1 1 0 0 0 0 0 0
fn=std::num_put<char, std::ostreambuf_iterator<char, std::char_traits<char> > >::do_put(std::ostreambuf_iterator<char, std::char_traits<char> >, std::ios_base&, char, long) const
0 27 1 1 0 0 0 0 0 0
fn=std::num_put<wchar_t, std::ostreambuf_iterator<wchar_t, std::char_traits<wchar_t> > > const& std::use_facet<std::num_put<wchar_t, std::ostreambuf_iterator<wchar_t, std::char_traits<wchar_t> > > >(std::locale const&)
0 80 2 2 36 0 0 12 0 0
fn=std::numpunct<char>::_M_initialize_numpunct(__locale_struct*)
0 414 6 6 137 0 0 75 0 0
fn=std::numpunct<wchar_t>::_M_initialize_numpunct(__locale_struct*)
0 350 6 6 74 0 0 74 0 0
fn=std::ostream& std::ostream::_M_insert<double>(double)
0 918 30 16 360 0 0 144 0 0
fn=std::ostream& std::ostream::_M_insert<long>(long)
0 471 7 6 184 29 15 74 0 0
fn=std::ostream::flush()
0 505 3 3 243 20 10 62 0 0
fn=std::ostream::operator<<(double)
0 36 3 2 0 0 0 0 0 0
fn=std::ostream::operator<<(int)
0 99 9 6 27 18 10 0 0 0
fn=std::ostream::operator<<(std::ostream& (*)(std::ostream&))
0 22 1 1 0 0 0 0 0 0
fn=std::ostream::put(char)
0 396 20 10 176 0 0 55 0 0
fn=std::ostream::sentry::sentry(std::ostream&)
0 1686 2 2 586 11 6 366 0 0
fn=std::ostreambuf_iterator<char, std::char_traits<char> > std::num_put<char, std::ostreambuf_iterator<char, std::char_traits<char> > >::_M_insert_float<double>(std::ostreambuf_iterator<char, std::char_traits<char> >, std::ios_base&, char, char, double) const
0 2178 36 24 414 0 0 504 0 0
fn=std::ostreambuf_iterator<char, std::char_traits<char> > std::num_put<char, std::ostreambuf_iterator<char, std::char_traits<char> > >::_M_insert_int<long>(std::ostreambuf_iterator<char, std::char_traits<char> >, std::ios_base&, char, long) const
0 747 13 9 135 18 10 153 8 5
fn=std::uncaught_exception()
0 16 2 2 4 1 1 2 0 0
summary: 75179146388 3232 2701 34961018140 1310494418 937003704 2624880240 109444509 109045063
