# callgrind format
version: 1
creator: callgrind-3.19.0
pid: 39452
cmd:  ./matrices.exe
part: 1


desc: I1 cache: 32768 B, 64 B, 8-way associative
desc: D1 cache: 32768 B, 64 B, 8-way associative
desc: LL cache: 16777216 B, 64 B, 16-way associative

desc: Timerange: Basic block 0 - 47207155798
desc: Trigger: Program termination

positions: line
events: Ir Dr Dw I1mr D1mr D1mw ILmr DLmr DLmw Bc Bcm Bi Bim
summary: 1091226785158 447725376085 83831276072 3433 11385452060 2217845 2251 313593334 1614600 27234687680 148232859 78428 2855


ob=(3) /usr/lib/x86_64-linux-gnu/libc.so.6
fl=(158) ./malloc/./malloc/morecore.c
fn=(918) __glibc_morecore
26 1306 653 0 6 0 0 2 0 0 653
-1 653
+4 653 0 653 2 0 0 1
cfi=(159) ./misc/./misc/sbrk.c
cfn=(920) sbrk
calls=653 +8 
* 22265 6373 3760 10 24 8 5 3 0 4513 41
+1 1306 0 0 0 0 0 0 0 0 653 3
+4 260 130
-7 523
+7 1046 523

fl=(180) ./csu/../sysdeps/nptl/libc_start_call_main.h
fn=(1614) (below main)
29 2 0 1 1 0 0 1
+15 1
-15 5 1 3
+15 1 0 1 1 0 0 1
cfi=(181) ./setjmp/../sysdeps/x86_64/bsd-_setjmp.S
cfn=(1616) _setjmp
calls=1 -14 
* 28 6 10 4 0 0 4 0 0 1 1
+2 2 0 0 0 0 0 0 0 0 1
+5 2 1 1 0 1
+1 2 1 1 0 1
+3 2 0 1
+3 6 5 1 1 2 0 1 0 0 0 0 1 1
cob=(8) /home/just/OneDrive/Documents/Ucsp/Semestre X/Computacion Paralela y Distribuida/1-Comparacion-bucles-anidados/code/matrices.exe
cfi=(164) /home/just/OneDrive/Documents/Ucsp/Semestre X/Computacion Paralela y Distribuida/1-Comparacion-bucles-anidados/code/matrices.cpp
cfn=(1622) main
calls=1 -21 
* 1091224951309 447724917009 83831116652 1765 11385439466 2215299 617 313586402 1612907 27234396046 148219972 73241 1677

fl=(148) ./misc/./misc/init-misc.c
fn=(556) __init_misc
31 2 0 0 1 0 0 1 0 0 1
-1 4 0 2
+1 3 1 0 1 0 0 1 0 0 1
+2 3 0 1
cfi=(149) ./string/../sysdeps/x86_64/multiarch/strrchr-avx2.S
cfn=(560) __strrchr_avx2
calls=1 +21 
* 21 2 0 2 1 0 2 0 0 3
* 1 1 0 1 1 0 1 0 0 0 0 1 1
+4 5 1 1 0 0 1
+1 3 2 1
+2 4 3

fl=(184) ./libio/./libio/iofwrite.c
fn=(1652) fwrite
31 678 0 678 1 0 0 1
+1 226
-1 226 0 226
+1 226
-1 678 0 452 1 0 0 1
+4 452 0 0 0 0 0 0 0 0 226
+2 3842 1130 678 1 89 0 1 16 0 678 12
+1 679 226 1 0 21 0 0 4 0 226 10
+1 1 1
fi=(190) ./libio/./libio/libioP.h
940 3 0 0 1 0 0 1
+2 2
+1 2 0 0 0 0 0 0 0 0 1
fe=(184)
39 225 225
fi=(190)
940 675
+2 450
+1 450 0 0 0 0 0 0 0 0 225
fe=(184)
39 904 226 226 0 21 20 0 4 4 0 0 226 1
cfi=(185) ./libio/./libio/fileops.c
cfn=(1654) _IO_file_xsputn@@GLIBC_2.2.5
calls=226 1204 
* 20863 4456 2469 65 57 72 46 9 14 4377 370 251 110
+6 452
fi=(190)
883 452 226 0 0 0 0 0 0 0 226 3
+1 1808 452 678 1 0 0 1 0 0 678 2
fe=(184)
45 452 0 0 0 0 0 0 0 0 226 5
+1 226
+3 2034 1582
-11 450 0 0 0 0 0 0 0 0 225 11

fl=(188) ./io/../sysdeps/unix/sysv/linux/fstat64.c
fn=(1664) fstat
29 1 0 0 1 0 0 1
+1 2 0 0 0 0 0 0 0 0 1
+5 3 0 0 1 0 0 1
cfi=(189) ./io/../sysdeps/unix/sysv/linux/fstatat64.c
cfn=(1666) fstatat
calls=1 154 
* 7 1 0 1 0 0 1 0 0 1

fl=(192) ./string/../sysdeps/x86_64/multiarch/memmove-vec-unaligned-erms.S
fn=(1690) __mempcpy_avx_unaligned_erms
251 289 0 0 1 0 0 1
+1 289
+1 289
+17 289 0 0 1 0 0 1
+1 289 0 0 0 0 0 0 0 0 289 13
+2 1 1
+1 1
+1 1 0 0 0 0 0 0 0 0 1
+3 1 1
+1 1 0 1
+1 1 0 1
+3 2 1
+30 288
+1 288 0 0 0 0 0 0 0 0 288
+2 288
+1 288 0 0 0 0 0 0 0 0 288 31
+2 257
+4 257 0 0 0 0 0 0 0 0 257 41
+1 220 0 0 1 0 0 1
+1 220 0 0 0 0 0 0 0 0 220
+1 220 220
+1 220 0 0 0 0 0 0 0 0 220 3
+1 156 156
+1 156 0 156 0 0 30 0 0 2
+2 156 0 156
+2 156 156
-2 64 0 64
+2 64 64
+6 37 37
+1 37 37
+1 37 0 37 0 0 12 0 0 6
+1 37 0 37
+1 37 37
+29 31 31
+1 31 31
+1 31 0 31 0 0 4
+1 31 0 31 0 0 4
+1 31 31

fn=(1692) __memcpy_avx_unaligned_erms
264 120
+6 120
+1 120 0 0 0 0 0 0 0 0 120 9
+42 120
+1 120 0 0 0 0 0 0 0 0 120 4
+2 64
+1 64 0 0 0 0 0 0 0 0 64 6
+2 33
+4 33 0 0 0 0 0 0 0 0 33 2
+16 33 33
+1 33 33
+1 33 0 33
+1 33 0 33
+1 33 33
+7 56 56 0 0 12 0 0 4
+1 56 56
+1 56 0 56
+1 56 0 56
+2 56 56
+17 31 31 0 1 0 0 1
+1 31 31
+1 31 0 31
+1 31 0 31
+1 31 31

fl=(217) ./misc/../sysdeps/unix/sysv/linux/mmap64.c
fn=(1966) mmap
47 523 0 0 2 0 0 2
+3 1046 0 0 0 0 0 0 0 0 523
+8 2092 0 0 0 0 0 0 0 0 523
+2 523 523

fl=(193) ./time/../sysdeps/unix/sysv/linux/clock_gettime.c
fn=(1716) clock_gettime@@GLIBC_2.17
38 162 162 0 1 105 0 1 14
+2 162 0 0 0 0 0 0 0 0 81 6
+28 162 0 0 1 0 0 1
+1 162 0 0 0 0 0 0 0 0 81 1
-25 81
+42 81 81

fl=(91) ./string/../sysdeps/x86_64/multiarch/ifunc-memmove.h
fn=(396) memmove
57 3 2 0 1 0 0 1
-1 2 0 0 0 0 0 0 0 0 1
+4 3 1 0 0 0 0 0 0 0 1
+14 2 0 0 0 0 0 0 0 0 1
+3 2 0 0 0 0 0 0 0 0 1
+8 2 0 0 0 0 0 0 0 0 1 1
+8 2 0 0 1 0 0 1 0 0 1 1
+3 5 1 0 2 0 0 2

fn=(324) memcpy@@GLIBC_2.14
57 6 4 0 2 0 0 1
-1 4 0 0 0 0 0 0 0 0 2
+4 6 2 0 2 0 0 1 0 0 2
+14 4 0 0 0 0 0 0 0 0 2
+3 4 0 0 0 0 0 0 0 0 2
+8 4 0 0 0 0 0 0 0 0 2 1
+8 4 0 0 2 0 0 1 0 0 2 2
+3 10 2 0 2 0 0 1

fn=(402) mempcpy
57 3 2
-1 2 0 0 0 0 0 0 0 0 1
+4 3 1 0 0 0 0 0 0 0 1
+14 2 0 0 0 0 0 0 0 0 1
+3 2 0 0 1 0 0 1 0 0 1 1
+8 2 0 0 0 0 0 0 0 0 1 1
+8 2 0 0 0 0 0 0 0 0 1 1
+3 5 1

fl=(183) ./setjmp/./setjmp/sigjmp.c
fn=(1620) __sigjmp_save
28 2 0 1
+2 2 0 0 0 0 0 0 0 0 1 1
-1 1 0 1
+5 3 2

fl=(100) ./string/../sysdeps/x86_64/multiarch/ifunc-strcasecmp.h
fn=(346) strcasecmp
37 4 2 0 1 0 0 1
-1 2 0 0 0 0 0 0 0 0 1 1
fi=(101) ./string/../sysdeps/x86_64/multiarch/strcasecmp.c
-5 2 1
fe=(100)
+7 3 1 0 1 0 0 1 0 0 1
+3 2 0 0 0 0 0 0 0 0 1
+4 3 0 0 1 0 0 1 0 0 1
+3 4 0 0 0 0 0 0 0 0 1

fn=(358) strncasecmp_l
37 4 2 0 1 0 0 1
-1 2 0 0 0 0 0 0 0 0 1 1
fi=(105) ./string/../sysdeps/x86_64/multiarch/strncase_l.c
-5 2 1
fe=(100)
+7 3 1 0 1 0 0 1 0 0 1
+3 2 0 0 0 0 0 0 0 0 1
+4 3 0 0 1 0 0 1 0 0 1
+3 4 0 0 0 0 0 0 0 0 1

fn=(404) strncasecmp
37 4 2 0 1 0 0 1
-1 2 0 0 0 0 0 0 0 0 1 1
fi=(117) ./string/../sysdeps/x86_64/multiarch/strncase.c
-5 2 1
fe=(100)
+7 3 1 0 1 0 0 1 0 0 1
+3 2 0 0 0 0 0 0 0 0 1
+4 3 0 0 0 0 0 0 0 0 1 1
+3 4 0 0 0 0 0 0 0 0 1

fn=(380) strcasecmp_l
37 4 2 0 1 0 0 1
-1 2 0 0 0 0 0 0 0 0 1 1
fi=(112) ./string/../sysdeps/x86_64/multiarch/strcasecmp_l.c
-5 2 1
fe=(100)
+7 3 1 0 1 0 0 1 0 0 1
+3 2 0 0 0 0 0 0 0 0 1
+4 3 0 0 0 0 0 0 0 0 1
+3 4 0 0 0 0 0 0 0 0 1

fl=(168) ./locale/./locale/newlocale.c
fn=(1154) newlocale
43 13 1 7 2 0 0 2
+12 2 0 0 0 0 0 0 0 0 1 1
277 12 9 0 2 0 0 2 0 0 1
63 2 0 0 1 0 0 1 0 0 1 1
+3 1
-10 1
+10 2 0 0 1 0 0 1 0 0 1
+7 3 2 0 1 0 0 1 0 0 1 1
+2 1 0 0 1 0 0 1
-2 1 0 0 0 0 0 0 0 0 1 1

fl=(212) ./string/../sysdeps/x86_64/multiarch/memchr-avx2.S
fn=(1886) __memchr_avx2
68 64 0 0 1 0 0 1
+2 64 0 0 0 0 0 0 0 0 64
+3 64
+1 64
+2 64
+1 64
+1 64
+1 64 0 0 0 0 0 0 0 0 64 1
+3 64 64
+1 64
+3 64
+1 64 0 0 0 0 0 0 0 0 64 5
+14 64 0 0 29 0 0 5
+5 64
+7 64
+1 64 0 0 0 0 0 0 0 0 64
+1 64
+1 64 64

fl=(155) ./malloc/./malloc/malloc.c
fn=(902) malloc
3281 76795 0 46077 10 0 0 2
+7 30718 15359 0 0 2 0 0 1 0 15359 3
1338 30716 0 0 4 0 0 0 0 0 15358 4
+19 76795 0 0 1 0 0 1 0 0 15359
3298 30718
+2 61436 30718 0 0 2 0 0 0 0 15359 3
+3 30716 15358 0 0 1 0 0 0 0 15358 14
+10 30694 15347 0 10 0 0 2 0 0 15347 15
+28 76735 61388 0 1
3235 4 2 1 1 0 0 1 0 0 1
cfn=(912) tcache_init.part.0
calls=1 -6 
* 461 83 137 49 3 11 49 1 11 143 35
+68 2 1 0 1 0 0 1 0 0 1 1
+2 2829 943 0 1 3 0 0 0 0 943 20
3187 24 12
+1 24 0 0 0 0 0 0 0 0 12 2
+2 12
+1 12
-1 36 12 12
+1 12 0 12
+1 12 0 12
3341 60 48
-26 61388 0 15347 2 0 0 1
cfn=(914) _int_malloc
calls=15347 1338 
* 2409032 429930 271722 136 510 17202 46 82 13001 424691 6453
+1 76735 15347 0 6 0 0 2 0 0 30694
fi=(156) ./malloc/./malloc/arena.c
162 30694 0 0 0 0 0 0 0 0 15347 8
315 1 0 1 1 0 0 1
cfn=(906) ptmalloc_init.part.0
calls=1 -2 
* 1102 71 160 10 23 33 10 10 32 169 25 12 1
fe=(155)
1338 2 0 0 0 0 0 0 0 0 1 1

fn=(1954) malloc_consolidate
4711 1 0 1 1 0 0 1
+17 1
-17 4 0 3
+28 1
-28 3 0 2
+15 1 0 1
+2 1 0 1
+13 2 1 1 0 0 0 0 0 0 1 1
+1 2 0 0 0 0 0 0 0 0 1
-1 18 9 9 0 1 0 0 0 0 9 2
+1 18 0 0 0 0 0 0 0 0 9 3
+62 30 10 0 0 0 0 0 0 0 10 9
+1 8 7
-31 152 76 0 1 0 0 1 0 0 76 6
+4 4 0 2
+2 2 2
+1 4 0 2
+1 4 2 2
+2 4 0 0 0 0 0 0 0 0 2 2
-4 74 74
+1 148 0 74
+1 148 74 74
+2 148 0 0 0 0 0 0 0 0 74 4
+1 90 0 45 0 0 21
+4 45
+2 45 0 45
-2 90 0 45
+3 45 0 45
+9 90 0 0 0 0 0 0 0 0 45 2
-12 31
+2 31 0 31
-2 62 0 31
+3 31 0 31
+9 136 0 0 0 0 0 0 0 0 31
-56 152 0 0 1 0 0 1 0 0 76
+4 228 76 0 0 62
+1 304 0 0 1 0 0 1 0 0 76
+8 76
-3 152 76
+3 76
-3 76
+4 76
-4 76
+5 76 76
-5 76
+5 152
+2 152 0 0 0 0 0 0 0 0 76 6
+9 152 76 0 1 0 0 1 0 0 76 5
+5 148 0 74
-1 74
+1 74 0 74
cfn=(1952) unlink_chunk.constprop.0
calls=74 1620 
* 1609 635 148 0 0 0 0 0 0 339 7
* 148 74

fn=(912)
3229 3 0 2 1 0 0 1
+9 8 2 1 0 0 0 0 0 0 2
+1 3 0 1 1 0 0 1
cfn=(914)
calls=1 1338 
* 346 76 50 46 3 2 46 1 2 58 26
* 1
+1 2 0 0 0 0 0 0 0 0 1
+8 4 1 1 0 0 0 0 0 0 2
+9 1 1
+1 2
-1 1 0 1
+1 86 0 81 1 0 9 1 0 9 80 9
+3 4 3

fn=(916) sysmalloc
2542 5688 0 3792 2 0 1 1
+20 2528 1896 632 2 5 0 1
+11 1264 0 0 0 0 0 0 0 0 632 4
+1 1264 632 0 0 2 0 0 0 0 632
-11 632 0 632 0 0 5
+37 632 632
+11 632
-10 1896 632
+1 632
+9 5683 0 0 2 0 0 1 0 0 2526 2
+6 1896 0 0 0 0 0 0 0 0 632
+3 1896 0 0 2 0 0 1 0 0 632 3
2935 1264 632 0 2 0 0 1 0 0 632 13
+1 586 0 586
+5 1172 586
+3 1172 0 0 0 0 0 0 0 0 586
-3 92 46
+3 92 0 0 0 0 0 0 0 0 46
+5 1264
-2 632
+2 632
-1 632 0 632
+1 632 0 0 2 0 0 1
-3 632
+3 632
+1 632
-1 1896 0 632
+1 632 0 632 0 0 632 0 0 585
+2 632
+6 6952 5688 0 2 0 0 1 0 0 632 4
2681 1264 632 0 6 0 0 2
+9 2528 632
+13 1896 632 0 0 0 0 0 0 0 632
+8 3160 0 632
+8 1264 0 0 2 0 0 1 0 0 632 2
+21 2092 523 0 0 0 0 0 0 0 523
+6 3661 0 1046
cfn=(1964) sysmalloc_mmap_fallback.constprop.0
calls=523 2502 
* 26678 5230 4184 5 0 0 5 0 0 4184 14
+2 1046 523
-2 523
+2 523 0 0 0 0 0 0 0 0 523
+4 1569 523
+4 1046 0 0 0 0 0 0 0 0 523
+2 1264 632 0 2 1 0 1 1 0 632 1
+2 1896 632 632
+6 2524 0 0 2 0 0 1 0 0 1262 4
+1 108
2940 108 108
2767 324 0 108
-46 2528 0 1896 2 0 0 1
cfi=(158)
cfn=(918)
calls=632 26 
* 27385 7478 4317 14 9 8 7 0 0 5690 23
+1 1264 632
-1 632
+1 632 0 0 0 0 0 0 0 0 632 2
2022 109 109
2723 109 109
2022 436 0 0 6 0 0 1 0 0 109
2604 218
2769 1050 524 0 3 0 0 2 0 0 525 4
+40 3 0 0 1 0 0 1 0 0 1 1
+22 2
+1 1
-1 1
+1 6 0 1 1 0 0 1
+2 2 0 0 0 0 0 0 0 0 1
+1 4 0 3
cfi=(158)
cfn=(918)
calls=1 26 
* 25 9 4 0 0 0 0 0 0 5 3
+12 3 2
-12 1
+12 1 0 0 0 0 0 0 0 0 1
2022 4 1 0 1 0 0 1 0 0 1
2891 4 2
-30 1046 0 0 1 0 0 0 0 0 523
-65 523
+84 1046 0 0 0 0 0 0 0 0 523
+10 524
-1 524 0 524
+1 1572 0 524 3 0 524 2 0 524
+1 524 0 524
+11 1048 0 0 0 0 0 0 0 0 524 1
+7 1046
+1 1569 0 523
+8 523 0 523 0 0 523 0 0 523
+2 523 0 523
+5 1046 0 0 2 0 0 1 0 0 523
+2 2092 0 523
cfn=(1950) _int_free
calls=523 4417 
* 53382 14329 7745 0 79 1 0 75 1 11985 85
* 523
+8 523 523
+5 1046 523
2759 2 0 1 2 0 0 2
2034 3 0 1 1 0 0 1

fn=(1950)
4417 65576 0 49182 1 0 0 1
+10 8197 8197
-10 24591 8197 8197 3 0 0 2
+10 16394
+6 40985 0 0 0 0 0 0 0 0 8197 16
+1 16394 0 0 0 0 0 0 0 0 8197 3
+4 40985 0 0 0 0 0 0 0 0 16394
+8 40985 16394 0 5 0 0 2 0 0 8197
-1 16394
+1 16394 8197 0 0 7 0 0 1 0 8197 5
+9 1018 1018 0 0 4 0 0 1
+9 1018 1018
-15 1018
+6 2036 1018 0 0 259 0 0 75 0 1018 2
+20 4072 1018 0 1 6 0 1 0 0 1018 24
+14 16284 8142 0 0 5 0 0 1 0 8142 6
+11 304 76 0 0 1 0 0 0 0 76 2
+2 228 76 0 0 0 0 0 0 0 76
2006 228 76 0 1 0 0 1 0 0 76 2
4523 76 0 76
+1 76
+4 152
+2 76 76
-2 76 76
+2 76 0 0 0 0 0 0 0 0 76
+4 152 0 0 0 0 0 0 0 0 76
+2 304 0 76
+1 76 0 76
+19 300 0 0 0 0 0 0 0 0 150 4
4698 90167 73773 0 2 0 0 2 0 0 8197 2
4565 16132 0 0 0 0 0 0 0 0 8066
+6 24198 8066 8066 0 0 0 0 0 0 8066 2
+7 8066 8066 0 0 5 0 0 1
-4 8066
+4 16132 0 0 1 0 0 1 0 0 8066
+3 16132 8066 0 0 6 0 0 1 0 8066 74
+5 24198 8066 0 0 84 0 0 0 0 8066
+3 16132
+1 16132 0 0 0 0 0 0 0 0 8066
+1 16132 8066 0 0 5 0 0 1 0 8066
2006 24198 8066 0 1 0 0 1 0 0 8066
4597 16132 8066 0 0 0 0 0 0 0 8066 100
+1 7459 7459
+2 7459
-1 7459
+2 29836 7459 0 0 0 0 0 0 0 7459
+2 14918 0 7459
cfn=(1952)
calls=7459 1620 
* 171515 67117 14918 3 0 0 3 0 0 37281 15
+3 16132 8066 0 0 0 0 0 0 0 8066 20
+5 16116 8058 0 5 7339 0 2 360 0 8058 74
+4 7984 0 7984
+9 7984 7984
-1 7984
+1 23952
+1 15968 7984 0 0 0 0 0 0 0 7984
-1 74 74
-1 74
+1 222
+1 148 74 0 0 0 0 0 0 0 74
+12 8058
-10 8058 0 8058
+11 8058
-1 8058
-8 16116 0 0 1 0 0 1 0 0 8058 19
+2 15952 0 7976 0 0 6 0 0 1
+3 7976 0 7976
+1 7976 0 7976
+2 7976 0 7976
+1 7976 0 7976
+30 15968 0 0 0 0 0 0 0 0 7984 330
+1 18333 6111 0 0 0 0 0 0 0 6111
+3 18333 0 0 1 0 0 1 0 0 6111 2
3177 55 0 0 1 0 0 1
+2 55
-4 55 0 55 1 0 0 1
+2 165 55 55 0 8
+1 55 0 55
+1 55 0 55
4478 55
4634 82 0 82 3 0 0 1
+1 82 0 82
+2 82 0 82
+1 82 0 82
+50 24198 8066 0 3 0 0 1 0 0 8066 16
-39 8 0 0 2 0 0 1
+1 24 0 8
+1 16 0 8
-39 74 0 0 1 0 0 1
+1 74
-1 74 0 74
cfn=(1952)
calls=74 1620 
* 1510 604 152 0 75 0 0 72 0 306 7
+1 74
-30 11124 3708 0 1 1 0 1
-2 7416 0 0 3 0 0 1 0 0 3708 3
+93 30555 18333 0 5 5 0 2 1 0 6111 5
+2 16 8 8
cfn=(1956) systrim.constprop.0
calls=8 2980 
* 948 278 148 6 25 4 3 4 0 168 23
* 8

fn=(1952)
1620 9497 0 0 1 0 0 1
+2 47485 18994 0 0 69 0 0 0 0 9497 1
+3 9497 9497 0 0 1 0 0 1
+1 18994 9497 0 1 0 0 1
+2 37988 18994 0 0 146 0 0 69 0 18994
-3 9497 9497
+6 9497 0 9497
+1 9497 0 9497
+1 47140 9382 0 0 1 0 0 1 0 18879 103
+2 3638 1819 0 0 1 0 0 0 0 1819
+1 5457 3638 0 0 0 0 0 0 0 1819 4
+3 3638 1819 0 0 2 0 0 1 0 1819
+14 1819 0 1819
+1 1819 0 1819
+3 18994 9497 0 1 0 0 1

fn=(914)
1338 30696 0 0 7 0 0 2 0 0 15348 9
3766 122784 0 92088
1357 15348
3766 15348 0 0 1 0 0 1
1357 46044 0 0 0 0 0 0 0 0 15348
3807 30696 0 0 0 0 0 0 0 0 15348 3
+27 30696 15348 0 0 0 0 0 0 0 15348 9
+2 540
+3 90 90 0 0 1 0 0 1
+2 180 0 0 2 0 0 1 0 0 90 2
+56 30516 0 0 2 0 0 1 0 0 15258 3
+62 129760 0 0 2 0 0 1 0 0 25952 15
+1 43251 14417 0 0 1 0 0 0 0 14417
+20 15348 15348 0 2 0 0 1
-1 15348
-1 15348
+1 30696 0 15348
+1 61390 30695 0 0 0 0 0 0 0 15348 2
+4 15347 0 15347
+6 61388 15347 0 0 1 0 0 0 0 15347 539
-6 1 0 1 1 0 0 1
+6 2433 2 2426 0 0 0 0 0 0 2 1
-1 2426
+1 2426
+3 4852 2426
+1 2426
+2 4852 0 0 0 0 0 0 0 0 2426
-3 156 78
+1 78
+2 156 0 0 0 0 0 0 0 0 78
+1 7512 2504 0 1 0 0 1 0 0 2504
+2 2504 2504 0 0 78
+1 10016 0 0 0 0 0 0 0 0 5008 16
+2 10016 2504 0 0 0 0 0 0 0 2504
-10 2504 2504
+12 5008 2504 0 6 75 0 2 0 0 2504
+1 5008 2504 0 0 0 0 0 0 0 2504
+2 5008 0 0 0 0 0 0 0 0 2504
+11 9860 0 0 0 0 0 0 0 0 4930 13
+31 2484 0 2484
+1 2484 0 2484
+4 4968 0 0 0 0 0 0 0 0 2484
+29 4968 0 0 1 0 0 1 0 0 2484 4
+8 45490 0 0 0 0 0 0 0 0 8352 406
+1 2634
+1 878 878 0 0 1 0 0 1
-1 878
+4 1756 0 0 0 0 0 0 0 0 878 3
-4 4614 0 0 1 0 0 1
+1 1538 1538 0 0 20 0 0 3
-1 1538
+4 3076 0 0 2 0 0 1 0 0 1538 81
+5 644 644
-2 644
+2 1932 644 0 0 4 0 0 0 0 644 3
+1 1288 0 0 0 0 0 0 0 0 644 2
+7 52 52
-1 208 0 52
+2 156 0 104
3900 931 0 0 1 0 0 1
+2 931 931 0 0 6
-2 931 0 0 1 0 0 1
+2 1862 0 0 0 0 0 0 0 0 931 5
-61 2793 0 0 6 0 0 1
4409 138132 107436 0 15 0 0 3
4085 144
+1 216
+1 72 72 0 0 4
-1 72
+57 144
+9 72 0 72
-9 144
+9 72 72
-9 144 0 72
+1 72 0 72
+1 72 0 72
+1 72 0 72
+1 72 0 72
+6 144 0 0 0 0 0 0 0 0 72 4
-10 4832 0 0 6 0 0 2
+9 2416 0 2416
-9 4832
+9 2416 2416
-9 4832 0 2416
+1 2416 0 2416
+1 2416 0 2416
+1 2416 0 2416
+1 2416 0 2416
+6 4832 0 0 0 0 0 0 0 0 2416 12
3990 9874 4898 0 0 0 0 0 0 0 2488 10
4168 4820 0 0 0 0 0 0 0 0 2410
+11 30666 0 0 6 0 0 2 0 0 15333 11
+2 28834
+3 14417 14417 0 0 9 0 0 2
-3 14417
+3 28834 0 0 0 0 0 0 0 0 14417 10
+1 2 1 0 0 0 0 0 0 0 1 1
+67 15332
+1 15332
+1 15332
-1 15332
+1 15332
+1 30664 15332 0 0 2
+1 45996 0 0 6 0 0 2
+5 36330 0 0 0 0 0 0 0 0 18165 38
+16 19829
+2 39658 0 0 0 0 0 0 0 0 19829
-4 44394 0 0 0 0 0 0 0 0 22197 2232
+8 2368 2368
+3 4736 0 0 0 0 0 0 0 0 2368 164
+2 479
+1 479
+1 479
-2 1916 0 479
-27 479
-99 7464 0 0 1 0 0 1 0 0 2488 15
4019 44 22 0 1 0 0 1 0 0 22 2
+2 20
-1 40 0 0 0 0 0 0 0 0 20 6
+29 4 0 4
+1 4 0 4
+4 8 0 0 0 0 0 0 0 0 4
+29 8 0 0 0 0 0 0 0 0 4
+8 16 0 0 1 0 0 1
3899 2523 0 0 2 0 0 1
4140 35774 0 1772 2 0 0 1
4268 20596 5149 0 0 0 0 0 0 0 5149 11
-3 55776 0 0 0 0 0 0 0 0 18592 35
4365 13443 13443
+1 26886 13443 0 0 2
+2 26886 13443 0 0 0 0 0 0 0 13443
+3 40962 0 633 2 0 0 1 0 0 13443 642
+17 1899 633 0 0 0 0 0 0 0 633 8
+2 2 0 1
cfn=(1954)
calls=1 4711 
* 5351 1268 741 5 63 21 5 0 0 901 47
+2 3 1 0 0 0 0 0 0 0 1
+1 3
4114 2960 1184 0 1 1 0 1 0 0 592 1
+3 5 5
+1 15 5 0 0 0 0 0 0 0 5
-3 1194 0 0 0 0 0 0 0 0 597 4
+6 1184 0 592 1 0 0 1 0 0 592 5
+7 2 2
-1 8 0 2
+2 4 2 0 0 0 0 0 0 0 2
+2 2 0 2
+1 6 2 2
+2 2 2
+1 4 2 0 0 0 0 0 0 0 2 1
-1 590 590 0 0 3
+1 1180 590 0 0 0 0 0 0 0 590 3
4270 56 0 0 3 0 0 1
+1 28
4124 1180 590 0 1 0 0 1
4295 3778 1889 0 1 1 0 1
+3 3778 0 0 0 0 0 0 0 0 1889
+2 1889
+3 1889
-3 3778 0 1889 1 0 0 1
+3 1889 0 1889
cfn=(1952)
calls=1889 1620 
* 59791 24265 7410 0 145 0 0 0 0 14893 78
+3 5667 1889 0 0 0 0 0 0 0 1889
+15 3778 1889
-5 1889
+5 3778
+1 3778 1889 0 0 0 0 0 0 0 1889 10
+3 1889 0 1889 1 0 1882 1 0 245
+1 1889 0 1889
+1 1889 0 1889
+3 3778 0 0 0 0 0 0 0 0 1889 1814
+1 4 0 4
+1 3778 0 0 0 0 0 0 0 0 1889 3
+2 3772 0 1886 0 0 453 0 0 64
+3 15088 0 1886
+2 5658 0 1886 0 0 451 0 0 61
+1 1886 0 1886
1999 1886 1886
4343 1886
1999 3772 0 0 0 0 0 0 0 0 1886 5
4337 24 0 3 1 0 0 1
+2 9 0 3 0 0 1
+1 3 0 3
1999 3 3
4343 3
1999 6 0 0 0 0 0 0 0 0 3 3
4188 1 1 0 1 0 0 1
+1 6 1 0 0 0 0 0 0 0 1
+6 2 1 0 0 0 0 0 0 0 1 1
+5 1
+1 1
-1 2 0 1 1 0 0 1
+1 1 0 1
cfn=(1952)
calls=1 1620 
* 32 13 4 0 0 0 0 0 0 8 1
+3 3 1 0 0 0 0 0 0 0 1 1
+31 1
4405 4 0 2
cfn=(926) alloc_perturb
calls=1 1999 
* 4 2 0 0 0 0 0 0 0 1
* 53832 0 26916 1
cfn=(926)
calls=13458 1999 
* 53832 26916 0 10 0 0 2 0 0 13458 6
* 26918 13459
-2 1896 0 632 1 0 0 1
cfn=(916)
calls=632 2542 
* 201800 45052 31772 68 96 1694 37 76 1633 36904 166
* 632 0 0 1 0 0 1
+1 1264 0 0 0 0 0 0 0 0 632 8
-28 12810 0 0 1
-2 12810
+2 12810
-1 12810 0 12810
+1 12810
-3 12810
+8 12810
-5 12810
+2 12810
-2 51240 0 12810 2 0 0 1
+2 12810 0 12810 0 0 12701 0 0 11000
+4 12810
4025 16
-1 16
+3 16
-1 16 0 16 1 0 0 1
+1 32 0 16
+1 48 0 16 0 0 1
+1 32 0 0 0 0 0 0 0 0 16 4
+2 22 0 11
+4 88 0 11
+2 33 0 11
+4 11
-3 11 0 11
+4 11
-7 40 0 5 1 0 0 1
+2 15 0 5
+4 5
-3 5 0 5
+4 5
4207 1 0 0 1 0 0 1
-1 1 0 1
+1 2 0 0 0 0 0 0 0 0 1 1

fn=(1946) free
3350 15348 0 0 1 0 0 1 0 0 7674
-4 7674 0 7674
+14 7674
-14 15348 0 7674
+12 7674 7674
+4 7674 7674 0 0 99
-4 7674 7674 0 1 0 0 1
+4 15348 0 0 0 0 0 0 0 0 7674
+17 23022 15348 0 0 12 0 0 2 0 7674
fi=(156)
162 23022 0 0 0 0 0 0 0 0 7674 6
fe=(155)
3385 15348 0 7674 1 0 0 1
cfn=(1950)
calls=7674 4417 
* 1113964 320923 137173 51 7756 9 31 443 0 244241 671
+3 7674 0 7674
+1 30696 23022

fn=(1956)
2980 8 8
-9 40 8 24 1 0 0 1
+11 8
+1 16 0 0 0 0 0 0 0 0 8
+5 8 8
+1 8
-1 16 0 0 0 0 0 0 0 0 8
+4 40 16 0 0 10 0 0 1
+2 16 0 0 0 0 0 0 0 0 8 3
-10 2
+50 32 32
-33 16 0 8 1 0 4 1
cfi=(158)
cfn=(918)
calls=8 26 
* 200 72 32 4 15 0 1 3 0 40 6
* 8
+1 32 8 0 0 0 0 0 0 0 8 2
+12 18 0 6
cfi=(158)
cfn=(918)
calls=6 26 
* 252 66 36 0 0 0 0 0 0 54 6
+1 12 0 6
cfi=(158)
cfn=(918)
calls=6 26 
* 150 54 24 0 0 0 0 0 0 30 6
+4 12 0 0 0 0 0 0 0 0 6
+4 12 0 0 0 0 0 0 0 0 6
+4 12 6
-1 6 0 6
+1 12 0 6
+2 12

fn=(926)
1999 40377 13459 0 10 0 0 2 0 0 13459 6
+2 13459 13459

fn=(1964)
2502 4184 0 2615 1 0 0 1
+4 523 523
+3 1569 523 0 0 0 0 0 0 0 523 2
+1 5
+3 1046 0 0 0 0 0 0 0 0 523 3
+5 523
-1 1046 0 0 1 0 0 1 0 0 523
+3 4184 0 523
cfi=(217)
cfn=(1966)
calls=523 47 
* 4184 523 0 2 0 0 2 0 0 1046
* 523
+3 1046 0 0 0 0 0 0 0 0 523 1
+4 1046 0 0 0 0 0 0 0 0 523 3
+7 523 0 523
+2 523 0 523
+2 3661 3138
2022 2092 523 0 1 0 0 1 0 0 523 5

fl=(150) ./libio/./libio/vtables.c
fn=(562) check_stdfiles_vtables
84 4 2 0 1 2 0 1 0 0 1 1
+1 3 2 0 1 1 0 1 0 0 1
+1 3 2 0 0 1 0 0 0 0 1
+2 1 1

fl=(92) ./wcsmbs/../sysdeps/x86_64/multiarch/ifunc-avx2.h
fn=(326) wcschr
40 10 4 0 1 0 0 1
-2 4 0 0 0 0 0 0 0 0 2 2
fi=(93) ./wcsmbs/../sysdeps/x86_64/multiarch/wcschr.c
-7 4 2
fe=(92)
+10 4 2 0 1 0 0 1 0 0 2
+1 6 2 0 0 0 0 0 0 0 2
+3 4 0 0 0 0 0 0 0 0 2
+4 6 0 0 0 0 0 0 0 0 2
+3 10

fn=(336) wcscmp
40 5 2 0 1 0 0 1
-2 2 0 0 1 0 0 1 0 0 1 1
fi=(96) ./wcsmbs/../sysdeps/x86_64/multiarch/wcscmp.c
-8 2 1
fe=(92)
+11 2 1 0 0 0 0 0 0 0 1
+1 3 1 0 0 0 0 0 0 0 1
+3 2 0 0 0 0 0 0 0 0 1
+4 3 0 0 0 0 0 0 0 0 1
+3 5 0 0 1 0 0 1

fl=(139) ./resource/../sysdeps/unix/sysv/linux/getrlimit64.c
fn=(510) getrlimit
38 1 0 0 1 0 0 1
+1 7 0 0 0 0 0 0 0 0 1
+1 1 1

fl=(83) ./string/../sysdeps/x86_64/multiarch/ifunc-avx2.h
fn=(372) strchrnul
40 5 2
-2 2 0 0 1 0 0 1 0 0 1
fi=(110) ./string/../sysdeps/x86_64/multiarch/strchrnul.c
-7 2 1
fe=(83)
+10 2 1 0 0 0 0 0 0 0 1
+1 3 1 0 0 0 0 0 0 0 1
+3 2 0 0 0 0 0 0 0 0 1
+4 3 0 0 0 0 0 0 0 0 1
+3 5

fn=(368) memrchr
40 5 2 0 1 0 0 1
-2 2 0 0 1 0 0 1 0 0 1 1
fi=(109) ./string/../sysdeps/x86_64/multiarch/memrchr.c
-9 2 1
fe=(83)
+12 2 1 0 0 0 0 0 0 0 1
+1 3 1 0 0 0 0 0 0 0 1
+3 2 0 0 0 0 0 0 0 0 1
+4 3 0 0 0 0 0 0 0 0 1
+3 5

fn=(332) rindex
40 5 2 0 1 0 0 1
-2 2 0 0 0 0 0 0 0 0 1 1
fi=(95) ./string/../sysdeps/x86_64/multiarch/strrchr.c
-10 2 1
fe=(83)
+13 2 1 0 0 0 0 0 0 0 1
+1 3 1 0 1 0 0 1 0 0 1
+3 2 0 0 0 0 0 0 0 0 1
+4 3 0 0 0 0 0 0 0 0 1
+3 5

fn=(306) strnlen
40 10 4 0 1 1 0 1
-2 4 0 0 0 0 0 0 0 0 2 2
fi=(84) ./string/../sysdeps/x86_64/multiarch/strnlen.c
-7 4 2
fe=(83)
+10 4 2 0 0 1 0 0 0 0 2
+1 6 2 0 1 0 0 1 0 0 2
+3 4 0 0 0 0 0 0 0 0 2 2
+4 6 0 0 0 0 0 0 0 0 2
+3 10

fn=(384) strlen
40 10 4 0 4 1 0 2
-2 4 0 0 0 0 0 0 0 0 2 2
fi=(113) ./string/../sysdeps/x86_64/multiarch/strlen.c
-9 4 2
fe=(83)
+12 4 2 0 0 1 0 0 0 0 2
+1 6 2 0 0 0 0 0 0 0 2
+3 4 0 0 0 0 0 0 0 0 2
+4 6 0 0 2 0 0 1 0 0 2
+3 10

fl=(85) ./string/../sysdeps/x86_64/multiarch/ifunc-sse4_2.h
fn=(400) strspn
36 5 2 0 1 0 0 1
fi=(218) ./string/../sysdeps/x86_64/multiarch/strspn.c
-7 1 1
fe=(85)

fn=(350) strcspn
36 5 2 0 1 0 0 1
fi=(219) ./string/../sysdeps/x86_64/multiarch/strcspn.c
-7 1 1
fe=(85)

fn=(310) strpbrk
36 5 2 0 1 0 0 1
fi=(220) ./string/../sysdeps/x86_64/multiarch/strpbrk.c
-7 1 1
fe=(85)

fl=(103) ./string/../sysdeps/x86_64/multiarch/ifunc-strcpy.h
fn=(354) strcat
38 2 2 0 1 0 0 1
+1 1 1
-1 2 0 0 0 0 0 0 0 0 1
+1 2 0 0 0 0 0 0 0 0 1
+3 2 0 0 1 0 0 1 0 0 1
+4 3 0 0 0 0 0 0 0 0 1
+3 3 0 0 0 0 0 0 0 0 1 1
fi=(104) ./string/../sysdeps/x86_64/multiarch/strcat.c
-20 1 1
fe=(103)

fn=(376) strcpy
38 2 2 0 1 0 0 1
+1 1 1
-1 2 0 0 0 0 0 0 0 0 1
+1 2 0 0 0 0 0 0 0 0 1
+3 2 0 0 0 0 0 0 0 0 1
+4 3 0 0 0 0 0 0 0 0 1
+3 3 0 0 1 0 0 1 0 0 1 1
fi=(111) ./string/../sysdeps/x86_64/multiarch/strcpy.c
-20 1 1
fe=(103)

fn=(392) stpcpy
38 2 2 0 1 0 0 1
+1 1 1 0 1 0 0 1
-1 2 0 0 0 0 0 0 0 0 1
+1 2 0 0 0 0 0 0 0 0 1
+3 2 0 0 0 0 0 0 0 0 1
+4 3 0 0 0 0 0 0 0 0 1
+3 3 0 0 0 0 0 0 0 0 1 1
fi=(115) ./string/../sysdeps/x86_64/multiarch/stpcpy.c
-16 1 1
fe=(103)

fl=(159)
fn=(920)
37 653 0 653 2 0 0 1
+3 653 653 0 0 8 0 0 1
+3 653 653 0 0 7 0 0 1
-6 1959 0 1306 2 0 0 1
+3 653 653 0 0 7 0 0 1
+3 653 0 0 0 0 0 0 0 0 653 8
+35 75 60
-20 1306 0 0 0 0 0 0 0 0 653 8
+1 2 0 1
cfi=(160) ./misc/../sysdeps/unix/sysv/linux/brk_call.h
cfn=(922) brk
calls=1 -35 
* 8 2 1 1 0 0 1 0 0 1
* 2 0 0 0 0 0 0 0 0 1
+4 1 1 0 1 0 0 1
-1 1306 0 0 1 0 0 0 0 0 653 16
+4 2534 0 0 0 0 0 0 0 0 1270 5
-16 523
+28 2615 2092
-10 12
-2 18 0 0 0 0 0 0 0 0 6
+8 6 0 6
cfi=(160)
cfn=(922)
calls=6 -50 
* 48 12 6 0 0 0 0 0 0 6
* 632 0 632 2 0 6 1
cfi=(160)
cfn=(922)
calls=632 -50 
* 6102 1787 1155 1 2 2 0 0 0 632 2
* 1276 0 0 0 0 0 0 0 0 638 2
+4 575 460

fl=(174) ./iconv/./iconv/gconv_simple.c
fn=(1246) __gconv_btwoc_ascii
51 512 0 0 1 0 0 1
+3 128 128

fl=(116) ./string/../sysdeps/x86_64/multiarch/ifunc-evex.h
fn=(408) rawmemchr
38 5 2 0 2 0 0 2
-1 2 0 0 0 0 0 0 0 0 1
+2 3 1 0 0 0 0 0 0 0 1
+6 2
-3 2 0 0 0 0 0 0 0 0 1
+9 3 0 0 0 0 0 0 0 0 1
+3 4 0 0 1 0 0 1
fi=(221) ./string/../sysdeps/x86_64/multiarch/rawmemchr.c
-23 1 1
fe=(116)

fn=(398) memchr
38 10 4 0 4 0 0 2
-1 4 0 0 0 0 0 0 0 0 2 2
+2 6 2 0 0 0 0 0 0 0 2
+6 4
-3 4 0 0 0 0 0 0 0 0 2
+9 6 0 0 0 0 0 0 0 0 2
+3 8
fi=(222) ./string/../sysdeps/x86_64/multiarch/memchr.c
-25 2 2
fe=(116)

fl=(149)
fn=(560)
54 1 0 0 1 0 0 1
+1 1
+2 1
+1 1
+4 1
+1 1
+1 1 0 0 0 0 0 0 0 0 1
+3 1 1 0 0 1
+2 1
+1 1
+1 1
+1 1 0 0 1 0 0 1 0 0 1
+3 1
+1 1
+2 1
+1 1
+1 1 0 0 0 0 0 0 0 0 1
+1 1
+1 1
+9 2 1

fl=(186) ./libio/./libio/genops.c
fn=(1658) _IO_doallocbuf
344 2 1 0 1 0 0 1 0 0 1 1
-1 3 0 3
+3 4 1 0 0 0 0 0 0 0 1 1
+1 1 1
fi=(190)
940 3 0 0 1 0 0 1
+2 2
+1 2 0 0 0 0 0 0 0 0 1
fe=(186)
347 2 1 1 0 1 0 0 0 0 0 0 1 1
cfi=(187) ./libio/./libio/filedoalloc.c
cfn=(1660) _IO_file_doallocate
calls=1 78 
* 265 56 32 30 10 1 11 0 1 39 12 2 2
* 2 0 0 0 0 0 0 0 0 1 1
+3 4 4 0 1 0 0 1

fn=(1674) _IO_default_xsputn
371 1161 0 903 1 0 22 1 0 4
+3 258 0 0 0 0 0 0 0 0 129 3
fi=(190)
940 7
fe=(186)
399 59 19 0 0 0 0 0 0 0 20 1
fi=(190)
942 38
+1 38 0 0 0 0 0 0 0 0 19
fe=(186)
399 76 38 19 0 0 0 0 0 0 0 0 19 1
cfi=(185)
cfn=(1656) _IO_file_overflow@@GLIBC_2.2.5
calls=19 731 
* 744 201 114 10 0 1 10 0 1 168 10 1 1
* 38 0 0 0 0 0 0 0 0 19
+2 19
-2 19
-20 80 40 0 1 0 0 1 0 0 20 3
-4 1 1
+29 1032 903 0 1 0 0 1

fn=(1670) _IO_setb
329 585 0 260 38 0 20 7 0 4
+1 260 130 0 0 0 0 0 0 0 65 3
+5 130
-3 65 0 65
+3 130
-2 65 0 65
+2 130 0 65
+3 390 325

fn=(1836) _IO_old_init
534 64 64 0 1 25 0 1 5
-2 64
+2 64
+5 64
-7 64 0 64
+2 64
+10 64 0 64 0 0 21 0 0 4
-10 64
+16 64
-11 64 0 64
-5 64
+16 64 0 64
-16 64 0 64
+21 64 64
-16 320 0 320
+16 128 0 0 0 0 0 0 0 0 64 2
+3 64 64

fn=(1834) _IO_no_init
563 576 0 256 7 0 0 3
+1 64 0 64
cfn=(1836)
calls=64 -30 
* 1408 192 640 1 25 21 1 5 4 64 2
+1 64 0 64 0 0 24 0 0 4
+1 128 0 0 0 0 0 0 0 0 64 17
+21 64 0 64
+1 384 320
-2 128 0 64 1 0 0 1

fn=(1910) __overflow
199 64 0 32 1 0 0 1
+2 96 32 0 0 0 0 0 0 0 32 3
+2 32 32
fi=(190)
940 96
+2 64
+1 64 0 0 0 0 0 0 0 0 32
fe=(186)
203 32 32 0 0 26 0 0 4
+1 64 32 0 1 0 0 1
-1 32 0 0 0 0 0 0 0 0 0 0 32 1
cfi=(185)
cfn=(1656)
calls=32 731 
* 4800 1248 768 75 51 0 11 8 0 768 16 32

fl=(89) ./string/../sysdeps/x86_64/multiarch/ifunc-memset.h
fn=(318) memset
54 5 2 0 2 0 0 2 0 0 1
+3 3 1 0 0 0 0 0 0 0 1
+7 2
+9 2 0 0 0 0 0 0 0 0 1
+2 2 0 0 0 0 0 0 0 0 1
+10 2 0 0 0 0 0 0 0 0 1
+8 2 0 0 0 0 0 0 0 0 1
+3 5 1 0 1 0 0 1

fl=(141) ./nptl/./nptl/pthread_mutex_conf.c
fn=(514) __pthread_tunables_init
50 1 0 1 1 0 0 1
+1 2
-1 4 1 1 1 0 0 1
+1 3 0 1
cob=(1) /usr/lib/x86_64-linux-gnu/ld-linux-x86-64.so.2
cfi=(11) ./elf/./elf/dl-tunables.c
cfn=(28) __tunable_get_val
calls=1 408 
* 19 4 1 0 1 0 0 0 0 3 1
cob=(1)
cfi=(142) ./elf/../sysdeps/x86_64/dl-trampoline.h
cfn=(522) _dl_runtime_resolve_xsave
calls=1 +25 
* 890 282 126 12 17 12 12 1 2 127 13 3 3
* 5 3 2 2 1 0 2 0 0 0 0 2 2
+2 4 0 1
cob=(1)
cfi=(11)
cfn=(28)
calls=1 408 
* 20 4 1 0 2 0 0 1 0 3 2
* 1 1 0 0 0 0 0 0 0 0 0 1 1
+2 6 4 0 1 0 0 1 0 0 1

fl=(147) ./csu/./csu/init-first.c
fn=(554) _init_first
46 3 0 1 1 0 0 1
+5 2 1 0 0 0 0 0 0 0 1
+4 5 4 0 1 2 0 1 1 0 1
+8 1 1 0 0 1
-2 1 0 1 0 0 1
+10 1
-9 1 0 1
+1 1 0 1 0 0 1 0 0 1
+9 2 1
-1 1
cfi=(148)
cfn=(556)
calls=1 -40 
* 46 10 5 5 2 1 5 0 0 5 0 1 1

fl=(173) ./elf/./elf/dl-profstub.c
fn=(1244) _dl_mcount_wrapper_check
37 128 128 0 1 0 0 1
-1 128
+1 256 128 0 1 0 0 1 0 0 128 2
+2 128 128

fl=(202) ./stdlib/../sysdeps/ieee754/dbl-64/dbl2mpn.c
fn=(1852) __mpn_extract_double
35 64 0 0 2 0 0 1
-2 128
+4 192 0 64 1 0 0 1
+1 320 0 64
+9 128
+9 64
-9 64 0 64
+9 128 0 0 0 0 0 0 0 0 64 2
+47 64 0 0 1 0 0 1
+4 64
-4 64 0 64
+4 64 64

fl=(171) ./wcsmbs/./wcsmbs/wctob.c
fn=(1236) wctob
30 896 128 512 2 0 0 2
+9 384 0 0 0 0 0 0 0 0 128
+6 128
-1 256 0 0 0 0 0 0 0 0 128 1
+37 1024 768 0 0 0 0 0 0 0 128 1

fl=(114) ./wcsmbs/../sysdeps/x86_64/multiarch/ifunc-memcmp.h
fn=(390) wmemcmp
34 5 2 0 1 0 0 1 0 0 1
+1 2 1 0 0 0 0 0 0 0 1
+1 2 0 0 0 0 0 0 0 0 1
+1 3 1 0 0 0 0 0 0 0 1
+3 2 0 0 0 0 0 0 0 0 1
+4 3 0 0 0 0 0 0 0 0 1
+3 4 0 0 1 0 0 1
fi=(223) ./wcsmbs/../sysdeps/x86_64/multiarch/wmemcmp.c
-18 2 1
fe=(114)

fl=(156)
fn=(906)
313 1 0 1 1 0 0 1
fi=(155)
3156 3 0 0 1 0 0 1
fe=(156)
313 5 1 2
+5 1 0 1
fi=(155)
3156 2 0 1
cfi=(157) ./stdlib/../sysdeps/unix/sysv/linux/getrandom.c
cfn=(908) getrandom
calls=1 29 
* 7 2 0 1 0 0 1 0 0 2
* 2 0 0 0 0 0 0 0 0 1 1
fe=(156)
343 2 1 0 2 0 0 2 0 0 1 1
+4 3 1 1 0 1
fi=(155)
1960 4
+3 1
-3 1
+3 2 0 1 0 0 1 0 0 1
-3 2 0 0 1 0 0 1 0 0 1 1
+3 126
-3 126
+3 252 0 126 0 0 31 0 0 31
-3 252 0 0 0 0 0 0 0 0 126 7
fe=(156)
352 3
fi=(155)
1971 1 0 1
+1 1 0 1 0 0 1
+2 1 0 1
fe=(156)
352 1 0 1
cob=(1)
cfi=(11)
cfn=(28)
calls=1 +56 
* 20 4 1 0 2 0 0 1 0 3 2
* 1 1 0 0 0 0 0 0 0 0 0 1 1
+1 4 0 1 1 0 0 1
cob=(1)
cfi=(11)
cfn=(28)
calls=1 +55 
* 19 4 1 0 2 0 0 1 0 3 1
* 1 1 0 0 0 0 0 0 0 0 0 1
+1 4 0 1
cob=(1)
cfi=(11)
cfn=(28)
calls=1 +54 
* 20 4 1 0 1 0 0 0 0 3 2
* 1 1 0 0 0 0 0 0 0 0 0 1
+1 4 0 1
cob=(1)
cfi=(11)
cfn=(28)
calls=1 +53 
* 20 4 1 0 2 0 0 1 0 3 2
* 1 1 0 0 0 0 0 0 0 0 0 1
+1 4 0 1 1 0 0 1
cob=(1)
cfi=(11)
cfn=(28)
calls=1 +52 
* 19 4 1 0 1 0 0 0 0 3 2
* 1 1 0 0 0 0 0 0 0 0 0 1
+1 4 0 1
cob=(1)
cfi=(11)
cfn=(28)
calls=1 +51 
* 20 4 1 0 2 0 0 1 0 3 2
* 1 1 0 0 0 0 0 0 0 0 0 1
+1 4 0 1
cob=(1)
cfi=(11)
cfn=(28)
calls=1 +50 
* 20 4 1 0 2 0 0 1 0 3 2
* 1 1 0 0 0 0 0 0 0 0 0 1
+2 4 0 1 1 0 0 1
cob=(1)
cfi=(11)
cfn=(28)
calls=1 +48 
* 20 4 1 0 2 0 0 1 0 3 1
* 1 1 0 0 0 0 0 0 0 0 0 1
+1 4 0 1
cob=(1)
cfi=(11)
cfn=(28)
calls=1 +47 
* 20 4 1 0 2 0 0 1 0 3
* 1 1 0 0 0 0 0 0 0 0 0 1
+1 4 0 1
cob=(1)
cfi=(11)
cfn=(28)
calls=1 +46 
* 20 4 1 0 2 0 0 1 0 3
* 1 1 0 0 0 0 0 0 0 0 0 1
+3 4 0 1
cob=(1)
cfi=(11)
cfn=(28)
calls=1 +43 
* 20 4 1 0 2 0 0 1 0 3
* 1 1 0 0 0 0 0 0 0 0 0 1
+1 4 0 1 1 0 0 1
cob=(1)
cfi=(11)
cfn=(28)
calls=1 +42 
* 20 4 1 0 1 0 0 0 0 3
* 1 1 0 0 0 0 0 0 0 0 0 1
+1 2 1 0 0 1 0 0 1 0 1 1
+63 7 5 0 0 0 0 0 0 0 1

fl=(175) ./wctype/./wctype/wctype_l.c
fn=(1258) wctype_l
26 60 0 50 1 0 0 1
+7 10
-7 30 0 10
+3 10 0 10
cfi=(176) ./string/../sysdeps/x86_64/multiarch/strlen-avx2.S
cfn=(1262) __strlen_avx2
calls=10 +36 
* 130 20 0 1 2 0 1 2 0 20
* 10 10 0 1 1 0 1 0 0 0 0 10 10
+3 10 10
-3 10 0 0 1 0 0 1
+3 10 10 0 0 1
+1 10
+7 48
+1 96 48 0 0 0 0 0 0 0 48
-8 48
+2 96 0 48
cfi=(176)
cfn=(1262)
calls=48 +30 
* 624 96 0 0 1 0 0 1 0 96
* 48 48 0 0 0 0 0 0 0 0 0 48
* 20 0 10
cfi=(176)
cfn=(1262)
calls=10 +30 
* 130 20 0 0 1 0 0 1 0 20
* 10 10 0 0 0 0 0 0 0 0 0 10
* 58
+2 312 0 49 0 0 0 0 0 0 58 14
cfi=(177) ./string/../sysdeps/x86_64/multiarch/memcmp-avx2-movbe.S
cfn=(1266) __memcmp_avx2_movbe
calls=49 +43 
* 999 225 0 4 0 0 4 0 0 196 22
* 49 49 0 1 1 0 1 0 0 0 0 49 1
* 98 0 0 0 0 0 0 0 0 49 2
+8 10 10 0 1 1 0 1
+1 10 10 0 0 2
+1 80 70

fl=(166) ./nptl/./nptl/pthread_once.c
fn=(1138) __pthread_once_slow
68 9 1 4 1 0 0 1
+8 1 1
+4 2 0 0 0 0 0 0 0 0 1 1
+52 9 6 0 0 0 0 0 0 0 1
-44 2 1 0 1 1 0 1 1
+4 2 0 1 0 0 0 0 0 0 1
+9 2 0 0 0 0 0 0 0 0 1 1
+13 13 0 7 2 0 0 2
cfi=(167) ./nptl/./nptl/cleanup_compat.c
cfn=(1140) _pthread_cleanup_push@@GLIBC_2.34
calls=1 -86 
* 6 2 4 1 1 0 1
+2 1 0 1 0 0 0 0 0 0 0 0 1 1
cob=(7) /usr/lib/x86_64-linux-gnu/libstdc++.so.6.0.30
cfi=(153) ???
cfn=(1142) 0x00000000000b9b20
calls=1 0 
* 1785 542 255 13 23 1 13 7 0 249 19 7 5
+2 3 0 1
cfi=(167)
cfn=(1156) _pthread_cleanup_pop@@GLIBC_2.34
calls=1 -75 
* 5 2 1 1 0 0 1 0 0 1
fi=(169) ./nptl/../sysdeps/nptl/futex-internal.h
+91 3
fe=(166)
-85 1 0 1
fi=(169)
+85 5 0 0 1 0 0 1 0 0 1 1
fe=(166)

fn=(1136) pthread_once@@GLIBC_2.34
139 78 78 0 2 23 0 2 5
+1 156 0 0 0 0 0 0 0 0 78 2
+4 154 77
-1 1
cfn=(1138)
calls=1 -75 
* 1849 555 275 20 25 1 20 8 0 255 22 8 6

fl=(102) ./wcsmbs/../sysdeps/x86_64/multiarch/wcscpy.c
fn=(352) wcscpy
38 5 2 0 1 0 0 1
+6 1 1

fl=(196) ./libio/./libio/vsnprintf.c
fn=(1830) vsnprintf
124 128 0 0 1 0 0 1
cfn=(1832) __vsnprintf_internal
calls=64 -29 
* 134911 30741 21273 642 582 488 239 123 92 20038 1037 568 7

fn=(1832)
95 832 64 448 2 0 21 2 0 4
+4 64 0 64 0 0 24 0 0 4
+5 128 0 0 0 0 0 0 0 0 64
+9 256 0 64 3 0 24 1 0 4
-3 448 0 64 0 0 21 0 0 4
cfi=(186)
cfn=(1834)
calls=64 563 
* 2816 512 1152 9 25 45 5 5 8 128 19
+3 192 64
-2 64
+2 64
-2 64 0 64
+1 64 0 64 1 0 0 1
+1 64 0 64
cfi=(197) ./libio/./libio/strops.c
cfn=(1838) _IO_str_init_static_internal
calls=64 -77 
* 4096 768 1216 85 0 20 11 0 4 192 5
+1 320 0 64
cfi=(198) ./stdio-common/./stdio-common/vfprintf-internal.c
cfn=(1840) __vfprintf_internal
calls=64 684 
* 124479 28629 17945 542 557 333 219 118 64 19526 1012 568 7
+2 128 64 0 0 0 0 0 0 0 64 1
+1 128 64 64
+2 704 576 0 0 0 0 0 0 0 64

fl=(137) ./elf/./elf/libc_early_init.c
fn=(506) __libc_early_init
33 6 1 2 1 0 0 1
+2 1 0 1
cfi=(138) ./ctype/./ctype/ctype-info.c
cfn=(508) __ctype_init
calls=1 -4 
* 16 10 3 2 7 0 2
+3 1 1
fi=(140) ./elf/../sysdeps/nptl/pthread_early_init.h
-5 2
fe=(137)
+8 1 0 1 0 0 1 0 0 1
-3 1 0 1 0 0 1 0 0 1
+3 1 0 1
fi=(140)
-8 1 0 1
cfi=(139)
cfn=(510)
calls=1 +5 
* 9 1 0 1 0 0 1 0 0 1
* 3 0 0 1 0 0 1 0 0 1
+1 1 1
+4 5
+7 1 1 0 0 1
fi=(224) ./elf/../nptl/nptl-stack.h
+13 3 2 0 0 1
fi=(140)
-13 1 1
fi=(224)
+13 2 0 0 1 0 0 1
fi=(140)
-4 1 0 1 0 0 1 0 0 1
fi=(224)
+4 3
fi=(140)
-6 1
-6 1
+6 6 0 1
+1 1 0 1 0 0 1 0 0 1
+4 1 0 1
cfi=(141)
cfn=(514)
calls=1 -7 
* 955 299 134 17 21 12 17 2 2 134 16 6 6
fe=(137)
-10 3 2 0 1 0 0 1 0 0 1
+2 2 1
-2 1
cfi=(144) ./nptl/../sysdeps/unix/sysv/linux/x86/elision-conf.c
cfn=(528) __lll_elision_init
calls=1 +49 
* 136 31 13 3 9 1 3 4 1 17 3 5

fl=(177)
fn=(1266)
80 50 0 0 1 0 0 1
+1 50 0 0 0 0 0 0 0 0 50 9
+3 1 1
+1 1 1
+1 1
+4 1
+1 1 0 0 0 0 0 0 0 0 1
+2 1 0 0 1 0 0 1
+1 1 0 0 0 0 0 0 0 0 1
+3 1 1
+1 1 1
+1 1
+3 1
+1 1 0 0 0 0 0 0 0 0 1
+3 1
+1 1 0 0 0 0 0 0 0 0 1
+3 1 1
+1 1 1
+1 1
+1 1
+1 1 0 0 1 0 0 1 0 0 1
+1 1 1
+1 1 1
+1 1
+1 1
+1 1 0 0 0 0 0 0 0 0 1
+3 1
+1 1 0 0 0 0 0 0 0 0 1
+6 1 1
+1 1 1
+1 1
+1 1
+4 1 1
+1 1 1 0 1
+2 1 1
+1 1 1
+1 1 1
+1 1 1
+3 1
+1 1
+1 1
+1 1
+1 1
+1 1 0 0 0 0 0 0 0 0 1
+2 2 1
+4 39 0 0 1 0 0 1
+10 39 39
+1 39 39
+1 39
+3 78 39 0 1 0 0 1
401 49 0 0 1 0 0 1
+1 49 0 0 0 0 0 0 0 0 49
+5 49
+1 49
+1 49
+1 49
+1 49 0 0 0 0 0 0 0 0 49
+3 49 49
+1 49 49
+1 49
+1 49
+3 49
+1 49 0 0 0 0 0 0 0 0 49 13
+1 10
+1 20 10

fl=(197)
fn=(1838)
36 512 0 256 8 0 0 2
+4 128 0 0 0 0 0 0 0 0 64 3
+6 320 0 64 5 0 0 2
cfi=(186)
cfn=(1670)
calls=64 329 
* 1728 448 448 36 0 20 5 0 4 64 2
+5 192 0 0 0 0 0 0 0 0 64
-3 64 0 64
+1 64 0 64
+1 64 0 64
+3 64 0 64
+1 64 0 64
+1 64 0 64
+9 64 0 64
+1 384 320
-23 64 0 0 36 0 0 2
+1 320

fl=(154) ./stdlib/./stdlib/cxa_atexit.c
fn=(880) __new_exitfn
88 22 11 0 1 2 0 1 1 0 11
-6 44 0 22
+11 11 11 0 0 2
-10 11
+10 44 0 0 0 0 0 0 0 0 11
+2 22 11
+1 50 10 0 0 1 0 0 0 0 10 6
-1 22 0 0 1 0 0 1 0 0 11 6
-2 1 1
+10 1 0 1
-10 3 0 0 0 0 0 0 0 0 1 1
+13 20 0 0 0 0 0 0 0 0 10
+25 10
+1 20 0 10
-1 20
+7 10 0 10
+5 10
-4 10 0 10
+4 40 30
-5 1 0 1 1 0 0 1
+5 1
-4 1 0 1
+4 4 3
-18 1 0 1 1 0 0 1
-1 1
+12 1

fn=(878) __internal_atexit
36 55 0 44 2 0 0 1
+5 22 0 0 0 0 0 0 0 0 11 1
+2 88 0 11 0 0 2 0 0 1 11
+1 22 0 11 2 0 0 1
cfn=(880)
calls=11 +44 
* 381 77 56 4 5 0 4 1 0 54 13
+2 22 0 0 0 0 0 0 0 0 11
+10 11 0 11 0 0 6 0 0 6
-3 11
+4 11 0 11
+1 11 0 11
-5 22 11
+2 11 0 11
+4 44 11 11 0 0 0 0 0 0 22 1
+1 11
+1 66 55 0 2 0 0 1

fn=(876) __cxa_atexit
70 22 0 0 2 0 0 1
cfn=(878)
calls=11 -34 
* 788 154 177 10 5 8 7 1 7 109 15

fl=(181)
fn=(1616)
30 1 0 0 1 0 0 1
+2 1
cfi=(182) ./setjmp/../sysdeps/x86_64/setjmp.S
cfn=(1618) __sigsetjmp
calls=1 * 
* 26 6 10 3 0 0 3 0 0 1 1

fl=(203) ./stdlib/../sysdeps/x86_64/lshift.S
fn=(1854) __mpn_lshift
29 64 0 0 1 0 0 1
+1 64
+2 64
+1 64
+1 64 0 0 0 0 0 0 0 0 64 6
+12 64 0 0 1 0 0 1
+1 64 0 0 0 0 0 0 0 0 64 2
+1 64 64
+1 64
+1 64
+1 64
+1 64 0 0 0 0 0 0 0 0 64 28
+6 64
+1 64 0 64 0 0 22 0 0 4
+1 64 64

fl=(179) ./string/../sysdeps/x86_64/multiarch/strcmp-avx2.S
fn=(1522) __strcmp_avx2
249 72 0 0 1 0 0 1
+25 72
+1 72
+1 72
+2 72
+1 72 0 0 0 0 0 0 0 0 72
+4 72 72
+4 72 72 0 0 25 0 0 4
+2 72
+2 72
+3 72
+9 72
+1 144 0 0 0 0 0 0 0 0 72
+4 72 0 0 27 0 0 5
+10 72 72
+1 72 72
+3 72
+4 144 72

fl=(86) ./string/../sysdeps/x86_64/multiarch/strcmp.c
fn=(312) strcmp
48 4 4 0 2 2 0 1
+1 2 2 0 2 0 0 1
-1 4
-1 4 0 0 0 0 0 0 0 0 2 2
+2 4 0 0 2 0 0 1 0 0 2
+3 4 0 0 0 0 0 0 0 0 2
+4 6 0 0 0 0 0 0 0 0 2
+3 6 0 0 0 0 0 0 0 0 2
+20 2 2

fl=(87) ./wcsmbs/../sysdeps/x86_64/multiarch/ifunc-wcslen.h
fn=(320) wcslen
41 4 2 0 1 0 0 1
-1 2 0 0 0 0 0 0 0 0 1 1
+2 3 1 0 1 0 0 1 0 0 1
+3 2 0 0 0 0 0 0 0 0 1
+4 3 0 0 0 0 0 0 0 0 1
+3 3 0 0 1 0 0 1 0 0 1
fi=(90) ./wcsmbs/../sysdeps/x86_64/multiarch/wcslen.c
-23 1 1
fe=(87)

fn=(314) wcsnlen
41 4 2 0 1 0 0 1
-1 2 0 0 0 0 0 0 0 0 1 1
+2 3 1 0 1 0 0 1 0 0 1
+3 2 0 0 0 0 0 0 0 0 1
+4 3 0 0 0 0 0 0 0 0 1
+3 3 0 0 1 0 0 1 0 0 1
fi=(88) ./wcsmbs/../sysdeps/x86_64/multiarch/wcsnlen.c
-22 1 1
fe=(87)

fl=(207) ./nptl/./nptl/alloca_cutoff.c
fn=(1862) __libc_alloca_cutoff
28 576 64 0 2 27 0 2 4 0 64 4
+7 64 64

fl=(99) ./string/../sysdeps/x86_64/multiarch/strncmp.c
fn=(344) strncmp
44 4 2 0 2 0 0 2
-1 2 0 0 0 0 0 0 0 0 1 1
+24 2 1
-22 3 1 0 1 0 0 1 0 0 1
+3 2 0 0 0 0 0 0 0 0 1
+4 3 0 0 0 0 0 0 0 0 1
+3 4 0 0 0 0 0 0 0 0 1

fl=(138)
fn=(508)
31 7 5 1 2 4 0 2
+2 4 2 1 0 2
+2 4 2 1 0 1
+1 1 1

fl=(182)
fn=(1618)
32 1 0 1 1 0 0 1
+9 1
+1 2 1 0 1 0 0 1
+1 1 0 1
+4 1 0 1
+1 1 0 1
+1 1 0 1
+1 1 0 1
+1 1
+2 2 1
+2 1 0 1
+1 1 1
+3 2 1
+2 1 0 1 1 0 0 1
+23 1
cfi=(183)
cfn=(1620)
calls=1 -56 
* 8 2 2 0 0 0 0 0 0 1 1

fl=(204) ./stdlib/./stdlib/mul.c
fn=(1856) __mpn_mul
48 752 47 329 26 0 9 7 0 4
+6 94 0 0 0 0 0 0 0 0 47
+12 94 0 0 0 0 0 0 0 0 47 6
+76 517 423 0 0 0 0 0 0 0 47
-71 47 47 0 1 7 0 1 2
+1 94 0 0 0 0 0 0 0 0 47 5
+69 47 0 47 2 0 9 1 0 4
-60 188 0 141 0 0 10 0 0 4
cfi=(205) ./stdlib/../sysdeps/x86_64/mul_1.S
cfn=(1858) __mpn_mul_1
calls=47 -49 
* 1504 188 141 6 0 0 6 0 0 141 6
* 141 141 0 2 0 0 1
+2 47 0 47
+1 47
+4 94 0 0 0 0 0 0 0 0 47 2

fl=(199) ./string/../sysdeps/x86_64/multiarch/strchr-avx2.S
fn=(1844) __strchrnul_avx2
55 128 0 0 1 0 0 1
+1 128
+1 128
+1 128
+1 128
+3 128
+1 128 0 0 0 0 0 0 0 0 128
+4 128 128 0 1 0 0 1
+1 128
+1 128
+1 128
+1 128
+1 128
+1 128 0 0 0 0 0 0 0 0 128
+1 128
+13 128
+2 256 128

fl=(94) ./string/../sysdeps/x86_64/multiarch/strchr.c
fn=(330) index
43 2 2 0 1 0 0 1
+1 1 1
-1 2
-1 2 0 0 1 0 0 1 0 0 1 1
+2 2 0 0 0 0 0 0 0 0 1
+3 2 0 0 0 0 0 0 0 0 1
+4 3 0 0 0 0 0 0 0 0 1
+3 3 0 0 1 0 0 1 0 0 1
+11 1 1

fl=(144)
fn=(528)
96 1 0 1 1 0 0 1
+5 1
-5 1
+5 1
-5 3 1 1
+5 3 0 1
cob=(1)
cfi=(11)
cfn=(28)
calls=1 408 
* 19 4 1 0 1 0 0 0 0 3 1
* 1 1 0 0 0 0 0 0 0 0 0 1
+2 4 0 1 1 0 0 1
cob=(1)
cfi=(11)
cfn=(28)
calls=1 408 
* 19 4 1 0 1 0 0 0 0 3
* 1 1 0 0 0 0 0 0 0 0 0 1
+2 4 0 1
cob=(1)
cfi=(11)
cfn=(28)
calls=1 408 
* 19 4 1 0 2 0 0 1 0 3 1
* 1 1 0 0 0 0 0 0 0 0 0 1
+2 4 0 1
cob=(1)
cfi=(11)
cfn=(28)
calls=1 408 
* 19 4 1 0 2 0 0 1 0 3 1
* 1 1 0 0 0 0 0 0 0 0 0 1
+2 4 0 1 1 0 0 1
cob=(1)
cfi=(11)
cfn=(28)
calls=1 408 
* 19 4 1 0 2 0 0 1 0 3
* 1 1 0 0 0 0 0 0 0 0 0 1
+4 3 1 0 0 1 0 0 1 0 1
+1 1 0 1 0 0 1 0 0 1
+1 6 4 0 0 0 0 0 0 0 1

fl=(214) ./libio/./libio/iofflush.c
fn=(1924) fflush
33 64 0 0 1 0 0 1 0 0 32
-1 128 0 64
+7 416 160 96 1 0 0 1 0 0 96 1
+1 32 32
fi=(190)
940 96
+2 64
+1 64 0 0 0 0 0 0 0 0 32
fe=(214)
40 64 32 32 0 0 0 0 0 0 0 0 32 1
cfi=(185)
cfn=(1926) _IO_file_sync@@GLIBC_2.2.5
calls=32 792 
* 544 224 96 11 0 0 6 0 0 64 32
fi=(190)
883 64 32 0 0 0 0 0 0 0 32
+1 320 96 96 1 0 0 1 0 0 96
fe=(214)
40 64
+4 128 96

fl=(185)
fn=(1654)
1204 226 0 0 1 0 0 1
-1 452 0 0 0 0 0 0 0 0 226 10
-6 2260 0 1356 1 0 20 1 0 4
+13 226 226
+2 226 226 0 0 22 0 0 5
-2 678 0 0 0 0 0 0 0 0 226 3
+17 3 1 0 0 0 0 0 0 0 1 1
+1 224
+5 224
+2 224
+2 672
-2 224 0 224
cfi=(192)
cfn=(1690)
calls=224 251 
* 3990 672 448 1 0 50 1 0 8 1177 83
* 224 224 0 0 22 0 0 4 0 0 0 224 103
-2 1
+2 1
+2 3
-2 1 0 1
cfi=(192)
cfn=(1690)
calls=1 251 
* 13 3 2 2 0 0 2 0 0 2
* 1 1 0 1 1 0 1 0 0 0 0 1 1
+1 225
+1 225
-2 225 0 225
+4 450 0 0 0 0 0 0 0 0 225 3
+27 448
+1 1800 1575 0 1 0 0 1
-55 225 225
+4 225
-4 225
+1 450 0 0 0 0 0 0 0 0 225
+3 2190 0 0 1 0 0 1 0 0 1095 220
+2 2613 871 0 0 0 0 0 0 0 871 8
+2 1
+11 3 0 0 0 0 0 0 0 0 1 1
-32 1 0 0 1 0 0 1
+44 1 1
fi=(190)
940 3
+2 2
+1 2 0 0 0 0 0 0 0 0 1
fe=(185)
1243 1 1
fi=(190)
940 3
+2 2
+1 2 0 0 0 0 0 0 0 0 1
fe=(185)
1243 6 2 2 0 1 0 0 0 0 0 0 2 1
cfn=(1656)
calls=2 731 
* 478 111 70 40 11 1 21 0 1 71 24 4 3
* 4 0 0 1 0 0 1 0 0 2
+6 4 4
+1 8 0 0 0 0 0 0 0 0 2 1
+2 2
-2 2
+2 4 0 0 0 0 0 0 0 0 2
+11 4 0 0 0 0 0 0 0 0 2 1
+1 4 0 1
cfi=(186)
cfn=(1674)
calls=1 371 
* 1138 306 140 13 0 1 13 0 1 247 15 20 2
+2 3
+1 1 0 0 1 0 0 1
-15 1
+15 7 7
-10 2 0 0 1 0 0 1

fn=(1682) _IO_file_write@@GLIBC_2.2.5
1173 204 0 136
+2 136 0 0 0 0 0 0 0 0 34
-1 68
+6 34 0 34
cfi=(191) ./io/../sysdeps/unix/sysv/linux/write.c
cfn=(1684) write
calls=34 26 
* 238 68 0 3 25 0 2 4 0 68
+1 68 0 0 0 0 0 0 0 0 34
+5 34
+1 34
-12 68 0 0 0 0 0 0 0 0 34 1
+4 102 34 0 30 0 0 5
+1 68 34 0 0 0 0 0 0 0 34 2
+10 102 34 0 0 0 0 0 0 0 34 2
+3 204 170
-4 102 0 0 9 0 0 2

fn=(1672) _IO_do_write@@GLIBC_2.2.5
425 71 0 0 23 0 0 5 0 0 35 3
+1 1 1
-3 68 0 34
+2 34 0 34
cfn=(1678) new_do_write
calls=34 +6 
* 3366 884 544 54 51 0 15 8 0 476 24 34 1
* 34
+1 34 34
-1 102
+1 34 34

fn=(1678)
431 34 0 34 1 0 0 1
fi=(190)
940 34
+2 34
fe=(185)
431 34 0 34
fi=(190)
940 34
fe=(185)
431 68 0 34
fi=(190)
940 34
fe=(185)
431 204 0 102 7 0 0 2
+12 34 34
-10 68 34 0 0 0 0 0 0 0 34 3
fi=(190)
942 68
+1 68 0 0 0 0 0 0 0 0 34
fe=(185)
448 136 34 34 0 26 0 0 4 0 0 0 34 1
cfn=(1682)
calls=34 1173 
* 1462 340 170 42 25 0 9 4 0 238 5
+1 34 34 0 1 0 0 1
-1 34
+1 136 0 0 0 0 0 0 0 0 68
+2 34 34
+4 68 34
-3 68 0 34
-1 68 0 68
+4 68 0 0 0 0 0 0 0 0 34 2
-2 34 0 34
+4 306 238
-17 136 68 0 2 0 0 1 0 0 34 12
+14 68 34 0 1 0 0 1 0 0 34 2

fn=(1656)
731 159 0 159 2 0 0 1
+1 53 53
-1 53
+1 106 0 0 0 0 0 0 0 0 53
+7 316 53 0 1 0 0 1 0 0 105 1
+37 52 52
-2 104 0 0 0 0 0 0 0 0 52
+3 102 51 0 0 0 0 0 0 0 51
+3 153 0 102 0 0 1 0 0 1
+1 153 51 0 0 0 0 0 0 0 51
+1 204 0 0 0 0 0 0 0 0 102 4
+4 51 0 0 6 0 0 1
+1 204 204
-45 2 0 0 1 0 0 1 0 0 1 1
+12 2 0 0 0 0 0 0 0 0 1
+9 3 1 0 0 0 0 0 0 0 1
+5 3 1 2
+2 2 0 0 1 0 0 1
-5 1 0 1
+5 1 0 1
+1 1 1
-5 1 0 1
+1 1 0 1
+4 4 0 0 0 0 0 0 0 0 2
+1 1 0 1
+2 2 0 0 0 0 0 0 0 0 1
+2 2 2
-1 2
+12 6 6 0 1 0 0 1
-11 2
-1 2
cfn=(1672)
calls=2 425 
* 114 29 18 1 0 0 1 0 0 16 7 1
+9 66 66 0 1
-1 33
+1 33
-1 33 0 33
cfn=(1672)
calls=33 425 
* 3630 924 594 76 51 0 19 8 0 495 20 33 1
* 66 0 0 0 0 0 0 0 0 33 2
-39 2 0 1 1 0 0 1
cfi=(186)
cfn=(1658)
calls=1 344 
* 290 64 36 33 11 1 14 0 1 43 15 3 3
+1 1 1
+9 1 1
-9 5 0 2 1 0 0 1

fn=(1662) _IO_file_stat
1147 2 1 0 1 0 0 1
cfi=(188)
cfn=(1664)
calls=1 29 
* 13 1 0 3 0 0 3 0 0 2

fn=(1926)
792 128 0 64 2 0 0 2
+5 128 64 0 0 0 0 0 0 0 32 32
+2 32 32 0 3 0 0 2
+1 64 32 0 0 0 0 0 0 0 32
+11 64 0 32 6 0 0 2
+4 128 96

fl=(189)
fn=(1666)
154 1 0 0 1 0 0 1
-55 2
+70 3 0 0 0 0 0 0 0 0 1
+1 1 1

fl=(205)
fn=(1858)
32 519 0 519 1 0 0 1
+3 519
+1 519 519
+1 519
+1 519
+1 519
+2 519 0 0 1 0 0 1
+1 519
+2 519
+1 519 0 0 0 0 0 0 0 0 519
+1 519
+1 519 0 0 0 0 0 0 0 0 519 8
+1 448 0 0 0 0 0 0 0 0 448
+2 448
+1 448 0 0 0 0 0 0 0 0 448
+1 448 0 448
+1 448
+26 71 0 0 1 0 0 1
+1 71
+1 71
+1 71
+1 71
+1 71
+1 71 71 0 1 0 0 1
+1 71
+1 71
+26 71 0 0 1 0 0 1
+1 71
+1 71 0 0 0 0 0 0 0 0 71 2
+2 71 0 71
+1 71
+1 71
+1 71 0 71 1 0 0 1
+1 71
+1 71
+2 71 71
+3 71 71
-5 448
+2 448 448
+3 448 448

fl=(215) ./stdlib/./stdlib/cmp.c
fn=(1960) __mpn_cmp
35 80 0 0 1 0 0 1 0 0 40 2
+2 40 40
+1 40 40
+1 80 0 0 0 0 0 0 0 0 40
+8 200 40

fl=(216) ./stdlib/./stdlib/divrem.c
fn=(1962) __mpn_divrem
46 1848 0 1008 13 0 4 6
+3 336 0 0 0 0 0 0 0 0 168 16
+13 168 168 0 3 0 0 2
+1 168 168
-16 168 0 168 3 0 12 2 0 4
+18 336 0 0 0 0 0 0 0 0 168 10
+7 921 0 0 0 0 0 0 0 0 168 6
+1 139 139
-1 278
+1 278 0 139
-1 278 0 0 0 0 0 0 0 0 139
+4 504 0 0 1 0 0 1 0 0 168 8
+3 168 0 168
234 1512 1344
68 9 0 9 1 0 0 1
-1 9
+1 9

fl=(176)
fn=(1262)
65 230 0 0 1 0 0 1
+1 230
+1 230
+3 230
+2 230
+1 230 0 0 0 0 0 0 0 0 230
+3 230 230 0 0 30 0 0 10
+1 230
+8 230
+1 230 0 0 0 0 0 0 0 0 230 1
+1 229
+5 458 229
+26 1
+13 1
+1 1
+1 1
+6 2 1
+82 1 0 0 1 0 0 1
+15 1 1 0 0 1 0 0 1
+6 1
+1 1
+1 1 0 0 0 0 0 0 0 0 1 1

fl=(163) ./csu/../csu/libc-start.c
fn=(1066) __libc_start_main@@GLIBC_2.34
242 11 0 7 1 0 0 1
+69 3 0 0 0 0 0 0 0 0 1
+1 3 0 1
cfi=(154)
cfn=(876)
calls=1 70 
* 74 14 16 0 0 0 0 0 0 10 1
+25 6 2 1 1 0 0 1 0 0 1
+6 2 2
-3 2 0 0 0 0 0 0 0 0 1 1
+10 2 1 1 1 1
cob=(1)
cfi=(50) ./elf/./elf/dl-audit.c
cfn=(1612) _dl_audit_preinit
calls=1 119 
* 4 2 0 1 1 0 1 0 0 1
cob=(1)
cfi=(142)
cfn=(522)
calls=1 76 
* 895 282 126 4 37 0 0 3 0 127 11 3 3
* 5 3 2 2 2 0 1 0 0 0 0 2 1
+2 2 0 0 0 0 0 0 0 0 1
+8 4 1 1 1
cfi=(180)
cfn=(1614)
calls=1 29 
* 1091224951360 447724917023 83831116671 1772 11385439470 2215299 624 313586402 1612907 27234396048 148219973 73242 1678
128 2 2 0 1 0 0 1
+6 3 1 0 0 1 0 0 0 0 1
+1 6 2 1 0 1 0 0 0 0 0 0 1 1
cob=(2) ???
cfi=(52) ???
cfn=(1068) 0x0000000000109000
calls=1 0 
* 6 2 0 1 0 0 1 0 0 1 1
+3 1 1 0 0 1
+1 2 0 0 0 0 0 0 0 0 1
+3 2 2 0 1 1 0 1
+1 2 2
-1 1
+2 8 0 1 0 0 0 0 0 0 1
+1 4 1 1 0 0 0 0 0 0 0 0 1 1
cob=(8)
cfi=(164)
cfn=(1078) _GLOBAL__sub_I__Z17multMatrizClasicaPPiS0_S0_i
calls=1 -51 
* 100971 29890 13994 413 721 151 401 141 120 15640 741 1221 232
* 4 1 1 0 1 0 0 0 0 0 0 1 1
cob=(8)
cfi=(162) ???
cfn=(1072) 0x00000000000011c0
calls=1 0 
* 12 1 0 2 0 0 2 0 0 1
-1 7 2 0 1 0 0 1 0 0 2 1

fl=(213) ./libio/./libio/putc.c
fn=(1908) putc
25 192 0 96 1 0 0 1
+3 64 32 0 0 0 0 0 0 0 32 32
+1 128 64 0 6 0 0 2 0 0 32 3
+5 32 0 0 1 0 0 1
-5 64
+5 96 96
-5 32
cfi=(186)
cfn=(1910)
calls=32 199 
* 5344 1376 800 77 77 0 13 12 0 832 19 64 1

fl=(160)
fn=(922)
24 1278 0 0 2 0 0 1
fi=(161) ./misc/../sysdeps/unix/sysv/linux/brk.c
+13 1278 639 639
+1 1278 0 0 0 0 0 0 0 0 639 2
+6 116
+1 116 116
-5 1046 523 523 0 2 2
+1 1046 523
fe=(160)

fl=(167)
fn=(1156)
43 2 1 1 1 0 0 1
+4 2 0 0 0 0 0 0 0 0 1
+2 1 1

fn=(1140)
28 1 0 1 1 0 0 1
+1 1 0 1
+1 2 1 1 0 1
+2 1 0 1
+1 1 1

fl=(187)
fn=(1660)
78 8 1 4 1 0 0 1
+6 4 2 0 0 0 0 0 0 0 1
fi=(190)
940 3 0 0 1 0 0 1
+2 2
+1 2 0 0 0 0 0 0 0 0 1
fe=(187)
84 3 1 1 0 0 0 0 0 0 0 0 1 1
cfi=(185)
cfn=(1662)
calls=1 1147 
* 15 2 0 4 0 0 4 0 0 2
* 2 0 0 0 0 0 0 0 0 1
+2 4 1 0 0 0 0 0 0 0 1
+11 4 1 0 1 0 0 1 0 0 1
+4 2 0 1
cob=(2)
cfi=(52)
cfn=(1668) 0x0000000004a94368
calls=1 0 
* 161 34 17 19 10 1 0 0 1 28 11 1 1
* 1
+1 2 0 0 0 0 0 0 0 0 1
+2 4 0 1
cfi=(186)
cfn=(1670)
calls=1 329 
* 27 7 7 2 0 0 2 0 0 1 1
+1 1
+1 8 6 0 0 0 0 0 0 0 1
-15 1 1 0 1 0 0 1
fi=(225) ./libio/../include/sys/sysmacros.h
-44 6 0 0 1 0 0 1
fe=(187)
+44 1
-2 2 0 0 0 0 0 0 0 0 1
+5 2 0 1

fl=(198)
fn=(1840)
684 704 0 512 1 0 22 1 0 4
+30 320 192 128 0 0 21 0 0 4
+8 192 64 0 1 0 0 1 0 0 64 2
+4 320 128 0 0 0 0 0 0 0 128
+11 128 0 0 0 0 0 0 0 0 64
+11 64 64
fi=(226) ./stdio-common/./stdio-common/printf-parse.h
82 128 64 0 1 0 0 1
fe=(198)
748 192 64 128 0 0 26 0 0 4
fi=(226)
82 64 0 64 0 0 22 0 0 4
cfi=(199)
cfn=(1844)
calls=64 -27 
* 1152 128 0 2 0 0 2 0 0 128
* 64 64 0 1 22 0 1 4 0 0 0 64 1
fe=(198)
763 128 0 64
fi=(226)
82 64 0 64
fe=(198)
759 64 0 64 0 0 24 0 0 4
+4 128 0 64 1 0 0 1 0 0 64
+4 128 128
fi=(211) ./stdio-common/../libio/libioP.h
940 64
fe=(198)
239 64 64
767 64
fi=(211)
940 256 0 64
+2 128
+1 128 0 0 1 0 0 1 0 0 64
fe=(198)
239 256 128 64 0 25 0 0 4 0 0 0 64 1
cfi=(186)
cfn=(1674)
calls=64 371 
* 1216 448 448 0 0 22 0 0 4 64
* 128 0 0 0 0 0 0 0 0 64 2
127 576 0 0 0 0 0 0 0 0 64
767 128 0 0 0 0 0 0 0 0 64
+4 192 128 0 1 0 0 1 0 0 64
+4 448 192 64 0 68 0 0 14 0 128
-57 64 0 64 1 0 0 1
+57 64 0 0 0 0 0 0 0 0 64
-23 64 0 64
-8 128 0 64
+73 384 64 64 0 0 0 0 0 0 64 5
1111 128 64 0 1 0 0 1 0 0 64
+1 128 64 0 0 0 0 0 0 0 64
+3 768 576 0 6 0 0 2 0 0 64
817 192 0 0 1 0 0 1
-7 64 0 64
+7 64
-11 64 0 64
-1 64
-2 64
+14 64
-13 64 0 64
-2 64
-3 64
+18 128 64 0 1 25 0 1 5
-19 64 0 64
+9 64
-10 64 0 64
+20 64 64 0 0 26 0 0 5
-21 64 0 64
-1 64 0 64
+22 64
-6 128 0 64 0 0 0 0 0 0 0 0 64 1
-89 128 0 0 3 0 0 1 0 0 64 2
1035 128 64 0 1 0 0 1 0 0 64 3
+3 2304 512 384 2 0 0 2
+20 128 0 0 26 0 0 5 0 0 64 2
+34 64 64 0 36 0 0 2
fi=(226)
82 64
fe=(198)
1086 64 0 64
+6 64
fi=(226)
82 128 0 64
cfi=(199)
cfn=(1844)
calls=64 -27 
* 1152 128 0 0 0 0 0 0 0 128
* 64 64 0 0 0 0 0 0 0 0 0 64
fi=(211)
942 64
+1 64 64
fe=(198)
1096 64
-4 64 0 64
fi=(226)
82 64
fe=(198)
239 64 64
1096 64 0 0 1 0 0 1
fi=(211)
942 128
+1 128 0 0 0 0 0 0 0 0 64
fe=(198)
239 256 64 64 0 0 0 0 0 0 0 0 64 1
cfi=(186)
cfn=(1674)
calls=64 371 
* 1216 448 448 0 0 0 0 0 0 64 2
* 128 0 0 0 0 0 0 0 0 64
127 832 0 0 1 0 0 1 0 0 192
1096 128 0 0 0 0 0 0 0 0 64
+2 192 64 0 0 0 0 0 0 0 64
925 64 64 0 6 0 0 2
+1 64 64
-1 128 0 64 1 0 0 1
+1 128 0 0 0 0 0 0 0 0 64 2
+41 832 128 0 1 47 0 1 10 0 64 0 64 1
+91 576 192 128 5 0 0 3 0 0 64
+1 64
351 64
+1 64
1059 64 0 64
352 128
-1 128 0 0 0 0 0 0 0 0 64 2
1062 128 0 0 1 0 0 1 0 0 64
127 256 0 0 0 0 0 0 0 0 128
1067 128 0 0 0 0 0 0 0 0 64
354 64 0 64 1 0 0 1
cfi=(200) ./stdio-common/./stdio-common/printf_fp.c
cfn=(1846) __printf_fp
calls=64 1279 
* 101759 23573 13849 429 344 196 178 76 40 16774 990 184 2
* 64
930 192 0 128 7 0 0 3
+1 256 64 0 0 0 0 0 0 0 64
+15 448 128 64 0 0 0 0 0 0 64
+3 128 64
+18 64 64
-18 256 0 0 2 0 0 1

fl=(206) ./stdlib/../sysdeps/x86_64/rshift.S
fn=(1860) __mpn_rshift
29 96 0 0 1 0 0 1
+1 96
+1 96 0 0 0 0 0 0 0 0 96 7
+13 96
+1 96 0 0 0 0 0 0 0 0 96 5
+16 96 0 0 28 0 0 5 0 0 96
+1 96 96
+1 96 96
+1 96
+1 96
+1 96
+1 96 0 0 0 0 0 0 0 0 96 6
+5 96
+1 96 0 96
+1 96 0 0 8 0 0 2
+1 96 0 96
+1 96 96

fl=(191)
fn=(1684)
26 204 34 0 3 25 0 2 4 0 68
+1 34 34

fl=(106) ./string/../sysdeps/x86_64/multiarch/ifunc-memcmp.h
fn=(362) bcmp
34 10 4 0 4 0 0 2 0 0 2
+1 4 2 0 0 0 0 0 0 0 2
+1 4 0 0 0 0 0 0 0 0 2
+1 6 2 0 0 0 0 0 0 0 2
+3 4 0 0 0 0 0 0 0 0 2 1
+4 6 0 0 0 0 0 0 0 0 2
+3 8 0 0 2 0 0 1
fi=(227) ./string/../sysdeps/x86_64/multiarch/memcmp.c
-18 4 2
fe=(106)

fl=(172) ./wcsmbs/./wcsmbs/btowc.c
fn=(1242) btowc
32 256 0 256 1 0 0 1
+5 256
-5 1536 256 768
+5 1536 0 0 1 0 0 1 0 0 512 1
+5 512 0 0 0 0 0 0 0 0 256 2
+56 1024 768 0 0 0 0 0 0 0 128
-52 384 384 0 1 1 0 1
fi=(228) ./wcsmbs/./wcsmbsload.h
+23 128 128 0 0 1
+1 384 128 0 0 1 0 0 0 0 128
fe=(172)
-23 128 128 0 0 1
+2 128 128 0 0 1
-2 128 128
+2 128 0 0 0 0 0 0 0 0 128 3
+5 512 128 0 1 0 0 1 0 0 256
+3 256 0 128
cfi=(173)
cfn=(1244)
calls=128 -20 
* 640 384 0 2 0 0 2 0 0 128 2
* 512 384 0 0 0 0 0 0 0 128
+41 128
-41 256
+41 384 384
-41 128 0 0 0 0 0 0 0 0 0 0 128 1
cfi=(174)
cfn=(1246)
calls=128 -6 
* 640 128 0 1 0 0 1

fl=(157)
fn=(908)
29 6 1 0 1 0 0 1 0 0 2
+1 1 1

fl=(200)
fn=(1846)
1279 64 64 0 1 0 0 1
-1 64
+1 256 64
cfn=(1848) __printf_fp_l
calls=64 216 
* 101375 23445 13849 428 344 196 177 76 40 16774 990 184 2

fn=(1848)
216 768 0 448 2 0 21 2 0 4
+82 64 64
-82 256 64 128 0 0 21 0 0 4
+50 64 64
-9 64 0 64 0 0 22 0 0 4
+17 64 0 64 1 0 0 1
-8 256 0 64
+11 128 0 0 0 0 0 0 0 0 64
fi=(201) ./stdio-common/../include/../locale/localeinfo.h
+54 128 128 0 0 48 0 0 8
fe=(200)
-51 64 64 0 0 25 0 0 4
fi=(201)
+51 64 0 64
fe=(200)
-51 64 0 64
+18 128 0 0 0 0 0 0 0 0 64
+43 64 0 64 1 0 0 1
234 64 0 64
-1 64 0 64
388 64 64
-1 128 0 0 0 0 0 0 0 0 64 2
+5 128 0 0 1 0 0 1 0 0 64 2
1272 768 576 0 1 0 0 1 0 0 64 2
396 448 192 0 4 47 0 3 10 0 128 2
+36 64 64 0 1 0 0 1
-44 64 0 64
+57 64 0 64
-13 256
+1 64
+1 128
+3 320 0 0 1 0 0 1
+1 128
+1 64
-2 64
+2 64
-1 64
-1 64 0 64
+2 64
-1 64 0 64
+1 64 0 64 1 0 0 1
+7 128 0 0 0 0 0 0 0 0 64 2
+17 24
+4 96
-4 48 0 0 0 0 0 0 0 0 24 2
+16 48 0 0 1 0 0 1 0 0 24 2
+11 24 0 0 3 0 0 2
-41 24
+10 24
+31 24 24
-30 168 0 24
+33 72 48 0 0 0 0 0 0 0 24
+41 24 24
+1 48 24 0 0 8 0 0 4
-1 24 0 24
+1 72 0 24
cfi=(192)
cfn=(1692)
calls=24 264 
* 240 72 48 0 12 0 0 4 0 48 4
* 24 24 0 1 12 0 1 4 0 0 0 24 1
+16 144 64 0 0 0 0 0 0 0 80 4
+18 8 8
-9 8
+2 16 0 0 0 0 0 0 0 0 8 8
-2 272 0 0 1 0 0 1
+2 544 0 0 0 0 0 0 0 0 272
-74 576 576 0 0 52 0 0 16
-4 288
+4 1176 24 0 1 12 0 1 4 0 288 32
-4 24
+4 96 0 0 0 0 0 0 0 0 24 2
+15 40 40
-13 80 0 0 0 0 0 0 0 0 40 2
+53 16 16
-2 96 32 16
cfi=(204)
cfn=(1856)
calls=16 48 
* 1248 288 240 11 0 24 5 0 12 128 6
+5 32 32
+1 32 0 0 0 0 0 0 0 0 16 2
+7 160 64 64 2 0 0 2
cfi=(192)
cfn=(1692)
calls=32 264 
* 320 96 64 0 0 0 0 0 0 64 6
* 32 32 0 0 0 0 0 0 0 0 0 32
+1 96 96
+1 96
+1 32
+3 32
-4 32
-1 32
+1 32
+1 96
+5 64 0 0 1 0 0 1 0 0 32 10
+1 48 24 24
+6 48 0 0 0 0 0 0 0 0 24
+4 24 24
+4 24 24
-4 24 24
+4 72
-4 240 48 0 1 0 0 1 0 0 48
+6 48 0 0 0 0 0 0 0 0 24 4
831 64 64 0 1 0 0 1
+10 64 64 0 1 0 0 1
-10 64 64
+10 64 64
+6 64 64
-16 64 0 64
+10 128 64
+6 64 0 64
-6 128 64 64 0 27 0 0 5
+2 128 0 0 0 0 0 0 0 0 64
+10 128 64 0 1 0 0 1 0 0 64 1
+20 448 64 128 0 0 0 0 0 0 64 3
+1 64 64
-13 64 64
+13 128 0 0 0 0 0 0 0 0 64 6
+1 64 0 0 1 0 0 1 0 0 32 6
+3 64 0 64
+20 384 192 64 6 0 0 2
+3 128 64 0 0 0 0 0 0 0 64 10
396 384 0 64 1 0 21 1 0 4
cfi=(202)
cfn=(1852)
calls=64 35 
* 1344 64 256 4 0 0 3 0 0 64 2
* 256
+4 64 0 0 3 0 0 1
548 48 0 16
649 80 0 0 1 0 0 1 0 0 40 4
825 32 0 8 1 0 4 1
cfi=(203)
cfn=(1854)
calls=8 29 
* 120 16 8 0 0 4 0 0 0 24 4
* 8
+1 40 16 16
+1 16 0 8
551 120 80 40 2 0 0 2
cfi=(215)
cfn=(1960)
calls=40 35 
* 440 120 0 1 0 0 1 0 0 80 2
* 80 0 0 0 0 0 0 0 0 40 4
+3 64 32
840 64 0 64 26 0 0 5
+76 64 64
-1 192 64 0 0 0 0 0 0 0 64
+7 64
fi=(208) ./stdio-common/../sysdeps/pthread/allocalim.h
27 128 0 64
cfi=(207)
cfn=(1862)
calls=64 +1 
* 640 128 0 2 27 0 2 4 0 64 4
+2 192 0 64 2 0 0 1 0 0 64 4
fe=(200)
932 64
-8 64 0 64
+8 320 0 64
+1 64 64
+3 64 64
-3 64 0 0 5 0 0 1
+3 192 32 0 0 0 0 0 0 0 96 3
+3 320 64 32 4 0 0 2 0 0 32
+3 96 0 32 0 0 8
cfn=(1866) hack_digit
calls=32 170 
* 3076 860 488 34 0 24 18 0 4 404 26
* 144 0 48
cfn=(1866)
calls=48 170 
* 5421 1560 889 0 0 0 0 0 0 708 27
* 80 0 80
-3 160 0 0 0 0 0 0 0 0 80 27
+3 128 32
-1 32 0 32
+5 192 96 0 1 0 0 1 0 0 64 6
+2 64 32
-4 32
+4 32 0 32
+14 64 32 32
-2 64
+1 96 0 32 4 0 0 1
+1 32
+1 64 0 0 0 0 0 0 0 0 32
-1 64 32 32 3 0 0 1
-2 64
+1 96 0 32 32 0 0 1
+1 32
+1 64 0 0 0 0 0 0 0 0 32
-1 40
+1 976 448 0 0 0 0 0 0 0 488 4
+3 344 344
-1 344
+2 344
-1 344 0 344
cfn=(1866)
calls=344 170 
* 20962 5518 3041 7 0 4 3 0 0 2964 102
* 344 0 344
+3 1142 0 0 1 0 0 1 0 0 419 50
-7 304
+1 1344 368 0 0 0 0 0 0 0 608 69
+15 256 128 0 0 0 0 0 0 0 64 10
+1 256 64 192 1 0 0 1
cfn=(1866)
calls=64 170 
* 4818 1289 722 0 0 0 0 0 0 663 29
+2 192 128
-2 64
+2 320 0 0 0 0 0 0 0 0 64 17
+2 39 13 0 1 0 0 1 0 0 13 2
+3 24 12 0 0 0 0 0 0 0 12 1
-4 13
fi=(209) ./stdio-common/../sysdeps/generic/get-rounding-mode.h
94 13 0 13
+1 52 13 0 0 0 0 0 0 0 13
-1 51 0 51
+1 396 51 0 5 0 0 2 0 0 179 10
fi=(210) ./stdio-common/../include/rounding-mode.h
-43 159 0 0 0 0 0 0 0 0 64 16
fe=(200)
1097 62 0 0 0 0 0 0 0 0 31 10
+3 6
-1 6
-2 152 70 0 0 0 0 0 0 0 76 4
+7 128 0 0 0 0 0 0 0 0 64 9
+3 192 64 0 5 0 0 2 0 0 64 6
+13 192 64 0 2 0 0 2 0 0 64 4
+46 128 128 0 1 0 0 1
+2 64 64
-2 64 64
+2 192 0 64
+2 64
-2 64
+2 64
-2 64
-2 128 0 0 0 0 0 0 0 0 64 4
963 36 24 0 3 0 0 1 0 0 12 4
+9 40 40 0 3 0 0 1
-1 40 0 40
+1 80 0 0 1 0 0 1 0 0 40 2
fi=(210)
49 48 0 0 0 0 0 0 0 0 24
fe=(200)
1008 66 33 0 1 0 0 1
-5 66 0 0 0 0 0 0 0 0 33
+5 33
-1 33
+1 71 1 0 0 0 0 0 0 0 35 9
+2 1 0 1
-2 2 1
+3 1
-3 2 0 0 0 0 0 0 0 0 1 1
+5 195 65 0 1 0 0 1 0 0 33 1
+1 96 0 32
+1 99 33 0 1 0 0 1 0 0 33 2
+2 66 0 33
+80 99 66
-69 66 33 0 0 0 0 0 0 0 33
+69 66 0 0 0 0 0 0 0 0 33 3
+69 128 0 0 1 0 0 1 0 0 64 4
+9 128 0 0 0 0 0 0 0 0 64
+2 128 0 0 0 0 0 0 0 0 64 2
+18 192 128 0 29 0 0 5 0 0 64 2
+5 192 64 128 8 0 0 2
cfi=(176)
cfn=(1262)
calls=64 65 
* 832 128 0 0 25 0 0 5 0 128
* 64 64 0 1 0 0 1 0 0 0 0 64 1
+2 128 128
-2 64
+2 128 0 0 0 0 0 0 0 0 64 2
+5 192 64 0 1 0 0 1
+2 128 64 0 0 0 0 0 0 0 64
+11 320
+1 128 0 64
+6 832 128 320 1 0 0 1 0 0 64
+3 900 0 0 0 0 0 0 0 0 450
+3 900 0 450
-6 1350 0 0 0 0 0 0 0 0 450 62
+1 1542 514 0 1 0 0 1 0 0 514 71
+1 128 64
-2 64
+2 64 0 64
cfi=(192)
cfn=(1690)
calls=64 251 
* 1088 128 64 0 0 0 0 0 0 384 5
* 64 64 0 0 0 0 0 0 0 0 0 64
* 64
-2 448 256 0 2 0 0 2 0 0 64 2
+10 256 128 0 0 0 0 0 0 0 64
+17 7064 1606 1092 9 0 0 4 0 0 1220 66
-86 128 0 64 1 0 0 1
+2 448 192 0 0 0 0 0 0 0 128 2
+10 320 128 0 7 0 0 3 0 0 128 4
+8 192 64 0 1 0 0 1 0 0 64 2
+69 128 64 0 1 0 0 1 0 0 64
+11 192 128 0 1 0 0 1 0 0 64 2
874 64 32 0 0 0 0 0 0 0 32 2
+15 32 32
-1 64 0 32
+1 64 0 32
+6 320 64 64 1 0 0 1
665 96 0 0 1 0 0 1
+5 32
-5 32 0 32 0 0 5
cfi=(203)
cfn=(1854)
calls=32 29 
* 480 64 32 2 0 6 2 0 0 96 6
-3 32
-10 32 0 32
+13 32
+1 160 64 64 2 0 0 1
+4 32 32
-1 32 0 32
+1 96 0 32
+23 62 62 0 1 0 0 1
+4 31 31
+9 31 31
-13 93
+13 31
-9 31
-4 31 0 31
+5 31
-1 62 31
+1 31
+8 31
-7 62
-2 31
+2 31
-2 31
+2 31
+7 62 0 0 0 0 0 0 0 0 31 7
+22 72 0 0 0 0 0 0 0 0 24 2
+61 384 0 0 1 0 0 1
-2 384
+2 1472 0 0 0 0 0 0 0 0 736 10
675 384 0 0 1 0 0 1
+2 768 384 0 0 41 0 0 5 0 384 27
+7 31 31
+2 31 31 0 0 1 0 0 1
-1 31
-1 31 31
+4 31 31
-4 31
+1 31 31
-1 62 0 0 1 0 0 1 0 0 31
+6 124 0 31
cfi=(204)
cfn=(1856)
calls=31 48 
* 2418 558 465 26 7 4 11 2 0 248 13
* 31
+18 14 0 0 0 0 0 0 0 0 7
+4 14
-2 7 0 7
+2 14 0 0 4 0 0 1
+16 7
-16 7 0 7
+16 14 0 0 0 0 0 0 0 0 7
+2 14 7 0 0 0 0 0 0 0 7 2
+6 24 0 0 8
+1 48
-1 24
+1 48 0 24
+8 24 24
-3 48
-6 24 0 24 2 0 0 1
+6 24
+3 48 0 0 0 0 0 0 0 0 24 2
+34 48 24 24 3 0 0 1
cfi=(206)
cfn=(1860)
calls=24 29 
* 408 72 48 17 0 0 3 0 0 96 6
+3 72 24 24 3 0 0 1
+7 48 24
+2 64 0 0 1 0 0 0 0 0 32 2
+4 120 72 24
cfi=(205)
cfn=(1858)
calls=24 32 
* 768 96 72 0 0 0 0 0 0 72 4
+1 24 24
+3 48 24 0 3 0 0 1
+1 48 24
-4 24 0 24
+3 24 24
+1 120 0 0 0 0 0 0 0 0 24 2
+9 24 24 0 24 0 0 1
+1 24 0 24
-1 24 0 24
+4 96 32 32 8
418 192 64 0 6 0 0 3
1254 192
731 7 0 0 1 0 0 1 0 0 7
+58 14
991 20 0 0 0 0 0 0 0 0 10 10
-8 20 10 0 1 0 0 1
+8 50 15 0 0 0 0 0 0 0 20 5
fi=(210)
52 75 0 0 0 0 0 0 0 0 33 9
fe=(200)
888 128 32 64 2 0 0 2
474 24 0 0 1 0 0 1
-2 24
+2 24
-3 48
+3 96 0 0 1 0 0 1
-3 48 0 24 0 0 12 0 0 4
cfi=(203)
cfn=(1854)
calls=24 29 
* 360 48 24 0 0 12 0 0 4 72 26
+4 216 48 24
+1 48 0 0 0 0 0 0 0 0 24
+1 120 24 48
947 166 68 0 4 0 0 2 0 0 66 6
+36 3 2 0 0 0 0 0 0 0 1 1
+3 2 1 0 0 0 0 0 0 0 1 1
-32 32 32 0 1 0 0 1
+2 32 32
835 32 0 32
955 32 0 32
-1 32 0 32 0 0 4
+2 160 0 64 1 0 0 1
608 168 0 0 1 0 0 1 0 0 48
+16 48
+2 24
-2 24 0 24
cfi=(206)
cfn=(1860)
calls=24 29 
* 408 72 48 15 0 0 5 0 0 96 8
+3 48 24
-1 24
+1 24 24
-1 24 0 24 1 0 0 1
+1 72 0 24
cfi=(206)
cfn=(1860)
calls=24 29 
* 408 72 48 0 0 0 0 0 0 96
+2 152 72 0 0 0 0 0 0 0 24 5
+14 48 0 24
1039 64 0 0 1 0 0 1
1203 128
605 72 24 0 5 0 0 4
808 72 24 24 3 0 0 1
cfi=(206)
cfn=(1860)
calls=24 29 
* 408 72 48 5 0 0 0 0 0 96 4
* 24
-39 96
-23 48 0 0 2 0 0 2 0 0 24
+10 24
-3 24
+3 96 0 0 0 0 0 0 0 0 24 2

fn=(1866)
170 1952 0 976 1 0 12 1
+3 1992 752 0 0 0 0 0 0 0 752 43
+2 448 448
+2 896 896
-2 896 0 0 0 0 0 0 0 0 448 24
+8 336 0 0 0 0 0 0 0 0 168 19
+21 504 0 168
cfi=(205)
cfn=(1858)
calls=168 32 
* 3360 504 336 0 0 0 0 0 0 672
+1 336 0 0 0 0 0 0 0 0 168 32
+1 700 280 280
+4 840 504
-23 1008 336 168 13 0 0 6
cfi=(216)
cfn=(1962)
calls=168 46 
* 7129 1819 1492 21 0 16 12 0 4 811 40
+2 168 168
-2 168
+2 504 336 168
+3 168 168
-2 168 168
+2 168 0 168
+1 1008 336 0 0 0 0 0 0 0 336
+11 168 168
-4 336
-23 280 0 0 2 0 0 1
+1 840
-1 280 280
+1 280 0 280
cfi=(205)
cfn=(1858)
calls=280 32 
* 5600 840 560 0 0 0 0 0 0 1120
* 280 0 280
+31 280
+1 1400 840
-37 1584 264 264 4 0 0 1 0 0 264 26
+37 200 120

fl=(81) ./string/../sysdeps/x86/cacheinfo.h
fn=(302) __x86_cacheinfo
61 1 1 0 1 0 0 1
+3 3 1 0 0 1 0 0 0 0 1
+2 1
+1 1 0 1 1 0 1 1 0 1
-1 2 0 1
+7 3 1 0 0 0 0 0 0 0 1
+2 1
+1 1 0 1
-1 2 0 1
+5 2 1 1 0 0 1 0 0 1
+2 2 1 1 1 0 0 1
+1 2 1 1
+1 2 1 1
+2 2 1 0 0 1 0 0 0 0 1 1
fi=(82) ./string/../sysdeps/x86/cacheinfo.c
* 2 1
fe=(81)

fl=(98) ./wcsmbs/../sysdeps/x86_64/multiarch/ifunc-evex.h
fn=(342) wmemchr
38 10 4 0 2 0 0 2
-1 4 0 0 0 0 0 0 0 0 2 2
+2 6 2 0 0 0 0 0 0 0 2
+6 4
-3 4 0 0 0 0 0 0 0 0 2
+9 6 0 0 0 0 0 0 0 0 2
+3 8 0 0 1 0 0 1
fi=(229) ./wcsmbs/../sysdeps/x86_64/multiarch/wmemchr.c
-23 2 2
fe=(98)

fl=(107) ./wcsmbs/../sysdeps/x86_64/multiarch/ifunc-wmemset.h
fn=(364) wmemset
36 10 4 0 1 0 0 1 0 0 2
+1 6 2 0 0 0 0 0 0 0 2 2
fi=(108) ./wcsmbs/../sysdeps/x86_64/multiarch/wmemset.c
-6 2 2 0 1 0 0 1
fe=(107)

fl=(97) ./string/../sysdeps/x86_64/multiarch/ifunc-strncpy.h
fn=(340) stpncpy
35 5 2 0 2 0 0 2 0 0 1
+1 3 1 0 0 0 0 0 0 0 1
+3 2 0 0 0 0 0 0 0 0 1
+4 3 0 0 0 0 0 0 0 0 1

ob=(5) /usr/libexec/valgrind/vgpreload_core-amd64-linux.so
fl=(146) ???
fn=(548) 0x0000000000001100
0 10 1 0 1 0 0 1 0 0 1 1

ob=(3)
fl=(97)
fn=(340)
46 4
fi=(230) ./string/../sysdeps/x86_64/multiarch/stpncpy.c
-15 1 1
fe=(97)

fn=(388) strncpy
35 5 2 0 1 0 0 1 0 0 1
+1 3 1 0 0 0 0 0 0 0 1
+3 2 0 0 0 0 0 0 0 0 1
+4 3 0 0 1 0 0 1 0 0 1
+3 4
fi=(231) ./string/../sysdeps/x86_64/multiarch/strncpy.c
-17 1 1
fe=(97)

fl=(170) ./locale/./locale/uselocale.c
fn=(1230) uselocale
31 390 260 0 3 44 0 2 8
+2 260 0 0 0 0 0 0 0 0 130
+3 260
+1 130 0 130
+28 390 260 130 0 74 0 0 12
+1 390 260 130 0 22 0 0 4
+2 390 260 130 0 23 0 0 4
+4 390 0 0 2 0 0 1
+1 130 130

ob=(5)
fl=(146)
fn=(548)
0 2 0 0 1 0 0 1

ob=(4) /usr/lib/x86_64-linux-gnu/libm.so.6
fl=(126) ./math/../sysdeps/x86_64/fpu/multiarch/s_fma.c
fn=(452) fma
49 5 3 0 2 0 0 2 0 0 1 1

fl=(120) ./math/../sysdeps/x86_64/fpu/multiarch/ifunc-avx-fma4.h
fn=(466) sin
32 5 2 0 1 0 0 1 0 0 1
+1 2 1 0 0 0 0 0 0 0 1 1
fi=(122) ./math/../sysdeps/x86_64/fpu/multiarch/s_sin.c
-6 1 1
fe=(120)

fn=(462) __atan2_finite@GLIBC_2.15
32 5 2 0 1 0 0 1 0 0 1
+1 2 1 0 0 0 0 0 0 0 1 1
fi=(128) ./math/../sysdeps/x86_64/fpu/multiarch/e_atan2.c
-7 1 1 0 1 0 0 1
fe=(120)

fn=(424) cos
32 5 2 0 1 0 0 1 0 0 1
+1 2 1 0 0 0 0 0 0 0 1 1
fi=(122)
+1 1 1 0 1 0 0 1
fe=(120)

fn=(444) __log_finite@GLIBC_2.15
32 5 2 0 1 0 0 1 0 0 1
+1 2 1 0 0 0 0 0 0 0 1 1
fi=(125) ./math/../sysdeps/x86_64/fpu/multiarch/e_log.c
-6 1 1 0 1 0 0 1
fe=(120)

fn=(418) __exp_finite@GLIBC_2.15
32 5 2 0 1 0 0 1 0 0 1
+1 2 1 0 1 0 0 1 0 0 1
fi=(121) ./math/../sysdeps/x86_64/fpu/multiarch/e_exp.c
-6 1 1
fe=(120)

fl=(119) ./math/../sysdeps/x86_64/fpu/multiarch/ifunc-fma.h
fn=(432) sincosf
29 4 2 0 2 0 0 2 0 0 1
+1 3 1
fi=(232) ./math/../sysdeps/x86_64/fpu/multiarch/s_sincosf.c
-4 1 1
fe=(119)

fn=(450) sinf
29 4 2 0 1 0 0 1 0 0 1
+1 3 1
fi=(233) ./math/../sysdeps/x86_64/fpu/multiarch/s_sinf.c
-4 1 1
fe=(119)

fn=(434) powf@@GLIBC_2.27
29 4 2 0 1 0 0 1 0 0 1
+1 4 2 0 1 0 0 1

fn=(442) __log1p
29 4 2 0 2 0 0 2 0 0 1
+1 3 1
fi=(234) ./math/../sysdeps/x86_64/fpu/multiarch/s_log1p.c
-4 1 1
fe=(119)

fn=(430) log2@@GLIBC_2.29
29 4 2 0 1 0 0 1 0 0 1
+1 3 1
fi=(235) ./math/../sysdeps/x86_64/fpu/multiarch/e_log2.c
-3 1 1
fe=(119)

fn=(416) cosf
29 4 2 0 2 0 0 2 0 0 1
+1 3 1
fi=(236) ./math/../sysdeps/x86_64/fpu/multiarch/s_cosf.c
-4 1 1
fe=(119)

fn=(458) expm1
29 4 2 0 1 0 0 1 0 0 1
+1 3 1
fi=(237) ./math/../sysdeps/x86_64/fpu/multiarch/s_expm1.c
-4 1 1
fe=(119)

fn=(440) log2f@@GLIBC_2.27
29 4 2 0 1 0 0 1 0 0 1
+1 3 1 0 1 0 0 1
fi=(238) ./math/../sysdeps/x86_64/fpu/multiarch/e_log2f.c
-3 1 1
fe=(119)

fn=(428) logf@@GLIBC_2.27
29 4 2 0 1 0 0 1 0 0 1
+1 3 1
fi=(239) ./math/../sysdeps/x86_64/fpu/multiarch/e_logf.c
-3 1 1
fe=(119)

fn=(460) exp2f@@GLIBC_2.27
29 4 2 0 1 0 0 1 0 0 1
+1 3 1 0 1 0 0 1
fi=(240) ./math/../sysdeps/x86_64/fpu/multiarch/e_exp2f.c
-3 1 1
fe=(119)

fn=(422) expf@@GLIBC_2.27
29 4 2 0 2 0 0 2 0 0 1
+1 3 1
fi=(241) ./math/../sysdeps/x86_64/fpu/multiarch/e_expf.c
-3 1 1
fe=(119)

fl=(152) ???
fn=(844) 0x00000000000102f0
0 12 1 0 3 0 0 3 0 0 1 1

fl=(123) ./math/../sysdeps/x86_64/fpu/multiarch/ifunc-fma4.h
fn=(448) __acos_finite@GLIBC_2.15
31 4 2 0 2 0 0 2 0 0 1
+1 2 1 0 0 0 0 0 0 0 1 1
+3 1 1

fn=(470) sincos
31 4 2 0 1 0 0 1 0 0 1
+1 2 1 0 0 0 0 0 0 0 1 1
fi=(129) ./math/../sysdeps/x86_64/fpu/multiarch/s_sincos.c
-6 1 1 0 1 0 0 1
fe=(123)

fn=(454) __asin_finite@GLIBC_2.15
31 4 2 0 1 0 0 1 0 0 1
+1 2 1 0 0 0 0 0 0 0 1 1
fi=(127) ./math/../sysdeps/x86_64/fpu/multiarch/e_asin.c
-5 1 1
fe=(123)

fn=(436) __pow_finite@GLIBC_2.15
31 4 2 0 2 0 0 2 0 0 1
+1 2 1 0 0 0 0 0 0 0 1 1
fi=(124) ./math/../sysdeps/x86_64/fpu/multiarch/e_pow.c
-5 1 1
fe=(123)

ob=(7)
fl=(153)
fn=(1176) std::codecvt<char, char, __mbstate_t>::codecvt(unsigned long)
0 13 1 5 1 0 1 1 0 1
cfn=(1130) std::locale::facet::_S_get_c_locale()
calls=1 0 
0 15 5 1 0 0 0 0 0 0 1 1 1 1
0 1 1 0 0 0 0 0 0 0 0 0 1 1
0 5 3 1 1 0 1 1 0 1

fn=(1290) std::__cxx11::moneypunct<wchar_t, true>::_M_initialize_moneypunct(__locale_struct*, char const*)
0 102 27 30 5 0 0 5 0 0 13 10

fn=(1412) std::moneypunct<wchar_t, true>::_M_initialize_moneypunct(__locale_struct*, char const*)
0 102 27 30 4 0 0 4 0 0 13 9

fn=(1476) std::basic_ios<char, std::char_traits<char> >::init(std::basic_streambuf<char, std::char_traits<char> >*)
0 28 0 12 1 0 0 1
cfn=(1482) std::ios_base::_M_init()
calls=4 0 
0 1718 575 310 7 15 0 7 2 0 215 21 16 6
cob=(1)
cfi=(142)
cfn=(522)
calls=1 76 
0 725 234 119 0 8 0 0 3 0 98 3 1 1
0 8 6 2 1 1 0 1 0 0 0 0 5 2
0 12 0 4 1 0 0 1
cfn=(1500) std::basic_ios<char, std::char_traits<char> >::_M_cache_locale(std::locale const&)
calls=4 0 
0 10680 3297 1593 39 96 0 36 21 0 1337 51 121 40
cob=(1)
cfi=(142)
cfn=(522)
calls=1 76 
0 988 278 119 0 7 0 0 3 0 142 6 1 1
0 8 6 2 1 1 0 1 0 0 0 0 5 2
0 52 12 20

fn=(1494) std::locale::~locale()
0 64 32 8 2 0 0 2 0 0 8 4

fn=(1548) bool std::has_facet<std::num_get<char, std::istreambuf_iterator<char, std::char_traits<char> > > >(std::locale const&)
0 20 4 8 1 0 0 1
cfn=(1170) std::locale::id::_M_id() const
calls=4 0 
0 24 8 0 0 0 0 0 0 0 4 1
0 4 4 0 0 0 0 0 0 0 0 0 4
0 48 24 4 0 0 0 0 0 0 8
cfn=(1512) __dynamic_cast
calls=4 0 
0 344 108 76 0 2 0 0 0 0 24 0 4
0 4 4 0 0 0 0 0 0 0 0 0 4
0 20 8

fn=(1560) std::basic_ios<wchar_t, std::char_traits<wchar_t> >::init(std::basic_streambuf<wchar_t, std::char_traits<wchar_t> >*)
0 28 0 12 1 0 0 1
cfn=(1482)
calls=4 0 
0 304 112 68 0 0 0 0 0 0 24 7 12
0 4 4 0 0 0 0 0 0 0 0 0 4
0 12 0 4 1 0 0 1
cfn=(1566) std::basic_ios<wchar_t, std::char_traits<wchar_t> >::_M_cache_locale(std::locale const&)
calls=4 0 
0 8988 2702 1298 17 58 0 17 13 0 1107 21 108 26
cob=(1)
cfi=(142)
cfn=(522)
calls=1 76 
0 980 277 119 0 7 0 0 2 0 140 7 1 1
0 8 6 2 1 1 0 1 0 0 0 0 5 4
0 52 12 24

fn=(1806) std::num_put<char, std::ostreambuf_iterator<char, std::char_traits<char> > >::do_put(std::ostreambuf_iterator<char, std::char_traits<char> >, std::ios_base&, char, double) const
0 256 0 0 1 0 0 1
cfn=(1812) std::ostreambuf_iterator<char, std::char_traits<char> > std::num_put<char, std::ostreambuf_iterator<char, std::char_traits<char> > >::_M_insert_float<double>(std::ostreambuf_iterator<char, std::char_traits<char> >, std::ios_base&, char, char, double) const
calls=64 0 
0 180660 43181 29468 902 1421 548 288 274 102 25736 1333 1733 480
cob=(1)
cfi=(142)
cfn=(522)
calls=1 76 
0 1204 315 119 0 8 0 0 1 0 177 4 1 1
0 68 66 2 3 25 0 2 4 0 0 0 65 64

fn=(886) 0x00000000000a5760
0 3 0 1
cfn=(892) std::future_category()
calls=1 0 
0 3 1 0 1 0 0 1
cob=(1)
cfi=(142)
cfn=(522)
calls=1 76 
0 699 233 119 0 7 0 0 1 0 96 7 1 1
0 5 3 2 1 1 0 1 0 0 0 0 2 1
0 4 2 1 0 1 1

fn=(892)
0 3 1 0 1 0 0 1

fn=(896) 0x00000000000a5780
0 9 0 5 1 0 1 1
cob=(3)
cfi=(155)
cfn=(902)
calls=1 3281 
0 1733 187 316 69 27 45 69 12 44 341 71 12 1
cob=(1)
cfi=(142)
cfn=(522)
calls=1 76 
0 754 256 128 0 3 0 0 1 0 107 9 1 1
0 5 3 2 1 1 0 1 0 0 0 0 2 1
0 8 1 4 1 0 0 1 0 0 1

fn=(1090) std::ios_base::Init::Init()
0 39 7 17 5 6 3 5 1 0 2 1
cfn=(1096) std::locale::locale()
calls=1 0 
0 70105 20589 9108 297 434 100 294 86 96 11759 551 895 125
cob=(1)
cfi=(142)
cfn=(522)
calls=1 76 
0 677 226 119 0 7 1 0 2 0 90 6 1 1
0 5 3 2 1 1 0 1 0 0 0 0 2 1
0 16 3 11 2 2 2 2
cfn=(1096)
calls=1 0 
0 25 10 6 0 0 0 0 0 0 3 2
0 1 1 0 0 0 0 0 0 0 0 0 1 1
0 14 2 11 2 0 2 2
cfn=(1096)
calls=1 0 
0 25 10 6 0 0 0 0 0 0 3 2
0 1 1 0 0 0 0 0 0 0 0 0 1
0 7 1 4 0 1
cfn=(1470) std::ios_base::ios_base()
calls=1 0 
0 84 12 30 3 0 4 3 0 0 11 8 1
cob=(1)
cfi=(142)
cfn=(522)
calls=1 76 
0 681 227 119 0 7 0 0 1 0 90 3 1 1
0 5 3 2 1 1 0 1 0 0 0 0 2 1
0 11 1 6 1 0 1 1
cfn=(1476)
calls=1 0 
0 11447 3466 1638 50 128 0 47 29 0 1552 62 56 29
cob=(1)
cfi=(142)
cfn=(522)
calls=1 76 
0 1028 284 119 0 9 0 0 0 0 151 7 1 1
0 5 3 2 0 1 0 0 0 0 0 0 2 1
0 4 1 1 1 1 0 1
cfn=(1470)
calls=1 0 
0 84 12 30 0 0 4 0 0 3 11 8 1
0 1 1 0 0 0 0 0 0 0 0 0 1 1
0 15 1 8 1 0 0 1
cfn=(1476)
calls=1 0 
0 924 314 181 0 0 0 0 0 0 80 12 31 13
0 1 1 0 0 0 0 0 0 0 0 0 1 1
0 5 1 1 1 1 0 1
cfn=(1470)
calls=1 0 
0 84 12 30 0 0 4 0 0 4 11 3 1
0 1 1 0 0 0 0 0 0 0 0 0 1
0 11 1 6 0 0 1 0 0 1
cfn=(1476)
calls=1 0 
0 924 314 181 0 0 0 0 0 0 80 6 31 5
0 1 1 0 0 0 0 0 0 0 0 0 1
0 4 1 2 1 0 0 1
cfn=(1470)
calls=1 0 
0 84 12 30 0 0 4 0 0 4 11 0 1
0 1 1 0 0 0 0 0 0 0 0 0 1
0 11 2 6 1 0 0 1
cfn=(1476)
calls=1 0 
0 924 314 181 0 0 0 0 0 0 80 1 31 5
0 1 1 0 0 0 0 0 0 0 0 0 1
0 23 4 12 2 1 1 2
cfn=(1096)
calls=1 0 
0 25 10 6 0 0 0 0 0 0 3 1
0 1 1 0 0 0 0 0 0 0 0 0 1
0 16 3 11 2 0 3 2
cfn=(1096)
calls=1 0 
0 25 10 6 0 0 0 0 0 0 3
0 1 1 0 0 0 0 0 0 0 0 0 1
0 14 2 11 2 0 1 2
cfn=(1096)
calls=1 0 
0 25 10 6 0 0 0 0 0 0 3 1
0 1 1 0 0 0 0 0 0 0 0 0 1
0 7 1 4 1 0 0 1
cfn=(1470)
calls=1 0 
0 84 12 30 0 0 4 0 0 4 11 6 1
0 1 1 0 0 0 0 0 0 0 0 0 1
0 11 1 7 1 0 1 1 0 1
cfn=(1560)
calls=1 0 
0 7892 2267 1017 20 66 0 20 15 0 1073 30 43 15
cob=(1)
cfi=(142)
cfn=(522)
calls=1 76 
0 988 279 119 0 6 0 0 3 0 141 4 1 1
0 5 3 2 1 1 0 1 0 0 0 0 2 1
0 4 1 1
cfn=(1470)
calls=1 0 
0 84 12 30 0 0 4 0 0 4 11 0 1 1
0 1 1 0 0 0 0 0 0 0 0 0 1
0 15 1 9 2 0 0 2
cfn=(1560)
calls=1 0 
0 828 282 170 0 0 0 0 0 0 66 2 29 8
0 1 1 0 0 0 0 0 0 0 0 0 1 1
0 5 1 1
cfn=(1470)
calls=1 0 
0 84 12 30 0 0 4 0 0 1 11 0 1 1
0 1 1 0 0 0 0 0 0 0 0 0 1
0 11 1 7 1 0 1 1 0 1
cfn=(1560)
calls=1 0 
0 828 282 170 0 0 0 0 0 0 66 2 29 4
0 1 1 0 0 0 0 0 0 0 0 0 1 1
0 4 1 2 1 0 0 1
cfn=(1470)
calls=1 0 
0 84 12 30 0 0 4 0 0 0 11 0 1 1
0 1 1 0 0 0 0 0 0 0 0 0 1
0 11 2 7 1 0 0 1
cfn=(1560)
calls=1 0 
0 828 282 170 0 0 0 0 0 0 66 1 29 4
0 1 1 0 0 0 0 0 0 0 0 0 1 1
0 15 9 4 1 1 0 1 0 0 1

fn=(1252) std::ctype<wchar_t>::_M_convert_to_wmask(unsigned short) const
0 84 1 0 1 0 0 1 0 0 43 8
cob=(3)
cfi=(175)
cfn=(1258)
calls=1 26 
0 565 115 28 0 0 0 0 0 0 95 2 22 1
0 1 1 0 0 0 0 0 0 0 0 0 1
0 24 1 0 1 0 0 1 0 0 12 3
cob=(3)
cfi=(175)
cfn=(1258)
calls=1 26 
0 361 75 20 0 1 0 0 1 0 59 2 14 1
0 1 1 0 0 0 0 0 0 0 0 0 1
0 7 1 0 0 0 0 0 0 0 2 1
cob=(3)
cfi=(175)
cfn=(1258)
calls=1 26 
0 463 95 24 0 0 0 0 0 0 77 4 18 1
0 1 1 0 0 0 0 0 0 0 0 0 1
0 9 1 0 2 0 0 2 0 0 3 1
cob=(3)
cfi=(175)
cfn=(1258)
calls=1 26 
0 185 41 13 0 0 0 0 0 0 28 6 7 1
0 1 1 0 0 0 0 0 0 0 0 0 1
0 3 1
cob=(3)
cfi=(175)
cfn=(1258)
calls=1 26 
0 236 51 15 0 0 0 0 0 0 37 3 9 1
0 1 1 0 0 0 0 0 0 0 0 0 1
0 3 1 0 1 0 0 1
cob=(3)
cfi=(175)
cfn=(1258)
calls=1 26 
0 83 21 9 8 7 0 8 2 0 10 2 3 2
cob=(1)
cfi=(142)
cfn=(522)
calls=1 76 
0 684 242 122 0 9 0 0 3 0 93 4 1 1
0 5 3 2 1 0 0 1 0 0 0 0 2 1
0 3 1
cob=(3)
cfi=(175)
cfn=(1258)
calls=1 26 
0 514 105 26 0 0 0 0 0 0 86 3 20 1
0 1 1 0 0 0 0 0 0 0 0 0 1
0 3 1
cob=(3)
cfi=(175)
cfn=(1258)
calls=1 26 
0 175 37 13 0 0 0 0 0 0 26 6 7 1
0 1 1 0 0 0 0 0 0 0 0 0 1
0 3 1
cob=(3)
cfi=(175)
cfn=(1258)
calls=1 26 
0 310 65 18 0 1 0 0 1 0 50 5 12 1
0 1 1 0 0 0 0 0 0 0 0 0 1
0 7 3 0 1 0 0 1
cob=(3)
cfi=(175)
cfn=(1258)
calls=1 26 
0 134 31 11 2 1 0 2 0 0 19 5 5 1
0 1 1 0 0 0 0 0 0 0 0 0 1 1

fn=(1296) std::__timepunct<wchar_t>::__timepunct(std::__timepunct_cache<wchar_t>*, unsigned long)
0 15 1 7 2 0 0 2
cfn=(1118) std::locale::facet::_S_get_c_name()
calls=1 0 
0 3 1
0 1 1 0 0 0 0 0 0 0 0 0 1 1
0 4 0 2
cfn=(1302) std::__timepunct<wchar_t>::_M_initialize_timepunct(__locale_struct*)
calls=1 0 
0 165 12 30 14 0 0 14 0 0 3 2 2 1
cob=(1)
cfi=(142)
cfn=(522)
calls=1 76 
0 989 277 119 0 8 0 0 3 0 143 4 1 1
0 5 3 2 1 1 0 1 0 0 0 0 2 1
0 4 3

fn=(1308) std::__cxx11::messages<wchar_t>::messages(unsigned long)
0 13 1 5 2 0 0 2
cfn=(1130)
calls=1 0 
0 15 5 1 0 0 0 0 0 0 1 0 1
0 1 1 0 0 0 0 0 0 0 0 0 1
0 2 0 2
cfn=(1118)
calls=1 0 
0 3 1
0 1 1 0 0 0 0 0 0 0 0 0 1 1
0 5 3 1

fn=(1638) std::basic_ostream<char, std::char_traits<char> >& std::__ostream_insert<char, std::char_traits<char> >(std::basic_ostream<char, std::char_traits<char> >&, char const*, long)
0 1470 0 784 4 0 0 2
cfn=(1644) std::ostream::sentry::sentry(std::ostream&)
calls=98 0 
0 2254 784 490 2 2 0 2 0 0 196 4
cob=(1)
cfi=(142)
cfn=(522)
calls=1 76 
0 712 232 119 0 7 2 0 1 0 97 5 1 1
0 102 100 2 0 0 0 0 0 0 0 0 99 98
0 2940 1862 294 30 2 0 7 0 0 294 8 98 1
cfn=(1646) __gnu_cxx::stdio_sync_filebuf<char, std::char_traits<char> >::xsputn(char const*, long)
calls=98 0 
0 17281 4188 2588 72 27 12 53 4 4 3045 110 321 203
0 490 196 0 0 0 0 0 0 0 98 2

fn=(1754) std::ostream::operator<<(int)
0 704 192 0 29 41 0 5 8 0 128
cfn=(1760) std::ostream& std::ostream::_M_insert<long>(long)
calls=64 0 
0 28501 7079 4284 51 560 112 34 106 20 3450 229 521 247
cob=(1)
cfi=(142)
cfn=(522)
calls=1 76 
0 716 234 119 0 7 0 0 1 0 95 5 1 1
0 68 66 2 1 21 0 1 4 0 0 0 65 33

fn=(1798) std::ostream::operator<<(double)
0 128 0 0 4 0 0 2
cfn=(1804) std::ostream& std::ostream::_M_insert<double>(double)
calls=64 0 
0 186988 45418 30421 955 1454 548 298 279 102 26361 1367 1927 610
cob=(1)
cfi=(142)
cfn=(522)
calls=1 76 
0 724 235 119 0 4 0 0 2 0 97 4 1 1
0 68 66 2 1 0 0 1 0 0 0 0 65 2

fn=(1804)
0 896 0 448 8 0 0 2
cfn=(1644)
calls=64 0 
0 1472 512 320 0 0 0 0 0 0 128 2
0 64 64 0 0 0 0 0 0 0 0 0 64 64
0 1280 576 64 1 0 0 1 0 0 192 1 64 1
cfn=(1806)
calls=64 0 
0 182188 43562 29589 906 1454 548 291 279 102 25913 1337 1799 545
0 1088 704 0 40 0 0 4 0 0 128 27

fn=(1918) __gnu_cxx::stdio_sync_filebuf<char, std::char_traits<char> >::sync()
0 96 32 0 6 0 0 2
cob=(3)
cfi=(214)
cfn=(1924)
calls=32 33 
0 2048 672 384 14 0 0 9 0 0 352 33 32 1
cob=(1)
cfi=(142)
cfn=(522)
calls=1 76 
0 710 242 122 4 11 0 0 5 0 95 8 2 2
0 36 34 2 8 26 0 2 4 0 0 0 33 2

fn=(1188) std::__cxx11::moneypunct<char, false>::_M_initialize_moneypunct(__locale_struct*, char const*)
0 113 38 31 4 1 0 4 1 0 13 9

fn=(1470)
0 464 8 192 3 0 31 3 0 19 64 23
cfn=(1096)
calls=8 0 
0 200 80 48 0 0 1 0 0 1 24 2
0 8 8 0 0 0 0 0 0 0 0 0 8 3

fn=(1566)
0 32 0 12 1 0 0 1
cfn=(1572) bool std::has_facet<std::ctype<wchar_t> >(std::locale const&)
calls=4 0 
0 464 160 88 2 4 0 2 0 0 36 2 12 4
cob=(1)
cfi=(142)
cfn=(522)
calls=1 76 
0 808 249 119 0 7 0 0 1 0 110 2 1 1
0 8 6 2 1 1 0 1 0 0 0 0 5 2
0 16 0 4 0 0 0 0 0 0 4
cfn=(1578) std::ctype<wchar_t> const& std::use_facet<std::ctype<wchar_t> >(std::locale const&)
calls=4 0 
0 456 160 88 2 0 0 2 0 0 40 1 12
cob=(1)
cfi=(142)
cfn=(522)
calls=1 76 
0 824 252 119 0 8 0 0 3 0 113 2 1 1
0 8 6 2 1 1 0 1 0 0 0 0 5 2
0 12 0 8 1 0 0 1
cfn=(1584) bool std::has_facet<std::num_put<wchar_t, std::ostreambuf_iterator<wchar_t, std::char_traits<wchar_t> > > >(std::locale const&)
calls=4 0 
0 464 160 88 2 4 0 2 0 0 36 0 12
cob=(1)
cfi=(142)
cfn=(522)
calls=1 76 
0 1084 295 119 0 7 0 0 3 0 156 2 1 1
0 8 6 2 1 1 0 1 0 0 0 0 5 2
0 16 0 4 0 0 0 0 0 0 4
cfn=(1590) std::num_put<wchar_t, std::ostreambuf_iterator<wchar_t, std::char_traits<wchar_t> > > const& std::use_facet<std::num_put<wchar_t, std::ostreambuf_iterator<wchar_t, std::char_traits<wchar_t> > > >(std::locale const&)
calls=4 0 
0 456 160 88 2 0 0 2 0 0 40 0 12
cob=(1)
cfi=(142)
cfn=(522)
calls=1 76 
0 1116 300 119 0 8 0 0 2 0 163 5 1 1
0 8 6 2 1 1 0 1 0 0 0 0 5 2
0 12 0 8
cfn=(1596) bool std::has_facet<std::num_get<wchar_t, std::istreambuf_iterator<wchar_t, std::char_traits<wchar_t> > > >(std::locale const&)
calls=4 0 
0 464 160 88 0 2 0 0 0 0 36 0 12
cob=(1)
cfi=(142)
cfn=(522)
calls=1 76 
0 1100 297 119 0 7 0 0 2 0 160 4 1 1
0 8 6 2 1 1 0 1 0 0 0 0 5 4
0 16 0 4 0 0 0 0 0 0 4
cfn=(1602) std::num_get<wchar_t, std::istreambuf_iterator<wchar_t, std::char_traits<wchar_t> > > const& std::use_facet<std::num_get<wchar_t, std::istreambuf_iterator<wchar_t, std::char_traits<wchar_t> > > >(std::locale const&)
calls=4 0 
0 456 160 88 1 0 0 1 0 0 40 0 12
cob=(1)
cfi=(142)
cfn=(522)
calls=1 76 
0 1124 301 119 0 5 0 0 2 0 165 3 1 1
0 8 6 2 1 1 0 1 0 0 0 0 5 4
0 20 12 4

fn=(1602)
0 20 4 8 1 0 0 1
cfn=(1170)
calls=4 0 
0 24 8 0 0 0 0 0 0 0 4
0 4 4 0 0 0 0 0 0 0 0 0 4
0 44 24 4 0 0 0 0 0 0 8
cfn=(1512)
calls=4 0 
0 344 108 76 0 0 0 0 0 0 24 0 4
0 4 4 0 0 0 0 0 0 0 0 0 4
0 16 8 0 0 0 0 0 0 0 4

fn=(1704) operator new(unsigned long)
0 122856 0 30714 2 0 0 2
cob=(3)
cfi=(155)
cfn=(902)
calls=15357 3281 
0 3025872 584399 333148 145 507 17200 47 82 12999 563773 6502
0 15357 15357 0 2 6 0 0 1 0 0 0 15357 9
0 61428 30714 0 0 0 0 0 0 0 15357 1

fn=(1892) std::ostream::operator<<(std::ostream& (*)(std::ostream&))
0 64 0 0 1 0 0 1 0 0 0 0 32 1
cfn=(1894) std::basic_ostream<char, std::char_traits<char> >& std::endl<char, std::char_traits<char> >(std::basic_ostream<char, std::char_traits<char> >&)
calls=32 0 
0 15569 5196 2474 147 249 0 44 50 0 2093 121 361 109

fn=(1902) __gnu_cxx::stdio_sync_filebuf<char, std::char_traits<char> >::overflow(int)
0 224 32 0 8 0 0 2 0 0 32
cob=(3)
cfi=(213)
cfn=(1908)
calls=32 25 
0 5952 1568 896 85 77 0 17 12 0 896 54 64 1
cob=(1)
cfi=(142)
cfn=(522)
calls=1 76 
0 679 241 122 0 7 0 0 6 0 94 5 1 1
0 36 34 2 2 22 0 0 4 0 0 0 33 2

fn=(1940) operator delete(void*)
0 15348 0 0 4 0 0 1
cob=(3)
cfi=(155)
cfn=(1946)
calls=7674 3350 
0 1298140 382315 167869 54 7867 9 34 445 0 274937 677
cob=(1)
cfi=(142)
cfn=(522)
calls=1 76 
0 734 253 128 1 13 0 0 0 0 103 9 1 1
0 7678 7676 2 8 6 0 2 1 0 0 0 7675 9

fn=(1112) std::locale::_Impl::_Impl(unsigned long)
0 139 0 120 3 0 16 3 0 16 107 27
cfn=(1118)
calls=1 0 
0 3 1 0 1 0 0 1
cob=(1)
cfi=(142)
cfn=(522)
calls=1 76 
0 771 245 119 0 9 0 0 1 0 107 9 1 1
0 5 3 2 1 0 0 1 0 0 0 0 2 1
0 7 1 2 0 1 0 0 1
cfn=(1124) std::ctype<char>::ctype(unsigned short const*, bool, unsigned long)
calls=1 0 
0 3801 1111 612 30 54 10 29 18 9 572 63 17 12
cob=(1)
cfi=(142)
cfn=(522)
calls=1 76 
0 705 231 119 0 6 0 0 0 0 94 5 1 1
0 5 3 2 1 1 0 1 0 0 0 0 2 1
0 4 1 1
cfn=(1164) std::locale::_Impl::_M_install_facet(std::locale::id const*, std::locale::facet const*)
calls=1 0 
0 1116 351 132 9 8 0 9 2 0 199 12 3 2
cob=(1)
cfi=(142)
cfn=(522)
calls=1 76 
0 945 270 119 0 8 0 0 3 0 136 7 1 1
0 5 3 2 0 0 0 0 0 0 0 0 2 1
0 4 0 1 1 0 0 1
cfn=(1176)
calls=1 0 
0 34 10 7 2 0 2 2 0 2 1 1 2 2
cob=(1)
cfi=(142)
cfn=(522)
calls=1 76 
0 785 244 119 0 7 0 0 1 0 108 5 1 1
0 5 3 2 1 1 0 1 0 0 0 0 2 1
0 4 1 1
cfn=(1164)
calls=1 0 
0 395 116 11 0 1 0 0 0 0 103 4 1 1
0 1 1 0 0 0 0 0 0 0 0 0 1 1
0 23 1 15 3 0 4 3 0 4
cfn=(1182) std::__cxx11::numpunct<char>::_M_initialize_numpunct(__locale_struct*)
calls=1 0 
0 414 137 75 5 5 0 5 2 0 64 19
cob=(1)
cfi=(142)
cfn=(522)
calls=1 76 
0 983 280 119 0 9 0 0 0 0 144 6 1 1
0 5 3 2 1 1 0 1 0 0 0 0 2 1
0 4 1 1
cfn=(1164)
calls=1 0 
0 395 116 11 0 1 0 0 1 0 103 3 1
0 1 1 0 0 0 0 0 0 0 0 0 1
0 8 2 3 1 1 0 1
cfn=(1164)
calls=1 0 
0 395 116 11 0 1 0 0 1 0 103 3 1
0 1 1 0 0 0 0 0 0 0 0 0 1
0 8 2 3 1 2 0 1
cfn=(1164)
calls=1 0 
0 395 116 11 0 0 0 0 0 0 103 3 1
0 1 1 0 0 0 0 0 0 0 0 0 1
0 5 1 3
cfn=(1130)
calls=1 0 
0 15 5 1 0 0 0 0 0 0 1 0 1
0 1 1 0 0 0 0 0 0 0 0 0 1
0 5 1 2 1 1 0 1
cfn=(1164)
calls=1 0 
0 395 116 11 0 0 0 0 0 0 103 3 1
0 1 1 0 0 0 0 0 0 0 0 0 1
0 28 1 19 3 1 4 3 0 4
cfn=(1188)
calls=1 0 
0 113 38 31 4 1 0 4 1 0 13 9
cob=(1)
cfi=(142)
cfn=(522)
calls=1 76 
0 1039 290 119 0 9 0 0 0 0 152 4 1 1
0 5 3 2 1 1 0 1 0 0 0 0 2 1
0 4 1 1
cfn=(1164)
calls=1 0 
0 395 116 11 0 0 0 0 0 0 103 2 1
0 1 1 0 0 0 0 0 0 0 0 0 1
0 28 1 19 4 1 1 4 0 1
cfn=(1194) std::__cxx11::moneypunct<char, true>::_M_initialize_moneypunct(__locale_struct*, char const*)
calls=1 0 
0 113 38 31 5 0 0 5 0 0 13 10
cob=(1)
cfi=(142)
cfn=(522)
calls=1 76 
0 1047 291 119 0 8 0 0 1 0 154 3 1 1
0 5 3 2 1 1 0 1 0 0 0 0 2 1
0 4 1 1 0 1
cfn=(1164)
calls=1 0 
0 395 116 11 0 0 0 0 0 0 103 1 1
0 1 1 0 0 0 0 0 0 0 0 0 1
0 8 2 3 1 0 0 1
cfn=(1164)
calls=1 0 
0 395 116 11 0 0 0 0 0 0 103 1 1
0 1 1 0 0 0 0 0 0 0 0 0 1
0 8 2 3 1 1 0 1
cfn=(1164)
calls=1 0 
0 395 116 11 0 0 0 0 0 0 103 1 1
0 1 1 0 0 0 0 0 0 0 0 0 1
0 35 0 28 3 0 6 3 0 6
cfn=(1200) std::__timepunct<char>::__timepunct(std::__timepunct_cache<char>*, unsigned long)
calls=1 0 
0 1162 295 160 18 8 1 18 2 1 140 5 6 4
cob=(1)
cfi=(142)
cfn=(522)
calls=1 76 
0 880 261 119 1 8 0 0 1 0 123 5 1 1
0 5 3 2 1 1 0 1 0 0 0 0 2 1
0 4 1 1 1 0 0 1
cfn=(1164)
calls=1 0 
0 395 116 11 0 0 0 0 0 0 103 2 1
0 1 1 0 0 0 0 0 0 0 0 0 1
0 8 2 3 0 1
cfn=(1164)
calls=1 0 
0 395 116 11 0 0 0 0 0 0 103 1 1
0 1 1 0 0 0 0 0 0 0 0 0 1
0 8 2 3 1 1 0 1
cfn=(1164)
calls=1 0 
0 395 116 11 0 1 0 0 0 0 103 1 1
0 1 1 0 0 0 0 0 0 0 0 0 1
0 4 0 1 1 0 0 1
cfn=(1212) std::__cxx11::messages<char>::messages(unsigned long)
calls=1 0 
0 40 12 9 1 1 1 1 0 1 1 1 3 1
cob=(1)
cfi=(142)
cfn=(522)
calls=1 76 
0 726 239 119 0 7 0 0 1 0 98 4 1 1
0 5 3 2 1 1 0 1 0 0 0 0 2 1
0 4 1 1
cfn=(1164)
calls=1 0 
0 395 116 11 0 0 0 0 0 0 103 3 1
0 1 1 0 0 0 0 0 0 0 0 0 1
0 4 0 1
cfn=(1218) std::ctype<wchar_t>::ctype(unsigned long)
calls=1 0 
0 23556 6932 3411 42 87 21 41 20 21 3741 108 669 40
cob=(1)
cfi=(142)
cfn=(522)
calls=1 76 
0 689 228 119 0 5 0 0 1 0 92 4 1 1
0 5 3 2 1 1 0 1 0 0 0 0 2 1
0 4 1 1
cfn=(1164)
calls=1 0 
0 395 116 11 0 0 0 0 0 0 103 2 1
0 1 1 0 0 0 0 0 0 0 0 0 1
0 4 0 1 1 0 0 1
cfn=(1272) std::codecvt<wchar_t, char, __mbstate_t>::codecvt(unsigned long)
calls=1 0 
0 34 10 7 2 1 1 2 0 1 1 0 2 1
cob=(1)
cfi=(142)
cfn=(522)
calls=1 76 
0 785 244 119 0 8 0 0 3 0 108 5 1 1
0 5 3 2 0 0 0 0 0 0 0 0 2 1
0 4 1 1
cfn=(1164)
calls=1 0 
0 395 116 11 0 1 0 0 0 0 103 1 1
0 1 1 0 0 0 0 0 0 0 0 0 1
0 23 1 15 3 1 4 3 0 4
cfn=(1278) std::__cxx11::numpunct<wchar_t>::_M_initialize_numpunct(__locale_struct*)
calls=1 0 
0 350 74 74 4 2 3 4 1 3 64 15
cob=(1)
cfi=(142)
cfn=(522)
calls=1 76 
0 959 277 119 0 8 0 0 1 0 138 4 1 1
0 5 3 2 1 1 0 1 0 0 0 0 2 1
0 4 1 1 0 1
cfn=(1164)
calls=1 0 
0 395 116 11 0 1 0 0 1 0 103 1 1
0 1 1 0 0 0 0 0 0 0 0 0 1
0 8 2 3 1 0 0 1
cfn=(1164)
calls=1 0 
0 395 116 11 0 1 0 0 1 0 103 1 1
0 1 1 0 0 0 0 0 0 0 0 0 1
0 8 2 3 1 1 0 1
cfn=(1164)
calls=1 0 
0 395 116 11 0 0 0 0 0 0 103 1 1
0 1 1 0 0 0 0 0 0 0 0 0 1
0 5 1 3
cfn=(1130)
calls=1 0 
0 15 5 1 0 0 0 0 0 0 1 0 1
0 1 1 0 0 0 0 0 0 0 0 0 1
0 16 3 5 2 1 1 2
cfn=(1164)
calls=1 0 
0 395 116 11 0 0 0 0 0 0 103 2 1
0 1 1 0 0 0 0 0 0 0 0 0 1
0 27 1 19 3 0 4 3 0 4
cfn=(1284) std::__cxx11::moneypunct<wchar_t, false>::_M_initialize_moneypunct(__locale_struct*, char const*)
calls=1 0 
0 102 27 30 5 1 0 5 0 0 13 9
cob=(1)
cfi=(142)
cfn=(522)
calls=1 76 
0 1063 293 119 0 9 0 0 2 0 158 6 1 1
0 5 3 2 1 1 0 1 0 0 0 0 2 1
0 4 1 1
cfn=(1164)
calls=1 0 
0 395 116 11 0 0 0 0 0 0 103 1 1
0 1 1 0 0 0 0 0 0 0 0 0 1
0 28 1 19 4 0 2 4 0 2
cfn=(1290)
calls=1 0 
0 102 27 30 5 0 0 5 0 0 13 10
cob=(1)
cfi=(142)
cfn=(522)
calls=1 76 
0 1031 289 119 0 7 0 0 0 0 150 3 1 1
0 5 3 2 1 1 0 1 0 0 0 0 2 1
0 4 1 1
cfn=(1164)
calls=1 0 
0 395 116 11 0 0 0 0 0 0 103 1 1
0 1 1 0 0 0 0 0 0 0 0 0 1
0 8 2 3 1 0 0 1
cfn=(1164)
calls=1 0 
0 395 116 11 0 0 0 0 0 0 103 1 1
0 1 1 0 0 0 0 0 0 0 0 0 1
0 8 2 3 0 0 1 0 0 1
cfn=(1164)
calls=1 0 
0 395 116 11 0 0 0 0 0 0 103 1 1
0 1 1 0 0 0 0 0 0 0 0 0 1
0 35 0 28 4 0 6 4 0 6
cfn=(1296)
calls=1 0 
0 1186 298 160 17 9 0 17 3 0 146 6 6 4
cob=(1)
cfi=(142)
cfn=(522)
calls=1 76 
0 888 262 119 0 5 0 0 0 0 125 6 1 1
0 5 3 2 0 1 0 0 0 0 0 0 2 1
0 4 1 1
cfn=(1164)
calls=1 0 
0 395 116 11 0 0 0 0 0 0 103 2 1
0 1 1 0 0 0 0 0 0 0 0 0 1
0 8 2 3 1 1 1 1 0 1
cfn=(1164)
calls=1 0 
0 395 116 11 0 0 0 0 0 0 103 1 1
0 1 1 0 0 0 0 0 0 0 0 0 1
0 8 2 3 1 2 0 1
cfn=(1164)
calls=1 0 
0 395 116 11 0 1 0 0 0 0 103 1 1
0 1 1 0 0 0 0 0 0 0 0 0 1
0 4 0 1
cfn=(1308)
calls=1 0 
0 40 12 9 2 0 0 2 0 0 1 0 3 1
cob=(1)
cfi=(142)
cfn=(522)
calls=1 76 
0 726 239 119 0 7 0 0 1 0 98 5 1 1
0 5 3 2 1 1 0 1 0 0 0 0 2 1
0 4 1 1 1 1 0 1
cfn=(1164)
calls=1 0 
0 395 116 11 0 0 0 0 0 0 103 1 1
0 1 1 0 0 0 0 0 0 0 0 0 1
0 8 2 3 0 1 1 0 0 1
cfn=(1164)
calls=1 0 
0 395 116 11 0 0 0 0 0 0 103 1 1
0 1 1 0 0 0 0 0 0 0 0 0 1
0 8 2 3 1 1 0 1
cfn=(1164)
calls=1 0 
0 395 116 11 0 0 0 0 0 0 103 1 1
0 1 1 0 0 0 0 0 0 0 0 0 1
0 8 2 3 1 0 0 1
cfn=(1164)
calls=1 0 
0 395 116 11 0 0 0 0 0 0 103 1 1
0 1 1 0 0 0 0 0 0 0 0 0 1
0 8 2 3 1 0 0 1
cfn=(1164)
calls=1 0 
0 395 116 11 0 0 0 0 0 0 103 1 1
0 1 1 0 0 0 0 0 0 0 0 0 1
0 9 3 4
cfn=(1310) 0x00000000000d48d0
calls=1 0 
0 9320 2752 1413 68 78 8 68 10 7 1286 110 56 20
0 3 2 1 1 0 0 1
cfn=(1170)
calls=1 0 
0 6 2 0 0 0 0 0 0 0 1
0 1 1 0 0 0 0 0 0 0 0 0 1
0 4 2 2
cfn=(1170)
calls=1 0 
0 6 2 0 0 0 0 0 0 0 1
0 1 1 0 0 0 0 0 0 0 0 0 1
0 4 2 2
cfn=(1170)
calls=1 0 
0 6 2 0 0 0 0 0 0 0 1
0 1 1 0 0 0 0 0 0 0 0 0 1
0 4 2 2 1 0 0 1
cfn=(1170)
calls=1 0 
0 6 2 0 0 0 0 0 0 0 1
0 1 1 0 0 0 0 0 0 0 0 0 1
0 5 2 2
cfn=(1170)
calls=1 0 
0 6 2 0 0 0 0 0 0 0 1
0 1 1 0 0 0 0 0 0 0 0 0 1
0 5 2 2 1 0 0 1
cfn=(1170)
calls=1 0 
0 6 2 0 0 0 0 0 0 0 1
0 1 1 0 0 0 0 0 0 0 0 0 1
0 4 2 2
cfn=(1170)
calls=1 0 
0 6 2 0 0 0 0 0 0 0 1
0 1 1 0 0 0 0 0 0 0 0 0 1
0 5 2 2
cfn=(1170)
calls=1 0 
0 6 2 0 0 0 0 0 0 0 1
0 1 1 0 0 0 0 0 0 0 0 0 1
0 10 7 1 1 1 0 1

fn=(1130)
0 390 0 78 1 0 0 1
cob=(3)
cfi=(166)
cfn=(1136)
calls=78 139 
0 2238 710 275 22 48 1 22 13 0 333 24 8 6
cob=(1)
cfi=(142)
cfn=(522)
calls=1 76 
0 984 289 134 1 17 0 0 7 0 134 16 4 3
0 82 80 2 6 26 0 2 4 0 0 0 79 66
0 312 156 0 0 25 0 0 4

fn=(1142)
0 5 0 0 1 0 0 1
cfn=(1148) std::locale::facet::_S_create_c_locale(__locale_struct*&, char const*, __locale_struct*)
calls=1 0 
0 802 264 134 11 15 0 11 5 0 109 12 4 3
cob=(1)
cfi=(142)
cfn=(522)
calls=1 76 
0 973 275 119 0 7 1 0 2 0 140 7 1 1
0 5 3 2 1 1 0 1 0 0 0 0 2 1

fn=(1278)
0 350 74 74 4 2 3 4 1 3 64 15

fn=(1302)
0 11 2 4 2 0 0 2 0 0 2 2
cfn=(1130)
calls=1 0 
0 15 5 1 0 0 0 0 0 0 1 0 1
0 1 1 0 0 0 0 0 0 0 0 0 1 1
0 138 4 25 12 0 0 12

fn=(1400) std::moneypunct<wchar_t, false>::_M_initialize_moneypunct(__locale_struct*, char const*)
0 102 27 30 6 0 0 6 0 0 13 9

fn=(1488) std::locale::operator=(std::locale const&)
0 160 56 24 2 0 0 2 0 0 16 12

fn=(1500)
0 32 0 12 1 0 0 1
cfn=(1506) bool std::has_facet<std::ctype<char> >(std::locale const&)
calls=4 0 
0 2004 696 359 20 38 0 17 5 0 248 20 21 12
cob=(1)
cfi=(142)
cfn=(522)
calls=1 76 
0 824 251 119 0 9 0 0 3 0 114 4 1 1
0 8 6 2 1 1 0 1 0 0 0 0 5 4
0 16 0 4 0 0 0 0 0 0 4
cfn=(1528) std::ctype<char> const& std::use_facet<std::ctype<char> >(std::locale const&)
calls=4 0 
0 648 224 112 2 0 0 2 0 0 68 7 16 2
cob=(1)
cfi=(142)
cfn=(522)
calls=1 76 
0 824 252 119 0 9 0 0 4 0 113 3 1 1
0 8 6 2 0 0 0 0 0 0 0 0 5 2
0 12 0 8 1 0 0 1
cfn=(1534) bool std::has_facet<std::num_put<char, std::ostreambuf_iterator<char, std::char_traits<char> > > >(std::locale const&)
calls=4 0 
0 464 160 88 6 5 0 6 0 0 36 2 12 4
cob=(1)
cfi=(142)
cfn=(522)
calls=1 76 
0 1084 295 119 0 5 0 0 2 0 156 2 1 1
0 8 6 2 1 0 0 1 0 0 0 0 5 2
0 16 0 4 0 0 0 0 0 0 4
cfn=(1542) std::num_put<char, std::ostreambuf_iterator<char, std::char_traits<char> > > const& std::use_facet<std::num_put<char, std::ostreambuf_iterator<char, std::char_traits<char> > > >(std::locale const&)
calls=4 0 
0 456 160 88 2 0 0 2 0 0 40 4 12
cob=(1)
cfi=(142)
cfn=(522)
calls=1 76 
0 1100 298 119 0 7 0 0 2 0 159 3 1 1
0 8 6 2 1 1 0 1 0 0 0 0 5 4
0 12 0 8
cfn=(1548)
calls=4 0 
0 464 160 88 1 2 0 1 0 0 36 1 12
cob=(1)
cfi=(142)
cfn=(522)
calls=1 76 
0 1084 295 119 0 10 0 0 3 0 156 3 1 1
0 8 6 2 1 1 0 1 0 0 0 0 5 2
0 16 0 4 0 0 0 0 0 0 4
cfn=(1554) std::num_get<char, std::istreambuf_iterator<char, std::char_traits<char> > > const& std::use_facet<std::num_get<char, std::istreambuf_iterator<char, std::char_traits<char> > > >(std::locale const&)
calls=4 0 
0 456 160 88 1 0 0 1 0 0 40 0 12
cob=(1)
cfi=(142)
cfn=(522)
calls=1 76 
0 1100 298 119 0 7 0 0 2 0 159 2 1 1
0 8 6 2 1 1 0 1 0 0 0 0 5 2
0 20 12 4

fn=(1572)
0 20 4 8 1 0 0 1
cfn=(1170)
calls=4 0 
0 24 8 0 0 0 0 0 0 0 4
0 4 4 0 0 0 0 0 0 0 0 0 4 4
0 48 24 4 1 2 0 1 0 0 8
cfn=(1512)
calls=4 0 
0 344 108 76 0 2 0 0 0 0 24 2 4
0 4 4 0 0 0 0 0 0 0 0 0 4
0 20 8

fn=(1596)
0 20 4 8
cfn=(1170)
calls=4 0 
0 24 8 0 0 0 0 0 0 0 4
0 4 4 0 0 0 0 0 0 0 0 0 4
0 48 24 4 0 0 0 0 0 0 8
cfn=(1512)
calls=4 0 
0 344 108 76 0 2 0 0 0 0 24 0 4
0 4 4 0 0 0 0 0 0 0 0 0 4
0 20 8

fn=(1900) std::ostream::put(char)
0 352 0 128 1 0 0 1
cfn=(1644)
calls=32 0 
0 736 256 160 0 0 0 0 0 0 64
0 32 32 0 0 0 0 0 0 0 0 0 32 32
0 736 512 32 11 0 0 4 0 0 96 3 32 1
cfn=(1902)
calls=32 0 
0 6891 1875 1020 95 106 0 19 22 0 1022 59 98 4
0 64 0 0 0 0 0 0 0 0 32 2

fn=(958) 0x00000000000a58e0
0 44 13 28 5 3 6 5 3 6

fn=(1182)
0 414 137 75 5 5 0 5 2 0 64 19

fn=(1194)
0 113 38 31 5 0 0 5 0 0 13 10

fn=(1200)
0 15 1 7 2 0 1 2 0 1
cfn=(1118)
calls=1 0 
0 3 1
0 1 1 0 0 0 0 0 0 0 0 0 1 1
0 4 0 2
cfn=(1206) std::__timepunct<char>::_M_initialize_timepunct(__locale_struct*)
calls=1 0 
0 165 12 30 15 0 0 15 0 0 3 1 2 1
cob=(1)
cfi=(142)
cfn=(522)
calls=1 76 
0 965 274 119 0 7 0 0 2 0 137 4 1 1
0 5 3 2 1 1 0 1 0 0 0 0 2 1
0 4 3

fn=(1212)
0 13 1 5 1 1 1 1 0 1
cfn=(1130)
calls=1 0 
0 15 5 1 0 0 0 0 0 0 1 1 1
0 1 1 0 0 0 0 0 0 0 0 0 1
0 2 0 2
cfn=(1118)
calls=1 0 
0 3 1
0 1 1 0 0 0 0 0 0 0 0 0 1 1
0 5 3 1

fn=(1506)
0 20 4 8 1 0 0 1
cfn=(1170)
calls=4 0 
0 24 8 0 0 0 0 0 0 0 4 3
0 4 4 0 0 0 0 0 0 0 0 0 4
0 48 24 4 1 2 0 1 0 0 8
cfn=(1512)
calls=4 0 
0 1237 418 226 17 26 0 14 5 0 150 13 11 10
cob=(1)
cfi=(142)
cfn=(522)
calls=1 76 
0 643 224 119 0 9 0 0 0 0 86 4 1 1
0 8 6 2 1 1 0 1 0 0 0 0 5 1
0 20 8

fn=(1512)
0 3584 784 1120 46 111 0 6 16 0 224 0 112 9
cfn=(1536) __cxxabiv1::__si_class_type_info::__do_dyncast(long, __cxxabiv1::__class_type_info::__sub_kind, __cxxabiv1::__class_type_info const*, void const*, __cxxabiv1::__class_type_info const*, void const*, __cxxabiv1::__class_type_info::__dyncast_result&) const
calls=40 0 
0 1480 440 360 4 1 0 4 0 0 80 4
cfn=(1514) __cxxabiv1::__vmi_class_type_info::__do_dyncast(long, __cxxabiv1::__class_type_info::__sub_kind, __cxxabiv1::__class_type_info const*, void const*, __cxxabiv1::__class_type_info const*, void const*, __cxxabiv1::__class_type_info::__dyncast_result&) const
calls=72 0 
0 6821 2190 1206 43 150 0 14 25 0 746 14 75 71
0 1904 1008 0 1 0 0 1 0 0 224 5

fn=(1536)
0 1480 440 360 4 1 0 4 0 0 80 4

fn=(1578)
0 20 4 8 2 0 0 2
cfn=(1170)
calls=4 0 
0 24 8 0 0 0 0 0 0 0 4
0 4 4 0 0 0 0 0 0 0 0 0 4
0 44 24 4 0 0 0 0 0 0 8 1
cfn=(1512)
calls=4 0 
0 344 108 76 0 0 0 0 0 0 24 0 4
0 4 4 0 0 0 0 0 0 0 0 0 4
0 16 8 0 0 0 0 0 0 0 4

fn=(1628) std::basic_ostream<char, std::char_traits<char> >& std::operator<< <std::char_traits<char> >(std::basic_ostream<char, std::char_traits<char> >&, char const*)
0 980 0 294 2 0 0 2 0 0 98
cob=(3)
cfi=(176)
cfn=(1262)
calls=98 65 
0 1282 197 0 1 2 0 1 2 0 197 2
cob=(1)
cfi=(142)
cfn=(522)
calls=1 76 
0 712 242 124 5 13 0 0 7 0 97 11 3 3
0 102 100 2 5 22 0 1 4 0 0 0 99 65
0 392 0 98
cfn=(1638)
calls=98 0 
0 25249 7362 4277 108 38 14 64 5 4 3730 129 519 303
cob=(1)
cfi=(142)
cfn=(522)
calls=1 76 
0 1052 289 119 0 10 0 0 3 0 152 7 1 1
0 102 100 2 1 24 0 1 4 0 0 0 99 65
0 490 294

fn=(1646)
0 1356 226 0 2 21 0 2 4
cob=(3)
cfi=(184)
cfn=(1652)
calls=226 31 
0 36456 8524 5408 70 188 92 51 33 18 7088 413 477 111
cob=(1)
cfi=(142)
cfn=(522)
calls=1 76 
0 667 240 122 0 8 0 0 3 0 90 7 1 1
0 230 228 2 1 21 0 1 4 0 0 0 227 226

fn=(1710) std::chrono::_V2::system_clock::now()
0 405 0 81 8 0 0 3
cob=(3)
cfi=(193)
cfn=(1716)
calls=81 38 
0 810 243 0 2 105 0 2 14 0 162 7
cob=(1)
cfi=(142)
cfn=(522)
calls=1 76 
0 712 246 122 0 14 0 0 4 0 98 5 1 1
0 85 83 2 25 52 0 6 7 0 0 0 82 34
0 324 243

fn=(1772) std::num_put<char, std::ostreambuf_iterator<char, std::char_traits<char> > >::do_put(std::ostreambuf_iterator<char, std::char_traits<char> >, std::ios_base&, char, long) const
0 192 0 0 1 0 0 1
cfn=(1778) std::ostreambuf_iterator<char, std::char_traits<char> > std::num_put<char, std::ostreambuf_iterator<char, std::char_traits<char> > >::_M_insert_int<long>(std::ostreambuf_iterator<char, std::char_traits<char> >, std::ios_base&, char, long) const
calls=64 0 
0 20000 4296 3044 20 393 104 12 72 20 2596 187 320 136
cob=(1)
cfi=(142)
cfn=(522)
calls=1 76 
0 1188 312 119 0 7 0 0 0 0 174 5 1 1
0 68 66 2 1 25 0 1 4 0 0 0 65 64

fn=(1780) 0x0000000000120170
0 1024 128 640 7 25 20 3 4 4
cfn=(1170)
calls=128 0 
0 768 256 0 0 25 0 0 4 0 128 4
0 128 128 0 0 20 0 0 4 0 0 0 128 64
0 1664 1024 0 0 46 0 0 8 0 128 2

fn=(1812)
0 1344 0 832 41 0 0 4
cfn=(1780)
calls=64 0 
0 1792 768 320 0 0 0 0 0 0 128 4 64
0 576 64 64
cfn=(1818) std::__num_base::_S_format_float(std::ios_base const&, char*, char)
calls=64 0 
0 1984 192 256 31 25 0 7 5 0 384 8
cob=(1)
cfi=(142)
cfn=(522)
calls=1 76 
0 889 261 119 0 5 0 0 1 0 125 5 1 1
0 68 66 2 6 27 0 1 4 0 0 0 65 2
0 512 64 64 1 0 0 1 0 0 64
cfn=(1130)
calls=64 0 
0 960 320 64 6 72 0 2 12 0 64 0 64 64
0 64 64 0 0 25 0 0 4 0 0 0 64 64
0 704 64 192
cfn=(1820) 0x00000000000f21c0
calls=64 0 
0 141513 32713 23253 678 802 532 248 165 100 20325 1046 763 106
0 320 64 128 1 0 0 1 0 0 64
cfn=(1528)
calls=64 0 
0 10368 3584 1792 74 365 0 7 60 0 1088 7 256 129
0 64 64 0 0 25 0 0 4 0 0 0 64 32
0 1280 128 192 1 0 0 1 0 0 128 2
cob=(3)
cfi=(192)
cfn=(1692)
calls=64 264 
0 834 192 128 1 0 0 1 0 0 225 11
cob=(1)
cfi=(142)
cfn=(522)
calls=1 76 
0 887 290 142 9 14 0 0 4 0 120 19 3 3
0 68 66 2 7 27 0 1 4 0 0 0 65 2
0 512 64 128 5 0 0 2 0 0 64
cob=(3)
cfi=(212)
cfn=(1886)
calls=64 68 
0 1152 128 0 30 0 0 6 0 0 256 6
cob=(1)
cfi=(142)
cfn=(522)
calls=1 76 
0 737 245 124 2 9 0 0 7 0 104 10 3 3
0 68 66 2 1 25 0 1 4 0 0 0 65 9
0 1536 512 192 6 0 0 3 0 0 256 2 64 1
cfn=(1646)
calls=64 0 
0 11468 2690 1472 0 0 16 0 0 2 2341 213 192 64
0 960 512 0 2 0 0 2

fn=(1894)
0 480 160 96 2 24 0 2 4 0 64
cfn=(1900)
calls=32 0 
0 8811 2675 1340 107 106 0 24 22 0 1214 64 162 37
cob=(1)
cfi=(142)
cfn=(522)
calls=1 76 
0 648 222 119 0 6 0 0 2 0 84 5 1 1
0 36 34 2 2 26 0 1 4 0 0 0 33 32
0 160 64
cfn=(1916) std::ostream::flush()
calls=32 0 
0 4714 1780 796 35 59 0 16 13 0 639 47 131 6
cob=(1)
cfi=(142)
cfn=(522)
calls=1 76 
0 684 227 119 0 7 0 0 1 0 92 5 1 1
0 36 34 2 1 21 0 1 4 0 0 0 33 32

fn=(1916)
0 416 96 96 2 0 0 2 0 0 32
cfn=(1644)
calls=32 0 
0 736 256 160 0 0 0 0 0 0 64 3
0 32 32 0 0 0 0 0 0 0 0 0 32
0 224 192 32 0 22 0 0 4 0 32 1 32 1
cfn=(1918)
calls=32 0 
0 2890 980 508 32 37 0 13 9 0 447 41 67 5
0 416 224 0 1 0 0 1 0 0 64 2

fn=(860) 0x00000000000a56d0
0 9 0 4 1 0 1 1
cfn=(868) std::error_category::error_category()
calls=1 0 
0 5 2 1 1 1 0 1
cob=(1)
cfi=(142)
cfn=(522)
calls=1 76 
0 703 234 119 0 13 7 0 1 0 95 7 1 1
0 5 3 2 1 2 0 1 0 0 0 0 2 2
0 7 0 2 1 0 0 1
cob=(3)
cfi=(154)
cfn=(876)
calls=1 70 
0 70 14 17 8 2 2 8 1 2 9 2
cob=(1)
cfi=(142)
cfn=(522)
calls=1 76 
0 798 263 128 0 15 0 0 6 0 115 12 1 1
0 5 3 2 1 1 0 1 0 0 0 0 2 1
0 3 0 2
cfn=(868)
calls=1 0 
0 5 2 1
0 1 1 0 0 0 0 0 0 0 0 0 1 1
0 9 2 1 1 0 0 1
cob=(3)
cfi=(154)
cfn=(876)
calls=1 70 
0 74 14 16 0 0 0 0 0 0 10 3
0 1 1 0 0 0 0 0 0 0 0 0 1 1

fn=(966) 0x00000000000a5aa0
0 5
cob=(3)
cfi=(154)
cfn=(876)
calls=1 70 
0 74 14 16 0 0 0 0 0 0 10 2
0 1 1 0 0 0 0 0 0 0 0 0 1

fn=(1004) 0x00000000000a5bc0
0 50 25 12 3 13 0 3 2 0 12 1

fn=(1056) 0x00000000000a5d40
0 7 0 2 1 0 0 1
cob=(3)
cfi=(154)
cfn=(876)
calls=1 70 
0 74 14 16 0 0 1 0 0 1 10
0 1 1 0 0 0 0 0 0 0 0 0 1
0 4 0 1
cob=(3)
cfi=(154)
cfn=(876)
calls=1 70 
0 74 14 16 0 0 0 0 0 0 10
0 1 1 0 0 0 0 0 0 0 0 0 1
0 5 1 0 1 0 0 1
cob=(3)
cfi=(154)
cfn=(876)
calls=1 70 
0 74 14 16 0 0 1 0 0 1 10
0 1 1 0 0 0 0 0 0 0 0 0 1

fn=(1272)
0 13 1 5 2 1 1 2 0 1
cfn=(1130)
calls=1 0 
0 15 5 1 0 0 0 0 0 0 1 0 1
0 1 1 0 0 0 0 0 0 0 0 0 1 1
0 5 3 1

fn=(1482)
0 88 8 40 1 1 0 1 1
cfn=(1096)
calls=8 0 
0 200 80 48 0 0 0 0 0 0 24 4
0 8 8 0 0 0 0 0 0 0 0 0 8
0 24 0 8 1 0 0 1
cfn=(1488)
calls=8 0 
0 160 56 24 2 0 0 2 0 0 16 12
cob=(1)
cfi=(142)
cfn=(522)
calls=1 76 
0 697 229 119 0 6 0 0 1 0 93 4 1 1
0 12 10 2 1 1 0 1 0 0 0 0 9 2
0 16 0 8
cfn=(1494)
calls=8 0 
0 64 32 8 2 0 0 2 0 0 8 4
cob=(1)
cfi=(142)
cfn=(522)
calls=1 76 
0 709 230 119 0 7 0 0 0 0 98 4 1 1
0 12 10 2 0 0 0 0 0 0 0 0 9 2
0 32 24

fn=(1534)
0 20 4 8 1 0 0 1
cfn=(1170)
calls=4 0 
0 24 8 0 0 0 0 0 0 0 4
0 4 4 0 0 0 0 0 0 0 0 0 4
0 48 24 4 1 1 0 1 0 0 8
cfn=(1512)
calls=4 0 
0 344 108 76 4 4 0 4 0 0 24 2 4 4
0 4 4 0 0 0 0 0 0 0 0 0 4
0 20 8

fn=(1590)
0 20 4 8 1 0 0 1
cfn=(1170)
calls=4 0 
0 24 8 0 0 0 0 0 0 0 4
0 4 4 0 0 0 0 0 0 0 0 0 4
0 44 24 4 1 0 0 1 0 0 8
cfn=(1512)
calls=4 0 
0 344 108 76 0 0 0 0 0 0 24 0 4
0 4 4 0 0 0 0 0 0 0 0 0 4
0 16 8 0 0 0 0 0 0 0 4

fn=(1644)
0 6670 2320 1450 2 22 0 2 4 0 580 16

fn=(1818)
0 1984 192 256 31 25 0 7 5 0 384 8

fn=(1820)
0 1472 64 960 3 0 41 2 0 8 64
cob=(3)
cfi=(170)
cfn=(1230)
calls=64 31 
0 1344 576 256 2 132 0 0 24 0 64
0 64 64 0 1 26 0 0 4 0 0 0 64 64
0 768 0 320 1 0 0 1
cob=(3)
cfi=(196)
cfn=(1830)
calls=64 124 
0 135039 30741 21273 643 582 488 240 123 92 20038 1037 568 7
cob=(1)
cfi=(142)
cfn=(522)
calls=1 76 
0 710 242 122 2 11 3 0 6 0 95 9 2 2
0 68 66 2 26 25 0 5 4 0 0 0 65 33
0 192 0 64
cob=(3)
cfi=(170)
cfn=(1230)
calls=64 31 
0 1344 576 256 0 26 0 0 4 0 64
0 64 64 0 0 0 0 0 0 0 0 0 64
0 448 320

fn=(854) 0x00000000000a5e40
0 12 1 0 2 0 0 2 0 0 1 1

fn=(960) 0x00000000000a5a40
0 5 0 0 1 0 0 1
cob=(3)
cfi=(154)
cfn=(876)
calls=1 70 
0 74 14 16 0 0 1 0 0 1 10 2
0 1 1 0 0 0 0 0 0 0 0 0 1

fn=(962) 0x00000000000a5a60
0 7 0 2 1 0 0 1
cob=(3)
cfi=(154)
cfn=(876)
calls=1 70 
0 74 14 16 0 0 0 0 0 0 10 2
0 1 1 0 0 0 0 0 0 0 0 0 1
0 5 1
cob=(3)
cfi=(154)
cfn=(876)
calls=1 70 
0 74 14 16 0 0 1 0 0 1 10 2
0 1 1 0 0 0 0 0 0 0 0 0 1

fn=(986) 0x00000000000a5b40
0 34 17 8 2 8 0 2 1 0 8

fn=(1030) 0x00000000000a5c80
0 50 25 12 3 12 0 3 2 0 12 4

fn=(1098) 0x00000000000bbb80
0 11 1 3 2 0 0 2 0 0 1 1
cfn=(1112)
calls=1 0 
0 68613 20104 8854 289 418 98 286 80 95 11563 535 889 121
cob=(1)
cfi=(142)
cfn=(522)
calls=1 76 
0 705 231 119 0 5 1 0 2 1 94 8 1 1
0 5 3 2 1 1 0 1 0 0 0 0 2 1
0 9 2 2
cfn=(1462) std::locale::locale(std::locale::_Impl*)
calls=1 0 
0 3 1 1 1 0 0 1
cob=(1)
cfi=(142)
cfn=(522)
calls=1 76 
0 729 235 119 0 8 0 0 3 0 98 5 1 1
0 5 3 2 0 0 0 0 0 0 0 0 2 1
0 176 87 0 1 1 0 1 1 0 44 3

fn=(1124)
0 15 1 6 2 0 1 2 0 1
cfn=(1130)
calls=1 0 
0 2851 850 412 24 44 1 23 16 0 390 38 14 10
cob=(1)
cfi=(142)
cfn=(522)
calls=1 76 
0 829 250 119 0 8 0 0 2 0 117 5 1 1
0 5 3 2 1 1 0 1 0 0 0 0 2 1
0 101 7 73 3 1 8 3 0 8 65 20

fn=(1148)
0 5 0 2 2 0 0 2
cob=(3)
cfi=(168)
cfn=(1154)
calls=1 43 
0 38 12 7 8 0 0 8 0 0 6 4
cob=(1)
cfi=(142)
cfn=(522)
calls=1 76 
0 749 247 122 0 14 0 0 5 0 102 8 2 2
0 5 3 2 1 1 0 1 0 0 0 0 2 1
0 5 2 1 0 0 0 0 0 0 1

fn=(1206)
0 11 2 4 3 0 0 3 0 0 2 1
cfn=(1130)
calls=1 0 
0 15 5 1 0 0 0 0 0 0 1 0 1
0 1 1 0 0 0 0 0 0 0 0 0 1 1
0 138 4 25 12 0 0 12

fn=(1218)
0 13 1 5 1 0 1 1 0 1
cfn=(1130)
calls=1 0 
0 15 5 1 0 0 0 0 0 0 1 0 1
0 1 1 0 0 0 0 0 0 0 0 0 1 1
0 7 2 2 1 0 0 1
cfn=(1224) std::ctype<wchar_t>::_M_initialize_ctype()
calls=1 0 
0 22718 6674 3282 39 78 20 38 19 20 3631 105 664 37
cob=(1)
cfi=(142)
cfn=(522)
calls=1 76 
0 797 246 119 0 8 0 0 1 0 109 3 1 1
0 5 3 2 1 1 0 1 0 0 0 0 2 1

fn=(1224)
0 10 1 5 2 0 0 2
cob=(3)
cfi=(170)
cfn=(1230)
calls=1 31 
0 21 9 4 3 4 0 3 0 0 1
cob=(1)
cfi=(142)
cfn=(522)
calls=1 76 
0 749 247 122 1 14 0 0 5 0 102 7 2 2
0 5 3 2 1 1 0 1 0 0 0 0 2 1
0 770 0 256 0 0 2 0 0 2 128 1
cob=(3)
cfi=(171)
cfn=(1236)
calls=128 30 
0 2688 896 512 2 0 0 2 0 0 384 2
cob=(1)
cfi=(142)
cfn=(522)
calls=1 76 
0 750 255 128 0 13 0 0 3 0 106 9 1 1
0 132 130 2 1 1 0 1 0 0 0 0 129 2
0 260 0 2 1 0 0 1 0 0 128 2
cob=(3)
cfi=(172)
cfn=(1242)
calls=1 32 
0 24 7 4 2 0 0 2 0 0 4 2
cob=(1)
cfi=(142)
cfn=(522)
calls=1 76 
0 671 240 122 0 9 0 0 2 0 91 6 1 1
0 5 3 2 1 1 0 1 0 0 0 0 2 1
0 510 0 255
cob=(3)
cfi=(172)
cfn=(1242)
calls=255 32 
0 9960 3449 1148 5 5 0 5 0 0 1660 6 128 1
0 255 255 0 0 0 0 0 0 0 0 0 255 1
0 1086 0 272 1 0 16 1 0 16 260 7
cfn=(1252)
calls=8 0 
0 2268 580 223 17 19 0 17 7 0 357 43 66 11
cob=(1)
cfi=(142)
cfn=(522)
calls=1 76 
0 817 249 119 0 9 0 0 2 0 114 6 1 1
0 12 10 2 1 1 0 1 0 0 0 0 9 8
0 72 0 16 0 0 2 0 0 2 8
cfn=(1252)
calls=4 0 
0 1602 322 78 0 0 0 0 0 0 283 12 63 3
0 4 4 0 0 0 0 0 0 0 0 0 4 3
0 23 4 4 0 0 0 0 0 0 4 2
cob=(3)
cfi=(170)
cfn=(1230)
calls=1 31 
0 21 9 4 0 1 0 0 0 0 1
0 1 1 0 0 0 0 0 0 0 0 0 1 1
0 2 0 0 1 0 0 1

fn=(1284)
0 102 27 30 5 1 0 5 0 0 13 9

fn=(1436) std::messages<wchar_t>::messages(unsigned long)
0 13 1 5 1 0 0 1
cfn=(1130)
calls=1 0 
0 15 5 1 0 0 0 0 0 0 1 0 1
0 1 1 0 0 0 0 0 0 0 0 0 1
0 2 0 2
cfn=(1118)
calls=1 0 
0 3 1
0 1 1 0 0 0 0 0 0 0 0 0 1 1
0 5 3 1

fn=(1514)
0 4032 1296 1080 8 80 0 5 14 0 360 6
cob=(3)
cfi=(179)
cfn=(1522)
calls=72 249 
0 1440 360 0 28 25 0 6 4 0 144
cob=(1)
cfi=(142)
cfn=(522)
calls=1 76 
0 697 244 124 4 18 0 1 3 0 98 7 2 2
0 76 74 2 1 27 0 1 4 0 0 0 73 69
0 576 216 0 2 0 0 1 0 0 144 1

fn=(1542)
0 20 4 8 2 0 0 2
cfn=(1170)
calls=4 0 
0 24 8 0 0 0 0 0 0 0 4 1
0 4 4 0 0 0 0 0 0 0 0 0 4
0 44 24 4 0 0 0 0 0 0 8 1
cfn=(1512)
calls=4 0 
0 344 108 76 0 0 0 0 0 0 24 2 4
0 4 4 0 0 0 0 0 0 0 0 0 4
0 16 8 0 0 0 0 0 0 0 4

fn=(1584)
0 20 4 8 2 0 0 2
cfn=(1170)
calls=4 0 
0 24 8 0 0 0 0 0 0 0 4
0 4 4 0 0 0 0 0 0 0 0 0 4
0 48 24 4 0 1 0 0 0 0 8
cfn=(1512)
calls=4 0 
0 344 108 76 0 3 0 0 0 0 24 0 4
0 4 4 0 0 0 0 0 0 0 0 0 4
0 20 8

fn=(1698) operator new[](unsigned long)
0 30714 0 0 1 0 0 1
cfn=(1704)
calls=15357 0 
0 3225513 630470 363862 149 513 17200 49 83 12999 579130 6503 15357 9
cob=(1)
cfi=(142)
cfn=(522)
calls=1 76 
0 651 226 125 0 6 0 0 1 0 83 8 1 1
0 15361 15359 2 5 6 0 0 1 0 0 0 15358 10

fn=(1786) 0x0000000000123200
0 2936 228 164 3 21 0 2 4 0 228 58

fn=(1934) operator delete[](void*)
0 15348
cfn=(1940)
calls=7674 0 
0 1321900 390244 167999 67 7886 9 37 446 0 275040 686 7676 10
cob=(1)
cfi=(142)
cfn=(522)
calls=1 76 
0 609 215 119 0 7 0 0 1 0 78 5 1 1
0 7678 7676 2 8 8 0 2 1 0 0 0 7675 2

fn=(968) 0x00000000000a5ac0
0 34 17 8 2 8 0 2 1 0 8 1

fn=(1118)
0 21 7 0 1 0 0 1

fn=(1316) std::numpunct<char>::_M_initialize_numpunct(__locale_struct*)
0 414 137 75 6 0 0 6 0 0 64 18

fn=(1462)
0 3 1 1 1 0 0 1

fn=(1528)
0 340 68 136 1 26 0 1 4
cfn=(1170)
calls=68 0 
0 408 136 0 0 27 0 0 4 0 68 7
0 68 68 0 0 0 0 0 0 0 0 0 68
0 748 408 68 2 64 0 1 12 0 136 2
cfn=(1512)
calls=68 0 
0 9112 2924 1700 73 223 0 7 36 0 884 4 136 66
0 68 68 0 0 25 0 0 4 0 0 0 68 65
0 272 136 0 0 0 0 0 0 0 68 1

fn=(1760)
0 896 0 448 2 0 0 2
cfn=(1644)
calls=64 0 
0 1472 512 320 0 20 0 0 4 0 128 7
0 64 64 0 0 20 0 0 4 0 0 0 64 40
0 1270 572 63 6 66 0 1 12 0 192 1 63
cfn=(1772)
calls=63 0 
0 19950 4293 2997 10 412 104 2 76 20 2557 172 378 196
0 9 3 1 0 2 0 0 0 0 0 0 1 1
cfn=(1772)
calls=1 0 
0 1498 381 168 12 13 0 12 0 0 213 20 8 5
0 1101 708 3 3 1 0 3 0 0 130 7
cfn=(1766) std::ctype<char>::_M_widen_init() const
calls=1 0 
0 1471 297 163 17 17 8 13 9 0 123 14 4 3
cob=(1)
cfi=(142)
cfn=(522)
calls=1 76 
0 759 243 119 0 7 0 0 1 0 106 7 1 1
0 5 3 2 1 1 0 1 0 0 0 0 2 1
0 6 3 0 0 1 0 0 0 0 1 1

fn=(1766)
0 717 29 36 10 5 4 10 3 0 17 7
cob=(3)
cfi=(177)
cfn=(1266)
calls=1 80 
0 46 17 0 3 0 0 2 0 0 9
cob=(1)
cfi=(142)
cfn=(522)
calls=1 76 
0 694 244 124 3 11 4 0 6 0 97 7 2 2
0 5 3 2 1 1 0 1 0 0 0 0 2 1
0 9 4 1

fn=(1778)
0 1088 0 576 1 0 20 1 0 4
cfn=(1780)
calls=64 0 
0 1792 768 320 7 116 20 3 20 4 128 2 64 64
0 1600 64 320 6 0 0 3 0 0 64 3
cfn=(1786)
calls=64 0 
0 2936 228 164 3 21 0 2 4 0 228 58
0 1792 448 192 2 45 0 2 8 0 384 27 64 1
cfn=(1646)
calls=64 0 
0 9960 2340 1472 1 211 64 1 40 12 1792 97 192 71
0 832 448

fn=(868)
0 10 4 2 1 1 0 1

fn=(932) 0x00000000000a57f0
0 78 7 36 4 1 4 4 0 0 26 13

fn=(1096)
0 154 0 110 2 0 1 2 0 1
cfn=(1098)
calls=22 0 
0 70256 20667 9102 294 433 99 291 86 96 11800 552 895 125
0 220 132 22 1 1 1 1 0 0 22 11

fn=(1164)
0 448 0 224 2 0 0 2 0 0 32
cfn=(1170)
calls=32 0 
0 480 160 64 1 8 0 1 4 0 64
cob=(1)
cfi=(142)
cfn=(522)
calls=1 76 
0 717 233 119 0 7 0 0 2 0 96 6 1 1
0 36 34 2 1 1 0 1 0 0 0 0 33 2
0 11680 3520 64 5 0 0 5 0 0 3200 55

fn=(1170)
0 2244 748 96 1 61 0 1 12 0 350 22

fn=(1310)
0 23 4 11 2 1 2 2 0 2
cfn=(1316)
calls=1 0 
0 414 137 75 6 0 0 6 0 0 64 18
cob=(1)
cfi=(142)
cfn=(522)
calls=1 76 
0 933 269 119 0 9 0 0 1 0 132 3 1 1
0 5 3 2 1 1 0 1 0 0 0 0 2 1
0 8 4 3 1 0 0 1 0 0 1
cfn=(1170)
calls=1 0 
0 15 5 2 0 0 0 0 0 0 2
0 1 1 0 0 0 0 0 0 0 0 0 1
0 7 2 4 1 1 0 1
cfn=(1130)
calls=1 0 
0 15 5 1 0 0 0 0 0 0 1 0 1
0 1 1 0 0 0 0 0 0 0 0 0 1 1
0 7 3 3 0 0 0 0 0 0 1
cfn=(1170)
calls=1 0 
0 15 5 2 0 1 0 0 0 0 2
0 1 1 0 0 0 0 0 0 0 0 0 1
0 12 1 5 1 0 1 1 0 1
cfn=(1334) std::moneypunct<char, false>::_M_initialize_moneypunct(__locale_struct*, char const*)
calls=1 0 
0 113 38 31 4 0 1 4 0 0 13 6
cob=(1)
cfi=(142)
cfn=(522)
calls=1 76 
0 1005 281 119 0 9 0 0 3 0 144 3 1 1
0 5 3 2 1 1 0 1 0 0 0 0 2 1
0 7 3 3 1 0 0 1 0 0 1
cfn=(1170)
calls=1 0 
0 15 5 2 0 0 0 0 0 0 2
0 1 1 0 0 0 0 0 0 0 0 0 1
0 13 3 5 1 1 0 1
cfn=(1346) std::moneypunct<char, true>::_M_initialize_moneypunct(__locale_struct*, char const*)
calls=1 0 
0 113 38 31 5 0 0 5 0 0 13 10
cob=(1)
cfi=(142)
cfn=(522)
calls=1 76 
0 1021 283 119 0 7 0 0 2 0 148 6 1 1
0 5 3 2 1 1 0 1 0 0 0 0 2 1
0 7 3 3 0 0 0 0 0 0 1
cfn=(1170)
calls=1 0 
0 15 5 2 0 0 0 0 0 0 2
0 1 1 0 0 0 0 0 0 0 0 0 1
0 12 5 5 2 0 0 2 0 0 1
cfn=(1170)
calls=1 0 
0 15 5 2 0 0 0 0 0 0 2
0 1 1 0 0 0 0 0 0 0 0 0 1
0 12 4 5 1 1 0 1 0 0 1
cfn=(1170)
calls=1 0 
0 15 5 2 0 0 0 0 0 0 2
0 1 1 0 0 0 0 0 0 0 0 0 1
0 12 4 5 1 0 0 1 0 0 1
cfn=(1170)
calls=1 0 
0 15 5 2 0 0 0 0 0 0 2
0 1 1 0 0 0 0 0 0 0 0 0 1
0 6 0 2
cfn=(1370) std::messages<char>::messages(unsigned long)
calls=1 0 
0 40 12 9 2 0 1 2 0 1 1 0 3 1
cob=(1)
cfi=(142)
cfn=(522)
calls=1 76 
0 716 233 119 0 7 0 0 1 0 96 6 1 1
0 5 3 2 1 1 0 1 0 0 0 0 2 1
0 7 3 3 1 0 0 1 0 0 1
cfn=(1170)
calls=1 0 
0 15 5 2 0 0 0 0 0 0 2
0 1 1 0 0 0 0 0 0 0 0 0 1
0 16 5 7 1 0 1 1 0 1
cfn=(1382) std::numpunct<wchar_t>::_M_initialize_numpunct(__locale_struct*)
calls=1 0 
0 350 74 74 6 0 0 6 0 0 64 18
cob=(1)
cfi=(142)
cfn=(522)
calls=1 76 
0 941 270 119 0 5 0 0 0 0 134 4 1 1
0 5 3 2 1 0 0 1 0 0 0 0 2 1
0 7 3 3 1 1 0 1 0 0 1
cfn=(1170)
calls=1 0 
0 15 5 2 0 0 0 0 0 0 2
0 1 1 0 0 0 0 0 0 0 0 0 1
0 7 2 4 1 1 0 1
cfn=(1130)
calls=1 0 
0 15 5 1 0 0 0 0 0 0 1 0 1
0 1 1 0 0 0 0 0 0 0 0 0 1 1
0 7 3 3 0 0 0 0 0 0 1
cfn=(1170)
calls=1 0 
0 15 5 2 0 0 0 0 0 0 2
0 1 1 0 0 0 0 0 0 0 0 0 1
0 13 2 5 1 0 1 1 0 1
cfn=(1400)
calls=1 0 
0 102 27 30 6 0 0 6 0 0 13 9
cob=(1)
cfi=(142)
cfn=(522)
calls=1 76 
0 1037 285 119 0 8 0 0 1 0 152 3 1 1
0 5 3 2 1 1 0 1 0 0 0 0 2 1
0 7 3 3 1 1 0 1 0 0 1
cfn=(1170)
calls=1 0 
0 15 5 2 0 0 0 0 0 0 2
0 1 1 0 0 0 0 0 0 0 0 0 1
0 13 3 5 1 1 0 1
cfn=(1412)
calls=1 0 
0 102 27 30 4 0 0 4 0 0 13 9
cob=(1)
cfi=(142)
cfn=(522)
calls=1 76 
0 1013 282 119 0 8 0 0 1 0 146 4 1 1
0 5 3 2 1 1 0 1 0 0 0 0 2 1
0 7 3 3 1 1 0 1 0 0 1
cfn=(1170)
calls=1 0 
0 15 5 2 0 0 0 0 0 0 2
0 1 1 0 0 0 0 0 0 0 0 0 1
0 12 5 5 1 1 0 1 0 0 1
cfn=(1170)
calls=1 0 
0 15 5 2 0 0 0 0 0 0 2
0 1 1 0 0 0 0 0 0 0 0 0 1
0 12 4 5 1 0 1 1 0 1 1
cfn=(1170)
calls=1 0 
0 15 5 2 0 0 0 0 0 0 2
0 1 1 0 0 0 0 0 0 0 0 0 1
0 12 4 5 1 0 0 1 0 0 1 1
cfn=(1170)
calls=1 0 
0 15 5 2 0 0 0 0 0 0 2
0 1 1 0 0 0 0 0 0 0 0 0 1
0 6 0 2 1 0 0 1
cfn=(1436)
calls=1 0 
0 40 12 9 1 0 0 1 0 0 1 0 3 1
cob=(1)
cfi=(142)
cfn=(522)
calls=1 76 
0 716 233 119 0 7 0 0 1 0 96 4 1 1
0 5 3 2 1 1 0 1 0 0 0 0 2 1
0 6 3 2 0 0 0 0 0 0 1
cfn=(1170)
calls=1 0 
0 15 5 2 0 0 0 0 0 0 2
0 1 1 0 0 0 0 0 0 0 0 0 1
0 4 2 2
cfn=(1170)
calls=1 0 
0 6 2 0 0 0 0 0 0 0 1 1
0 1 1 0 0 0 0 0 0 0 0 0 1
0 4 2 2 1 0 0 1
cfn=(1170)
calls=1 0 
0 6 2 0 0 0 0 0 0 0 1 1
0 1 1 0 0 0 0 0 0 0 0 0 1
0 4 2 2
cfn=(1170)
calls=1 0 
0 6 2 0 0 0 0 0 0 0 1 1
0 1 1 0 0 0 0 0 0 0 0 0 1
0 5 3 2
cfn=(1170)
calls=1 0 
0 6 2 0 0 0 0 0 0 0 1 1
0 1 1 0 0 0 0 0 0 0 0 0 1
0 4 2 2 1 0 0 1
cfn=(1170)
calls=1 0 
0 6 2 0 0 0 0 0 0 0 1 1
0 1 1 0 0 0 0 0 0 0 0 0 1
0 5 3 2
cfn=(1170)
calls=1 0 
0 6 2 0 0 0 0 0 0 0 1 1
0 1 1 0 0 0 0 0 0 0 0 0 1

ob=(8)
fl=(162)
fn=(1064) (below main)
0 11 2 3 2 1 0 2 0 0 0 0 1 1
cob=(3)
cfi=(163)
cfn=(1066)
calls=1 242 
0 1091225053404 447724947237 83831130824 2202 11385440237 2215450 1035 313586546 1613027 27234411837 148220729 74471 1917

fn=(1072)
0 12 1 0 2 0 0 2 0 0 1

fl=(194) /usr/include/c++/12/bits/chrono.h
fn=(1732) std::enable_if<std::chrono::__is_duration<std::chrono::duration<double, std::ratio<1l, 1l> > >::value, std::chrono::duration<double, std::ratio<1l, 1l> > >::type std::chrono::duration_cast<std::chrono::duration<double, std::ratio<1l, 1l> >, long, std::ratio<1l, 1000000000l> >(std::chrono::duration<long, std::ratio<1l, 1000000000l> > const&)
252 160 0 80 1 0 0 1
+8 120 40 40
cfn=(1734) std::chrono::duration<double, std::ratio<1l, 1l> > std::chrono::__duration_cast_impl<std::chrono::duration<double, std::ratio<1l, 1l> >, std::ratio<1l, 1000000000l>, double, true, false>::__cast<long, std::ratio<1l, 1000000000l> >(std::chrono::duration<long, std::ratio<1l, 1000000000l> > const&)
calls=40 -52 
* 1600 560 440 8 29 0 4 5
* 40
+1 120 80

fn=(1738) std::chrono::duration<double, std::ratio<1l, 1l> >::count() const
521 312 0 208
+1 624 416

fn=(1722) std::chrono::time_point<std::chrono::_V2::system_clock, std::chrono::duration<long, std::ratio<1l, 1000000000l> > >::time_since_epoch() const
882 240 0 160 0 0 5 0 0 1
+1 320 320

fn=(1726) std::chrono::duration<long, std::ratio<1l, 1000000000l> >::count() const
521 360 0 240
+1 480 480

fn=(1736) std::chrono::duration<double, std::ratio<1l, 1l> >::duration<double, void>(double const&)
505 160 0 120 1 0 0 1
+1 280 200 40

fn=(1724) std::common_type<std::chrono::duration<long, std::ratio<1l, 1000000000l> >, std::chrono::duration<long, std::ratio<1l, 1000000000l> > >::type std::chrono::operator-<long, std::ratio<1l, 1000000000l>, long, std::ratio<1l, 1000000000l> >(std::chrono::duration<long, std::ratio<1l, 1000000000l> > const&, std::chrono::duration<long, std::ratio<1l, 1000000000l> > const&)
644 240 0 160 1 0 0 1
+6 240 80 80 1 0 25 1 0 5
cfn=(1726)
calls=40 521 
* 280 160 80
* 280 80 80
cfn=(1726)
calls=40 521 
* 280 160 80
* 320 0 80 1 0 0 1
cfn=(1728) std::chrono::duration<long, std::ratio<1l, 1000000000l> >::duration<long, void>(long const&)
calls=40 505 
* 440 200 160
* 40 40
+1 120 120

fn=(1730) std::chrono::duration<double, std::ratio<1l, 1l> >::duration<long, std::ratio<1l, 1000000000l>, void>(std::chrono::duration<long, std::ratio<1l, 1000000000l> > const&)
513 200 0 120 1 0 0 1
+1 120 40 40
cfn=(1732)
calls=40 252 
* 2040 680 560 9 29 0 5 5
* 240 0 80
cfn=(1738)
calls=40 +7 
* 360 160 80
* 240 120 40

fn=(1734)
208 160 0 80 1 0 0 1
+4 120 40 40 1 0 0 1
cfn=(1726)
calls=40 521 
* 280 160 80
* 160 40 0 0 29 0 0 5
-1 240 0 80
cfn=(1736)
calls=40 505 
* 440 200 160 1 0 0 1
+1 80 40 0 5 0 0 1
+1 120 80

fn=(1720) std::common_type<std::chrono::duration<long, std::ratio<1l, 1000000000l> >, std::chrono::duration<long, std::ratio<1l, 1000000000l> > >::type std::chrono::operator-<std::chrono::_V2::system_clock, std::chrono::duration<long, std::ratio<1l, 1000000000l> >, std::chrono::duration<long, std::ratio<1l, 1000000000l> > >(std::chrono::time_point<std::chrono::_V2::system_clock, std::chrono::duration<long, std::ratio<1l, 1000000000l> > > const&, std::chrono::time_point<std::chrono::_V2::system_clock, std::chrono::duration<long, std::ratio<1l, 1000000000l> > > const&)
1026 200 0 120 1 0 0 1
+2 120 40 40 1 0 0 1
cfn=(1722)
calls=40 882 
* 280 160 80 0 0 5 0 0 1
* 160 40 80
cfn=(1722)
calls=40 882 
* 280 160 80
* 240 0 80
cfn=(1724)
calls=40 644 
* 2240 840 720 3 0 25 3 0 5
* 80 80

fn=(1728)
505 160 0 120
+1 280 200 40

fl=(195) /usr/include/c++/12/bits/stl_algobase.h
fn=(1748) int const& std::min<int>(int const&, int const&)
230 39499798296 0 29624848722
+5 59249697444 39499798296 0 0 0 0 0 0 0 9874949574 804
+1 147799652 73899826
+1 9801049748 9801049748
+1 19749899148 19749899148

fn=(1744) __gnu_cxx::__enable_if<std::__is_scalar<int>::__value, void>::__type std::__fill_a1<int*, int>(int*, int*, int const&)
917 51000 0 40800 1
+3 30600 20400 10200
+1 10200
+1 26214000 17476000 8738000 0 0 553014 0 0 244976
-1 34982600 17496400 8738000 0 0 0 0 0 0 8748200 10226
+2 40800 20400

fn=(1740) void std::fill<int*, int>(int*, int*, int const&)
991 61200 0 40800
+7 61200 30600 10200
cfn=(1742) void std::__fill_a<int*, int>(int*, int*, int const&)
calls=10200 -31 
* 61482200 35064200 17578000 1 0 553014 0 0 244976 8748200 10226
+1 30600 20400

fn=(1742)
967 61200 0 40800
+1 61200 30600 10200
cfn=(1744)
calls=10200 -51 
* 61329200 35013200 17527000 1 0 553014 0 0 244976 8748200 10226
* 30600 20400

fl=(164)
fn=(1078)
94 5 0 2 1 0 0 1
cfn=(1080) __static_initialization_and_destruction_0(int, int)
calls=1 * 
* 100964 29888 13992 412 721 151 400 141 120 15640 741 1221 232
* 2 2

fn=(1746) multMatrizBloque(int**, int**, int**, int, int)
20 256 0 192 1
+1 64 0 32
+1 328 0 164 1 0 0 1
+1 5732 0 2866
+1 250962 83654 83654
+1 9341280 3113760 3113760
+1 422487600 140829200 140829200
+1 441001080000 182152620000 9586980000 6 2566203482 0 3 625872
-1 95869800000 19173960000 28760940000
cfi=(195)
cfn=(1748)
calls=9586980000 230 
* 124703480000 67108860000 28760940000 0 0 0 0 0 0 9586980000 63
* 1267462800 281658400 281658400 1 0 0 1
cfi=(195)
cfn=(1748)
calls=140829200 230 
* 1831504800 985804400 422487600 0 0 0 0 0 0 140829200 276
* 48639046000 19455618400 0 0 0 0 0 0 0 9727809200 140829276
-1 1408292000 281658400 422487600
cfi=(195)
cfn=(1748)
calls=140829200 230 
* 1831205600 985804400 422487600 0 0 0 0 0 0 140829200 162
* 28023840 6227520 6227520
cfi=(195)
cfn=(1748)
calls=3113760 230 
* 40484240 21796320 9341280 0 0 0 0 0 0 3113760 69
* 719714800 287885920 0 0 0 0 0 0 0 143942960 3113806
-1 31137600 6227520 9341280
cfi=(195)
cfn=(1748)
calls=3113760 230 
* 40482080 21796320 9341280 0 0 0 0 0 0 3113760 130
* 752886 167308 167308 1 0 0 1
cfi=(195)
cfn=(1748)
calls=83654 230 
* 1087568 585578 250962 0 0 0 0 0 0 83654 104
* 15987070 6394828 0 0 0 0 0 0 0 3197414 83691
-1 426868 256694 83654 0 0 0 0 0 0 86520 2816
-1 14822 8926 2866 1 0 0 1 0 0 3030 142
-1 916 556 164 0 0 0 0 0 0 196 16
+15 128 64

fn=(1718) multMatrizClasica(int**, int**, int**, int)
7 54 0 45 2
+2 18 0 9
+1 6646 0 3323
+1 8322832 0 4161416
+1 343051823732 141695318498 7457648342 3 8819220674 0 2 312958250
-1 29843077616 14923619516 7457648342 0 0 0 0 0 0 7461809758 4161444
-1 16655629 8329476 4161415 1 0 0 1 0 0 4164738 3329
-1 13315 6662 3322 1 0 0 1 0 0 3331 12
+7 8
+1 16 16

fn=(1622)
37 4 0 2 1 0 0 1
+1 9 0 9 2 0 0 2
+1 4 0 4
+2 5 0 1 1 0 0 1
cob=(7)
cfi=(153)
cfn=(1628)
calls=1 -41 
* 4887 1464 723 82 62 4 58 16 2 763 72 40 18
cob=(1)
cfi=(142)
cfn=(522)
calls=1 +35 
* 1052 286 120 5 9 0 1 2 0 142 10 3 3
* 5 3 2 0 0 0 0 0 0 0 0 2 1
+1 5 0 1
cob=(7)
cfi=(153)
cfn=(1628)
calls=1 -42 
* 418 112 65 7 2 0 7 1 0 55 20 9 5
* 1 1 0 0 0 0 0 0 0 0 0 1 1
+2 35 20 12 2 4 0 1
+2 72 9 9 0 0 0 0 0 0 9
cob=(7)
cfi=(153)
cfn=(1698)
calls=9 -46 
* 10492 1946 1069 85 192 5 16 7 3 2412 123 20 19
cob=(1)
cfi=(142)
cfn=(522)
calls=1 +30 
* 685 225 120 2 8 0 0 0 0 87 7 3 3
* 13 11 2 6 0 0 1 0 0 0 0 10 2
* 9 0 9
+1 81 9 9 1 0 0 1 0 0 9
cob=(7)
cfi=(153)
cfn=(1698)
calls=9 -47 
* 2028 389 218 1 2 10 0 0 3 366 74 18 1
* 9 9 0 0 1 0 0 0 0 0 0 9 1
* 9 0 9
+1 81 9 9 0 0 0 0 0 0 9 2
cob=(7)
cfi=(153)
cfn=(1698)
calls=9 -48 
* 1976 376 207 0 2 10 0 0 3 369 31 18
* 9 9 0 0 0 0 0 0 0 0 0 9
* 9 0 9 1 0 0 1
+2 18 0 9
+1 66430 15330 5110 7 0 0 2 0 0 5110
cob=(7)
cfi=(153)
cfn=(1698)
calls=5110 -51 
* 1099771 217838 123053 23 145 5823 14 76 4311 194620 2168 10220
* 5110 5110 0 0 0 0 0 0 0 0 0 5110
* 5110 0 5110 0 0 617 0 0 43
+1 71540 15330 5110 2 0 0 1 0 0 5110
cob=(7)
cfi=(153)
cfn=(1698)
calls=5110 -52 
* 1078021 212400 119599 4 59 5666 0 2 4388 190692 2053 10220
* 5110 5110 0 0 0 0 0 0 0 0 0 5110
* 5110 0 5110 0 0 620 0 0 40
+1 76650 15330 5110 0 0 0 0 0 0 5110
cob=(7)
cfi=(153)
cfn=(1698)
calls=5110 -53 
* 1079951 213106 119843 42 125 5686 20 0 4291 190754 2062 10220
* 5110 5110 0 0 0 0 0 0 0 0 0 5110
* 5110 0 5110 0 0 624 0 0 65
-3 20467 10238 5110 2 0 0 1 0 0 5119 19
+6 9 0 9
+1 18 0 9
+1 10220 0 5110 4 0 0 1
+1 122333400 43690500 17476200 0 634 545065 0 276 450673
+1 122333400 43690500 17476200 1 629 547453 1 276 452199
+1 96119100 34952400 8738100 0 630 549880 0 263 451760
-3 34967730 17486420 8738100 0 0 0 0 0 0 8743210 5137
-1 20467 10238 5110 1 0 0 1 0 0 5119 13
+8 9 0 9 0 0 6 0 0 2
cob=(7)
cfi=(153)
cfn=(1710)
calls=9 -65 
* 896 311 133 16 37 0 8 10 0 116 7 11 10
cob=(1)
cfi=(142)
cfn=(522)
calls=1 +11 
* 853 260 120 3 9 0 0 2 0 116 11 2 2
* 13 11 2 0 6 0 0 2 0 0 0 10 1
* 9 0 9 0 0 7 0 0 2
+1 54 36 9 2 0 0 1
cfn=(1718)
calls=9 -59 
* 372919899866 156627274168 14923626214 7 8819220674 0 4 312958250 0 7465977827 4164785

ob=(7)
fl=(153)
fn=(1310)
0 10 8 1 1 0 0 1

fn=(1334)
0 113 38 31 4 0 1 4 0 0 13 6

fn=(1346)
0 113 38 31 5 0 0 5 0 0 13 10

fn=(1370)
0 13 1 5 2 0 1 2 0 1
cfn=(1130)
calls=1 0 
0 15 5 1 0 0 0 0 0 0 1 0 1
0 1 1 0 0 0 0 0 0 0 0 0 1
0 2 0 2
cfn=(1118)
calls=1 0 
0 3 1
0 1 1 0 0 0 0 0 0 0 0 0 1 1
0 5 3 1

fn=(1382)
0 349 74 74 6 0 0 6 0 0 64 18

ob=(8)
fl=(164)
fn=(1622)
67 8 0 8
cob=(7)
cfi=(153)
cfn=(1710)
calls=8 -67 
* 160 56 8 0 15 0 0 3 0 16 0 8 1
* 8 8 0 0 5 0 0 1 0 0 0 8 1
* 8 0 8 0 0 5 0 0 1
+1 40 0 8
cfi=(194)
cfn=(1720)
calls=8 1026 
* 720 264 240 5 0 10 5 0 2
* 48 0 16 1 0 5 1 0 1
cfi=(194)
cfn=(1730)
calls=8 513 
* 640 200 184 10 6 0 6 1
+2 160 80 56 26 0 10 5 0 2
+1 64 0 32
+1 214200 71400 20400 0 1246 0 0 324
cfi=(195)
cfn=(1740)
calls=10200 991 
* 61635200 35115200 17629000 1 0 553014 0 0 244976 8748200 10226
-1 40896 20464 10200 3 0 0 1 0 0 10232 38
+2 32 0 32
cob=(7)
cfi=(153)
cfn=(1710)
calls=32 -73 
* 640 224 32 19 59 0 3 0 0 64 2 32 24
* 32 32 0 0 16 0 0 0 0 0 0 32
* 32 0 32 0 0 16
+1 256 160 32 5 0 0 1
cfn=(1746)
calls=32 -54 
* 717862070240 290921358168 68836767382 11 2566203482 0 7 625872 0 19749988894 144030551
+1 32 0 32
cob=(7)
cfi=(153)
cfn=(1710)
calls=32 -75 
* 640 224 32 0 60 0 0 12 0 64 3 32
* 32 32 0 0 20 0 0 4 0 0 0 32
* 32 0 32 0 0 20 0 0 4
+1 160 0 32
cfi=(194)
cfn=(1720)
calls=32 1026 
* 2880 1056 960 0 0 20 0 0 4
* 192 0 64 8 0 20 2 0 4
cfi=(194)
cfn=(1730)
calls=32 513 
* 2560 800 736 0 23 0 0 4
+2 160 32 32 0 20 0 0 4
cob=(7)
cfi=(153)
cfn=(1754)
calls=32 -78 
* 17109 4339 2469 81 629 112 40 119 20 2089 146 299 152
cob=(1)
cfi=(142)
cfn=(522)
calls=1 -2 
* 706 233 120 0 10 0 0 2 0 92 6 2 2
* 36 34 2 1 25 0 0 4 0 0 0 33 1
* 160 0 32 5 0 0 2
cob=(7)
cfi=(153)
cfn=(1628)
calls=32 -78 
* 8352 2336 1376 33 45 0 4 8 0 1152 37 224 158
* 32 32 0 0 0 0 0 0 0 0 0 32 32
* 160 32 32
cob=(7)
cfi=(153)
cfn=(1754)
calls=32 -78 
* 12880 3232 1936 0 0 0 0 0 0 1584 88 288 129
* 32 32 0 0 0 0 0 0 0 0 0 32 1
* 160 0 32
cob=(7)
cfi=(153)
cfn=(1628)
calls=32 -78 
* 8352 2336 1376 0 0 0 0 0 0 1152 11 224 96
* 32 32 0 0 0 0 0 0 0 0 0 32 32
* 32
+1 96 0 32
cfi=(194)
cfn=(1738)
calls=32 521 
* 288 128 64
* 128 0 32 20 0 0 2
cob=(7)
cfi=(153)
cfn=(1798)
calls=32 -79 
* 96611 23680 15657 844 1458 548 298 281 102 13602 739 1005 352
cob=(1)
cfi=(142)
cfn=(522)
calls=1 -3 
* 731 233 120 2 5 0 2 2 0 92 8 3 3
* 36 34 2 1 0 0 0 0 0 0 0 33 32
* 160 0 32 16
cob=(7)
cfi=(153)
cfn=(1628)
calls=32 -79 
* 8352 2336 1376 0 0 10 0 0 2 1152 9 224 160
* 32 32 0 0 0 0 0 0 0 0 0 32 32
* 32
+1 96 0 32
cfi=(194)
cfn=(1738)
calls=32 521 
* 288 128 64
* 128 0 32
cob=(7)
cfi=(153)
cfn=(1798)
calls=32 -80 
* 91297 22039 14885 116 0 0 3 0 0 12856 632 988 261
* 32 32 0 0 0 0 0 0 0 0 0 32 1
* 128 32 32 0 21 0 0 4
cob=(7)
cfi=(153)
cfn=(1892)
calls=32 -80 
* 15633 5196 2474 148 249 0 45 50 0 2093 121 393 110
cob=(1)
cfi=(142)
cfn=(522)
calls=1 -4 
* 771 242 120 2 9 0 0 2 0 101 9 3 3
* 36 34 2 1 1 0 0 0 0 0 0 33 2
-10 152 80 32 1 0 24 1 0 4 40 11
+13 16 0 8
+1 40800 15300 2550 1 314 0 1 42 0 2550
cob=(7)
cfi=(153)
cfn=(1934)
calls=2550 -84 
* 445737 131830 55814 46 2692 0 21 158 0 91137 275 5104 11
cob=(1)
cfi=(142)
cfn=(522)
calls=1 -8 
* 709 228 120 8 11 0 0 0 0 88 9 3 3
* 2554 2552 2 1 1 0 0 0 0 0 0 2551 8
+1 40800 15300 2550 1 295 0 1 0 0 2550 4
cob=(7)
cfi=(153)
cfn=(1934)
calls=2550 -85 
* 447108 132277 55806 17 2554 1 11 86 0 91495 211 5100 2
* 2550 2550 0 0 0 0 0 0 0 0 0 2550 1
+1 40800 15300 2550 0 310 0 0 32 0 2550
cob=(7)
cfi=(153)
cfn=(1934)
calls=2550 -86 
* 449312 133024 56022 12 2640 5 7 204 0 91883 161 5100
* 2550 2550 0 0 0 0 0 0 0 0 0 2550
-3 10224 5116 2550 4 0 0 2 0 0 2558 20
+5 40 16 8 4 0 0 1 0 0 8 4
cob=(7)
cfi=(153)
cfn=(1934)
calls=8 -88 
* 945 276 138 0 11 2 0 0 0 168 20 16
* 8 8 0 0 0 0 0 0 0 0 0 8
+1 40 16 8 0 0 0 0 0 0 8 6
cob=(7)
cfi=(153)
cfn=(1934)
calls=8 -89 
* 1015 300 145 0 1 1 0 0 0 181 12 16
* 8 8 0 0 0 0 0 0 0 0 0 8

ob=(7)
fl=(153)
fn=(1382)
0 1

fn=(1554)
0 20 4 8 1 0 0 1
cfn=(1170)
calls=4 0 
0 24 8 0 0 0 0 0 0 0 4
0 4 4 0 0 0 0 0 0 0 0 0 4
0 44 24 4 0 0 0 0 0 0 8
cfn=(1512)
calls=4 0 
0 344 108 76 0 0 0 0 0 0 24 0 4
0 4 4 0 0 0 0 0 0 0 0 0 4

ob=(8)
fl=(164)
fn=(1622)
90 40 16 8 0 0 0 0 0 0 8
cob=(7)
cfi=(153)
cfn=(1934)
calls=8 -90 
* 1418 428 195 0 3 0 0 0 0 254 12 16
* 8 8 0 0 0 0 0 0 0 0 0 8
-46 35 18 8 1 0 0 1 0 0 9 7

fn=(1080)
94 9 2 3 1 0 0 1 0 0 2
fi=(165) /usr/include/c++/12/iostream
-20 3 0 1
cob=(7)
cfi=(153)
cfn=(1090)
calls=1 -74 
* 99182 29350 13719 402 674 149 396 137 119 15400 719 1212 225
cob=(1)
cfi=(142)
cfn=(522)
calls=1 +2 
* 837 248 120 2 17 0 1 3 0 109 12 3 3
* 5 3 2 1 1 0 1 0 0 0 0 2 1
* 7 1 1 0 1
cob=(3)
cfi=(154)
cfn=(876)
calls=1 -4 
* 74 14 16 4 3 2 0 0 1 10 1
cob=(1)
cfi=(142)
cfn=(522)
calls=1 +2 
* 839 265 128 0 23 0 0 1 0 119 9 2 2
* 5 3 2 2 1 0 1 0 0 0 0 2 1
fe=(164)
+20 3 2 0 0 1

ob=(7)
fl=(153)
fn=(1554)
0 16 8 0 0 0 0 0 0 0 4

ob=(6) /usr/lib/x86_64-linux-gnu/libgcc_s.so.1
fl=(151) ???
fn=(568) __cpu_indicator_init
0 42 2 5 3 1 0 3 0 0 5 2
cfn=(832) 0x0000000000003410
calls=1 0 
0 9 2
0 18 4 1 2 0 0 2 0 0 4 1
cfn=(598) 0x00000000000078e0
calls=1 0 
0 12 1 1 0 0 0 0 0 0 1
0 2 0 1
cfn=(832)
calls=1 0 
0 9 2
0 7 1 1 0 0 0 0 0 0 2
cfn=(832)
calls=1 0 
0 9 2
0 6 0 1 1 0 0 1 0 0 2
cfn=(598)
calls=1 0 
0 12 1 1 0 0 0 0 0 0 1
0 9 1 1 0 0 0 0 0 0 2
cfn=(832)
calls=1 0 
0 9 2
0 6 0 1 1 0 0 1 0 0 2 1
cfn=(832)
calls=1 0 
0 9 2
0 4 0 1 0 0 0 0 0 0 1
cfn=(832)
calls=1 0 
0 9 2
0 4 0 1 0 0 0 0 0 0 1
cfn=(598)
calls=1 0 
0 12 1 1 0 0 0 0 0 0 1
0 10 1 3 2 0 0 2 0 0 1 1
cfn=(570) 0x0000000000003430
calls=1 0 
0 441 36 48 34 0 0 34 0 0 96 47
0 17 4 1 2 2 0 2 2 0 3 0 1 1

fn=(834) 0x00000000000046a0
0 12 1 0 3 0 0 3 0 0 1 1

fn=(832)
0 54 12

fn=(570)
0 217 6 6 20 0 0 20 0 0 81 38
cfn=(598)
calls=1 0 
0 12 1 1 0 0 0 0 0 0 1
0 9 2 3 2 0 0 2
cfn=(598)
calls=1 0 
0 9 1 1 0 0 0 0 0 0 1 1
0 3 0 1
cfn=(598)
calls=1 0 
0 9 1 1 2 0 0 2 0 0 1 1
0 9 2 3 1 0 0 1
cfn=(598)
calls=1 0 
0 12 1 1 0 0 0 0 0 0 1 1
0 6 1 2
cfn=(598)
calls=1 0 
0 9 1 1 0 0 0 0 0 0 1
0 3 0 1
cfn=(598)
calls=1 0 
0 9 1 1 0 0 0 0 0 0 1
0 3 0 1
cfn=(598)
calls=1 0 
0 9 1 1 0 0 0 0 0 0 1 1
0 31 7 8 3 0 0 3
cfn=(598)
calls=1 0 
0 9 1 1 0 0 0 0 0 0 1 1
0 6 0 1 0 0 0 0 0 0 2
cfn=(598)
calls=1 0 
0 9 1 1 0 0 0 0 0 0 1 1
0 12 3 4 2 0 0 2
cfn=(598)
calls=1 0 
0 9 1 1 0 0 0 0 0 0 1 1
0 3 0 1
cfn=(598)
calls=1 0 
0 9 1 1 0 0 0 0 0 0 1 1
0 3 0 1 1 0 0 1
cfn=(598)
calls=1 0 
0 12 1 1 0 0 0 0 0 0 1
0 9 2 3 3 0 0 3
cfn=(598)
calls=1 0 
0 9 1 1 0 0 0 0 0 0 1 1
0 1

fn=(598)
0 162 16 16 2 0 0 2 0 0 16 9

ob=(1)
fl=(43) ./string/../sysdeps/x86_64/multiarch/../multiarch/memcmp-sse2.S
fn=(128) bcmp
71 1 0 0 1 0 0 1
+1 1 0 0 0 0 0 0 0 0 1
+22 1
+1 1 0 0 0 0 0 0 0 0 1 1
+45 1 1 0 1 0 0 1
+1 1 1
+2 1
+1 1 0 0 0 0 0 0 0 0 1
+2 1 1
+1 1 1
+2 1
+1 1 0 0 0 0 0 0 0 0 1 1
+47 1 0 0 1 0 0 1
+1 1
+1 1
+1 1
+1 1
+1 1 1

fl=(48) ./elf/../elf/dl-tls.c
fn=(244) _dl_assign_tls_modid
156 2 0 0 1 0 0 1
+3 2 2
+13 2 2 0 1 0 0 1
-13 2 0 0 0 0 0 0 0 0 2
+53 2
+2 2 0 2
+3 2 0 2
+1 4 2

fn=(158) _dl_count_modids
225 2 1 0 1 0 0 1 0 0 1
+1 1 1
+15 2 1

fn=(272) _dl_allocate_tls_storage
448 4 0 3 1 0 0 1
+2 1 1
+11 1 1
88 1 1 1 0 0 0 0 0 0 1
465 1
fi=(29) ./elf/../include/rtld-malloc.h
56 1 1 1 0 0 0 0 0 0 0 0 1 1
cfi=(28) ./elf/./elf/dl-minimal-malloc.c
cfn=(82) __minimal_malloc
calls=1 -21 
* 52 9 7 0 0 0 0 0 0 7 3
fe=(48)
466 2 0 0 1 0 0 1 0 0 1
+11 5
+5 1
-5 1
+1 1
+4 304 0 297 1 0 37 1 0 37 296 10
+19 1 0 1 0 0 1 0 0 1
+2 2 0 1
cfn=(274) allocate_dtv
calls=1 391 
* 53 11 10 1 0 0 1 0 0 5 1 2 1
+1 2 0 0 0 0 0 0 0 0 1
94 1 1 1 0 0 0 0 0 0 1
509 5 4

fn=(478) _dl_allocate_tls_init
564 9 0 8 1 0 0 1
+1 2 0 0 1 0 0 1 0 0 1
+4 1 1 0 0 1
+6 1
-6 1 0 1
+6 1 1 1 0 1 0 0 0 0 0 0 1 1
cfi=(25) ./elf/../sysdeps/nptl/dl-tls_init_tp.c
cfn=(92) rtld_mutex_dummy
calls=1 44 
* 2 1
+3 3 2 0 0 1 0 0 0 0 1
+12 1 1
-18 1
+42 3
-19 12 1 1 1 0 0 1 0 0 1
+9 6 2
+1 4 0 0 1 0 0 1 0 0 2
+6 6 4 0 0 0 0 0 0 0 2 1
+3 2 2 0 0 1
-2 2
+2 2 2 0 0 1
-2 2
+2 8 2
+4 2 2 0 1 0 0 1
-4 2 0 2 0 0 1 0 0 1
+4 2
-1 4 0 0 0 0 0 0 0 0 2
+4 4 0 0 0 0 0 0 0 0 2
+1 8 4 0 0 1 0 0 0 0 2
+2 4 0 0 0 0 0 0 0 0 2
+1 4 2
+17 2 2 0 1 0 0 1
-8 2 0 2
+8 2 0 0 0 0 0 0 0 0 2 2
+2 6 2 2
cfi=(30) ./string/../sysdeps/x86_64/multiarch/memmove-vec-unaligned-erms.S
cfn=(136) mempcpy
calls=2 206 
* 24 4 2 1 1 1 0 0 1 6 3
* 10 0 2
cfi=(45) ./string/../sysdeps/x86_64/multiarch/../multiarch/memset-vec-unaligned-erms.S
cfn=(140) memset
calls=2 141 
* 36 2 10 0 0 2 0 0 2 6 3
+6 2 2
-55 8 2 0 0 0 0 0 0 0 2
+6 7 0 0 1 0 0 1 0 0 3 2
+55 2 1 1 0 0 0 0 0 0 0 0 1 1
cfi=(25)
cfn=(92)
calls=1 44 
* 2 1
+3 2 1 1
+3 9 8

fn=(268) _dl_tls_static_surplus_init
122 1 0 1 1 0 0 1
+4 1
-4 2 0 1
+4 1
-4 2 0 1
+4 3 0 1
cfi=(11)
cfn=(28)
calls=1 408 
* 20 4 1 0 1 0 0 0 0 3 2
* 1 1 0 1 0 0 1
+1 4 0 1
cfi=(11)
cfn=(28)
calls=1 408 
* 20 4 1 0 2 0 0 1 0 3 2
+6 1
+2 1
-8 1 1
+6 2
+2 3 0 0 0 0 0 0 0 0 1
+3 1
+2 1 0 1
-32 3
+34 3 0 1
+1 5 4

fn=(270) _dl_determine_tlsoffset
247 7 0 6 1 0 0 1
+6 3 1 0 1 0 0 1 0 0 1
+3 2 1 0 0 0 0 0 0 0 1
+36 3 1 0 0 0 0 0 0 0 1
+2 1 1
-2 1
-2 1
-40 1
-1 1
-1 1
+46 2 0 1 1 0 0 1
+23 6
+3 2
-3 10
+2 4 0 0 0 0 0 0 0 0 2 2
-2 2
-25 2
+20 2 0 2
-20 10 2 0 0 0 0 0 0 0 2 1
+2 4 2 0 1 0 0 1 0 0 2
+3 2 2
-1 2 2
+5 4 2
-5 2
+1 2
-1 2
+3 4 0 0 1 0 0 1
+2 6 0 0 0 0 0 0 0 0 2 2
+32 2 1 0 1 0 0 1
-1 1 0 1
+53 1 0 1
-52 5
+2 2 0 1
+51 8 7 0 1 0 0 1

fn=(274)
391 1 0 1 1 0 0 1
fi=(29)
44 1
fe=(48)
391 3 0 1
+5 1 1
+4 1
+1 1
fi=(29)
44 1 1 1 0 0 0 0 0 0 0 0 1 1
cfi=(28)
cfn=(78) __minimal_calloc
calls=1 +38 
* 34 6 5 0 0 0 0 0 0 4 1 1
fe=(48)
402 2 0 0 0 0 0 0 0 0 1
+3 1 0 1
+6 3 0 1
+6 4 3

fn=(276) _dl_tls_initial_modid_limit_setup
1088 1 1 0 1 0 0 1
+2 4 1 0 0 0 0 0 0 0 1 1
+6 4 2 0 0 0 0 0 0 0 2
-6 6 0 0 0 0 0 0 0 0 2
+2 9 3 0 1 0 0 1
+1 6 0 0 0 0 0 0 0 0 3 2
+6 1 0 1 0 0 1 0 0 1
+1 1 1

fn=(414) _dl_add_to_slotinfo
1105 14 0 8
+6 2 2
+3 2 2 0 0 2
+1 2
+4 6 2 0 1 2 0 1 0 0 2
+36 4 0 0 0 0 0 0 0 0 2 2
+3 6 0 2 0 0 2
+1 6 2 2 1 0 0 1
+3 12 10

fl=(78) ./elf/./elf/dl-lookup.c
fn=(294) do_lookup_x
348 14928 0 11196 1 0 0 1
+1 1866 1866 0 0 2
-1 7464 3732 3732 1 0 6 1 0 1
+6 1866
-6 3732 0 3732
+7 1866 1866 0 0 2
+41 1866
-30 3732 1866
+30 1866
-30 7464
+14 17388 5796 0 1 16 0 1 0 0 5796
+8 5796 5796 0 0 22
-4 5796 0 5796 0 0 5
+1 5796 0 5796
+3 23184 11592 0 0 22 0 0 0 0 5796 2
+1 11592 11592 0 0 9
+3 5796 5796
-3 5796
+4 11592 0 0 2 0 0 1 0 0 5796
+7 5796 5796
-3 11592 5796
-2 5796 5796 0 0 828 0 0 105
+5 17388
+3 40572 0 0 0 0 0 0 0 0 5796 1932
+99 11838 0 0 0 0 0 0 0 0 3946 15
359 11594 11594 0 1 23 0 1
+3 11594 0 0 0 0 0 0 0 0 5797
+4 11600 3 0 0 0 0 0 0 0 5800 17
+4 11592 5796 0 0 19 0 0 0 0 5796
+4 11592 5796 0 0 1 0 0 0 0 5796 12
fi=(4) ./elf/../sysdeps/generic/ldsodefs.h
141 3702 1851 0 1 0 0 1
+1 5553
fe=(78)
460 3702 0 0 0 0 0 0 0 0 1851
fi=(80) ./elf/../sysdeps/generic/dl-protected.h
29 7404 1851 0 2 0 0 1 0 0 3702
fe=(78)
467 9712 1851 0 0 0 0 0 0 0 3005 378
+16 3538 1769 1769
+1 1769 0 1769
+1 3702
-78 5673 0 0 2 0 0 1
-1 3782 3782 0 0 1140 0 0 183
+2 3782 0 0 0 0 0 0 0 0 1891
+2 1891 1891
+6 7564 0 3782
-6 1891
+6 13237 0 7564 1 0 0 1
+7 8493 0 0 0 0 0 0 0 0 2831 44
-10 23405 4681 0 0 1665 0 0 457 0 4681 2184
+3 1859
-1 3718 1859 0 1 0 0 1
+1 1859 0 1859 0 0 7 0 0 1
-1 1859
+2 3718
-1 22308 9295 9295 1 0 0 1
cfn=(296) check_match
calls=1859 71 
* 171206 47079 11212 53 538 9 19 280 2 21076 497 63 53
+4 5577 0 0 0 0 0 0 0 0 1859 13
+3 18 9
+82 15
+1 14928 13062
223 164 82 82 1 0 0 1
+2 82
-2 164 0 82
+2 82
-2 82 0 82
+2 82
-2 82 0 82
+2 246 0 82 1 0 0 1
+2 82
-2 246 82 164 0 2 0 0 0 0 0 0 82 1
cfi=(25)
cfn=(92)
calls=82 44 
* 164 82
+2 82 82 0 0 2
+1 82 82
+1 328 164 0 0 0 0 0 0 0 82 1
+2 162
+1 81 0 0 1 0 0 1
-1 486 0 324
+1 81
-1 162
+1 162
-1 243 0 81
+1 162
-1 1467 127 0 1 0 0 1
+24 352 0 0 0 0 0 0 0 0 176 82
+3 95
+1 285 0 0 0 0 0 0 0 0 95 39
-23 176 176 0 1 79 0 1 42
-1 352 176 0 0 0 0 0 0 0 176 20
471 3699 1233 0 2 2 0 1 0 0 1233 4
-17 83 42 0 2 0 0 1 0 0 41 3
+2 2 0 0 0 0 0 0 0 0 1
263 1458 648 0 0 1 0 0 0 0 81 4
+49 492 164 0 2 0 0 2
-1 164 0 0 0 0 0 0 0 0 82 12
+19 246 164 82 1 0 0 1
+2 82 82
-2 328 0 82
+2 82 82 82 0 0 0 0 0 0 0 0 82 1
cfi=(25)
cfn=(92)
calls=82 44 
* 164 82
+2 164 164
+1 82 0 82
-1 82 0 82
+1 82
177 518 0 0 1 0 0 1
-2 84
+1 252 0 0 0 0 0 0 0 0 84 36
-3 332 166 0 0 2 0 0 2 0 166 50
+7 82 0 82
+1 82 0 82 1 0 0 1
+1 82 0 82
+1 82 0 82
319 328 82 0 0 0 0 0 0 0 82 22
-59 276 0 0 1 0 0 1
432 1 0 1 1 0 0 1
fi=(29)
44 4 1 2 1 1 0 1 0 0 0 0 1 1
cfi=(28)
cfn=(78)
calls=1 +38 
* 34 6 5 0 1 1 0 0 0 4 1 1
* 1
fe=(78)
303 2 0 0 0 0 0 0 0 0 1
+3 1 0 1
+2 1 1
-77 1
+70 1
+6 1 0 1
-6 1 1 0 1 0 0 1
+7 1 0 1 0 0 1 0 0 1
-7 1 1
171 12
+1 338 246 0 2 0 0 2
+98 6 0 4 1 0 0 1
cfi=(55) ./elf/./elf/dl-misc.c
cfn=(476) _dl_higher_prime_number
calls=2 125 
* 157 14 0 1 4 0 1 2 0 22 12
fi=(29)
44 2
fe=(78)
270 2
fi=(29)
44 4 2 2 0 1 0 0 0 0 0 0 2 1
cfi=(28)
cfn=(78)
calls=2 +38 
* 68 12 10 0 1 1 0 0 0 8 2 2
* 2 0 2
fe=(78)
273 4 0 0 0 0 0 0 0 0 2
172 6 4
280 4 4 0 1 0 0 1
172 6 0 2
280 10 0 0 0 0 0 0 0 0 2
+1 276 92 0 0 14 0 0 2 0 92 23
+1 140 70
171 70
282 140 140
171 70
282 70 0 0 1 0 0 1
171 70
+1 70
-1 70
+1 210 70
+1 440
+2 14
+1 42 0 0 0 0 0 0 0 0 14 5
-3 168 84 0 0 56 0 0 56 0 84 18
+7 70 0 70
+3 70 0 70
-2 70 0 70
+99 276 0 0 1 0 0 1 0 0 92 35
+6 6 4
-16 4 0 2
+16 12 2 4 1 0 0 1 0 0 0 0 2 1
cfi=(28)
cfn=(154) __minimal_free
calls=2 97 
* 8 4 0 0 0 0 0 0 0 2
171 2
289 2 2
-2 2 0 2
+3 4 4
-1 2 0 2
+1 4 2 2
171 4 2
+1 2 2
-1 2
+1 8 2
+5 10
437 16650 11100 0 3 0 0 2

fn=(290) _dl_lookup_symbol_x
756 24258 0 14928 2 0 7 2
fi=(79) ./elf/../sysdeps/generic/dl-new-hash.h
74 1866 1866 0 0 949 0 0 751
+3 3732 0 0 0 0 0 0 0 0 1866 4
-8 1866
+1 3732
+10 1866 1866 0 0 26 0 0 25
+1 3732 0 0 0 0 0 0 0 0 1866
-1 38282 38282 0 0 485 0 0 436
+1 76564 0 0 0 0 0 0 0 0 38282 914
+20 39224
-2 39224
+6 39224
-3 78448
+2 39224 0 0 3 0 0 1
-30 39224 39224 0 0 484 0 0 423
+3 78448 0 0 0 0 0 0 0 0 39224 958
fe=(78)
758 1866
+1 1866
+3 1866 0 1866 0 0 2
-4 1866 0 1866
+1 1866 0 1866
+7 7428 1848 0 0 0 0 0 0 0 3714 23
+3 1866 1866
+2 3732 3732 0 1 7 0 1
-2 1866 0 0 0 0 0 0 0 0 1866 1
+6 3732 0 0 0 0 0 0 0 0 1866
-7 22392 1866 5598 1 0 4 1
+7 75 15 0 0 1 0 0 0 0 15 2
+1 26124 11196 13062 1 0 4 1 0 1
cfn=(294)
calls=1866 348 
* 661496 195293 69472 96 4453 30 56 1129 5 93837 5463 235 58
* 5598 0 0 0 0 0 0 0 0 1866 7
+28 1866 1866
-23 5598 3732
+23 1866
-23 3732 0 0 0 0 0 0 0 0 1866 4
+24 11090 1847 0 0 0 0 0 0 0 3698 8
+7 1851 1851 0 1 0 0 1
-7 1851
+35 7404 1851 0 0 0 0 0 0 0 1851
+34 1851 1851
-20 5553 1851 0 0 14 0 0 1 0 1851 1
+3 3702 1851 0 0 0 0 0 0 0 1851
-57 1866 0 1866
+76 16794 13062 0 1 0 0 1
fi=(79)
87 924 0 0 1 0 0 1
+1 924
+1 1848
+1 924 0 0 1 0 0 1
fe=(78)
783 90 15 0 1 0 0 1 0 0 30 2
+18 45 0 0 1 0 0 1
+54 2 0 1 1 0 0 1

fn=(296)
71 1859 0 1859 1 0 0 1
+3 1859 1859 0 0 64 0 0 40
-3 22308 3718 7436 1 0 9 1 0 2
+3 7426 1859 0 0 231 0 0 173 0 1859 5
+13 1854
-13 1854
+13 1854
-13 1854
+13 5562 0 0 1 0 0 1 0 0 1854
+3 3976 134 67 0 0 0 0 0 0 1854 56
cfi=(33) ./string/../sysdeps/x86_64/multiarch/../multiarch/strcmp-sse2.S
cfn=(98) strcmp
calls=67 +41 
* 3146 565 0 36 77 0 12 43 0 367 111 36 33
* 134 0 0 0 0 0 0 0 0 67
+4 1854 1854 0 0 7
+1 3708 0 0 0 0 0 0 0 0 1854 6
+2 3702 0 0 0 0 0 0 0 0 1851 2
+19 3702 3702 0 0 44 0 0 16
+1 14808 5553 0 1 15 0 1 0 0 1851 14
+2 6 3 0 0 0 0 0 0 0 3 3
-40 1850
+84 11154 11154
-18 6 0 0 1 0 0 1 0 0 3
+2 6 6 0 0 3
+1 3
-1 6
+1 9
-1 6 0 0 0 0 0 0 0 0 3 1
+4 2 0 0 0 0 0 0 0 0 1
+1 7 3 1 0 0 0 0 0 0 1
+2 3 1 1
-75 8
+39 5544 3696 1848 1 7 0 1
cfi=(33)
cfn=(98)
calls=1848 +13 
* 67410 12972 0 10 90 0 0 8 0 7650 285 27 20
* 3696 0 0 0 0 0 0 0 0 1848 14
-44 20 0 0 1 0 0 1 0 0 10
+5 10

fl=(31) ./elf/./elf/dl-load.c
fn=(188) open_verify.constprop.0
1578 180 0 108 1 0 1 1 0 1
+32 18 18
-32 36 0 36
+32 36 0 0 0 0 0 0 0 0 18 1
+19 72 0 18 0 0 1 0 0 1
cfi=(56) ./io/../sysdeps/unix/sysv/linux/open64_nocancel.c
cfn=(190) __open_nocancel
calls=18 31 
* 327 18 31 2 0 1 2 0 1 54 7
* 18
+2 36 0 0 1 0 0 1 0 0 18 2
+8 5 0 5
+6 15
-5 5 0 5
+5 25 0 5
cfi=(57) ./io/../sysdeps/unix/sysv/linux/read_nocancel.c
cfn=(192) __read_nocancel
calls=5 26 
* 25 5 0 1 0 0 1 0 0 5
+2 10 0 0 1 0 0 1 0 0 5
+2 10 5 5
+2 10 0 0 0 0 0 0 0 0 5
+6 10 0 0 0 0 0 0 0 0 5
+17 65 20 0 2 2 0 2 2 0 20 6
+81 10 5 0 0 0 0 0 0 0 5
+5 10 5 0 1 0 0 1 0 0 5
+6 20 5 0 0 0 0 0 0 0 5
+6 10 5 0 0 0 0 0 0 0 5
+6 5 5
+1 5 5
-1 15
+1 15 0 0 1 0 0 1 0 0 5 1
+26 162 126
-22 1
+1 2
-1 4 0 0 1 0 0 1
+1 1 0 1
cfi=(72) ./io/../sysdeps/unix/sysv/linux/pread64_nocancel.c
cfn=(246) __pread64_nocancel
calls=1 25 
* 6 1 0 0 0 0 0 0 0 1
* 2 0 0 0 0 0 0 0 0 1 1
1674 9 3 0 1 0 0 1 0 0 3 2
-59 26 0 0 1 0 0 1

fn=(148) _dl_dst_count
238 12 0 12 1 0 0 1
+3 12
-3 36 0 36 0 0 1 0 0 1
+7 12
-7 12 0 12
+3 12 0 12 0 0 1 0 0 1
cfi=(42) ./string/../sysdeps/x86_64/multiarch/../multiarch/strchr-sse2.S
cfn=(124) index
calls=12 33 
* 372 48 0 3 7 0 3 7 0 28 7
+3 24 0 0 0 0 0 0 0 0 12
+20 84 72 0 1 0 0 1

fn=(226) open_path
1819 32 0 24 1 0 1 1 0 1
+1 4 4
-1 12 0 12 1 0 2 1 0 2
+1 4 0 4
+6 8 0 0 0 0 0 0 0 0 4
+5 4 4
-7 4
+7 4 4
+70 4
-70 4
+70 4 0 4
-70 4 0 0 1 0 0 1
+38 4 0 4
-38 4
+38 4 0 4 0 0 1 0 0 1
-38 4
+38 4 0 4
-46 4 0 4
+8 8 0 4
+3 8 8
+9 24 4 4 1 0 0 1 0 0 4
+7 8 8
-12 4
+13 4
-1 8 4 4 0 0 1 0 0 1
cfi=(30)
cfn=(136)
calls=4 206 
* 48 12 8 0 0 0 0 0 0 8 4
* 4
+1 28 14 0 1 0 0 1 0 0 14 1
+3 80 40 0 0 0 0 0 0 0 40 8
+5 91 39 13
cfi=(30)
cfn=(136)
calls=13 206 
* 160 31 18 0 0 0 0 0 0 36 16
* 52 26 13 1 0 0 1
cfi=(30)
cfn=(136)
calls=13 206 
* 156 39 26 0 0 0 0 0 0 26 18
+3 39 13
+6 39 13 0 0 0 0 0 0 0 13
+3 91 65 13 1 0 0 1
cfn=(188)
calls=13 1578 
* 676 117 143 2 0 3 2 0 3 65 7
* 13
+2 39 13 0 0 0 0 0 0 0 13 2
+2 20 0 0 0 0 0 0 0 0 10 2
+89 36 28 0 1 0 0 1
1851 90 30 0 0 0 0 0 0 0 30 7
+89 20 4 0 1 0 0 1 0 0 8 3
+7 8 4 4 1 0 0 1
-2 4 0 4
+2 8 4 0 0 0 0 0 0 0 4
+3 16 8 0 0 0 0 0 0 0 4
1829 8
+70 12
+2 6 0 0 0 0 0 0 0 0 3 2
-21 20 10 0 1 0 0 1 0 0 10
+1 80 40 0 1 0 0 1 0 0 10 2
+6 20 20 0 1 0 0 1
+2 10
-2 20 0 10
+2 10 0 10
cfi=(68) ./io/../sysdeps/unix/sysv/linux/stat64.c
cfn=(228) stat
calls=10 28 
* 138 10 9 0 0 0 0 0 0 10 3
* 10
+3 10
-3 29 0 9 1 0 0 1 0 0 10 1
-38 18
+39 1 1
+2 1
-2 1
+2 7 0 1
-41 2 0 0 1 0 0 1

fn=(194) _dl_map_object_from_fd
944 55 0 35 1 0 1 1 0 1
+10 5 5
-10 15 0 15 0 0 1 0 0 1
+10 5 0 5 0 0 1 0 0 1
cfi=(47) ./elf/./elf/dl-debug.c
cfn=(196) _dl_debug_update
calls=5 41 
* 30 10 0 1 0 0 1 0 0 10 4
* 5 0 5 1 0 0 1
+7 20 5 5 0 0 0 0 0 0 5 4
+85 20 5 5 1 0 0 1 0 0 5
+10 10 5 0 0 0 0 0 0 0 5
+7 35 25 5
cfi=(27) ./elf/./elf/dl-object.c
cfn=(76) _dl_new_object
calls=5 59 
* 1711 345 255 4 5 39 4 5 39 249 73 15 1
* 5
+1 10 0 0 0 0 0 0 0 0 5
+11 5 5
+5 5 5 0 1 0 0 1
-4 5 5
-1 5 0 5 0 0 3 0 0 3
+2 5 5
+2 5
-2 5 0 5
+2 10
+1 15 5 0 0 0 0 0 0 0 5 1
+1 8 0 4 1 0 0 1
+19 4 4
-2 4 0 4
+2 40 0 4
+10 4 4 0 1 0 0 1
-10 4
+10 12 0 0 0 0 0 0 0 0 4
-10 1 1
-2 1 0 1
+2 10 0 1
+10 1 1
-10 1
+10 3 0 0 0 0 0 0 0 0 1
+27 5 5
-33 5
-3 5
+2 5 0 5
-1 5 0 5
+35 5
+9 5
-50 5 0 5 1 0 0 1
+41 5 0 5
+9 5
-36 5 5
+63 25 0 20
-62 126 0 0 0 0 0 0 0 0 63 14
+20 2 1 1
+1 1
-22 144 0 0 0 0 0 0 0 0 48
+1 268 53 0 2 7 0 2 7 0 133 32
1223 10 10 0 0 2 0 0 2
1110 5
1223 10 0 5 0 0 2 0 0 2
1110 15 0 0 0 0 0 0 0 0 5
1228 35 25 0 1 0 0 1 0 0 5
+10 15
+1 5
-1 5
+1 5 0 5
-1 15 0 0 0 0 0 0 0 0 5 2
+1 15
-1 15
+1 15 0 15
-1 45 0 0 0 0 0 0 0 0 15 4
1076 10 0 5
1245 10 0 0 1 0 0 1 0 0 5
+10 20 10 0 0 0 0 0 0 0 10
+7 20 10
fi=(62) ./elf/./dl-map-segments.h
28 5 5 0 1 0 0 1
fe=(31)
1262 15 5 5
fi=(62)
28 10 0 0 0 0 0 0 0 0 5
+1 40 20 10 1 0 1 1 0 1
cfi=(61) ./misc/../sysdeps/unix/sysv/linux/mmap64.c
cfn=(204) mmap
calls=5 +18 
* 40 5 0 0 0 0 0 0 0 10
+73 10 5
-1 5 0 5
-72 5
+73 5 0 0 0 0 0 0 0 0 5
+3 10 5
+1 5
+2 5 5
-3 5 0 5 1 0 0 1
+1 5 0 5
+2 5 0 0 0 0 0 0 0 0 5 2
+17 5 0 5 1 0 0 1
-96 5 5
+98 5 5
fi=(63) ./elf/./dl-load.h
-36 40 0 0 0 0 0 0 0 0 20 9
+1 15 10 5
+2 40 20 0 1 0 0 1 0 0 20 4
fi=(62)
+55 80 40 0 0 0 0 0 0 0 20 13
+6 5 5
+2 5 5
-2 5
+1 5
+2 10
-1 20 0 0 1 0 0 1
+8 10 0 0 0 0 0 0 0 0 5
+3 10 0 0 0 0 0 0 0 0 5
+8 35 0 15
cfi=(45)
cfn=(140)
calls=5 -35 
* 709 5 372 2 0 95 2 0 95 102 24
* 10 10
+6 10 0 0 0 0 0 0 0 0 5 3
+12 20 0 0 1 0 0 1
-59 120 20 0 0 0 0 0 0 0 20 5
+2 30 30
+3 15 15
-3 30 0 0 1 0 0 1 0 0 15
+2 120 45 30
cfi=(61)
cfn=(204)
calls=15 -92 
* 120 15 0 0 0 0 0 0 0 30
* 45 15 0 0 0 0 0 0 0 15 4
fe=(31)
1111 56 0 0 1 0 0 1 0 0 28 5
+26 140 60 0 0 6 0 0 5 0 20
+8 40 20 0 1 0 0 1
+1 20
-1 20
+1 80
+1 20 20 0 0 5 0 0 5
-1 20 0 20 0 0 4 0 0 4
+1 20
+2 20 20
-2 20
+2 20 0 20 0 0 4 0 0 4
+2 20 20
-4 20
+1 40 0 20
-1 20 0 20 1 0 0 1
+4 100
+2 40 0 20
+13 40 0 0 0 0 0 0 0 0 20 5
+1 75 30 15
+5 15
+1 135 30 15
-28 15
+38 15
-11 5
+1 45 10 5 1 0 1 1 0 1
-28 5
+38 5
-66 10 5 0 0 0 0 0 0 0 5
+7 5 5
+2 5 5 0 1 0 0 1
-2 5 0 5
+1 5 5 0 0 2 0 0 2
+1 5
-1 10 0 5
+1 40 5 5
+60 6 2 0 1 1 0 1 1 0 2
+5 2 2
-1 4
+5 2
-5 4 0 2 0 0 2 0 0 2
-66 2 2
+71 8 0 2
+1 2 2 0 1 0 0 1
+3 2 0 2 0 0 1 0 0 1
-3 2 0 2
+8 8 2 0 0 0 0 0 0 0 2 2
+15 10 5 5 1 0 0 1
+1 5
fi=(58) ./elf/../sysdeps/posix/dl-fileid.h
37 15 5 5 1 0 0 1
cfi=(59) ./io/../sysdeps/unix/sysv/linux/fstat64.c
cfn=(200) fstat
calls=5 -8 
* 65 5 0 3 0 0 3 0 0 10
* 10 0 0 0 0 0 0 0 0 5
fe=(31)
999 10 5
fi=(58)
40 15 15 0 1 1 0 1 1
fe=(31)
999 5
fi=(58)
40 5 0 5
fe=(31)
999 80 25 0 0 0 0 0 0 0 25 8
+1 40 20 0 1 0 0 1 0 0 20
fi=(58)
49 60 30 0 0 1 0 0 1 0 30 8
fe=(31)
1525 45 35 0 1 0 0 1
1084 1
+1 2 1
-1 4
+1 1
-1 1 0 1
+1 1 0 1 1 0 1 1 0 1
cfi=(72)
cfn=(246)
calls=1 25 
* 6 1 0 0 0 0 0 0 0 1
* 2 0 0 0 0 0 0 0 0 1 1
1278 20 10 0 1 0 0 1 0 0 5
+1 15 5 5
fi=(64) ./elf/./elf/get-dynamic-info.h
39 10 0 0 0 0 0 0 0 0 5
+6 5 5 0 0 5 0 0 5
-2 5
+2 10 0 0 0 0 0 0 0 0 5
+9 5
+5 5 0 0 1 0 0 1
-1 5
-3 82
+13 24 0 24 0 0 10 0 0 10
-23 96 24 0 0 7 0 0 7 0 24 3
+23 105 0 105 0 0 19 0 0 19
-23 420 105 0 0 24 0 0 24 0 105 2
+4 258 0 0 0 0 0 0 0 0 129 37
+5 116 0 0 0 0 0 0 0 0 29 9
+2 25 0 0 0 0 0 0 0 0 5 2
fi=(63)
+39 16 8 0 1 0 0 1 0 0 4
+2 4 4
-1 8 8 0 1 0 0 1
+1 4
-1 4
+1 4
-1 4
+1 4
-1 8 0 0 0 0 0 0 0 0 4
+3 16 0 4
fe=(31)
1018 10 5 0 1 0 0 1 0 0 5 3
fi=(64)
59 20 0 0 1 0 0 1 0 0 5 2
+13 20 5 0 1 0 0 1 0 0 10
+12 17 5 2 0 0 0 0 0 0 5 2
+1 20 5 5 0 0 0 0 0 0 5
+1 20 5 5 1 0 0 1 0 0 5
+1 20 5 5 0 0 0 0 0 0 5
+1 17 5 2 0 2 0 0 2 0 5 2
+1 19 5 4 0 1 0 0 1 0 5 1
+1 19 5 4 0 1 0 0 1 0 5 1
+1 20 5 5 1 0 0 1 0 0 5
+12 5 5
+7 5 5
-7 35 5 5 0 0 0 0 0 0 10
+7 11 0 0 0 0 0 0 0 0 5 4
+5 8 4 0 0 0 0 0 0 0 4
+7 8 4 0 0 0 0 0 0 0 4
+1 15 10 0 1 0 0 1 0 0 5
+6 15 5 0 0 0 0 0 0 0 5 3
+1 6 4 0 0 0 0 0 0 0 2
+17 15 5 0 1 0 0 1 0 0 5 3
+5 4 2 2
+2 4 0 0 0 0 0 0 0 0 2 2
+2 4 0 0 0 0 0 0 0 0 2 2
+2 4 0 0 0 0 0 0 0 0 2
+4 15 5 0 1 0 0 1 0 0 5 4
+2 3 1 1
+1 2 0 0 0 0 0 0 0 0 1
+9 2 1 0 0 0 0 0 0 0 1
+6 2 0 0 1 0 0 1 0 0 1
+4 10 5 0 0 0 0 0 0 0 5 5
fe=(31)
1285 10
+1 10 0 0 0 0 0 0 0 0 5 5
+2 10 0 0 0 0 0 0 0 0 5 5
+10 15 5 0 1 0 0 1 0 0 5
+19 10 5 5
+2 30 10 0 0 0 0 0 0 0 5
+52 15 5 0 0 3 0 0 3 0 5 3
+1 4 2 2
+6 40 15 0 1 0 0 1 0 0 5 3
+1 92 0 0 0 0 0 0 0 0 46 16
+6 8 0 2
cfn=(94) _dl_process_pt_gnu_property
calls=2 876 
* 38 16 0 0 2 0 0 2 0 10
-7 106 53 0 0 0 0 0 0 0 53 5
+1 53 53 0 1 45 0 1 45
+6 53
-6 106 0 0 0 0 0 0 0 0 53 25
fi=(32) ./elf/../sysdeps/x86/dl-prop.h
212 14 14
+1 7 7
95 28 14 0 1 0 0 1 0 0 14 5
+10 4 0 0 0 0 0 0 0 0 2
212 2
105 4
-3 2
-1 2 0 2
+2 2
+2 4
-5 4 0 2 1 0 0 1
+93 8
-1 2
-87 6 0 0 0 0 0 0 0 0 2 1
+3 6 2 0 0 0 0 0 0 0 2
+1 4 2 0 0 0 0 0 0 0 2
+1 4 2 0 1 0 0 1 0 0 2
+4 6 2 0 0 0 0 0 0 0 2
+4 6 0 2
+3 6 2 0 0 0 0 0 0 0 2
+1 4 0 0 0 0 0 0 0 0 2
+4 2
+1 8 0 4 1 0 0 1
+4 4 2 0 1 0 0 1
+1 2 2
+3 4 0 0 0 0 0 0 0 0 2
+3 2
+1 8 0 0 0 0 0 0 0 0 2
+5 8 0 0 0 0 0 0 0 0 2
+7 4 0 0 1 0 0 1 0 0 2
+16 2 2 0 0 1 0 0 1
-3 4 0 0 0 0 0 0 0 0 2
+3 6 2
fe=(31)
1390 10 5 5 1 0 0 1
cfi=(65) ./io/../sysdeps/unix/sysv/linux/close_nocancel.c
cfn=(214) __GI___close_nocancel
calls=5 26 
* 25 5 0 1 0 0 1 0 0 5
* 10 0 0 0 0 0 0 0 0 5
+13 10 5 0 0 0 0 0 0 0 5
+2 20 10 5 1 0 0 1
+2 10 5 0 0 0 0 0 0 0 5
+16 10 0 5
cfi=(8) ./elf/./elf/dl-setup_hash.c
cfn=(14) _dl_setup_hash
calls=5 28 
* 130 40 30 0 6 0 0 6 0 15
+4 10 5 0 0 0 0 0 0 0 5
+1 10 5 0 0 0 0 0 0 0 5
+17 10 5 0 0 0 0 0 0 0 5 2
+1 1 0 1
+3 1 1 0 1 0 0 1
+5 1 1
-5 1 0 1 0 0 1 0 0 1
+5 1 0 0 0 0 0 0 0 0 1
-5 4 4
+5 4 4
-5 4 0 4
+5 4 0 0 0 0 0 0 0 0 4
+10 10 5 0 0 1 0 0 1 0 5
+7 40 15 0 1 1 0 1 1 0 5 3
+10 10 5 0 0 0 0 0 0 0 5 3
+1 8 2 0 0 0 0 0 0 0 2 1
+5 4 0 2
cfi=(48)
cfn=(244)
calls=2 156 
* 18 6 4 2 0 0 2 0 0 2
+7 15 5 5 1 0 0 1
cfi=(27)
cfn=(90) _dl_add_to_namespace_list
calls=5 31 
* 255 65 45 0 0 0 0 0 0 25 15 10
+3 20 10 0 0 0 0 0 0 0 5 5
+23 35 15 0 1 0 0 1 0 0 5
+1 15 5 5
cfi=(50)
cfn=(216) _dl_audit_objopen
calls=5 78 
* 20 10 0 1 0 0 1 0 0 5
* 5
-5 10 0 0 1 0 0 1 0 0 5 5
fi=(32)
198 16 4 0 1 0 0 1 0 0 2
+2 2 2
+1 2 0 2
+1 2 0 2
-2 2
+3 2 0 2
-3 4 0 2
+3 2
fi=(64)
62 20 0 0 1 0 0 1 0 0 5
+2 20
fi=(62)
186 16 0 2 1 0 0 1
cfi=(61)
cfn=(204)
calls=2 47 
* 16 2 0 0 0 0 0 0 0 4
+3 4 0 0 1 0 0 1 0 0 2 2
fe=(31)
1472 9 3 0 2 0 0 2 0 0 3 1
+2 2 2
-1 10 6 0 0 0 0 0 0 0 2 2
+1 2
-1 2
+1 2
-1 2 0 2
cfi=(33)
cfn=(98)
calls=2 131 
* 48 14 0 0 3 0 0 3 0 6
* 4 0 0 0 0 0 0 0 0 2 1
+2 5 1 1
1285 8 4 0 1 0 0 1

fn=(184) _dl_map_object
1971 110 0 99 1 0 5 1 0 5
+8 22 0 0 1 0 0 1 0 0 11
+1 44 11 0 0 1 0 0 1 0 11
+3 204 46 11 1 0 0 1 0 0 46 9
+5 287 82 0 0 0 0 0 0 0 41
+2 123 0 41 1 0 2 1 0 2
cfi=(55)
cfn=(186) _dl_name_match_p
calls=41 68 
* 4622 928 175 16 2 0 16 2 0 617 184 44 27
* 82 0 0 0 0 0 0 0 0 41 6
+4 70 35 0 0 0 0 0 0 0 35
+1 105 35 0 0 0 0 0 0 0 35 19
+4 17 17
-1 85 51 0 0 0 0 0 0 0 17 6
+1 17
+1 17
-1 17 0 0 1 0 0 1
+1 34 0 17
cfi=(33)
cfn=(98)
calls=17 131 
* 640 115 0 10 1 0 10 1 0 81 27 8 5
* 34 0 0 0 0 0 0 0 0 17 12
2274 99 77
2015 5 5 0 1 0 0 1
-1 10
+1 10 0 5 0 0 2 0 0 2
-1 10 5 0 0 0 0 0 0 0 5 5
-41 5 0 5
+50 15 5 0 0 0 0 0 0 0 5
+17 10 0 0 1 0 0 1
-2 5 0 5
+2 5 0 5
cfi=(42)
cfn=(124)
calls=5 33 
* 115 15 0 0 0 0 0 0 0 10 1
* 10 0 0 0 0 0 0 0 0 5 3
2206 2 0 0 0 0 0 0 0 0 1
-1 3 0 1
cfn=(146) expand_dynamic_string_token
calls=1 385 
* 175 34 24 5 0 2 5 0 2 16 6 1
+2 1
-3 1 0 1
+1 1
+2 2 0 0 1 0 0 1 0 0 1
+4 8 0 2
cfn=(188)
calls=1 1578 
* 101 21 14 9 1 0 9 1 0 18 1
* 1
+3 2 0 0 0 0 0 0 0 0 1
+12 20 5
+45 5 5 0 1 0 0 1
+1 10
-1 5 0 5
+1 55 25 25
cfn=(194)
calls=5 944 
* 9620 2014 1379 82 132 186 82 131 186 1840 422 25 1
* 15 0 0 1 0 0 1
2044 8 0 4
cfi=(23) ./string/../sysdeps/x86_64/multiarch/../multiarch/strlen-sse2.S
cfn=(66) strlen
calls=4 101 
* 64 8 0 0 0 0 0 0 0 8
* 8 0 4 1 0 0 1
+2 8 4 0 0 0 0 0 0 0 4
+7 16 4 0 0 0 0 0 0 0 8 2
+51 56 8 20 1 0 0 1
cfn=(226)
calls=4 1819 
* 2297 617 353 17 0 8 17 0 8 322 76
+6 4
-6 4
+6 16 0 0 0 0 0 0 0 0 8
+1 24 0 4 1 0 0 1
cfn=(224) cache_rpath
calls=4 681 
* 44 9 1 0 0 0 0 0 0 6 5
* 8 0 0 0 0 0 0 0 0 4
+8 4 0 4
+14 8 4 0 0 0 0 0 0 0 4
+2 12 4 0 1 0 0 1 0 0 4
+4 8 0 4
cfi=(69) ./elf/./elf/dl-cache.c
cfn=(230) _dl_load_cache_lookup
calls=4 413 
* 5898 942 228 33 66 5 33 66 5 1317 127 8 4
* 4
+2 8 0 0 0 0 0 0 0 0 4
+4 8 0 0 0 0 0 0 0 0 4
+8 12 4 0 0 0 0 0 0 0 4
+23 32 0 8 1 0 0 1
cfn=(188)
calls=4 1578 
* 429 88 57 2 1 0 2 1 0 77 12
* 4
+4 8 0 0 0 0 0 0 0 0 4
+1 4 0 4
+17 8 4 0 0 0 0 0 0 0 4 3
2078 16 4 0 1 0 0 1 0 0 4
+1 36 4 12 1 0 0 1
cfn=(224)
calls=4 681 
* 36 8 0 0 0 0 0 0 0 4 4
* 16 8 0 0 0 0 0 0 0 4
+9 8 0 0 0 0 0 0 0 0 4
+15 8 4 0 0 0 0 0 0 0 4
+1 8 0 0 0 0 0 0 0 0 4 2
-47 4 4 0 1 0 0 1
+1 4 0 0 1 0 0 1
+7 36 0 16
-3 18 6 0 0 0 0 0 0 0 6 5
+1 36 0 6 1 0 0 1
cfn=(224)
calls=6 681 
* 62 13 1 2 0 0 2 0 0 8 8
* 12 0 0 0 0 0 0 0 0 6 4
+9 16 16 0 1 0 0 1
+5 8 0 0 0 0 0 0 0 0 4
+1 8 0 0 1 0 0 1 0 0 4 4

fn=(110) _dl_init_paths
706 10 0 7 1 0 0 1
+14 1
-14 2 0 1 1 0 0 1
+14 2 0 1
cfi=(38) ./elf/./elf/dl-hwcaps.c
cfn=(112) _dl_important_hwcaps
calls=1 175 
* 1977 368 305 50 2 12 50 2 12 263 86 2 2
fi=(29)
56 1
fe=(31)
720 1 0 1
fi=(29)
56 1 1 1 0 0 0 0 0 0 0 0 1 1
cfi=(28)
cfn=(82)
calls=1 -21 
* 24 5 5 0 0 0 0 0 0 3
fe=(31)
725 1 0 1
+2 3 0 0 0 0 0 0 0 0 1
+8 2 1 0 1 0 0 1
-1 3
+5 3
fi=(29)
56 1 1 1 0 0 0 0 0 0 0 0 1 1
cfi=(28)
cfn=(82)
calls=1 -21 
* 24 5 5 0 0 0 0 0 0 3
fe=(31)
739 1 0 1 0 0 1 0 0 1
+2 4 2 0 0 0 0 0 0 0 1
+17 1 0 0 1 0 0 1
-10 1 0 1
+8 1
-9 1 0 1
+9 2 0 1
+11 1 1
-9 1 0 1
+3 2 0 1 0 0 1 0 0 1
+9 1 0 0 1 0 0 1
-2 1
+2 2 0 1
-7 1
-4 1 0 1
+3 1 0 1
+6 1 0 1
+2 1 0 1
-3 2 0 0 0 0 0 0 0 0 1
+1 16 4 4 1 0 0 1
cfi=(45)
cfn=(140)
calls=4 141 
* 68 4 16 2 0 2 2 0 2 12 6
+2 15 3 0 0 0 0 0 0 0 4 1
-14 3
+10 3
+4 9 3 3
-12 3
-2 3 0 3
+2 3 0 3 0 0 1 0 0 1
+4 3 3 0 0 1 0 0 1
-3 3 0 3 1 0 0 1
+3 3 0 3 0 0 1 0 0 1
+1 3
-2 3 0 3
+5 6 3 0 0 1 0 0 1 0 3
-3 3
+4 6 0 0 0 0 0 0 0 0 3 3
+15 1 1
+3 1
-15 1 0 1 1 0 0 1
+7 1 0 1
-1 1 0 1
+9 2
+2 4 1 0 0 0 0 0 0 0 1
+2 3 1 0 1 0 0 1 0 0 1 1
+36 5 2 0 1 0 0 1 0 0 2 1
+2 3 0 1
cfi=(23)
cfn=(66)
calls=1 101 
* 16 2 0 0 0 0 0 0 0 2
* 8 0 1 1 0 0 1
cfi=(30)
cfn=(86) memcpy
calls=1 219 
* 10 3 2 0 0 0 0 0 0 2 2
* 1
+5 4 1 0 0 0 0 0 0 0 1
-1 2
+2 1
+1 2 0 0 1 0 0 1
-2 4 1 0 0 0 0 0 0 0 1 1
+1 13
+1 26
-2 52 13 0 0 0 0 0 0 0 13 9
+5 1
fi=(29)
56 1 1 1 0 0 0 0 0 0 0 0 1 1
cfi=(28)
cfn=(82)
calls=1 -21 
* 24 5 5 0 0 0 0 0 0 3
fe=(31)
836 1 0 1
fi=(29)
56 1
fe=(31)
838 2 0 0 0 0 0 0 0 0 1
+6 6 1 1
cfn=(142) fillin_rpath.isra.0
calls=1 468 
* 642 122 70 18 1 2 18 1 2 126 42 3 3
+3 3 2 0 0 0 0 0 0 0 1
+6 1 0 1
+4 8 7
-49 1 1 0 1 0 0 1
-2 1 0 1
+2 2 0 0 1 0 0 1 0 0 1 1
+14 2 0 1 1 0 0 1

fn=(146)
385 6 0 4 1 0 0 1
+10 2
-10 8 0 4 1 0 0 1
+10 2 0 2
cfn=(148)
calls=2 238 
* 104 21 12 5 0 1 5 0 1 7 2
+3 4 0 0 0 0 0 0 0 0 2
+12 2
-11 2
+11 8 8
-11 2
cfi=(46) ./string/./string/strdup.c
cfn=(150) strdup
calls=2 40 
* 160 31 24 4 0 2 4 0 2 19 6 2 1

fn=(142)
468 7 0 6 1 0 0 1
+4 1
-4 9 0 6
+6 3 2 1 1 0 0 1
cfi=(7) ./elf/./elf/dl-minimal.c
cfn=(144) strsep
calls=1 242 
* 282 46 1 2 1 0 2 1 0 73 14
* 3 2 1
cfi=(7)
cfn=(144)
calls=1 242 
* 8 3 0 0 0 0 0 0 0 2 1
* 6 0 0 0 0 0 0 0 0 2 1
+7 2 1 0 0 0 0 0 0 0 1
+2 3 1 1
cfn=(146)
calls=1 -98 
* 125 26 22 6 0 1 6 0 1 12 2 1 1
* 1
+4 2 0 0 0 0 0 0 0 0 1
+5 2 0 1 1 0 0 1
cfi=(23)
cfn=(66)
calls=1 101 
* 16 2 0 0 0 0 0 0 0 2
* 1
+1 2 0 0 0 0 0 0 0 0 1 1
+7 5 1 0 0 0 0 0 0 0 2 2
+9 15 5 0 1 0 0 1 0 0 5 2
+1 8 4 0 0 0 0 0 0 0 4 4
fi=(29)
50 2 1 1 1 0 0 1 0 0 0 0 1 1
cfi=(28)
cfn=(154)
calls=1 +47 
* 4 2 0 0 0 0 0 0 0 1
+1 1
fe=(31)
528 4 1 1 1 0 0 1 0 0 1 1
+4 4 2 0 1 0 0 1
fi=(29)
56 1 1 1 0 0 0 0 0 0 0 0 1 1
cfi=(28)
cfn=(82)
calls=1 -21 
* 24 5 5 0 0 0 0 0 0 3
* 1
fe=(31)
534 2 0 0 0 0 0 0 0 0 1
+5 1 1
+1 2
-1 1
-1 1 0 1
+2 1 0 1
cfi=(30)
cfn=(136)
calls=1 206 
* 12 3 2 0 0 1 0 0 1 2 2
+3 1 1
-3 1 0 1
+1 1 0 1 1 0 0 1
+2 1 0 0 0 0 0 0 0 0 1 1
+6 1
+1 1 1
-1 3 1
+1 4 0 0 0 0 0 0 0 0 1
+1 1 0 1
-1 3 0 0 0 0 0 0 0 0 1 1
+1 9 0 9
-1 27 0 0 0 0 0 0 0 0 9 9
+3 1 1 0 1 0 0 1
+1 1 1
-1 1 0 1
+1 2 0 0 0 0 0 0 0 0 1 1
+1 1 0 1
+6 2 1 1
+1 1 0 1
+3 3 0 1
-60 4 0 1 1 0 0 1
+66 1 0 1
+3 10 7

fn=(224)
681 28 0 0 1 0 0 1
+1 42 14 0 0 0 0 0 0 0 14 13
+4 2
-1 4 0 0 0 0 0 0 0 0 2 2
+14 28 14 0 1 0 0 1
-11 8 2 0 0 0 0 0 0 0 2 2
+3 2 0 2
-8 28

fn=(94)
876 3 3 0 1 0 0 1
-8 3
+8 3 0 0 0 0 0 0 0 0 3
-6 3 3
+12 6 0 0 0 0 0 0 0 0 3
-13 3 3
+13 3
-13 3 3
+13 6 0 0 1 0 0 1
+3 9 3 0 0 2 0 0 2 0 3
+1 6 3 0 0 1 0 0 1 0 3
+1 6 3 0 0 0 0 0 0 0 3
+43 3 3

fl=(38)
fn=(134) copy_hwcaps
77 6 0 4 1 0 0 1
+6 2
-6 2 0 2
+6 2
-6 4 0 2 1 0 1 1 0 1
fi=(40) ./elf/./dl-hwcaps.h
-23 2 0 2
+2 4 0 2
+32 2 0 2
+1 2 0 2
+1 2
fe=(38)
-8 4 4
+1 4 4
-1 2 0 2
+1 8 0 6 0 0 1 0 0 1
cfi=(30)
cfn=(136)
calls=2 206 
* 24 6 4 2 0 1 2 0 1 4 4
+4 2 0 2
+2 2 2
+2 2
-3 2 2
+1 4 0 2
+1 4 0 2
+1 2 0 2
-11 4 0 2
cfi=(41) ./elf/./elf/dl-hwcaps_split.c
cfn=(120) _dl_hwcaps_split_masked
calls=2 -29 
* 131 27 16 0 0 0 0 0 0 17 4
* 4 0 2 1 0 0 1
cfi=(41)
cfn=(120)
calls=2 -29 
* 163 33 21 0 0 1 0 0 1 21 3
* 8 0 0 0 0 0 0 0 0 4 2
+13 12 10

fn=(112)
175 4 0 3 1 0 0 1
+1 1
-1 6 0 4 0 0 2 0 0 2
+1 1
-1 1 0 1
+1 1
-1 1 0 1
+1 1
-1 1 0 1 0 0 1 0 0 1
+1 1 0 1 1 0 0 1
cfi=(11)
cfn=(28)
calls=1 408 
* 20 4 1 0 0 0 0 0 0 3 2
* 1 1
+3 1
-1 1 1
+1 1 1
-1 1 0 1
+1 1
+9 2
-9 1 0 1
+8 1 0 1
cfi=(19) ./elf/../sysdeps/x86/get-isa-level.h
cfn=(114) _dl_hwcaps_subdirs_active
calls=1 31 
* 48 6 0 4 0 0 4 0 0 12 2
fi=(40)
54 1 0 1
fe=(38)
188 2 1
-1 1 0 1
fi=(40)
56 1 0 1 1 0 0 1
+32 1 0 1
+1 1 0 1
+1 1
fe=(38)
-35 2 0 1
cfi=(41)
cfn=(120)
calls=1 -4 
* 20 6 4 3 0 1 3 0 1 2 2
* 2 0 0 0 0 0 0 0 0 1
fi=(40)
-1 1
+2 1 0 1 1 0 0 1
-2 1 0 1
+34 2 1 1
+1 2 1 1
+1 1
fe=(38)
-32 2 2
-1 2
+1 2
+1 2
-1 2
-3 4 0 2
cfi=(41)
cfn=(120)
calls=2 -4 
* 131 27 16 0 0 0 0 0 0 17 5
* 2 0 1
cfi=(41)
cfn=(120)
calls=1 -4 
* 143 27 17 3 1 0 3 1 0 19 3
* 6 0 0 0 0 0 0 0 0 3 2
+48 3 0 1 1 0 0 1
fi=(29)
-47 1 1 1 0 0 0 0 0 0 0 0 1 1
cfi=(28)
cfn=(82)
calls=1 -21 
* 24 5 5 0 0 0 0 0 0 3
fe=(38)
+49 2 1
-2 1 0 1
+2 1 0 0 0 0 0 0 0 0 1
fi=(40)
-51 1 1
fe=(38)
+57 2 0 1
-3 1 0 1
fi=(40)
-54 1 0 1
+2 4 0 1 1 0 0 1
+1 1
fe=(38)
+58 2 0 1
cfi=(41)
cfn=(122) _dl_hwcaps_split
calls=1 -90 
* 11 4 2 0 0 0 0 0 0 1 1
* 1
+2 1
-2 1 0 0 1 0 0 1 0 0 1
fi=(40)
-61 3
+2 1 0 1
-2 1 0 1
+34 2 1 1
+1 5 1 1
+1 1
fe=(38)
+40 10 4 2 0 0 1 0 0 1
+1 4 2 2
+1 2
+1 2
-1 2 0 2
-4 4 0 2
cfi=(41)
cfn=(120)
calls=2 -77 
* 131 27 16 0 0 0 0 0 0 17 5
* 2 0 1 1 0 0 1
cfi=(41)
cfn=(120)
calls=1 -77 
* 143 27 17 0 0 0 0 0 0 19 3
* 6 0 0 0 0 0 0 0 0 3 2
+8 5 1 0 0 0 0 0 0 0 1
+9 5 1 1 1 0 0 1 0 0 1
+3 8 1 5
-2 6 0 1 1 0 0 1
+14 1 0 0 0 0 0 0 0 0 1 1
+4 1 1
+1 2 1
+1 1 0 1
-20 2
+19 1 0 1
+1 1 0 1
-20 2 0 0 0 0 0 0 0 0 1 1
+8 2 2 0 1 0 0 1
+4 7 2 1
cfi=(43)
cfn=(128)
calls=1 -87 
* 18 5 0 3 0 0 3 0 0 4 2
+1 3 1 0 0 0 0 0 0 0 1 1
-14 9 6 0 1 0 0 1 0 0 1
+53 2 0 1
+1 4 0 1
+4 5 1 0 1 0 0 1 0 0 1
+1 1
-1 1
+1 2
+1 2
-2 5 0 0 0 0 0 0 0 0 1 1
+1 1
-1 1
+1 2
+1 2
-2 5 0 0 0 0 0 0 0 0 1
+5 1
+27 1 0 1
-5 1
+5 1 0 0 1 0 0 1
-7 1
+7 2 0 1
-7 5 0 2
+7 2 0 1
-5 1
+1 4 2 2 0 0 1 0 0 1 2 1
fi=(44) ./elf/../sysdeps/x86/dl-hwcap.h
57 6 1 0 1 0 0 1
fe=(38)
236 3
-3 1 0 1
+1 1 0 1
cfi=(23)
cfn=(66)
calls=1 101 
* 16 2 0 0 0 0 0 0 0 2
+1 1
-1 1 0 1
+1 2
-5 6 3 0 1 0 0 1 0 0 1
+8 3 1 0 0 0 0 0 0 0 1
+2 1
+2 3
-2 1 0 1
+1 2 1 1
+4 5 0 1 1 0 0 1
+1 1 0 1
+3 3 1 0 0 0 0 0 0 0 1
+5 2 1 1
-1 2 0 0 0 0 0 0 0 0 1
+4 2 1
+1 2 0 0 1 0 0 1 0 0 1 1
+16 2 1
+7 2 1 1
-7 2
+7 1
-7 5 1 2 1 0 1 1 0 1
+7 2
fi=(29)
56 1 1 1 0 0 0 0 0 0 0 0 1 1
cfi=(28)
cfn=(82)
calls=1 -21 
* 24 5 5 0 0 0 0 0 0 3
* 1
fe=(38)
282 2 0 0 0 0 0 0 0 0 1
+7 1 0 1
+1 1 1
+1 4 1
-1 5 1 2 1 0 0 1
+1 1 0 1
cfn=(134)
calls=1 77 
* 44 11 13 3 0 2 3 0 2 3 2
+1 5 2 1
cfn=(134)
calls=1 77 
* 366 77 64 2 0 2 2 0 2 43 11
+11 1 1
-8 1 1
+1 1 1
+7 2 1
+2 1 0 1
-2 1 0 0 1 0 0 1 0 0 1
+34 1 1
-10 1 0 1 0 0 1 0 0 1
+10 4 0 1
-7 2 0 0 0 0 0 0 0 0 1
+7 2 2
+10 4 0 2 1 0 0 1
-1 1
+1 2 0 1
-1 2 0 1
+1 1 0 1
-90 2 1 1
+86 1 1
+4 3 0 2
-4 4 2 1 1 0 0 1
-3 1
+3 1 0 1
cfi=(30)
cfn=(136)
calls=1 206 
* 17 3 2 0 1 0 0 1 0 5 1
* 2 2
-3 1
+3 1 0 1
cfi=(30)
cfn=(136)
calls=1 206 
* 17 3 2 0 0 0 0 0 0 5 1
* 2 2
+3 2 2
-3 6 0 2
+3 5 0 0 0 0 0 0 0 0 1 1
+1 12 0 0 1 0 0 1 0 0 2 1
+1 2 2
-2 1
+2 1 0 1
cfi=(30)
cfn=(136)
calls=1 206 
* 14 3 2 0 0 0 0 0 0 3 2
* 2 0 1
-2 2 0 0 0 0 0 0 0 0 1
+5 6 4 2
cfi=(30)
cfn=(136)
calls=2 206 
* 28 6 4 0 0 0 0 0 0 6 4
* 4 0 2
+2 16 7 0 1 0 0 1 0 0 2 1
+6 1 0 1 1 0 0 1
-1 3 0 0 0 0 0 0 0 0 1 1
+1 7 0 7
-1 22 0 0 0 0 0 0 0 0 7 6
+5 7
+3 2
-3 2
+3 2 0 0 0 0 0 0 0 0 1
-3 4
+3 4
-3 4
+3 4 0 0 0 0 0 0 0 0 2
+1 36 0 0 0 0 0 0 0 0 12 5
+1 12 12
-1 12
+1 24 0 12
-2 12
+1 24 0 0 0 0 0 0 0 0 12 5
-1 42 0 0 0 0 0 0 0 0 12 3
260 1 0 0 1 0 0 1
+1 1
-1 2
+2 1 0 0 1 0 0 1
-1 1
+1 3 1
-1 2 0 0 0 0 0 0 0 0 1
+2 2 0 0 0 0 0 0 0 0 1 1
+7 4 1 0 1 0 0 1
370 9 0 0 0 0 0 0 0 0 3 2
+3 1 1
+2 2
-1 1
+1 1 0 0 1 0 0 1
-2 2
+2 2 0 0 0 0 0 0 0 0 1
-1 1
-1 2
+5 2 2
+3 2 0 1
-6 2 0 0 0 0 0 0 0 0 1
+2 6 0 0 0 0 0 0 0 0 2 1
+3 1 1
+1 2 0 1 1 0 0 1
-6 2 0 0 0 0 0 0 0 0 1
+6 3
+7 7 2
+1 1
-1 2 0 1
+3 2 0 0 0 0 0 0 0 0 1 1
-3 3 3
+1 3
-1 6 0 3
+3 6 0 0 0 0 0 0 0 0 3 2
+3 3 2 0 0 0 0 0 0 0 1
-21 1 1
-59 2 1 1
+86 9 7
254 2 0 1 1 0 0 1

fl=(54) ./setjmp/../sysdeps/x86_64/setjmp.S
fn=(180) __sigsetjmp
32 11 0 11 1 0 0 1
+9 11
+1 22 11
+1 11 0 11
+4 11 0 11
+1 11 0 11
+1 11 0 11 1 0 0 1
+1 11 0 11
+1 11
+2 22 11
+2 11 0 11 0 0 2 0 0 2
+1 11 11
+3 22 11
+2 11 0 11
+19 11
+1 11 11

fl=(25)
fn=(72) __tls_pre_init_tp
51 2 0 0 1 0 0 1
+3 8 0 2 1 0 1 1 0 1
+5 1
-5 1
+5 1 0 1
+1 1 0 1
-6 1 0 1
+8 1 1

fn=(278) __tls_init_tp
66 1 0 1
fi=(242) ./elf/../include/list.h
-22 1
fe=(25)
+22 1
fi=(242)
-23 1 1 0 1 1 0 1
fe=(25)
+24 1 1
+3 1
fi=(242)
-27 1 0 1
+1 1 0 1
+1 1 0 1
+2 1 0 1
fe=(25)
+26 4 0 1
+1 2 0 1 1 0 0 1
+1 1 0 1
+5 2 1 1
+5 1
+6 1
-3 1 0 1
+3 1 0 0 1 0 0 1
-6 3 0 1
+6 1
+13 3
fi=(76) ./elf/../sysdeps/unix/sysv/linux/rseq-internal.h
-41 1
fe=(25)
+41 1 0 1
cfi=(11)
cfn=(28)
calls=1 408 
* 19 4 1 0 1 0 0 0 0 3 1
fi=(76)
-63 3 1 0 0 0 0 0 0 0 1 1
+9 4 1 0 1 0 0 1
+8 1 0 1
+1 1 0 1
+1 1 0 1
+1 1 0 1
+2 5 0 0 1 0 0 1
+2 2 0 0 0 0 0 0 0 0 1
+5 1 0 1
fe=(25)
+45 1 1
+7 1 1
-7 1 0 1
+7 1 0 1
+1 3 2 0 1 0 0 1

fn=(92)
44 356 178

fl=(41)
fn=(126) _dl_hwcaps_contains
67 12 0 0 0 0 0 0 0 0 6 4
+1 6
+9 6 6

fn=(122)
25 45 0 30 1 0 0 1
+1 45 15 0 0 0 0 0 0 0 15 3
+4 36 12 12
+4 48 12 0 0 1 0 0 1 0 12 6
+1 12 0 6
-1 24 6 0 0 0 0 0 0 0 6
+2 24 0 0 1 0 0 1 0 0 12 3
+5 27 0 9
cfi=(42)
cfn=(124)
calls=9 -8 
* 207 27 0 2 0 0 2 0 0 18
+4 18
-3 18 0 0 0 0 0 0 0 0 9 3
+1 6 0 6
+3 6
+1 42 27 0 1 0 0 1
-20 6
+20 18 18
-4 6 0 3
cfi=(23)
cfn=(66)
calls=3 +58 
* 48 6 0 0 0 0 0 0 0 6
* 3
+3 3
-3 6 0 3

fn=(120)
51 33 0 11 1 0 0 1
+3 22 0 11 0 0 2 0 0 2
cfn=(122)
calls=11 -29 
* 463 89 49 5 1 0 5 1 0 56 14
* 6 0 3
cfn=(122)
calls=3 -29 
* 174 30 18 0 0 0 0 0 0 21
* 28 0 0 0 0 0 0 0 0 14 5
+2 9 9
+1 27 0 9
+1 42 18 6 0 0 0 0 0 0 9 2
cfn=(126)
calls=6 +9 
* 24 6 0 0 0 0 0 0 0 6 4
* 12 0 0 0 0 0 0 0 0 6
+4 22 22

fl=(8)
fn=(14)
28 7 7 0 1 0 0 1
-3 7
+3 14 0 0 0 0 0 0 0 0 7
+3 21 14 0 0 0 0 0 0 0 7
+1 14 7 7 1 7 1 1 7 1
+2 7 7 0 0 1 0 0 1
-1 7 7
+3 21 0 0 0 0 0 0 0 0 7
+1 7 0 7
+1 14 7
+7 7
-5 7 0 7
-2 7 0 7
+3 14
+2 7 0 7
+2 14 0 7 1 0 0 1
+5 7 7

fl=(57)
fn=(192)
26 20 0 0 1 0 0 1 0 0 5
+1 5 5

fl=(143) ./elf/./elf/dl-runtime.c
fn=(524) _dl_fixup
46 693 0 396 2 0 0 1
+2 495 396 0 0 1 0 0 0 0 99 50
+1 99 99
+6 99
fi=(243) ./elf/../sysdeps/x86_64/dl-runtime.h
-27 99
fe=(143)
+21 99 99
+5 99 99 0 0 4
+1 99 99 0 1 7 0 1
-6 99
+6 198
+1 99 99 0 0 93
+2 99 99 0 0 9
-2 99
+2 99
-2 495 0 99
+7 198 0 0 0 0 0 0 0 0 99
+4 198 99 0 1 96 0 1 60 0 99 5
+4 297 99 0 0 4 0 0 0 0 99 8
+4 297 198 0 0 81 0 0 1
+1 396 99
+1 297 99 0 0 15 0 0 0 0 99 15
+8 99 99 0 1 0 0 1
-1 99
+1 198 0 0 0 0 0 0 0 0 99 6
+10 990 198 297 0 5 1
cfi=(78)
cfn=(290)
calls=99 756 
* 69810 17350 5890 43 568 19 4 146 1 10313 494 29 28
* 99 0 0 1 0 0 1
+4 495 297 0 0 0 0 0 0 0 99
+10 990 396 99 1 1 0 1 0 0 297 3
+15 396 99 0 0 0 0 0 0 0 99 5
+9 297 99 0 0 0 0 0 0 0 99 5
+26 297 99 0 0 0 0 0 0 0 99
fi=(5) ./elf/../sysdeps/x86_64/dl-machine.h
+61 99 0 99 1 0 0 1
fe=(143)
-57 594 495
-1 198 99 0 1 0 0 1
fi=(178) ./elf/../sysdeps/x86_64/dl-irel.h
32 5 0 5 2 0 0 1 0 0 0 0 5 5
cob=(3)
cfi=(116)
cfn=(398)
calls=1 +6 
* 22 4 0 2 0 0 0 0 0 4 1
cob=(3)
cfi=(91)
cfn=(324)
calls=1 +25 
* 21 4 0 4 0 0 0 0 0 6 2
cob=(3)
cfi=(106)
cfn=(362)
calls=1 +2 
* 23 5 0 3 0 0 0 0 0 6 1
cob=(3)
cfi=(83)
cfn=(384)
calls=1 +8 
* 24 5 0 3 2 0 0 0 0 5 1
cob=(3)
cfi=(86)
cfn=(312)
calls=1 +16 
* 18 4 0 3 2 0 0 0 0 5 1
fe=(143)
+93 10 0 5

fl=(30)
fn=(86)
219 31 0 0 1 0 0 1
+6 31
+1 31 0 0 0 0 0 0 0 0 31 10
+2 22 22 0 0 1 0 0 1
+1 22
+1 22 0 0 0 0 0 0 0 0 22 14
+2 10 10
+1 10 0 10 0 0 4 0 0 4
+1 10 0 10
+2 10 10
+80 9
+1 9 0 0 0 0 0 0 0 0 9 6
+2 1
+4 1 0 0 0 0 0 0 0 0 1
+1 1
+1 1 0 0 0 0 0 0 0 0 1
+1 1 1 0 0 1 0 0 1
+1 1 0 0 0 0 0 0 0 0 1 1
+4 1 0 1 0 0 1 0 0 1
+2 1 1
+39 8 8
+1 8 8
+1 8 0 8 0 0 5 0 0 5
+1 8 0 8 0 0 1 0 0 1
+1 8 8
+7 11 11
+1 11 11
+1 11 0 11 0 0 2 0 0 2
+1 11 0 11 0 0 2 0 0 2
+1 11 0 11 0 0 2 0 0 2
+1 11 0 11
+1 11 11
+11 12 0 0 1 0 0 1
+1 12 0 0 0 0 0 0 0 0 12 1
+2 11 11
+1 11
+1 11 0 0 0 0 0 0 0 0 11 8
+20 1 0 0 1 0 0 1
+1 1
+4 1
+2 1 0 0 0 0 0 0 0 0 1
+16 1
+3 1
+2 1
+2 1
+4 1
+1 1 0 0 0 0 0 0 0 0 1
+9 1 1 0 0 1 0 0 1
+1 1 1 0 1 1 0 1 1
+2 1
+2 1
+1 1 1
+1 1 1
+3 1
+2 1
+2 1
+2 1
+6 1 1
+1 1 1
+1 1 1
+1 1 1 0 0 1 0 0 1
+1 1
+1 1 0 1 0 0 1 0 0 1
+1 1 0 1
+1 1 0 1
+1 1 0 1 1 0 1 1 0 1
+1 1
+1 1
+1 1 0 0 0 0 0 0 0 0 1 1
-11 2 2
+1 2 2
+1 2 2
+1 2 2 0 0 1 0 0 1
+1 2
+1 2 0 2
+1 2 0 2
+1 2 0 2
+1 2 0 2 0 0 2 0 0 2
+1 2
+1 2
+1 2 0 0 0 0 0 0 0 0 2 1
+2 1 0 1 0 0 1 0 0 1
+1 1 0 1
+1 1 0 1
+1 1 0 1
+2 1 0 1
+4 1 1

fn=(136)
206 45 0 0 2 0 0 1
+1 45
+1 45
+17 45
+1 45 0 0 0 0 0 0 0 0 45 26
+2 9 9 0 0 1
+1 9
+1 9 0 0 0 0 0 0 0 0 9 4
+2 6 6
+1 6 0 6 0 0 3 0 0 3
+1 6 0 6
+2 6 6
+80 36
+1 36 0 0 0 0 0 0 0 0 36 19
+2 12
+4 12 0 0 0 0 0 0 0 0 12 6
+1 7
+1 7 0 0 0 0 0 0 0 0 7 4
+1 2 2 0 0 1 0 0 1
+1 2 0 0 0 0 0 0 0 0 2
+1 2 2
+1 2 0 2
+2 2 0 2
+2 7 7
+6 5 5
+1 5 5
+1 5 0 5
+1 5 0 5
+1 5 5
+29 24 24 0 1 0 0 1
+1 24 24
+1 24 0 24 0 0 2 0 0 2
+1 24 0 24
+1 24 24
+7 3 3
+1 3 3
+1 3 0 3 0 0 1 0 0 1
+1 3 0 3 0 0 1 0 0 1
+1 3 0 3
+1 3 0 3
+1 3 3
+11 3
+1 3 0 0 0 0 0 0 0 0 3
+2 3 3
+1 3
+1 3 0 0 0 0 0 0 0 0 3

fl=(47)
fn=(196)
41 6
-1 12 0 0 0 0 0 0 0 0 6 5
+4 12 6 0 1 1 0 1 0 0 6
+4 6 6

fn=(162) _dl_debug_state
117 2 2 0 1 0 0 1

fn=(156) _dl_debug_initialize
56 1 0 0 1 0 0 1
+3 2 0 0 0 0 0 0 0 0 1
+4 1 1 0 0 1 0 0 1
+22 1 1
+10 1 1
-32 2 0 0 0 0 0 0 0 0 1
+1 1 0 1
+21 2 0 0 0 0 0 0 0 0 1 1
+5 2 1 0 2 0 0 2
+1 1
+4 1 1
-4 1 0 1
-1 1 0 1
+2 1 0 1
+3 1 0 0 0 0 0 0 0 0 1 1
+4 2 0 0 0 0 0 0 0 0 1 1
+8 2 1
-50 3 0 0 1 0 0 1
+39 6 1 1 1 0 0 1

fl=(56)
fn=(190)
31 19 0 0 1 0 0 1
-3 19 0 19 0 0 1 0 0 1
+3 114 0 0 0 0 0 0 0 0 38 3
+8 133 0 0 0 0 0 0 0 0 19 4
+2 6 6
-2 39 0 13 1 0 0 1
+2 13 13

fl=(51) ./string/../string/strcspn.c
fn=(168) strcspn
32 3 0 1 1 0 0 1
+1 3 1 0 0 1 0 0 1 0 1
+1 2 1 0 0 0 0 0 0 0 1
+5 6 0 4 0 0 1 0 0 1
+1 4 0 4 1 0 1 1 0 1
+1 4 0 4 0 0 1 0 0 1
+1 4 0 4 1 0 1 1 0 1
+2 1
+3 3 1 1
+1 2 0 0 0 0 0 0 0 0 1 1
-1 6 2 2
+1 4 0 0 0 0 0 0 0 0 2 1
+3 4 2 0 0 0 0 0 0 0 1
+1 4 2 0 0 0 0 0 0 0 1
+1 4 2 0 1 0 0 1 0 0 1
+1 4 2 0 0 0 0 0 0 0 1
+2 3
+6 1 1
-1 1
+1 1 1
+2 2 2
-1 2 2
+2 1 1 0 1 0 0 1
+2 6 1 0 0 0 0 0 0 0 1 1
-5 11 11 0 0 1 0 0 1
-1 11
+1 11 11
+2 22 22
-1 22 22
+2 11 11
+2 66 11 0 0 0 0 0 0 0 11 9
+2 1
+1 3 0 0 0 0 0 0 0 0 1 1
+1 1
-1 1
+1 2 2

fl=(11)
fn=(22) __GI___tunables_init
282 8 0 6 1 0 0 1
-9 3 1 0 0 0 0 0 0 0 1
+34 5 0 0 1 0 0 1
71 380 76 0 0 0 0 0 0 0 152 1
+6 75 75 0 0 24 0 0 24
-3 75
+3 8241 1113 0 1 21 0 1 21 0 2376 90
357 8 7
81 150 0 0 1 0 0 1 0 0 75
+5 225
fi=(12) ./elf/./elf/dl-tunables.h
+54 75
fe=(11)
-54 75
fi=(12)
+54 75
+1 210 0 0 0 0 0 0 0 0 105 37
-1 255 135 0 0 1 0 0 1 0 30
+1 210 0 0 0 0 0 0 0 0 105 7
fe=(11)
323 300 75 0 1 0 0 1
-18 11100 0 0 0 0 0 0 0 0 2775 75
+6 15225 5550 0 0 37 0 0 37 0 5550 749
fi=(12)
140 1350 675 0 1 0 0 1
+1 1350 0 0 0 0 0 0 0 0 675 15
-1 12 12
+1 48 0 0 0 0 0 0 0 0 24 6
-1 60 12 0 0 0 0 0 0 0 12 6
fe=(11)
+12 150 0 0 1 0 0 1

fn=(60) do_tunable_update_val
99 5 0 0 1 0 0 1
+3 15 5 0 0 0 0 0 0 0 5
fi=(22) ./elf/./dl-tunable-types.h
-12 5
fe=(11)
+21 5 5
+1 5 5
fi=(22)
-22 5
fe=(11)
+22 15 5 0 0 0 0 0 0 0 5
+1 25 10 0 0 0 0 0 0 0 5
fi=(12)
+8 10 0 0 0 0 0 0 0 0 5 3
fe=(11)
+13 5 0 5 1 0 0 1
+1 5 0 5
+1 5 0 5
+1 5 0 5
+1 5 5
fi=(12)
-16 5 0 0 1 0 0 1
fe=(11)
-6 10 0 0 0 0 0 0 0 0 5 3
fi=(12)
+15 5
fe=(11)
-12 15 0 0 0 0 0 0 0 0 5
+4 20
+7 10 0 0 0 0 0 0 0 0 5
+1 10 0 0 0 0 0 0 0 0 5 2

fn=(28)
408 238 34 0 1 24 0 1 16
+9 34 34 0 0 7
-9 134 0 0 0 0 0 0 0 0 67 19
+9 10 0 10
+17 170 34 0 1 7 0 1 0 0 34 25
+2 34 34
-9 24 0 24
+1 24

fn=(58) __GI___tunable_set_val
158 30
+2 5
cfn=(60)
calls=5 -61 
* 190 35 20 3 0 0 3 0 0 40 8

fl=(53) ./elf/./elf/dl-error-skeleton.c
fn=(256) _dl_receive_error
238 5 0 2 1 0 0 1
+1 1 1
+1 1 1
+3 1 0 1
+1 1 0 1
+2 1 0 1 0 0 0 0 0 0 0 0 1 1
cfi=(2) ./elf/./elf/rtld.c
cfn=(258) version_check_doit
calls=1 677 
* 19078 5560 1184 46 113 68 44 102 64 3692 377 75 49
+2 1 0 1
+1 1 0 1
+1 4 3 0 1

fn=(178) _dl_catch_exception
175 11 0 0 1 0 0 1
+5 11 11
-5 33 0 33 0 0 2 0 0 2
+5 11 0 11 1 0 0 1
-2 22 0 0 0 0 0 0 0 0 11
+21 11 11
+7 22
-7 11 0 11 0 0 2 0 0 2
+1 22 0 11
+3 22 0 11
+3 11 0 11
cfi=(54)
cfn=(180)
calls=11 32 
* 209 55 88 2 0 2 2 0 2
* 22 0 0 0 0 0 0 0 0 11 2
+2 33 22 11 1 0 0 1 0 0 0 0 11 2
cfi=(67) ./elf/./elf/dl-deps.c
cfn=(222) openaux
calls=10 61 
* 24038 4845 2307 104 171 181 104 170 181 4289 820 80 36
cfi=(2)
cfn=(182) map_doit
calls=1 644 
* 2338 534 266 96 33 31 96 33 31 399 133 6 1
+2 11 11
-1 11 11
+1 11
-1 11 0 11
+1 22 0 22
-25 11
+34 22 11

fn=(174) _dl_catch_error
225 9 0 3 2 0 0 2
+2 2 0 1
cfn=(178)
calls=1 -52 
* 2388 546 286 101 33 34 101 33 34 401 133 7 2
* 1 1 0 1 0 0 1 0 0 0 0 1 1
+1 2 1 1
+1 1 1
+1 1 1
-1 1 0 1
+1 1 0 1
+2 5 4

fl=(60) ./io/../sysdeps/unix/sysv/linux/fstatat64.c
fn=(202) fstatat
154 16 0 0 1 0 0 1
-55 32
+70 39 0 0 1 0 0 1 0 0 16 3
+1 7 7
-2 18 0 9
+1 18 9

fl=(61)
fn=(204)
47 26 0 0 1 0 0 1
+3 52 0 0 0 0 0 0 0 0 26
+8 104 0 0 0 0 0 0 0 0 26
+2 26 26

fl=(42)
fn=(124)
33 26 0 0 1 0 0 1
+1 26
+1 26
+1 26
+1 26
+1 26
+1 26
+1 26 0 0 1 0 0 1 0 0 26 1
+1 26 26 0 0 6 0 0 6
+1 26
+1 26
+1 26
+1 26
+1 26
+1 26
+1 26
+1 26 0 0 0 0 0 0 0 0 26 3
+1 22
+4 22
+1 22
+1 22 22
+1 22
+2 22 22
+4 4 4
+1 4 0 0 1 0 0 1
+1 4
+1 4
+1 4
+1 4
+1 4 4
+1 4
+1 4
+1 4
+1 4
+1 4
+1 4
+1 4 4 0 0 1 0 0 1
+1 4
+1 4
+1 4
+1 4 0 0 1 0 0 1
+1 4
+1 4
+1 4
+1 4
+1 4
+1 4 0 0 0 0 0 0 0 0 4 4
+52 4 0 0 1 0 0 1
+4 4
+1 4
+1 4 4
+1 4
+2 4 4

fl=(14) ./elf/../sysdeps/unix/sysv/linux/brk_call.h
fn=(30) brk
24 2 0 0 1 0 0 1
fi=(15) ./elf/../sysdeps/unix/sysv/linux/brk.c
+13 1 0 1 0 0 1 0 0 1
+1 2 0 0 0 0 0 0 0 0 1
+6 1
+1 1 1
fe=(14)

fl=(17) ./elf/../sysdeps/x86/cpu-features.c
fn=(44) update_active.constprop.0
43 7 0 6 1 0 0 1
+4 1 1
+28 1 1
+9 1 1 0 1 0 0 1
-27 1 1
-1 1
-1 1
+25 1
-4 1
-20 1
+20 1
-11 1
+22 1
-32 2 1
+25 1
-14 1 1
-10 1 0 0 1 0 0 1
+20 1 0 1 0 0 1 0 0 1
+7 1
-18 1
+15 1
+8 1 1
-14 1
+27 1
-36 1 1
+18 1
+4 1
-4 1 1
+5 1 0 1
+4 1
+1 1 1 0 1 0 0 1
-19 1
+13 1 1
+5 2 1
-27 1 0 1
+28 2 0 1
+1 1 1
+7 1
-27 1 1 0 1 0 0 1
+6 1 0 1
+14 1
-11 1 0 1
+18 1
-7 1 0 1
-7 1 0 1
+5 1 0 1
+3 1 1
+2 1
-2 1 0 1
+3 1 1 0 0 1 0 0 1
-1 2 1 0 1 0 0 1
+1 2 0 1
+3 2
-4 1 0 1
+4 1 0 1
+8 2 0 0 0 0 0 0 0 0 1
+4 2
+2 4 0 0 0 0 0 0 0 0 1 1
+96 1 1 0 1 0 0 1
-1 2 0 1
+4 3 1
+4 1 1
-4 1 0 1
+4 1 0 0 0 0 0 0 0 0 1 1
+67 3 1 0 1 0 0 1 0 0 1 1
+4 3 1 0 0 0 0 0 0 0 1 1
fi=(19)
31 1
-3 1
+3 1
-1 2 0 0 0 0 0 0 0 0 1 1
fe=(17)
296 1 0 1
+1 8 7
-75 3 0 0 1 0 0 1
+1 2 0 0 0 0 0 0 0 0 1
+3 1
-1 1 0 0 1 0 0 1
+9 1
-5 1
+2 1 0 1
-2 1 0 1
+5 1 0 0 0 0 0 0 0 0 1 1
fi=(19)
32 3 0 0 1 0 0 1 0 0 1
+4 3 0 0 0 0 0 0 0 0 1 1
fe=(17)
+83 2 0 0 1 0 0 1 0 0 1
+2 1
+3 2 0 0 0 0 0 0 0 0 1 1
+10 1 1
+10 2 0 0 1 0 0 1
-10 1
+10 1 0 1
-10 2 0 1
+6 4 0 1
+2 4 1 1
+7 4 0 0 1 0 0 1 0 0 1
+49 1
+12 1 1
-12 2 0 0 0 0 0 0 0 0 1 1
fi=(19)
39 3 1 0 2 0 0 2 0 0 1
+1 4 1 0 0 0 0 0 0 0 1
+5 1
-7 1
+7 3 0 0 0 0 0 0 0 0 1
+2 1
+1 2 0 0 0 0 0 0 0 0 1
+3 5 1 0 1 0 0 1 0 0 1
+2 4 0 0 0 0 0 0 0 0 1
+1 2 0 0 0 0 0 0 0 0 1
+1 2 0 0 1 0 0 1 0 0 1
+6 1
-4 1
+4 1
-3 2 0 0 0 0 0 0 0 0 1 1
fe=(17)
+73 1 0 1 1 0 0 1
-5 2 0 1
+4 1

fn=(38) init_cpu_features.constprop.0
399 1 0 1 1 0 0 1
+16 1
-16 6 0 5
+3 1 0 1
+1 1 0 1
+1 1 0 1
+11 2 0 1
+3 6 0 0 1 0 0 1 0 0 3 1
687 3 1 0 1 0 0 1 0 0 1
+1 1 0 1
+3 2 0 0 0 0 0 0 0 0 1
+1 1 0 1
+6 1 0 1
+1 1 0 1
+1 1 0 1 1 0 0 1
+1 2 0 2
fi=(20) ./elf/../sysdeps/x86/dl-cacheinfo.h
+1 1 0 1
+2 1 0 1
+14 2 0 0 0 0 0 0 0 0 1 1
846 1 1 0 1 0 0 1
+1 1 1 0 1 0 0 1
-4 1 0 1 0 0 1 0 0 1
+39 1 1
-38 1 0 1
+2 1 0 1 0 0 1 0 0 1
+2 1 1
-1 1 0 1
+2 1 1
+34 1
-35 1 0 1
+2 1 1
+33 1 0 0 1 0 0 1
+22 1
-56 1 0 1
+2 1 1
-6 1 0 1
+61 1 1
-56 1 0 1
+1 1 0 1
+1 1 0 1
+1 1 0 1 0 0 1 0 0 1
+1 1 0 1 1 0 0 1
+51 1 0 0 0 0 0 0 0 0 1 1
+26 2 1
+8 2
-8 1
+8 4 0 3 1 0 0 1
cfi=(11)
cfn=(28)
calls=1 408 
* 20 4 1 0 0 0 0 0 0 3 2
* 1 1
+5 2
-3 2
+3 2 0 1
cfi=(11)
cfn=(28)
calls=1 408 
* 20 4 1 0 0 0 0 0 0 3 2
* 1 1
+2 1 1
+3 2 0 0 1 0 0 1
-3 2
+3 2 0 1
cfi=(11)
cfn=(28)
calls=1 408 
* 20 4 1 0 0 0 0 0 0 3 2
* 1 1
+1 5 0 0 0 0 0 0 0 0 1
-56 7 1 0 1 0 0 1
+72 1
-12 6 0 3
cfi=(11)
cfn=(28)
calls=1 408 
* 20 4 1 0 1 0 0 1 0 3 2
+1 2 2
-1 1 1
+1 3 0 0 1 0 0 1 0 0 1
+14 2
-8 5 0 2
+3 3 0 2
-3 1 0 1
cfi=(11)
cfn=(28)
calls=1 408 
* 20 4 1 0 1 0 0 1 0 3 2
+3 4 1 0 1 0 0 1
-3 1 1
+3 4 0 4
cfi=(11)
cfn=(58)
calls=1 158 
* 45 7 4 3 0 0 3 0 0 8 3
+1 8 1 4 1 0 0 1
cfi=(11)
cfn=(58)
calls=1 158 
* 45 7 4 0 0 0 0 0 0 8 3
+1 10 2 4 1 0 0 1
cfi=(11)
cfn=(58)
calls=1 158 
* 45 7 4 0 0 0 0 0 0 8 2
+3 10 2 4 1 0 0 1
cfi=(11)
cfn=(58)
calls=1 158 
* 45 7 4 0 0 0 0 0 0 8
+2 8 0 4 1 0 0 1
cfi=(11)
cfn=(58)
calls=1 158 
* 45 7 4 0 0 0 0 0 0 8
+10 2 2
fe=(17)
706 1
fi=(20)
981 1 1
+9 1 1
fe=(17)
706 1
fi=(20)
987 1 0 1
-6 1
+8 1 0 1
-1 1 0 1
+4 1 0 1
fe=(17)
706 1 0 0 1 0 0 1
fi=(20)
990 1 0 1
+1 1 0 1
fe=(17)
706 1 0 1
cfi=(11)
cfn=(28)
calls=1 408 
* 18 4 1 0 0 0 0 0 0 2 2
+4 3 1 0 0 0 0 0 0 0 1
+14 1 1
-1 2
+1 3 0 0 0 0 0 0 0 0 1 1
+47 1 1 0 1 0 0 1
-1 1 0 1
+1 1 0 0 0 0 0 0 0 0 1 1
874 8 7
fi=(20)
+39 11 0 0 2 0 0 2
fe=(17)
775 3 1 0 0 0 0 0 0 0 1 1
+27 1 0 1
+72 1
-82 2 0 0 1 0 0 1 0 0 1
+1 3 1 0 0 0 0 0 0 0 1
+2 3 0 0 1 0 0 1 0 0 1
+1 2 1 0 0 0 0 0 0 0 1
+2 1
+1 1
-1 3 0 0 0 0 0 0 0 0 1
fi=(20)
-78 2 0 1 1 0 0 1
cfn=(50) handle_intel.constprop.0
calls=1 255 
* 447 47 16 13 6 0 13 6 0 116 26
+1 1
-1 1
+1 1 0 1
cfn=(50)
calls=1 255 
* 491 47 16 0 0 0 0 0 0 127 24
+1 1
-1 1
+1 1 0 1
cfn=(50)
calls=1 255 
* 518 47 16 0 0 0 0 0 0 135 19
+4 1
-4 2 0 1
+1 1 0 1
+3 1 0 1
cfn=(50)
calls=1 255 
* 466 47 16 0 0 0 0 0 0 120 11
+2 1
-2 1 0 0 1 0 0 1
+2 1 0 1
cfn=(50)
calls=1 255 
* 458 47 16 0 0 0 0 0 0 122 9
+3 1
-2 1 0 1
-1 1
+3 1 0 1
cfn=(50)
calls=1 255 
* 438 47 16 0 0 0 0 0 0 117 10
+2 1
-2 1 0 1
+2 1 0 1
cfn=(50)
calls=1 255 
* 439 47 16 0 0 0 0 0 0 118 9
+3 1
-2 2 0 2
-1 1 0 1
+3 1 0 1 1 0 0 1
cfn=(50)
calls=1 255 
* 482 47 16 0 0 0 0 0 0 128 12
+2 1
-2 1 0 1
+2 1 0 1
cfn=(50)
calls=1 255 
* 483 47 16 0 0 0 0 0 0 129 10
+3 1
-2 1 0 1
-1 1 0 1
+3 1 0 1
cfn=(50)
calls=1 255 
* 509 47 16 0 0 0 0 0 0 136 14
+2 1
-2 1 0 1
+2 1 0 1
cfn=(50)
calls=1 255 
* 510 47 16 0 0 0 0 0 0 137 7
+2 1
-2 1
+2 1 0 1 1 0 0 1
cfn=(50)
calls=1 255 
* 511 47 16 0 0 0 0 0 0 136 10
+2 4 1
-2 1
+2 1 0 1
cfn=(56) get_common_cache_info.constprop.0
calls=1 476 
* 229 24 20 13 0 0 13 0 0 44 19
874 1 1
-6 3 3
+6 1
-6 1
+6 3 0 0 1 0 0 1
-1 1
-5 6
fe=(17)
424 6 0 1 1 0 0 1
cfn=(40) get_common_indices.constprop.0
calls=1 -99 
* 71 9 22 7 0 3 7 0 3 8 1
303 3 0 0 1 0 0 1
+1 2 0 0 0 0 0 0 0 0 1
+1 6 0 4
+5 2 0 0 0 0 0 0 0 0 1 1
429 1 0 1
cfn=(44)
calls=1 43 
* 187 35 30 19 1 1 19 1 1 23 10
+2 1 1 0 1 0 0 1
+2 1 1
701 1 1
431 2 0 0 0 0 0 0 0 0 1 1
564 2 1 0 0 0 0 0 0 0 1
+7 2 1 0 0 0 0 0 0 0 1
+2 1 0 1
+4 2 1 0 0 0 0 0 0 0 1
+6 2 1 0 1 0 0 1 0 0 1 1
+2 1
422 2 0 1
-3 1
311 6 0 4 1 0 1 1 0 1
+5 2 0 0 1 0 0 1 0 0 1
+1 7 0 4
433 4 1 1 1 0 0 1
+1 4 0 0 1 0 0 1 0 0 2 1
+69 1 0 1
+10 9 1 0 1 1 0 1 1 0 2 0 1 1
+42 1 0 1
+1 1
434 11 0 0 1 0 0 1 0 0 3
+55 3 1 0 0 0 0 0 0 0 1

fn=(40)
325 1 0 1 1 0 0 1
+4 4 0 0 0 0 0 0 0 0 1
+3 3 0 1 1 0 1 1 0 1
+5 2
-5 1 0 1
+5 1
-5 1 0 1
+4 1 0 1
+1 1 0 1
+1 4 0 1
+1 4 0 1
+1 3 0 1 1 0 0 1
+1 2 1 0 0 0 0 0 0 0 1
+7 2 1 0 0 0 0 0 0 0 1
+2 5
+5 1
-5 1 0 1
+5 1
-5 1 0 1
+5 1
-5 2 0 2 1 0 0 1
+5 1
+7 1 1
-7 4 0 4 0 0 1 0 0 1
+7 1 0 0 0 0 0 0 0 0 1
+1 3
+6 1 1
-6 4 0 4 1 0 1 1 0 1
+6 1 0 0 0 0 0 0 0 0 1 1
fi=(18) ./elf/../sysdeps/unix/sysv/linux/x86/dl-minsigstacksize.h
24 2 1 0 1 0 0 1 0 0 1
+3 2 1 0 0 0 0 0 0 0 1
+1 2 1 0 0 0 0 0 0 0 1
+37 3 0 0 1 0 0 1
+7 1
+2 1 0 1
fe=(17)
384 2 2

fl=(75) ./elf/./elf/dl-version.c
fn=(260) _dl_check_all_versions
392 5 0 4 1 0 1 1
+4 5 0 0 0 0 0 0 0 0 1
-2 2
+4 42 7 7 1 0 0 1 0 0 7
cfn=(262) _dl_check_map_versions
calls=7 155 
* 18958 5537 1171 42 113 67 41 102 64 3676 371 75 49
-2 7 7
+2 21
-1 7
-1 14 0 0 0 0 0 0 0 0 7 5
+5 7 5

fn=(262)
155 49 0 42 1 0 0 1
+15 7 7
-15 7 0 7
+15 14 0 0 0 0 0 0 0 0 7
+2 28 14 0 0 1 0 0 0 0 7
+2 7 7 0 0 2
+1 7 7 0 1 1 0 1
+2 14 0 0 0 0 0 0 0 0 7 1
+3 10 10
-16 10 0 5
+20 5 5 0 0 5 0 0 5
-28 5 0 5
+24 5
+4 30 0 20 1 0 0 1 0 0 5
+16 10 10
36 5
200 5
36 30 10 0 0 0 0 0 0 0 5 4
200 10 10 0 0 1 0 0 1
36 5
200 5
36 30 10 0 0 0 0 0 0 0 5 3
+1 39 39
-1 78 0 0 0 0 0 0 0 0 39
+2 147 0 49 1 0 0 1
cfi=(55)
cfn=(186)
calls=49 +30 
* 5126 1033 200 4 1 0 3 0 0 668 97 49 37
* 98 0 0 0 0 0 0 0 0 49 12
204 20 0 0 0 0 0 0 0 0 10
+4 30 10 0 0 0 0 0 0 0 10
+5 10 10 0 0 1 0 0 1
fi=(244) ./elf/../sysdeps/generic/_itoa.h
76 30 10 20 1 0 0 1
fe=(75)
213 20
+4 20 20 0 0 3 0 0 3
+1 20 20
-1 10
+4 10 10
-3 10 10
+3 10 0 10
-3 30 20 0 0 0 0 0 0 0 10 6
-1 56 56 0 0 7 0 0 7
+1 56 56
-1 28
+4 28 28
-3 28 28
+3 28 0 28
-3 109 66 0 1 0 0 1 0 0 28 9
56 152 114 0 0 0 0 0 0 0 38 18
+8 114 38 0 0 0 0 0 0 0 38 1
+6 114 38 0 1 1 0 1 0 0 38
+16 38 38 0 0 1
+1 76 0 0 0 0 0 0 0 0 38 1
+2 38 38
+5 342 38 114 0 5 0 0 5 0 38
+14 1206 603 0 1 13 0 1 13 0 603 40
+12 1695 565 0 0 12 0 0 12 0 565 2
+4 565
-30 1130 565 0 0 25 0 0 25 0 565 4
231 152 38 0 1 0 0 1
+3 114 38 0 0 0 0 0 0 0 38 13
+5 28
-24 28
110 38 38 0 1 0 0 1
+3 152 38 76 0 1 0 0 1
cfi=(33)
cfn=(98)
calls=38 +18 
* 1493 290 0 10 17 0 10 17 0 173 55 13 10
* 114 38 0 0 0 0 0 0 0 38
224 152 76 0 0 0 0 0 0 0 38 9
+1 3 0 1
cfi=(33)
cfn=(98)
calls=1 -94 
* 57 10 0 0 0 0 0 0 0 7 3 1 1
* 2 0 0 0 0 0 0 0 0 1
+3 22 10 11 1 0 0 1
+15 30 10 0 0 0 0 0 0 0 10 5
+5 5
-50 5
+59 25 15 0 1 0 0 1 0 0 5 1
+3 10 10 0 1 0 0 1
+3 35 10 5
+3 15 5 0 0 0 0 0 0 0 5
+4 118
-7 472 118 0 0 7 0 0 7
+3 359 118 5 0 4 0 0 4 0 118 26
+8 15 5 0 0 0 0 0 0 0 5 1
+6 12 6 6 1 0 0 1
fi=(29)
44 6
fe=(75)
280 12
fi=(29)
44 6 6 6 0 0 0 0 0 0 0 0 6 1
cfi=(28)
cfn=(78)
calls=6 +38 
* 231 39 32 0 0 0 0 0 0 28 5 6
fe=(75)
281 12 6
-2 6 0 6 0 0 2
fi=(29)
44 6
fe=(75)
281 6 0 0 0 0 0 0 0 0 6
+13 6 6 0 1 3 0 1
-3 6 0 6
+3 24 12 6 0 1 1 0 0 0 6
+2 12 0 0 0 0 0 0 0 0 6 1
+3 20 10
+4 30 10 0 1 0 0 1
+18 28
-15 28 28
+2 28
-2 28
+2 28
-2 28
+2 56 0 0 0 0 0 0 0 0 28
-2 10 10
+2 10
-2 10
+2 10
-2 10
+2 20 0 0 0 0 0 0 0 0 10
+2 38
+1 38
-1 114 38 0 1 0 0 1
+1 38 0 38 0 0 14 0 0 14
+1 38 38
-2 38 0 38
+2 76 0 38 0 0 3 0 0 3
+1 114 38 38 0 0 1 0 0 1
+3 114 38 0 0 0 0 0 0 0 38 17
+8 30 10 0 0 0 0 0 0 0 10 3
+5 5
-28 5
+33 10 0 0 0 0 0 0 0 0 5 1
+3 10 5
+20 118
-14 246 123 0 1 0 0 1 0 0 123 3
-2 118 118
+6 118 118
+1 118 118
+1 118 118
-1 354
+1 118
-1 118 0 118 0 0 32 0 0 32
+1 118 0 118
+1 118 0 118 0 0 14 0 0 14
+3 369 123 0 0 0 0 0 0 0 123 16
+12 10 0 0 0 0 0 0 0 0 5 1
+1 10 5 0 1 0 0 1 0 0 5
+1 10 5 0 0 0 0 0 0 0 5 4
+1 4 2 0 0 0 0 0 0 0 2 1
+19 63 56
164 2 0 2 1 0 0 1
-8 2 0 2
257 5 0 0 0 0 0 0 0 0 2
+17 3 1 0 1 0 0 1 0 0 1 1
+60 2 0 0 1 0 0 1 0 0 1
-40 2 1
+76 4 3 0 2 0 0 2 0 0 1 1
+2 4 2 0 0 0 0 0 0 0 1
+4 2
-4 104 26 0 0 0 0 0 0 0 26 1
+1 52 0 0 1 0 0 1 0 0 26 3
+2 1 1
+1 2
-1 1
+1 1 0 1
cfi=(33)
cfn=(264) strncmp
calls=1 125 
* 31 7 0 3 1 0 3 1 0 6 1
* 2 0 0 0 0 0 0 0 0 1 1

fl=(46)
fn=(150)
40 24 0 12 1 0 0 1
+1 6 0 6
cfi=(23)
cfn=(66)
calls=6 +60 
* 186 27 0 2 0 0 2 0 0 17 4
* 6
fi=(245) ./string/../include/rtld-malloc.h
+15 12 6 6 0 0 0 0 0 0 0 0 6 1
cfi=(28)
cfn=(82)
calls=6 -21 
* 144 30 30 0 0 0 0 0 0 18 1
fe=(46)
-12 12 0 0 0 0 0 0 0 0 6
+4 6 0 0 1 0 0 1
-1 18
+1 12 12
-1 6
cfi=(30)
cfn=(86)
calls=6 219 
* 84 24 18 0 0 6 0 0 6 18 7

fl=(145) ./elf/./elf/dl-init.c
fn=(542) call_init
29 16 8 0 1 0 0 1 0 0 8 8
-2 64 0 40
+8 32 8 0 0 0 0 0 0 0 8 8
+2 16 0 0 0 0 0 0 0 0 8 1
+6 7 7 0 1 0 0 1
+3 7 7 0 0 1
-3 14 0 7
+3 14 7 0 0 4 0 0 0 0 7 1
+5 12 6 0 0 0 0 0 0 0 6
+8 18 6 0 0 5 0 0 0 0 6 2
+1 24 8 4 1 3 0 1 0 0 0 0 4 4
cob=(2)
cfi=(52)
cfn=(850) 0x00000000048ed000
calls=1 -60 
* 6 2 0 1 1 0 1 0 0 1
cob=(2)
cfi=(52)
cfn=(840) 0x0000000004c5f000
calls=1 -60 
* 6 2 0 1 1 0 1 0 0 1
cob=(2)
cfi=(52)
cfn=(564) 0x0000000004d32000
calls=1 -60 
* 6 2 0 1 1 0 1 0 0 1 1
cob=(2)
cfi=(52)
cfn=(544) 0x0000000004838000
calls=1 -60 
* 6 2 0 1 0 0 1 0 0 1 1
+3 6 6 0 0 4
+1 12 0 0 0 0 0 0 0 0 6 1
+6 10 10 0 0 5
+2 10 10
-2 5
+3 45 0 0 0 0 0 0 0 0 5
+1 60 15 15 0 2 0 0 0 0 0 0 15 15
cob=(7)
cfi=(153)
cfn=(1056)
calls=1 -74 
* 241 46 51 2 0 2 2 0 2 30 0 3
cob=(7)
cfi=(153)
cfn=(1030)
calls=1 -74 
* 50 25 12 3 12 0 3 2 0 12 4
cob=(7)
cfi=(153)
cfn=(1004)
calls=1 -74 
* 50 25 12 3 13 0 3 2 0 12 1
cob=(7)
cfi=(153)
cfn=(986)
calls=1 -74 
* 34 17 8 2 8 0 2 1 0 8
cob=(7)
cfi=(153)
cfn=(968)
calls=1 -74 
* 34 17 8 2 8 0 2 1 0 8 1
cob=(7)
cfi=(153)
cfn=(966)
calls=1 -74 
* 80 15 16 0 0 0 0 0 0 10 2 1
cob=(7)
cfi=(153)
cfn=(962)
calls=1 -74 
* 162 31 34 1 0 1 1 0 1 20 4 2
cob=(7)
cfi=(153)
cfn=(960)
calls=1 -74 
* 80 15 16 1 0 1 1 0 1 10 2 1
cob=(7)
cfi=(153)
cfn=(958)
calls=1 -74 
* 44 13 28 5 3 6 5 3 6
cob=(7)
cfi=(153)
cfn=(932)
calls=1 -74 
* 78 7 36 4 1 4 4 0 0 26 13
cob=(7)
cfi=(153)
cfn=(896)
calls=1 -74 
* 2509 447 455 72 31 46 72 13 44 449 80 15 3
cob=(7)
cfi=(153)
cfn=(886)
calls=1 -74 
* 714 239 123 2 9 1 2 1 0 96 7 3 2
cob=(7)
cfi=(153)
cfn=(860)
calls=1 -74 
* 1695 539 295 14 34 10 14 8 2 229 24 8 7
cob=(6)
cfi=(151)
cfn=(834)
calls=1 -74 
* 12 1 0 3 0 0 3 0 0 1 1
cob=(3)
cfi=(150)
cfn=(562)
calls=1 +10 
* 11 7 0 2 4 0 2 0 0 3 1
* 20 5 5 1 3 0 1 0 0 0 0 5 5
cob=(7)
cfi=(153)
cfn=(854)
calls=1 -74 
* 12 1 0 2 0 0 2 0 0 1 1
cob=(4)
cfi=(152)
cfn=(844)
calls=1 -74 
* 12 1 0 3 0 0 3 0 0 1 1
cob=(6)
cfi=(151)
cfn=(568)
calls=1 -74 
* 656 64 68 45 3 0 45 2 0 122 52 1 1
cob=(3)
cfi=(147)
cfn=(554)
calls=1 -28 
* 64 17 9 7 5 3 7 1 1 7 0 1 1
cob=(5)
cfi=(146)
cfn=(548)
calls=1 -74 
* 12 1 0 2 0 0 2 0 0 1 1
-1 60 0 0 0 0 0 0 0 0 20 9
+3 48 48
-29 2 0 0 0 0 0 0 0 0 1 1

fn=(540) _dl_init
81 11 0 6 1 0 0 1
+1 1 1 0 0 1
+1 1 1
+3 3 1 0 0 0 0 0 0 0 1 1
+8 2 0 0 0 0 0 0 0 0 1 1
+25 1 1 0 1 0 0 1
+1 5 0 0 0 0 0 0 0 0 1
+1 5 2
-1 1
+1 1 0 1
cfn=(542)
calls=1 -92 
* 36 14 6 0 1 0 0 0 0 7 4
* 30 12 0 0 1
-1 6
+1 6 0 6
cfn=(542)
calls=6 -92 
* 6962 1649 1228 176 156 74 176 34 57 1107 220 57 36
-1 14 0 0 0 0 0 0 0 0 7 6
+7 8 7 0 1 0 0 1
-39 1 0 1 1 0 1 1
cfn=(542)
calls=1 -59 
* 78 24 8 7 4 0 7 0 0 11 4 2 2
+1 2 0 1

fl=(73) ./malloc/./malloc/scratch_buffer_set_array_size.c
fn=(248) __libc_scratch_buffer_set_array_size
30 45 0 15 2 0 0 2
+4 5
+1 10 0 0 0 0 0 0 0 0 5 2
+10 10 5 0 0 0 0 0 0 0 5 2
+18 5 5 0 1 0 0 1
-17 5
+17 15 15

fl=(23)
fn=(66)
101 31 0 0 1 0 0 1
+1 31
+1 31
+1 31
+1 31
+1 31
+1 31
+2 31
+2 31 0 0 0 0 0 0 0 0 31
+31 31 31 0 0 3 0 0 3
+1 31
+1 31
+1 31
+1 31 0 0 0 0 0 0 0 0 31 13
+1 16
+2 16 16
+4 15
+1 15 15 0 1 0 0 1
+1 15 15
+1 15 15 0 0 1 0 0 1
+1 15
+1 15
+1 15
+1 15
+1 15
+1 15
+1 15
+1 15
+5 120 15 0 1 0 0 1 0 0 15

fl=(68)
fn=(228)
28 10
+1 40
cfi=(60)
cfn=(202)
calls=10 154 
* 88 10 9 0 0 0 0 0 0 10 3

fl=(33)
fn=(98)
131 2179 0 0 1 0 0 1
+1 2179
+2 2179
+1 2179
+21 2179
+1 2179 0 0 0 0 0 0 0 0 2179 284
+1 1123
+1 1123 0 0 0 0 0 0 0 0 1123 83
+1 1002 1002 0 0 82 0 0 36
+1 1002 1002 0 0 16 0 0 9
+1 1002 1002
+1 1002 1002
+17 1002
+1 1002
+1 1002
+1 1002
+1 1002
+1 1002 0 0 1 0 0 1
+1 1002 0 0 0 0 0 0 0 0 1002 61
+5 23
+1 23
+9 23
+1 23
+1 23
+1 23
+1 23
+1 23
+1 23
+1 23 0 0 0 0 0 0 0 0 23
-7 1177
+1 1177
+1 1177
+1 1177
+1 1177
+1 1177
+1 1177
+1 1177 0 0 0 0 0 0 0 0 1177 22
+1 186 0 0 0 0 0 0 0 0 186 68
+1 107
+1 107
+1 107
+2 107
+1 107
+1 107
+1 107 107 0 0 3 0 0 1
+1 107
+1 107 0 0 0 0 0 0 0 0 0 0 107 81
-5 79
+1 79
+1 79 0 0 1 0 0 1
+1 79 79 0 0 6 0 0 1
+1 79
+1 79 0 0 0 0 0 0 0 0 0 0 79 60
+10 1014 1014 0 0 11 0 0 2
+1 1014
+1 1014
+2 1014 1014 0 0 2 0 0 1
+6 1014
+1 1014
+1 1014
+1 1014
+1 1014
+5 1014 0 0 0 0 0 0 0 0 1014 22
+2 993
+1 993 0 0 1 0 0 1
+1 1986
+8 993 993 0 0 9 0 0 1
+1 993 993 0 0 2 0 0 2
+3 993
+1 993
+1 993
+1 993
+1 993
+1 993 0 0 0 0 0 0 0 0 993 7
+31 6 0 0 1 0 0 1
+1 6 6
+1 6 6
+1 6
+1 6 0 0 1 0 0 1
+2 6
+1 6
+1 6
+1 6
+1 6
+1 6
+1 6 0 0 0 0 0 0 0 0 6
424 1 0 0 1 0 0 1
+1 1 1
+1 1 1 0 0 1
+1 1
+1 1 0 0 1 0 0 1
+2 1
+1 1
+1 1
+1 1
+1 1
+1 1
+1 1 0 0 0 0 0 0 0 0 1
+1 1 1
+3 1
+1 1
+1 1
+6 1
+1 1
+1 2 0 0 1 0 0 1
+4 1
+1 1 0 0 0 0 0 0 0 0 1
+3 1 1 0 0 1
+1 1 1
+1 1
+2 1
+1 1
+1 1
+4 1
+1 1
+1 1 0 0 1 0 0 1
+1 1
+1 1
+1 1 0 0 0 0 0 0 0 0 1
780 4 0 0 2 0 0 1
+1 4 4
+1 4 4
+1 4
+1 4 0 0 2 0 0 1
+2 4
+1 4
+1 4
+1 4
+1 4
+1 4
+1 4 0 0 0 0 0 0 0 0 4 1
+1 2 2
+4 2
+1 2
+1 2
+6 2
+1 2
+1 4 0 0 2 0 0 1
+4 2
+1 2 0 0 0 0 0 0 0 0 2 1
-1 1
+1 1 0 0 0 0 0 0 0 0 1 1
+3 3 3 0 0 2 0 0 2
+1 3 3
+1 3
+2 3
+1 3
+1 3
+4 3
+1 3
+1 3 0 0 2 0 0 1
+1 3
+1 3
+1 3 0 0 0 0 0 0 0 0 3 1
+7 1
+1 1
+2 1
+1 1 0 0 0 0 0 0 0 0 1
+2 1 1
+1 1 1
+1 1
+2 1
+1 1
+1 1
+4 1
+1 1 0 0 1 0 0 1
+1 1
+1 1
+1 1
+1 1 0 0 0 0 0 0 0 0 1
+7 1
+1 1
+1 1
+32 1 0 0 1 0 0 1
+1 1 1
+1 1 1
+1 1
+1 1 0 0 1 0 0 1
+2 1
+1 1
+1 1
+1 1
+1 1
+1 1
+1 1 0 0 0 0 0 0 0 0 1
+1 1 1
+4 1
+1 1
+1 1
+6 1
+1 1
+1 2 0 0 1 0 0 1
+4 1
+1 1 0 0 0 0 0 0 0 0 1
+3 1 1
+1 1 1
+1 1
+2 1
+1 1
+1 1
+4 1
+1 1
+1 1 0 0 1 0 0 1
+1 1
+1 1
+1 1 0 0 0 0 0 0 0 0 1
+69 4 0 0 1 0 0 1
+1 4 4
+1 4 4
+1 4
+1 4 0 0 1 0 0 1
+2 4
+1 4
+1 4
+1 4
+1 4
+1 4
+1 4 0 0 0 0 0 0 0 0 4
1137 10 0 0 2 0 0 1
+1 10 10 0 0 1 0 0 1
+1 10 10 0 0 1
+1 10
+1 10 0 0 2 0 0 1
+2 10
+1 10
+1 10
+1 10
+1 10
+1 10
+1 10 0 0 0 0 0 0 0 0 10 7
+1 2 2
+4 2
+1 2
+1 2
+6 2
+1 2
+1 4 0 0 2 0 0 1
+4 2
+1 2 0 0 0 0 0 0 0 0 2
+3 2 2 0 0 1
+1 2 2 0 0 1 0 0 1
+1 2
+2 2
+1 2
+1 2
+4 2
+1 2
+1 2 0 0 2 0 0 1
+1 2
+1 2
+1 2 0 0 0 0 0 0 0 0 2 1
+69 38 0 0 2 0 0 1
+1 38 38 0 0 2 0 0 1
+1 38 38
+1 38
+1 38 0 0 2 0 0 1
+2 38
+1 38
+1 38
+1 38
+1 38
+1 38
+1 38 0 0 0 0 0 0 0 0 38 14
+1 15 15
+4 15
+1 15
+1 15
+6 15
+1 15
+1 30 0 0 1 0 0 1
+4 15
+1 15 0 0 0 0 0 0 0 0 15 1
+3 15 15
+1 15 15 0 0 2 0 0 1
+1 15
+2 15
+1 15
+1 15
+4 15
+1 15
+1 15 0 0 2 0 0 1
+1 15
+1 15
+1 15 0 0 0 0 0 0 0 0 15 5
+69 35 0 0 5 0 0 1
+1 35 35 0 0 8 0 0 1
+1 35 35 0 0 4
+1 35
+1 35 0 0 2 0 0 1
+2 35
+1 35
+1 35
+1 35
+1 35
+1 35
+1 35 0 0 0 0 0 0 0 0 35 3
+1 33 33
+4 33
+1 33
+1 33
+6 33
+1 33
+1 66 0 0 1 0 0 1
+4 33
+1 33 0 0 0 0 0 0 0 0 33
-1 1
+1 1 0 0 0 0 0 0 0 0 1 1
+3 34 34 0 0 2
+1 34 34 0 0 6 0 0 3
+1 34
+2 34
+1 34
+1 34
+4 34
+1 34
+1 34 0 0 1 0 0 1
+1 34
+1 34
+1 34 0 0 0 0 0 0 0 0 34 12
+7 1
+1 1
+2 1
+1 1 0 0 0 0 0 0 0 0 1
+2 1 1
+1 1 1
+1 1
+2 1
+1 1
+1 1
+4 1
+1 1 0 0 1 0 0 1
+1 1
+1 1
+1 1
+1 1 0 0 0 0 0 0 0 0 1
+7 1
+1 1
+1 1
+32 10 0 0 2 0 0 1
+1 10 10 0 0 1 0 0 1
+1 10 10 0 0 1 0 0 1
+1 10
+1 10 0 0 2 0 0 1
+2 10
+1 10
+1 10
+1 10
+1 10
+1 10
+1 10 0 0 0 0 0 0 0 0 10 6
+1 1 1
+4 1
+1 1
+1 1
+6 1
+1 1
+1 2 0 0 1 0 0 1
+4 1
+1 1 0 0 0 0 0 0 0 0 1
+3 1 1
+1 1 1 0 0 1 0 0 1
+1 1
+2 1
+1 1
+1 1
+4 1
+1 1
+1 1 0 0 1 0 0 1
+1 1
+1 1
+1 1 0 0 0 0 0 0 0 0 1
+69 9 0 0 1 0 0 1
+1 9 9 0 0 3 0 0 2
+1 9 9 0 0 4 0 0 1
+1 9
+1 9 0 0 2 0 0 1
+2 9
+1 9
+1 9
+1 9
+1 9
+1 9
+1 9 0 0 0 0 0 0 0 0 9 4
+1 6 6
+4 6
+1 6
+1 6
+6 6
+1 6
+1 12 0 0 2 0 0 1
+4 6
+1 6 0 0 0 0 0 0 0 0 6 1
+3 6 6 0 0 4 0 0 2
+1 6 6 0 0 1
+1 6
+2 6
+1 6
+1 6
+4 6
+1 6
+1 6 0 0 4 0 0 1
+1 6
+1 6
+1 6 0 0 0 0 0 0 0 0 6 4
+7 1
+1 1
+2 1
+1 1 0 0 0 0 0 0 0 0 1
+2 1 1
+1 1 1
+1 1
+2 1
+1 1
+1 1
+4 1
+1 1 0 0 1 0 0 1
+1 1
+1 1
+1 1
+1 1 0 0 0 0 0 0 0 0 1 1
+41 22 0 0 2 0 0 1
+1 22 22 0 0 4 0 0 1
+1 22 22 0 0 1 0 0 1
+1 22
+1 22 0 0 2 0 0 1
+2 22
+1 22
+1 22
+1 22
+1 22
+1 22
+1 22 0 0 0 0 0 0 0 0 22 12
+1 4 4
+4 4
+1 4
+1 4
+6 4
+1 4
+1 8 0 0 2 0 0 1
+4 4
+1 4 0 0 0 0 0 0 0 0 4
+3 4 4
+1 4 4 0 0 1 0 0 1
+1 4
+2 4
+1 4
+1 4
+4 4
+1 4
+1 4 0 0 4 0 0 1
+1 4
+1 4
+1 4 0 0 0 0 0 0 0 0 4 3
+7 1
+1 1
+2 1
+1 1 0 0 0 0 0 0 0 0 1 1
+2 1 1
+1 1 1
+1 1
+2 1
+1 1
+1 1
+4 1
+1 1 0 0 1 0 0 1
+1 1
+1 1
+1 1
+1 1 0 0 0 0 0 0 0 0 1 1
+41 11 0 0 1 0 0 1
+1 11 11 0 0 4 0 0 2
+1 11 11 0 0 2 0 0 1
+1 11
+1 11 0 0 1 0 0 1
+2 11
+1 11
+1 11
+1 11
+1 11
+1 11
+1 11 0 0 0 0 0 0 0 0 11 5
+1 7 7
+4 7
+1 7
+1 7
+6 7
+1 7
+1 14 0 0 1 0 0 1
+4 7
+1 7 0 0 0 0 0 0 0 0 7
+3 7 7 0 0 2 0 0 2
+1 7 7
+1 7
+2 7
+1 7
+1 7
+4 7
+1 7
+1 7 0 0 1 0 0 1
+1 7
+1 7
+1 7 0 0 0 0 0 0 0 0 7 5
+7 1
+1 1
+2 1
+1 1 0 0 0 0 0 0 0 0 1
+2 1 1
+1 1 1
+1 1
+2 1
+1 1
+1 1
+4 1
+1 1 0 0 1 0 0 1
+1 1
+1 1
+1 1
+1 1 0 0 0 0 0 0 0 0 1 1
+41 35 0 0 3 0 0 1
+1 35 35 0 0 4 0 0 2
+1 35 35 0 0 2
+1 35
+1 35 0 0 3 0 0 1
+2 35
+1 35
+1 35
+1 35
+1 35
+1 35
+1 35 0 0 0 0 0 0 0 0 35 9
+2 11 11
+4 11
+1 11
+1 11
+6 11
+1 11
+2 22 0 0 2 0 0 1
+4 11
+1 11 0 0 0 0 0 0 0 0 11 3
+3 11 11
+1 11 11 0 0 2 0 0 2
+1 11
+2 11
+1 11
+1 11
+4 11
+1 11
+1 11 0 0 2 0 0 1
+1 11
+1 11
+1 11 0 0 0 0 0 0 0 0 11 5
+71 1076 0 0 1 0 0 1
+2 1076
+1 1076
+1 1076
+1 1076 0 0 0 0 0 0 0 0 1076 23
-3 124
+1 124
+1 124
+1 124 0 0 0 0 0 0 0 0 124 22
+1 214
+5 107
+6 107 107
+1 107 107
+8 107
+1 107 107
-16 2072 0 0 1 0 0 1
+6 2072 2072
+1 2072 2072
+8 2072
+1 2072 2072

fn=(264)
125 1 0 0 1 0 0 1
+1 1 0 0 0 0 0 0 0 0 1
+1 1
+1 1 0 0 0 0 0 0 0 0 1
+1 1
+2 1
+1 1
+2 1
+1 1 0 0 1 0 0 1
+21 1
+1 1 0 0 0 0 0 0 0 0 1
+1 1
+1 1 0 0 0 0 0 0 0 0 1
+1 1 1
+1 1 1 0 0 1 0 0 1
+1 1 1
+1 1 1
+17 1
+1 1
+1 1
+1 1
+1 1
+1 1
+1 1 0 0 0 0 0 0 0 0 1 1
2104 1 0 0 1 0 0 1
+3 1
+1 1 0 0 0 0 0 0 0 0 1
+2 1 1
+1 1 1
+8 1
+1 1 1

fl=(24) ./elf/../misc/sbrk.c
fn=(68) sbrk
37 4 0 2 1 0 0 1
+3 1 1
+18 2 0 0 0 0 0 0 0 0 1
+4 2 0 0 0 0 0 0 0 0 1 1
+16 5 3

fl=(66) ./io/../sysdeps/unix/sysv/linux/access.c
fn=(218) access
27 7 0 1 1 0 0 1 0 0 1 1
+4 1 1

fl=(13) ./elf/./elf/dl-sort-maps.c
fn=(26) _dl_sort_maps_init
295 1 0 0 1 0 0 1
+1 4 0 1
cfi=(11)
cfn=(28)
calls=1 408 
* 19 4 1 2 0 0 2 0 0 3 1
+2 3 1
-1 1 0 1
+2 2 1

fn=(252) _dl_sort_maps
304 11 0 6 2 0 0 1
+8 1 1 0 0 1
-8 1 0 1
+8 2 0 0 0 0 0 0 0 0 1 1
+4 8 7
216 1 0 0 1 0 0 1
-28 1
-2 1 0 1
+1 2 1
+29 1
-28 4 0 0 1 0 0 1 0 0 1
+1 1 1
-1 1
+1 1 0 1
-1 2 0 0 0 0 0 0 0 0 1 1
+1 6 6
-1 6
+1 6 0 6
-1 12 0 0 0 0 0 0 0 0 6 5
+28 1
+8 1
-1 1 0 1
+1 1
-8 5 0 0 1 0 0 1
+8 2
-8 1
+8 1
-3 2 0 1
+5 19 0 0 0 0 0 0 0 0 6
+2 7 7
-83 29 7 5 0 0 0 0 0 0 7 2
cfn=(254) dfs_traversal.part.0
calls=5 -5 
* 276 82 51 3 0 0 3 0 0 45 9
+86 21 7 0 1 0 0 1 0 0 7 7
+18 4 1 0 0 0 0 0 0 0 1 1
+13 1 1 0 1 0 0 1
+54 1
-47 4 0 1 1 0 0 1
cfi=(30)
cfn=(86)
calls=1 -50 
* 18 5 4 0 0 0 0 0 0 4 2
+13 4 1 0 0 0 0 0 0 0 2 1

fn=(254)
140 40 0 20 2 0 0 2
+10 5 5
-2 5 0 5
+2 10 0 0 0 0 0 0 0 0 5
+2 16 4 0 0 0 0 0 0 0 4
-7 22 11 0 0 0 0 0 0 0 11 1
+7 44 11 0 0 0 0 0 0 0 11 5
+9 10 0 0 0 0 0 0 0 0 5
+15 15 5 5
+1 5 0 5
+1 33 25 1 1 0 0 1
cfn=(255) dfs_traversal.part.0'2
calls=1 -38 
* 69 20 15 0 0 0 0 0 0 9 3
* 2 1

fn=(255)
140 16 0 8
+10 2 2
-2 2 0 2
+2 4 0 0 0 0 0 0 0 0 2 1
+2 4 1 0 0 0 0 0 0 0 1
-7 4 2 0 0 0 0 0 0 0 2 1
+7 8 2 0 0 0 0 0 0 0 2 1
+9 4 0 0 0 0 0 0 0 0 2
+15 6 2 2
+1 2 0 2
+1 15 10 1
cfn=(255)
calls=1 -38 
* 24 7 7 0 0 0 0 0 0 2 1
* 2 1

fl=(1) ???
fn=(0) 0x000000000001ab20
0 2 0 1 1 0 1 1 0 1
cfi=(2)
cfn=(2) _dl_start
calls=1 520 
0 1724554 427132 143986 1039 11659 2319 1025 6754 1515 274708 11894 3896 898
0 10 2 1 2 0 0 1
cfi=(145)
cfn=(540)
calls=1 81 
0 7174 1712 1257 187 163 75 187 34 57 1135 236 59 38
0 3 0 0 0 0 0 0 0 0 0 0 1 1
cob=(8)
cfi=(162)
cfn=(1064)
calls=1 0 
0 1091225053415 447724947239 83831130827 2204 11385440238 2215450 1037 313586546 1613027 27234411837 148220729 74472 1918

fl=(28)
fn=(154)
97 12 6 0 0 0 0 0 0 0 3

fn=(78)
82 17 0 0 1 0 0 1
-4 68
+7 17 0 0 1 0 0 1
+1 51 0 0 0 0 0 0 0 0 17 12
fi=(29)
-30 17 17 0 0 0 0 0 0 0 0 0 17 1
cfi=(28)
cfn=(82)
calls=17 -21 
* 468 91 90 5 3 4 5 1 2 59 5
fe=(28)

fn=(82)
35 168 0 84 1 0 0 1
+1 126 42 0 0 4 0 0 1 0 42 1
+11 123 41
+3 41
-3 41 0 41
+3 82 0 0 0 0 0 0 0 0 41 4
-3 2
+3 1
-3 1 0 1 1 0 0 1
+3 158 0 0 0 0 0 0 0 0 40
+18 42 0 42 0 0 4 0 0 1
+1 42 0 42
+2 168 126
-16 12 3 0 1 0 0 1
+1 6 0 0 0 0 0 0 0 0 3 3
+2 3
+1 21 0 3 0 0 1 0 0 1
cfi=(61)
cfn=(204)
calls=3 -12 
* 24 3 0 1 0 0 1 0 0 6
* 3
+2 6 0 0 0 0 0 0 0 0 3
+2 6 3 0 0 0 0 0 0 0 3 1
+2 2
+4 2
-4 4 0 2
-23 1 1 0 1 0 0 1
-1 1
+1 1
+1 2
-2 2 0 1
+27 1 1
-3 2 0 1
+4 2

fl=(77) ./elf/./elf/dl-reloc.c
fn=(410) _dl_protect_relro
356 7 7 0 1 1 0 1
-1 14 0 7
+1 28 14 0 0 1
+3 7 7 0 1 0 0 1
-3 7
+3 7
+4 14 0 0 0 0 0 0 0 0 7 5
+7 14 14
-6 21 0 7
cfi=(118) ./misc/../sysdeps/unix/syscall-template.S
cfn=(412) mprotect
calls=7 117 
* 35 7 0 1 0 0 1 0 0 7 2
* 14 0 0 0 0 0 0 0 0 7 2

fn=(282) _dl_relocate_object
207 70 0 42 1 0 0 1
+14 7
-14 7
+16 7
-16 7 0 7
+16 7 0 0 0 0 0 0 0 0 7
+3 7 7 0 1 3 0 1
-1 7 7
+1 14 0 0 0 0 0 0 0 0 7 5
+19 14 7 0 1 0 0 1 0 0 7
+6 28 7 0 0 0 0 0 0 0 7 4
-34 14
+38 14 0 0 0 0 0 0 0 0 7
+7 28 7 7 1 1 0 1 0 0 7
fi=(5)
72 26 7 0 0 0 0 0 0 0 13 2
+6 20 15 0 0 4 0 0 0 0 5 2
+4 15 5 0 1 5 0 1 5 0 5
+6 5 0 5
+10 10 0 0 0 0 0 0 0 0 5
+20 10 5 0 0 1 0 0 0 0 5
+8 5
fi=(4)
-45 5 5
fe=(77)
301 10 5 0 1 4 0 1
fi=(4)
81 10
fe=(77)
301 10 0 0 0 0 0 0 0 0 5
fi=(4)
81 2 2
fe=(77)
301 4 2
fi=(4)
81 4
fe=(77)
301 11236 50 1201 2 15 222 2 7 220 3954 428
fi=(4)
81 2 2
fe=(77)
301 2 2
fi=(4)
81 4
fe=(77)
301 321 70 55 4 24 1 4 2 0 41 13
186 20 0 10
+32 5
-32 5 0 5
+32 10 0 5
fi=(6) ./elf/./elf/do-rel.h
49 5 5
fe=(77)
301 5 5
fi=(6)
50 5 5
-1 10 0 0 1 0 0 1
+4 5 5
-3 5
+3 5
-3 5 0 5
+3 20 5 5 0 1
+27 15 5 0 0 0 0 0 0 0 5 4
fe=(77)
301 2
186 8 0 4
+32 2
-32 2 0 2
+32 4 0 2
fi=(6)
49 2 2
fe=(77)
301 2 2
fi=(6)
50 2 2
-1 4
+4 2 2
-3 2
+3 2
-3 2 0 2
+3 8 2 2 0 1
+27 6 2 0 0 0 0 0 0 0 2 2
-31 7 7 0 0 1
fe=(77)
301 7 7
fi=(6)
50 7 7
-1 14
+4 7 7
-3 7
+3 7
-3 7 0 7
+3 28 7 7
+27 21 7 0 0 0 0 0 0 0 7 2
-7 5
-1 5
+11 35 5 5 1 0 0 1 0 0 5
fi=(5)
498 2240 1120
+4 2240 0 0 0 0 0 0 0 0 1120
+3 3360 1120 0 0 0 0 0 0 0 1120
+1 1120 0 1120 0 0 147 0 0 147
fi=(6)
83 3360 0 0 0 0 0 0 0 0 1120 3
+2 4720 1180 0 1 443 0 1 441 0 1180 6
+2 180
-4 180 0 0 0 0 0 0 0 0 60 10
+13 25 5 0 0 1 0 0 0 0 5 2
+1 12 0 2 1 0 0 1 0 0 2
+1 120 60 0 0 0 0 0 0 0 60 2
fi=(5)
498 60 60
+35 60 60
-1 120 120
-34 60
+35 120 0 0 0 0 0 0 0 0 60
+1 60 0 60 0 0 0 0 0 0 0 0 60 60
cob=(4)
cfi=(123)
cfn=(470)
calls=1 31 
* 7 4 0 2 0 0 2 0 0 2 1
cob=(4)
cfi=(120)
cfn=(466)
calls=1 32 
* 8 4 0 1 0 0 1 0 0 2 1
cob=(4)
cfi=(120)
cfn=(462)
calls=1 32 
* 8 4 0 2 0 0 2 0 0 2 1
cob=(4)
cfi=(119)
cfn=(460)
calls=1 29 
* 8 4 0 2 0 0 2 0 0 1
cob=(4)
cfi=(119)
cfn=(458)
calls=1 29 
* 8 4 0 1 0 0 1 0 0 1
cob=(4)
cfi=(123)
cfn=(454)
calls=1 31 
* 7 4 0 1 0 0 1 0 0 2 1
cob=(4)
cfi=(126)
cfn=(452)
calls=1 49 
* 5 3 0 2 0 0 2 0 0 1 1
cob=(4)
cfi=(119)
cfn=(450)
calls=1 29 
* 8 4 0 1 0 0 1 0 0 1
cob=(4)
cfi=(123)
cfn=(448)
calls=1 31 
* 7 4 0 2 0 0 2 0 0 2 1
cob=(4)
cfi=(120)
cfn=(444)
calls=1 32 
* 8 4 0 2 0 0 2 0 0 2 1
cob=(4)
cfi=(119)
cfn=(442)
calls=1 29 
* 8 4 0 2 0 0 2 0 0 1
cob=(4)
cfi=(119)
cfn=(440)
calls=1 29 
* 8 4 0 2 0 0 2 0 0 1
cob=(4)
cfi=(123)
cfn=(436)
calls=1 31 
* 7 4 0 2 0 0 2 0 0 2 1
cob=(4)
cfi=(119)
cfn=(434)
calls=1 29 
* 8 4 0 2 0 0 2 0 0 1
cob=(4)
cfi=(119)
cfn=(432)
calls=1 29 
* 8 4 0 2 0 0 2 0 0 1
cob=(4)
cfi=(119)
cfn=(430)
calls=1 29 
* 8 4 0 1 0 0 1 0 0 1
cob=(4)
cfi=(119)
cfn=(428)
calls=1 29 
* 8 4 0 1 0 0 1 0 0 1
cob=(4)
cfi=(120)
cfn=(424)
calls=1 32 
* 8 4 0 2 0 0 2 0 0 2 1
cob=(4)
cfi=(119)
cfn=(422)
calls=1 29 
* 8 4 0 2 0 0 2 0 0 1
cob=(4)
cfi=(120)
cfn=(418)
calls=1 32 
* 8 4 0 2 0 0 2 0 0 2
cob=(4)
cfi=(119)
cfn=(416)
calls=1 29 
* 8 4 0 2 0 0 2 0 0 1
cob=(3)
cfi=(116)
cfn=(408)
calls=1 38 
* 22 4 0 3 0 0 3 0 0 4
cob=(3)
cfi=(100)
cfn=(404)
calls=1 37 
* 20 4 0 2 0 0 2 0 0 5 2
cob=(3)
cfi=(91)
cfn=(402)
calls=1 57 
* 21 4 0 1 0 0 1 0 0 6 3
cob=(3)
cfi=(85)
cfn=(400)
calls=1 36 
* 6 3 0 1 0 0 1
cob=(3)
cfi=(116)
cfn=(398)
calls=1 38 
* 22 4 0 2 0 0 2 0 0 4 1
cob=(3)
cfi=(91)
cfn=(396)
calls=1 57 
* 21 4 0 4 0 0 4 0 0 6 2
cob=(3)
cfi=(103)
cfn=(392)
calls=1 38 
* 16 4 0 2 0 0 2 0 0 5 1
cob=(3)
cfi=(114)
cfn=(390)
calls=1 34 
* 23 5 0 2 0 0 2 0 0 6
cob=(3)
cfi=(97)
cfn=(388)
calls=1 35 
* 18 4 0 2 0 0 2 0 0 4
cob=(3)
cfi=(83)
cfn=(384)
calls=1 40 
* 24 5 0 3 0 0 3 0 0 5 1
cob=(3)
cfi=(100)
cfn=(380)
calls=1 37 
* 20 4 0 2 0 0 2 0 0 5 1
cob=(3)
cfi=(103)
cfn=(376)
calls=1 38 
* 16 4 0 2 0 0 2 0 0 5 1
cob=(3)
cfi=(83)
cfn=(372)
calls=1 40 
* 24 5 0 1 0 0 1 0 0 5
cob=(3)
cfi=(83)
cfn=(368)
calls=1 40 
* 24 5 0 2 0 0 2 0 0 5 1
cob=(3)
cfi=(107)
cfn=(364)
calls=2 36 
* 18 8 0 2 0 0 2 0 0 4 2
cob=(3)
cfi=(106)
cfn=(362)
calls=1 34 
* 23 5 0 3 0 0 3 0 0 6
cob=(3)
cfi=(100)
cfn=(358)
calls=1 37 
* 20 4 0 3 0 0 3 0 0 5 1
cob=(3)
cfi=(103)
cfn=(354)
calls=1 38 
* 16 4 0 2 0 0 2 0 0 5 1
cob=(3)
cfi=(102)
cfn=(352)
calls=1 38 
* 6 3 0 1 0 0 1
cob=(3)
cfi=(85)
cfn=(350)
calls=1 36 
* 6 3 0 1 0 0 1
cob=(3)
cfi=(100)
cfn=(346)
calls=1 37 
* 20 4 0 3 0 0 3 0 0 5 1
cob=(3)
cfi=(99)
cfn=(344)
calls=1 44 
* 20 4 0 3 0 0 3 0 0 5 1
cob=(3)
cfi=(98)
cfn=(342)
calls=2 38 
* 44 8 0 3 0 0 3 0 0 8 2
cob=(3)
cfi=(97)
cfn=(340)
calls=1 35 
* 18 4 0 2 0 0 2 0 0 4
cob=(3)
cfi=(92)
cfn=(336)
calls=1 40 
* 24 5 0 3 0 0 3 0 0 5 1
cob=(3)
cfi=(83)
cfn=(332)
calls=1 40 
* 24 5 0 2 0 0 2 0 0 5 1
cob=(3)
cfi=(94)
cfn=(330)
calls=1 43 
* 18 4 0 3 0 0 3 0 0 5 1
cob=(3)
cfi=(92)
cfn=(326)
calls=2 40 
* 48 10 0 2 0 0 2 0 0 10 2
cob=(3)
cfi=(91)
cfn=(324)
calls=1 57 
* 21 4 0 4 0 0 4 0 0 6 1
cob=(3)
cfi=(87)
cfn=(320)
calls=1 41 
* 18 4 0 3 0 0 3 0 0 5 1
cob=(3)
cfi=(89)
cfn=(318)
calls=1 54 
* 23 4 0 3 0 0 3 0 0 6
cob=(3)
cfi=(87)
cfn=(314)
calls=1 41 
* 18 4 0 3 0 0 3 0 0 5 1
cob=(3)
cfi=(86)
cfn=(312)
calls=1 48 
* 18 4 0 3 0 0 3 0 0 5 1
cob=(3)
cfi=(85)
cfn=(310)
calls=1 36 
* 6 3 0 1 0 0 1
cob=(3)
cfi=(83)
cfn=(306)
calls=2 40 
* 48 10 0 2 2 0 2 0 0 10 4
fi=(6)
97 60
fi=(5)
535 60 0 60
fi=(6)
97 124 2 0 0 0 0 0 0 0 60 23
fe=(77)
301 56 14 0 1 1 0 1 0 0 14 6
fi=(6)
51 7 7
fi=(4)
+30 21 14 0 1 0 0 1
fe=(77)
304 42 7 0 0 0 0 0 0 0 14
+24 7 0 7 0 0 1
+3 14 7 0 0 0 0 0 0 0 7
+17 14 7 0 0 5 0 0 0 0 7 6
-96 14 7 0 1 7 0 1 0 0 7 4
fi=(6)
114 27 0 0 1 0 0 1 0 0 9 2
+9 18 0 0 1 0 0 1 0 0 7 3
+1 4 4 0 0 4 0 0 1
fi=(5)
482 4 4
fi=(6)
124 4
fi=(5)
482 8 0 0 0 0 0 0 0 0 4
fi=(6)
124 898 898 0 0 111 0 0 111
fi=(5)
482 898 898 0 0 111 0 0 111
fi=(6)
124 898
fi=(5)
482 1796 0 0 0 0 0 0 0 0 898
+5 1804 0 0 0 0 0 0 0 0 902
+1 902 902 0 0 115 0 0 115
fi=(6)
123 902
fi=(5)
488 902
-5 902 0 902 0 0 250 0 0 245
fi=(6)
123 1804 0 0 0 0 0 0 0 0 902 10
+3 27 9 0 1 7 0 1 0 0 9 2
+3 28 14 7 0 3 1 0 0 0 7
+2 21 7 0 0 0 0 0 0 0 7 1
-59 6
fe=(77)
182 6 0 6 0 0 1
fi=(6)
73 6 0 6 1 0 0 1
fe=(77)
182 24 0 12
fi=(6)
-49 12 12 0 0 6 0 0 4
+1 6 6
+1 6 6
-2 6
+2 6 6 0 0 1
+3 6
-5 6
+2 6 0 6 1 0 0 1
-2 6 6 0 0 6 0 0 3
+1 12
+2 6
-2 6 0 6 0 0 1
+2 18 6 0 0 2
+2 12 0 0 0 0 0 0 0 0 6 1
-5 6756 6756 0 0 910 0 0 909
+1 3378 3378
+1 3378 3378
-2 3378
+2 3378 3378
+3 3378
-5 3378
+2 3378 0 3378
-2 3378 3378 0 0 1180 0 0 233
+1 6756
+2 3378
-2 3378 0 3378
+2 10134 3378
+2 6756 0 0 0 0 0 0 0 0 3378 1
+9 3382 0 3382
fi=(5)
253 6764 0 0 1 0 0 1 0 0 3382
+7 6764 0 0 0 0 0 0 0 0 3382
+4 6764 0 0 0 0 0 0 0 0 3382
fe=(77)
-94 13528 3382 0 0 1684 0 0 1317 0 3382 5
fi=(4)
-28 10095 3365
fe=(77)
+29 6730 0 0 0 0 0 0 0 0 3365
+3 15366 3365 0 1 6 0 1 1 0 5122 802
+8 1615 646 0 0 2 0 0 2
+4 646 646
-3 323 0 323
+1 323 0 323
+2 4160 3514 0 0 1 0 0 0 0 323 2
-3 1434 0 1434 1 0 0 1
+1 1434 0 1434
+2 7493 2868 0 0 1 0 0 0 0 1434 2
+1 1757
-1 1757
+2 10542 1757 1757 0 59 0 0 0 0 1757
+2 10542 1757 5271 1 0 1 1
cfi=(78)
cfn=(290)
calls=1757 756 
* 1246673 307858 104038 67 5740 19 64 2603 5 184346 6806 203 27
+3 1757 1757
+1 3514 1757
-4 1757
+4 8785 3514 1757
fi=(5)
+79 13448 3353 0 1 0 0 1 0 0 3365 2
+3 3353 3353
-3 10076 3370 0 0 3 0 0 0 0 3353
+3 3370
-3 3370 3370
+3 6740
+1 6740
+1 6740 0 0 0 0 0 0 0 0 3370 8
+25 20292 3382 0 1 7 0 1 2 0 3382 0 3382 674
407 8163 5442 2721 0 352 866 0 352 359
fi=(6)
150 8163 2721 0 0 0 0 0 0 0 2721
fi=(5)
407 1274 637 637 0 0 308 0 0 73
fi=(6)
150 1960 638 0 0 0 0 0 0 0 661 2
-19 13536 3384 0 1 0 0 1 0 0 3384 21
+32 36 18 0 0 1 0 0 0 0 6 3
+1 16 2 2 1 0 0 1 0 0 2
+1 6 2 0 0 0 0 0 0 0 2
+3 4 2
+4 2 2
-2 2 2
+1 2 2
-3 2 2
+2 2 0 0 1 0 0 1
+2 2
-2 12 2 2 0 1 0 0 0 0 2 2
fi=(5)
273 2 2 0 2 0 0 1
+3 2
-3 2 2 0 2 0 0 1
+4 4 0 0 0 0 0 0 0 0 2 1
461 2 2
-1 4 4
+1 4 0 0 0 0 0 0 0 0 2
+1 2 0 2 0 0 0 0 0 0 0 0 2 2
cfi=(16) ./elf/../sysdeps/x86/dl-get-cpu-features.c
cfn=(502) __x86_cpu_features
calls=1 39 
* 5 2 0 1 0 0 0 0 0 1
cob=(3)
cfi=(81)
cfn=(302)
calls=1 61 
* 27 9 8 3 2 2 3 0 2 3 1
fi=(6)
164 2
fi=(5)
463 2 0 2 0 0 2 0 0 1
fi=(6)
164 10 2 0 1 0 0 1 0 0 2
-13 12 4 0 1 0 0 1 0 0 4 1
fi=(5)
330 6 0 0 1 0 0 1 0 0 3
+1 9 6 3 0 1 2 0 0 1
fi=(6)
150 6 3
fi=(5)
384 54 18 0 1 0 0 1 0 0 18
+2 72 18 0 0 0 0 0 0 0 18
+4 18 18
+9 18 18
-9 36 18 0 0 2 0 0 2
+9 18 0 18 0 0 5 0 0 5
fi=(6)
150 36 18 0 1 0 0 1
fi=(5)
336 6 2 0 0 0 0 0 0 0 2
+11 2 2
-9 4 4
+9 2 0 2
fi=(6)
150 4 2
fi=(5)
444 3 1 0 1 0 0 1 0 0 1
+5 2 2
-1 3 1 1
+1 2
-1 1 0 1
cfi=(30)
cfn=(86)
calls=1 219 
* 70 18 17 3 5 5 3 5 5 8 4
+2 5 3 0 1 0 0 1 0 0 1
+1 2 0 0 0 0 0 0 0 0 1
273 85 17 0 2 0 0 2 0 0 17 2
fi=(6)
140 10 2 4 0 1
+3 2
fi=(5)
273 10 2 0 1 0 0 1 0 0 2 2
fe=(77)
-98 7071 2250 0 1 8 0 1 0 0 1929 264
+3 1608 1608
-1 1608 0 1608 1 0 3 1
+19 1608 1608
-18 3216 0 1608
349 14 0 7 1 0 1 1
cfn=(410)
calls=7 +7 
* 168 49 14 3 2 0 3 0 0 21 9
+1 56 49 0 0 3
175 5148 0 0 0 0 0 0 0 0 1287
fi=(5)
-52 20 5 0 2 2 0 2
-2 10 0 5
fe=(77)
301 3 0 1
fi=(6)
179 2 2
73 2 0 2 1 0 0 1
179 9 0 3 0 0 0 0 0 0 2 1
+2 2 2
+1 2 2
-1 1
+3 1 0 0 1 0 0 1
-3 4 0 1
+3 2 0 0 0 0 0 0 0 0 1
-3 10 10 0 0 2 0 0 2
+1 10 10
-1 5
+3 5
-3 20 0 5
+3 10 0 0 0 0 0 0 0 0 5
+8 6 0 6
fi=(5)
+61 12 0 0 0 0 0 0 0 0 6
+7 12 0 0 0 0 0 0 0 0 6 1
+4 12 0 0 0 0 0 0 0 0 6
fe=(77)
-94 24 6 0 1 3 0 1 2 0 6
fi=(4)
-28 18 6
fe=(77)
+29 12 0 0 0 0 0 0 0 0 6
+3 36 6 0 0 1 0 0 0 0 12
+8 30 12 0 1 2 0 1
+4 12 12
-3 6 0 6
+1 6 0 6
+2 36 12 6 1 0 0 1 0 0 6 2
+4 30 6 6
-4 6
+4 12 0 12
cfi=(78)
cfn=(290)
calls=6 756 
* 3522 959 335 1 80 9 1 8 0 550 45 1 1
+3 6 6
+1 12 6
-4 6
+4 30 12 6 1 0 1 1
fi=(5)
+79 21 3 0 0 0 0 0 0 0 6 2
+3 3 3
-3 9 3 0 0 1 0 0 0 0 3
+3 3
-3 3 3
+3 6
+1 6 0 0 1 0 0 1
+1 6 0 0 0 0 0 0 0 0 3 2
+25 36 6 0 0 1 0 0 1 0 6 0 6 1
407 6 0 6 0 0 2 0 0 2
fi=(6)
195 18 6 0 1 0 0 1 0 0 6
-16 24 6 0 0 0 0 0 0 0 6 5
+30 6 3 0 0 0 0 0 0 0 1 1
fe=(77)

fl=(67)
fn=(220) _dl_map_object_deps
143 4 0 1 1 0 0 1
+1 2 0 0 1 0 0 1
-1 2 0 1
+1 1
-1 1 0 1
+1 1
-1 1 0 1
+1 1
-1 5 0 3 0 0 1 0 0 1
+1 1
-8 1 1
+8 2 0 0 1 0 0 1
-8 1
-6 1
+6 1
-8 1 0 1 0 0 1 0 0 1
+16 1
-15 1 0 1
+1 1 0 1 0 0 1 0 0 1
+6 1 0 1
+24 4 0 0 0 0 0 0 0 0 1
-28 2 0 1 0 0 1 0 0 1
-2 1 0 0 1 0 0 1
+31 1 1
-33 2 0 1
+2 2
+30 2
-30 1
-1 4 0 1
+7 4 1 1 1 0 0 1
+24 2 0 0 0 0 0 0 0 0 1
-32 1
+60 1 1
-60 2 0 1
+54 1 1
+46 1
-64 1 1
fi=(74) ./elf/../include/scratch_buffer.h
-87 2 0 1 0 0 1 0 0 1
fe=(67)
+87 1 0 1 1 0 0 1
fi=(74)
-86 1 0 1
fe=(67)
184 1 0 1
+44 4 0 4
-31 1 1
-4 1 0 1 1 0 0 1
+4 8 6 0 0 1 0 0 0 0 1 1
-4 6 0 6
+4 12 0 0 0 0 0 0 0 0 6 6
+11 18 9 0 0 2 0 0 2 0 9 3
-18 2
+18 4 2 0 0 0 0 0 0 0 2
417 14 0 0 0 0 0 0 0 0 7 2
+2 5 0 0 1 0 0 1
+3 5
-3 15 0 10
+3 10 0 5
fi=(29)
56 5 5 5 0 0 0 0 0 0 0 0 5 1
cfi=(28)
cfn=(82)
calls=5 -21 
* 120 25 25 0 0 0 0 0 0 15
fe=(67)
423 15 10
fi=(29)
56 5
fe=(67)
423 5 0 0 1 0 0 1 0 0 5
+6 5 0 5 0 0 1 0 0 1
+1 25 0 10
cfi=(30)
cfn=(86)
calls=5 219 
* 58 17 12 0 0 3 0 0 3 12 5
+1 30 5 5
cfi=(30)
cfn=(86)
calls=5 219 
* 58 17 12 0 0 0 0 0 0 12 6
+4 5 0 5
-1 5 0 5
+5 21 7 0 0 0 0 0 0 0 7 6
188 12 6
+22 20 15 0 1 0 0 1 0 0 5 3
+8 5 5
-3 5 0 5 1 0 1 1 0 1
+1 5 0 5
+2 5 0 5
+3 5 5
-4 5 0 5
+4 15 5 0 0 0 0 0 0 0 5
-31 5
+31 5 0 5
-31 30 0 20 1 0 0 1
+42 20 0 0 1 0 0 1
-2 10 0 10
+2 20 0 10 1 0 0 1
cfi=(53)
cfn=(178)
calls=10 -57 
* 24538 4965 2507 104 171 184 104 170 184 4309 822 90 37
* 10 10 0 0 0 0 0 0 0 0 0 10
+1 20 10 0 0 0 0 0 0 0 10
+9 10 10
+2 20 10 0 0 0 0 0 0 0 10 5
+5 5
+6 5 5
+2 5 0 5
-8 10 0 0 1 0 0 1
+3 5 0 5
+1 5 0 5
+1 5 0 5
+1 5 0 5
+4 25 5 10
+4 30 10 0 0 0 0 0 0 0 10 3
+1 24 0 8
-43 552 138 0 0 3 0 0 0 0 138 5
+1 276 0 0 1 0 0 1 0 0 138 16
+6 40 20 10
cfi=(31)
cfn=(148)
calls=10 +10 
* 472 99 60 0 7 1 0 7 1 33 5
* 50 0 0 1 0 0 1 0 0 10
+38 384 0 0 1 0 0 1 0 0 128 10
-45 25 15 0 1 0 0 1
fi=(74)
85 3 1 0 1 0 0 1 0 0 1 1
fe=(67)
448 5 1 0 1 0 0 1 0 0 2 1
+4 4 1 1 0 0 0 0 0 0 1 1
+11 5 1 2 1 0 0 1
fi=(29)
56 1 1 1 0 0 0 0 0 0 0 0 1 1
cfi=(28)
cfn=(82)
calls=1 -21 
* 24 5 5 0 0 0 0 0 0 3
fe=(67)
465 3 2 0 1 0 0 1
fi=(29)
56 1
fe=(67)
465 1 0 0 0 0 0 0 0 0 1
+5 1 1
+2 1
-2 1
+1 1 0 1
+3 1
-4 2 0 1
+4 1
+4 21 7 0 1 0 0 1 0 0 7
+7 7
-2 7
+2 7 0 7 0 0 2 0 0 2
-2 7
+2 7
+5 7 0 7
-16 21 7 0 0 0 0 0 0 0 7 6
+21 3 1 0 0 0 0 0 0 0 1 1
+37 2 0 0 1 0 0 1 0 0 1
+15 1
-11 1 1
+11 1
-14 2 0 0 0 0 0 0 0 0 1 1
+20 1 1 0 1 0 0 1
-1 4 0 1
+1 4 1 1
-1 5 1 1 1 0 0 1
cfi=(13)
cfn=(252)
calls=1 304 
* 467 127 78 11 1 0 10 0 0 81 29
+5 1 0 1
+2 1 1
+1 1 0 1
+1 1 1
-2 1 0 1
+2 2 0 0 0 0 0 0 0 0 1 1
+7 3 1 0 1 0 0 1 0 0 1 1
+3 2 0 0 0 0 0 0 0 0 1
+3 8 7
442 18 6 0 0 0 0 0 0 0 6 6
-1 7 7 0 1 0 0 1
+1 14 0 0 0 0 0 0 0 0 7 5
183 6 4 0 1 0 0 1
449 2 0 1
198 53 20 0 2 0 0 2 0 0 20 2
+3 5
fi=(74)
-70 15 0 5
cfi=(73)
cfn=(248)
calls=5 30 
* 95 25 15 3 0 0 3 0 0 10 4
fe=(67)
+70 10 0 0 0 0 0 0 0 0 5
+4 10 5
547 4 0 3 1 0 0 1
cfi=(30)
cfn=(86)
calls=1 219 
* 18 5 4 0 0 0 0 0 0 4 2
* 3 2 0 1 0 0 1

fn=(222)
61 20 0 10
+7 10 10
-4 20 20
+1 10 10
-1 80 20 10 0 0 1 0 0 1
cfi=(31)
cfn=(184)
calls=10 1971 
* 23868 4765 2277 104 171 180 104 170 180 4289 820 80 36
* 10 0 10
+5 20 20

fl=(142)
fn=(522)
76 99 0 99 1 0 0 1
+3 99
+2 99
+10 99 99
+6 99 0 99 1 0 1 1 0 1
+1 99 0 99
+1 99 0 99
+1 99 0 99
+1 99 0 99
+1 99 0 99
+1 99 0 99
+4 99
+1 99
+3 99 0 99 0 0 2
+1 99 0 99
+2 99 0 99
+1 99 0 99 1 0 0 1
+1 99 0 99
+1 99 0 99
+1 99 0 99
+1 99 0 99
+2 99 0 3366 0 0 7 0 0 1
+7 99 99
+1 99 99
+1 99 0 99 0 0 1
cfi=(143)
cfn=(524)
calls=99 -84 
* 79437 20837 6890 69 888 20 13 207 1 11626 597 34 33
+1 99
+5 99 0 0 1 0 0 1
+1 99
+1 99 3564
+2 99 99
+1 99 99
+1 99 99
+1 99 99
+1 99 99
+1 99 99
+1 99 99
+2 99
+2 99 99
+4 99
+2 99 0 0 0 0 0 0 0 0 0 0 99 99

fl=(27)
fn=(76)
59 78 0 54 1 0 2 1 0 2
+3 12 0 0 0 0 0 0 0 0 6 1
+21 5 5
-3 5 5
+3 5 0 5
cfi=(23)
cfn=(66)
calls=5 +18 
* 98 13 0 0 0 0 0 0 0 11 1
+4 10
-4 5
+9 5
-9 15 0 10
fi=(29)
-39 10 5 5 0 0 0 0 0 0 0 0 5
cfi=(28)
cfn=(78)
calls=5 +38 
* 197 33 27 2 0 1 2 0 1 24 5 5
fe=(27)
+39 1 0 1 1 0 0 1
fi=(29)
-39 2 1 1 0 0 1 0 0 1 0 0 1 1
cfi=(28)
cfn=(78)
calls=1 +38 
* 40 6 6 5 1 1 5 1 1 4 2 1 1
* 6
fe=(27)
+51 12 0 0 0 0 0 0 0 0 6
+5 6 6
+4 6 6
-6 6 0 6 1 0 5 1 0 5
+2 6
+4 6 6
-5 6 0 6 0 0 6 0 0 6
+4 6
+1 6
-1 6 0 6 0 0 1 0 0 1
+1 12 0 12
cfi=(30)
cfn=(86)
calls=6 219 
* 71 19 13 1 1 7 1 1 7 17 8
* 12 6 6 0 0 1 0 0 1
+2 6 0 6
+13 12 6 0 1 0 0 1 0 0 6 3
+6 1
+2 7 2 2 0 1 0 0 1
+3 2 1 0 0 0 0 0 0 0 1 1
-3 35 10 10 0 5 0 0 5
+3 10 5 0 0 0 0 0 0 0 5 3
+2 6 0 6 0 0 1 0 0 1
+4 6 0 6 1 0 0 1
+3 18 0 0 0 0 0 0 0 0 6 3
fi=(4)
1354 3
fe=(27)
139 2
+2 1 0 1 0 0 1 0 0 1
-2 2 0 0 1 0 0 1 0 0 1 1
fi=(4)
1354 45
fe=(27)
139 30
+2 15 0 15 0 0 3 0 0 3
-2 30 0 0 0 0 0 0 0 0 15 9
+16 12
-5 6 0 6 0 0 6 0 0 6
+5 6
-6 6
+30 6
-24 6 6
-6 6 0 6 0 0 1 0 0 1
+6 12 0 0 0 0 0 0 0 0 6 1
+2 10 0 5 0 0 3 0 0 3
+3 10 0 0 0 0 0 0 0 0 5
-3 10
+7 28 7 0 0 0 0 0 0 0 7 2
+4 10 0 0 0 0 0 0 0 0 5 4
+8 1 0 1 1 0 1 1 0 1
+3 1 0 1 1 0 0 1
+10 3 1 0 0 0 0 0 0 0 1 1
-10 5 0 5
+10 15 5 0 0 0 0 0 0 0 5
+2 5
+21 5
-21 5 0 5
cfi=(23)
cfn=(66)
calls=5 -90 
* 170 25 0 0 0 0 0 0 0 15 4
* 15 0 5
+17 5
-13 15 0 0 0 0 0 0 0 0 5
+50 15 5 5 1 0 0 1
cfi=(30)
cfn=(136)
calls=5 -39 
* 84 21 16 0 0 4 0 0 4 16 4
* 5
+5 10
+1 10 5 0 0 0 0 0 0 0 5 4
-1 158
+1 158 79 0 0 0 0 0 0 0 79 27
+2 10
+3 5 0 5
+3 5 0 5 0 0 1 0 0 1
+4 54 42
131 12 0 6 1 0 6 1 0 6
-8 5
-4 10 5 0 0 0 0 0 0 0 5 3
+34 1 0 0 1 0 0 1
+7 4 0 0 0 0 0 0 0 0 1
+8 20 5 0 1 0 0 1 0 0 5 4
fi=(29)
56 10 5 5 0 0 0 0 0 0 0 0 5 1
cfi=(28)
cfn=(82)
calls=5 -21 
* 120 25 25 0 0 0 0 0 0 15
* 5
fe=(27)
200 20 0 0 0 0 0 0 0 0 5
64 2 0 0 1 0 0 1 0 0 1 1
+2 3 1 0 1 0 0 1 0 0 1
+1 2 0 0 0 0 0 0 0 0 1
+4 6 0 2 1 0 0 1
+6 2

fn=(90)
31 6 0 6 1 0 0 1
+2 6
-2 12 0 6
+2 6
-2 12 0 6
+2 6 6 6 0 0 0 0 0 0 0 0 6 1
cfi=(25)
cfn=(92)
calls=6 +11 
* 12 6
+2 53 6 0 1 0 0 1 0 0 6 1
+3 80 20 0 0 0 0 0 0 0 20 15
+2 5 0 5
+2 5 0 5
+4 5
+4 5
-4 10 0 5
+1 10 5 5
+1 5
+3 5 5
-3 5 0 5
+3 10 10
-1 5 5 0 0 0 0 0 0 0 0 0 5
cfi=(25)
cfn=(92)
calls=5 -6 
* 10 5
-4 1
+4 1
-4 2 0 1
+1 2 1 1 0 1 0 0 1
+1 1
+3 1 1
-3 1 0 1
+3 2 2
-1 1 1 0 0 0 0 0 0 0 0 0 1 1
cfi=(25)
cfn=(92)
calls=1 -6 
* 2 1
-5 2 0 1 1 0 0 1

fl=(130) ./elf/./elf/dl-find_object.c
fn=(480) _dl_find_object_init
561 3 0 2 1 0 0 1
+3 1 1 0 0 1
+2 2 1 0 0 0 0 0 0 0 1 1
+13 1 0 1 1 0 0 1
cfn=(484) _dlfo_process_initial
calls=1 474 
* 126 32 2 4 2 0 4 0 0 36 6
+1 1 1
-1 1
+1 1
fi=(29)
56 1 1 1 0 1 0 0 0 0 0 0 1 1
cfi=(28)
cfn=(82)
calls=1 -21 
* 24 5 5 0 1 1 0 0 0 3
fe=(130)
580 1 0 1
fi=(29)
56 1
fe=(130)
582 2 0 0 0 0 0 0 0 0 1
+3 2 0 0 0 0 0 0 0 0 1
+5 1 0 1 1 0 0 1
+1 1 0 1
cfn=(484)
calls=1 474 
* 478 124 32 0 53 4 0 6 4 136 22
+3 3 1 0 0 0 0 0 0 0 1 1
+10 4 3
-37 2 0 1 1 0 0 1
cfi=(131) ./elf/./dl-find_object.h
cfn=(482) _dl_find_object_from_map
calls=1 95 
* 68 18 4 2 10 1 2 0 1 22 8
* 1 0 0 1 0 0 1
+29 2 0 1
cfn=(486) _dlfo_sort_mappings
calls=1 -59 
* 245 46 20 2 0 0 2 0 0 41 27
+3 6 3 1
+2 1

fn=(484)
474 2 0 2
+3 2
-3 2
+1 2 2
+3 4 2 0 1 0 0 1 0 0 2
+26 14 2 0 0 1 0 0 0 0 2
+1 6 2 0 0 0 0 0 0 0 2 1
+1 14 14 0 0 1
-1 28 0 0 0 0 0 0 0 0 14 2
+3 52 12 0 1 0 0 1 0 0 26 2
+3 48 12 0 0 0 0 0 0 0 12 3
-7 8 2 0 1 0 0 1 0 0 2
+25 2 0 2
+2 8 4
-18 36 12 0 1 0 0 1 0 0 12 3
+3 12
-1 12 0 6
cfi=(131)
cfn=(482)
calls=6 95 
* 328 92 24 0 53 4 0 6 4 100 17
+2 24

fn=(486)
537 2 0 0 1 0 0 1 0 0 1
+3 4
+4 1
+1 1
-1 1 1
+1 2 0 0 0 0 0 0 0 0 1
-1 4
+1 4
-1 4 4
+1 18 0 0 0 0 0 0 0 0 4
+1 83 15 0 0 0 0 0 0 0 15 12
-1 45 0 0 1 0 0 1 0 0 15 11
+8 15 5
+1 10 5
-1 5 5
-13 10 5
+14 15 5 10
+1 10 0 10
-15 10 0 0 0 0 0 0 0 0 5 4
+17 1 1

fl=(20)
fn=(50)
255 24 12 0 1 0 0 1 0 0 12
-5 12 0 12
+17 24 0 0 1 0 0 1
-17 72 0 60
+11 12 0 12
+1 12 0 12
+5 36
+4 24 0 0 0 0 0 0 0 0 12 9
+34 96 84
-29 12 0 0 1 0 0 1
+3 24
-3 12
+3 36 0 12
cfn=(52) intel_check_word.constprop.0
calls=12 123 
* 4032 396 36 5 6 0 5 6 0 1236 93
+2 24 0 0 0 0 0 0 0 0 12
+3 60 0 12
cfn=(52)
calls=12 123 
* 1216 72 36 4 0 0 4 0 0 237 47
+2 24 0 0 1 0 0 1 0 0 12 12

fn=(56)
476 2 0 1 1 0 0 1
+16 1 1
-16 1
+19 1 1
+8 1 1
-27 3 0 2
+15 1 1
-15 3 0 3
+17 1 1
+1 1 1 0 1 0 0 1
-1 1 0 1
+13 2 0 0 0 0 0 0 0 0 1
-5 1 0 1
+17 1
+5 3 1 0 0 0 0 0 0 0 1
+4 2 0 0 0 0 0 0 0 0 1 1
675 4 0 0 1 0 0 1 0 0 2
+1 5
+4 2 1 0 0 0 0 0 0 0 1 1
+7 1 0 1
+3 1 1
-2 1 0 1
+2 1 1
-1 1 0 1
+1 5 5
532 5 0 1 1 0 0 1 0 0 1
+3 1
-3 1 0 1 1 0 0 1
+3 8 0 2
+6 2 0 0 0 0 0 0 0 0 1 1
-6 9
+6 6 0 0 0 0 0 0 0 0 3 3
+4 26 0 0 0 0 0 0 0 0 7 3
+14 2 0 0 0 0 0 0 0 0 1
+4 1
+3 1
+1 1
-4 2
+3 3 0 1
+6 2 0 0 0 0 0 0 0 0 1 1
-37 6
+7 8 0 0 1 0 0 1 0 0 4 4
+8 2 0 0 1 0 0 1 0 0 1
+4 1
+1 1
-1 2 0 1
+18 2 0 0 0 0 0 0 0 0 1 1
-69 8 2
+75 4 0 0 1 0 0 1 0 0 2
+8 7 2
+2 2 0 0 0 0 0 0 0 0 1
-2 1
+6 3
+3 1
+1 5 0 1 1 0 0 1 0 0 2 1
-4 3
+21 2 0 0 0 0 0 0 0 0 1 1
-21 4
+3 1
+1 4 0 0 0 0 0 0 0 0 2
-4 1
+6 4 0 0 1 0 0 1 0 0 2 1
+3 2 0 0 0 0 0 0 0 0 1
+5 1 1
+2 2
+1 1
+1 1
-2 2
+1 2 0 1
-19 5 1 0 1 0 0 1 0 0 2 1
+46 3 1 0 0 0 0 0 0 0 1
+1 2 0 1
+1 2 0 0 0 0 0 0 0 0 1
+2 2 1 0 0 0 0 0 0 0 1
-1 3
-23 2 0 0 2 0 0 2 0 0 1
-7 1
+11 2 1 0 0 0 0 0 0 0 1
+3 1
+2 4
+1 1
+5 2

fn=(52)
123 72 0 0 1 0 0 1 0 0 24
-4 72 0 48
+10 96
-10 24 0 24
+10 48
+2 48 0 0 1 0 0 1 0 0 24
+71 48 24
fi=(21) ./elf/../bits/stdlib-bsearch.h
32 24
fe=(20)
202 120 24
-71 96 0 0 0 0 0 0 0 0 48 2
+2 60 0 0 1 0 0 1
+2 120 0 0 0 0 0 0 0 0 60
+8 120 0 0 0 0 0 0 0 0 60 2
+51 96 0 0 0 0 0 0 0 0 48 6
+22 48
fi=(21)
28 48
-1 96
+2 216 0 0 1 0 0 1 0 0 108 14
+2 168
+1 84
fe=(20)
+78 168 84 0 0 2 0 0 2 0 84
+3 324 0 0 0 0 0 0 0 0 324 41
fi=(21)
-82 264
-2 528 0 0 0 0 0 0 0 0 264 24
+2 480
+1 240
fe=(20)
+78 480 240 0 0 4 0 0 4 0 240 6
+15 12
246 96 96
fi=(21)
37 120 0 0 1 0 0 1
fe=(20)
155 36
+3 36 0 0 0 0 0 0 0 0 12
-6 12
+3 24 0 0 1 0 0 1
+9 24 0 0 0 0 0 0 0 0 12
+1 24 0 0 0 0 0 0 0 0 12 4
+22 21
-32 63
+3 63 0 0 0 0 0 0 0 0 21 1
+4 64
+2 128 0 0 1 0 0 1 0 0 32 2
+3 84 0 0 0 0 0 0 0 0 22 11
+1 50 0 0 0 0 0 0 0 0 25 8
+1 38 0 0 0 0 0 0 0 0 19 7
+1 24 0 0 0 0 0 0 0 0 12 5
+2 11 0 0 1 0 0 1
+2 22 0 0 0 0 0 0 0 0 11 4
+6 14 0 0 0 0 0 0 0 0 7 3
+3 8 0 0 0 0 0 0 0 0 4
+1 12
-3 12
-5 4 0 0 1 0 0 1
+2 4
+1 4
-2 4
-1 4
+2 8
-2 4
+3 4
-2 12
+2 12
+11 2

fl=(136) ./elf/./elf/dl-call-libc-early-init.c
fn=(504) _dl_call_libc_early_init
29 2 0 0 1 0 0 0 0 0 1
-2 1 0 1
+6 3
-6 1 0 1
+6 3 0 0 1 0 0 1
-6 1
+6 1 0 1
cfi=(135) ./elf/./elf/dl-lookup-direct.c
cfn=(498) _dl_lookup_direct
calls=1 +41 
* 230 54 17 0 7 0 0 5 0 23 6 2 2
+4 2 0 0 0 0 0 0 0 0 1
+2 4 3 0 0 0 0 0 0 0 1
+2 1
-1 1
+1 2 2
-1 1 0 0 0 0 0 0 0 0 0 0 1 1
cob=(3)
cfi=(137)
cfn=(506)
calls=1 -7 
* 1166 351 161 27 39 17 27 6 7 154 19 11 6

fl=(45)
fn=(140)
141 55 0 0 1 0 0 1
+5 11
+1 11 0 0 0 0 0 0 0 0 11 2
+3 9
+1 9 0 0 0 0 0 0 0 0 9 7
+2 1 0 1 0 0 1 0 0 1
+1 1 0 1
+1 1 1
+34 4 0 4
+1 4 0 4
+2 4 4
+60 8 0 8 1 0 4 1 0 4
+1 8 0 8 0 0 2 0 0 2
+12 8
+3 8
+1 8 0 0 0 0 0 0 0 0 8 3
+12 4 0 4 0 0 1 0 0 1
+1 4 0 4 0 0 2 0 0 2
+13 4
+1 4
+2 4 0 0 0 0 0 0 0 0 4 1
+3 3
+3 6
+3 3 0 3
+1 3 0 3
+1 3 0 3 0 0 1 0 0 1
+1 3 0 3 0 0 2 0 0 2
+1 3
+1 3
+1 3 0 0 0 0 0 0 0 0 3 2
-6 83 0 83
+1 83 0 83
+1 83 0 83 0 0 28 0 0 28
+1 83 0 83 0 0 55 0 0 55
+1 83
+1 83
+1 83 0 0 0 0 0 0 0 0 83 17
+3 4 0 4
+1 4 0 4
+1 4 0 4
+1 4 0 4 0 0 1 0 0 1
+5 4 4
+34 2 0 0 1 0 0 1
+2 2
+1 2 0 0 0 0 0 0 0 0 2 1
+39 2 0 2 1 0 2 1 0 2
+1 2 0 2
+2 2 2

fl=(134) ./elf/../sysdeps/nptl/dl-mutex.c
fn=(496) __rtld_mutex_init
30 1 0 1 1 0 0 1
+10 3
-10 1 0 1
+10 1
-10 1 0 1
+7 1 1 0 1 1 0 1
+3 3 0 1
cfi=(135)
cfn=(498)
calls=1 +34 
* 200 54 17 7 3 0 7 2 0 23 8 1 1
+4 2 0 0 0 0 0 0 0 0 1
+1 8 3 0 0 0 0 0 0 0 2
+2 3
-2 1 0 1 1 0 0 1
+2 3 0 1
cfi=(135)
cfn=(498)
calls=1 +27 
* 215 53 17 1 7 0 1 5 0 22 9 1 1
+4 2 0 0 0 0 0 0 0 0 1
+1 6 3 0 0 0 0 0 0 0 2
+1 2 2
-1 1 0 1
+1 2 2

fl=(2)
fn=(266) init_tls
737 3 0 2 1 0 0 1
+2 1 1 0 0 1
+4 1 1
-4 1 0 1
+4 2 0 0 0 0 0 0 0 0 1
+11 1
fi=(29)
44 1
fe=(2)
749 1 0 0 1 0 0 1
+4 1
fi=(29)
44 1 1 1 0 0 0 0 0 0 0 0 1 1
cfi=(28)
cfn=(78)
calls=1 +38 
* 34 6 5 0 0 0 0 0 0 4 1 1
fe=(2)
764 1 1 0 0 1 0 0 1
-12 1 0 1
+6 1
-9 1 0 1
+11 1 0 1
+4 1 0 0 0 0 0 0 0 0 1
+2 3 1 0 0 0 0 0 0 0 1
-1 2 0 0 1 0 0 1
+3 14 7 0 0 3 0 0 0 0 7 5
+4 2
+2 2
-2 4 0 2 0 0 1 0 0 1
-5 2 2
-1 4 0 0 0 0 0 0 0 0 2 2
+1 5 5
-1 10 0 0 0 0 0 0 0 0 5 4
+10 3 1 0 0 0 0 0 0 0 1
+3 2 0 1 1 0 0 1
cfi=(48)
cfn=(268)
calls=1 122 
* 76 14 9 2 3 0 2 1 0 7 4
+3 1 0 1
cfi=(48)
cfn=(270)
calls=1 247 
* 108 22 12 7 0 0 7 0 0 11 5
+7 1 0 1
cfi=(48)
cfn=(272)
calls=1 448 
* 439 29 322 4 0 38 4 0 38 312 14 3 2
* 1
+1 2 0 0 0 0 0 0 0 0 1
+4 1 0 1
cfi=(48)
cfn=(276)
calls=1 1088 
* 32 8 1 2 0 1 2 0 1 8 3
+4 1 1
+3 2
-3 1 0 1
+3 6 0 2 1 0 0 1 0 0 1
+3 1 0 1
cfi=(25)
cfn=(278)
calls=1 66 
* 77 13 20 6 2 0 6 0 0 5 2
+1 1 0 1
+3 5 3

fn=(182)
644 1 0 1 1 0 0 1
+2 1 1
-2 1
+2 1
+1 2 2
-1 2
+1 3 0 1 1 0 1 1 0 1
cfi=(31)
cfn=(184)
calls=1 1971 
* 2324 529 263 94 33 30 94 33 30 399 133 6 1
* 1 0 1
+2 2 2

fn=(258)
677 2 0 1 1 0 0 1
+2 4 2 1
cfi=(75)
cfn=(260)
calls=1 392 
* 19068 5556 1182 44 113 68 43 102 64 3691 376 75 49
* 2 0 0 0 0 0 0 0 0 1 1
+4 2 2 0 1

fn=(2)
520 15 0 8 2 0 3 2 0 3
84 1
550 1 0 1 0 0 1 0 0 1
84 1
546 1 0 1 0 0 1 0 0 1
84 1
549 1
84 1 0 1 0 0 1 0 0 1
fi=(3) ./elf/./get-dynamic-info.h
-39 1 1 0 1 1 0 1 1
fe=(2)
549 1 0 1
fi=(3)
45 2 0 0 0 0 0 0 0 0 1
+23 1
-14 1
+5 1
-1 1
-3 11
+13 3 0 3 0 0 2 0 0 2
-23 12 3 0 0 1 0 0 1 0 3
+23 17 0 17 0 0 6 0 0 6
-23 68 17 0 0 4 0 0 4 0 17 1
+4 40 0 0 1 0 0 1 0 0 20 10
+5 16 0 0 0 0 0 0 0 0 4 3
+2 5 0 0 0 0 0 0 0 0 1 1
+3 4 0 0 1 0 0 1 0 0 1 1
fi=(4)
+22 1 1
fi=(3)
+29 1 1
-38 3 0 0 1 0 0 1 0 0 1
+12 4 1 1 0 0 0 0 0 0 1
+1 4 1 1 0 0 0 0 0 0 1
+1 4 1 1 0 0 0 0 0 0 1
+1 4 1 1 1 0 0 1 0 0 1
+1 5 1 1 0 0 0 0 0 0 1
+1 4 1 1 0 0 0 0 0 0 1
+1 4 1 1 0 0 0 0 0 0 1
+1 4 1 1 1 0 0 1 0 0 1
+12 7 2 0 0 0 0 0 0 0 2 1
+7 2 0 0 0 0 0 0 0 0 1
+5 2 1 0 0 0 0 0 0 0 1
+7 1
+1 3 2 0 1 0 0 1 0 0 1
+6 3 1 0 0 0 0 0 0 0 1
+1 3 2 0 0 0 0 0 0 0 1
+3 2 1 0 0 0 0 0 0 0 1
+1 3 1 0 1 0 0 1 0 0 1
+5 3 1 0 0 0 0 0 0 0 1 1
+3 3 1 0 0 0 0 0 0 0 1 1
fi=(5)
-70 1 1
fe=(2)
566 90 7 10 3 1 3 3 1 3 25 9
fi=(4)
81 1
fe=(2)
566 3 1 1
fi=(4)
81 2
fe=(2)
566 40 7 5 3 0 0 3 0 0 6 3
fi=(5)
273 3 0 1
fi=(6)
49 1 1
fe=(2)
566 1 1
fi=(6)
50 1 1
-1 2
+4 1 1
-3 1
+3 4 1 0 1 0 0 1
+3 2 0 0 0 0 0 0 0 0 1 1
-7 1 1
fe=(2)
566 1 1
fi=(6)
50 1 1
-1 2
+4 1 1
-3 1
+3 4 1
+3 2 0 0 0 0 0 0 0 0 1 1
+7 5 5 0 1 2 0 1 2
+2 5 5
-2 10
fi=(5)
264 5
fi=(6)
64 10
fi=(5)
264 10 0 0 0 0 0 0 0 0 5
+9 40 15 0 0 5 0 0 5 0 5
+3 10 5
+1 10 0 0 0 0 0 0 0 0 5 4
+26 15 0 0 0 0 0 0 0 0 5 1
+4 4 0 4 0 0 1 0 0 1
fi=(6)
61 19 0 0 1 0 0 1 0 0 7 6
fe=(2)
566 6 0 0 0 0 0 0 0 0 2 1
fi=(6)
51 1 1
fi=(4)
+30 2 1
fi=(3)
-19 4 0 0 1 0 0 1 0 0 1
+2 4 0 0 1 0 0 1
fe=(2)
568 1 0 1
+13 1 0 1
cfi=(7)
cfn=(12) __rtld_malloc_init_stubs
calls=1 43 
* 9 1 4 2 0 1 2 0 1
460 2 0 1
84 1
478 2
84 3 0 1
478 1 0 1 1 0 0 1
cfi=(8)
cfn=(14)
calls=1 28 
* 26 8 6 3 1 1 3 1 1 3
+2 1 1
+17 1 1
-15 1
+15 1
-18 1 0 1
+3 1 0 1 0 0 1 0 0 1
+9 1 0 1 0 0 1 0 0 1
-11 1 0 1
+17 1 0 1
cfi=(9) ./elf/../sysdeps/unix/sysv/linux/dl-sysdep.c
cfn=(16) _dl_sysdep_start
calls=1 102 
* 1723879 427012 143903 1009 11642 2297 996 6739 1493 274574 11848 3896 898
* 1 0 0 1
+2 2 1 0 1 0 0 1 0 0 1 1
+89 9 7 0 0 2
-22 3 0 1
fi=(3)
103 3 0 1 1 0 0 1
fe=(2)

fn=(70) dl_main
1359 1 0 1 1 0 0 1
196 1
1359 4 0 3
2581 1 0 0 1 0 0 1
1359 7 0 5 0 0 1 0 0 1
198 1 0 1
301 1 0 1
+1 1 0 1
196 1 0 1 1 0 0 1
+99 3 0 3
1370 1 0 1 0 0 1 0 0 1
cfi=(25)
cfn=(72)
calls=1 51 
* 16 1 5 2 0 1 2 0 1
2560 2 1 1 0 0 1 0 0 1
+6 5 1
-4 1
+4 1 0 1 1 0 0 1
+2 5 1 2
cfi=(26) ./elf/./elf/dl-environ.c
cfn=(74) _dl_next_ld_env_entry
calls=1 29 
* 70 25 1 2 0 0 2 0 0 23 5
* 4 2 2
cfi=(26)
cfn=(74)
calls=2 29 
* 414 142 1 0 0 0 0 0 0 138 18
* 9 0 0 0 0 0 0 0 0 3 1
+4 6 2 0 0 0 0 0 0 0 2
-2 2
+2 6 0 0 0 0 0 0 0 0 2
+1 2 0 0 1 0 0 1
-1 6 2 0 0 0 0 0 0 0 2
+1 17
-1 89 17 0 0 0 0 0 0 0 36 10
+9 12 2 0 0 1 0 0 1 0 2 0 2 2
2699 4 1 1 1 0 0 1 0 0 1
+25 2 0 0 0 0 0 0 0 0 1 1
1386 1 1
+1 2 1
-1 2 1 1
+1 2 1 0 0 0 0 0 0 0 1 1
2657 3 1 0 1 0 0 1 0 0 1
+1 3 1 0 0 0 0 0 0 0 1 1
-56 2 1 0 1 0 0 1 0 0 1
+7 2 1 0 0 0 0 0 0 0 1 1
1656 8 0 1 1 0 0 1
cfi=(27)
cfn=(76)
calls=1 59 
* 284 27 52 19 3 13 19 3 13 36 19 2 2
* 1 0 1
+2 2 0 0 1 0 0 1 0 0 1
+1 1 1
+1 1 1
+5 1
-5 1 0 1 0 0 1 0 0 1
+1 1 1
-2 2 0 1
+2 2 1 1
+4 1 0 1
cfi=(27)
cfn=(90)
calls=1 31 
* 34 9 8 3 1 0 3 1 0 1 1 2 2
+1 2 1 0 1 0 0 1 0 0 1
1364 1 0 1
1124 1 1
-1 1 1
+29 1
-23 1 1
+2 1 1 0 0 1 0 0 1
+21 2
-19 1 0 1 1 0 0 1
+1 1 0 1
-5 1 0 1
+2 1 0 1
+21 2 0 0 0 0 0 0 0 0 1
+57 1 1
-83 1 0 1
+23 1
+4 1
+19 1 0 0 1 0 0 1
+37 2
-57 1
+57 2
-56 116 22 0 0 7 0 0 7 0 38 7 9 5
1258 4 2 1 0 1 1 0 1 1
+2 1
1152 18 0 0 1 0 0 1 0 0 6 5
-26 3 1
1265 22 0 0 0 0 0 0 0 0 11 7
+6 4 0 1
cfi=(31)
cfn=(94)
calls=1 876 
* 19 8 0 2 1 0 2 1 0 5
-7 26 0 0 0 0 0 0 0 0 13 1
+1 13 13 0 1 0 0 1
+6 13
-6 26 0 0 0 0 0 0 0 0 13 6
fi=(32)
212 4 4
+1 2 2
95 8 4 0 1 0 0 1 0 0 4 1
+10 2 0 0 0 0 0 0 0 0 1
212 1
105 2
-3 1
+3 1
-2 1
+2 2
-4 1 0 1
-1 2 0 1 1 0 0 1
+93 4
-1 1
-87 3 0 0 0 0 0 0 0 0 1 1
+3 3 1 0 0 0 0 0 0 0 1
+1 2 1 0 0 0 0 0 0 0 1
+1 2 1 0 1 0 0 1 0 0 1
+4 3 1 0 0 0 0 0 0 0 1
+4 3 0 1
+3 3 1 0 0 0 0 0 0 0 1
+1 2 0 0 0 0 0 0 0 0 1
+4 1
+1 5 0 3 1 0 0 1
+4 2 1 0 1 0 0 1
+1 1 1
+3 2 0 0 0 0 0 0 0 0 1
+3 1
+1 4 0 0 0 0 0 0 0 0 1
+5 4 0 0 1 0 0 1 0 0 1
+7 2 0 0 0 0 0 0 0 0 1
+16 1 1
-3 2 0 0 0 0 0 0 0 0 1
+6 4 2
fe=(2)
1157 1 0 0 1 0 0 1
-5 1
+5 2 1 1
-5 2 0 0 0 0 0 0 0 0 1 1
+30 1 1
-9 2 2 0 0 1 0 0 1
+2 1 0 1
-3 1 0 1
+10 2 0 0 1 0 0 1 0 0 1
+18 2 0 1
-38 2 2
-10 1
+10 1 0 1
+1 9 2 1
-11 2 0 0 0 0 0 0 0 0 1 1
+57 4 4 0 1 1 0 1 1
-1 4 4
+1 8
-1 4
+2 8 4 0 0 0 0 0 0 0 4 3
+1 1 0 1
+2 12 4 0 0 0 0 0 0 0 4
+1 14 0 0 1 0 0 1 0 0 7 3
+4 8 4 0 0 3 0 0 3
+1 8 4 0 0 0 0 0 0 0 4
+1 4 0 4
+1 10 5 0 0 0 0 0 0 0 5 3
+1 1 0 1
+4 1
-74 1
+74 2
-74 2 0 0 0 0 0 0 0 0 1 1
+74 3 0 0 1 0 0 1
-74 3
+74 6
-74 6 0 0 0 0 0 0 0 0 3 3
1254 1 1 0 1 0 0 1
1152 1
1254 1 0 1 0 0 1 0 0 1
1152 3 0 0 0 0 0 0 0 0 1 1
1277 4 2 0 1 1 0 1 1 0 1 1
+3 3 2 0 0 0 0 0 0 0 1 1
+2 3 2 0 0 0 0 0 0 0 1 1
+2 2 1 0 1 0 0 1 0 0 1
1691 3 1 0 0 0 0 0 0 0 1
+2 1
-1 1 1
+1 2 2
+1 2 2 0 1 0 0 1
-2 1 1
+2 1 1
-2 2 0 1
cfi=(33)
cfn=(98)
calls=1 131 
* 24 7 0 3 1 0 3 1 0 3 1
* 2 0 0 0 0 0 0 0 0 1
+7 1 0 1 0 0 1 0 0 1
+3 1 1
-5 1 0 1
+3 1 0 1 0 0 1 0 0 1
+2 1 0 0 1 0 0 1 0 0 1
+1 2 0 1
+4 2 1 0 0 0 0 0 0 0 1
+2 2 1 0 0 0 0 0 0 0 1
fi=(3)
39 4 2 0 0 0 0 0 0 0 1
+4 1 0 0 1 0 0 1
+2 3 1 0 0 1 0 0 1 0 1
+9 1
+5 1
-1 1
-3 17
+13 5 0 5 0 0 3 0 0 3
-23 20 5 0 0 1 0 0 1 0 5 1
+23 21 0 21 0 0 4 0 0 4
-23 84 21 0 0 5 0 0 5 0 21
+4 52 0 0 1 0 0 1 0 0 26 9
+5 24 0 0 0 0 0 0 0 0 6 3
+2 5 0 0 0 0 0 0 0 0 1 1
+16 4 2 0 0 0 0 0 0 0 1 1
+43 2 1 0 1 0 0 1 0 0 1
+7 3 2 0 0 0 0 0 0 0 1
+1 4 3 0 1 0 0 1 0 0 1
+6 3 1 0 0 0 0 0 0 0 1 1
+18 4 2 0 0 0 0 0 0 0 1 1
+15 4 2 0 2 0 0 2 0 0 1
+2 3 1 1
+1 2 0 0 0 0 0 0 0 0 1 1
+9 2 1 0 0 0 0 0 0 0 1
+6 2 0 0 0 0 0 0 0 0 1 1
+4 3 2 0 1 0 0 1 0 0 1 1
fe=(2)
1717 4 2 0 0 0 0 0 0 0 1 1
+7 2 1 1 2 0 0 2
cfi=(8)
cfn=(14)
calls=1 28 
* 26 8 6 0 1 0 0 1 0 3
+3 2 1 0 0 0 0 0 0 0 1
fi=(34) ./elf/./setup-vdso.h
24 2 1 0 0 0 0 0 0 0 1 1
fi=(37) ./elf/./dl-main.h
+88 2 2 0 1 0 0 1
fi=(36) ./elf/../sysdeps/unix/sysv/linux/dl-vdso-setup.h
-67 1 0 1
fi=(37)
+67 3 2 1
cfi=(31)
cfn=(110)
calls=1 706 
* 3092 568 465 85 5 20 85 5 20 449 153 8 8
fe=(2)
1752 3 1 1
cfi=(47)
cfn=(156)
calls=1 56 
* 32 7 5 5 1 0 5 1 0 5 3
+7 1 1
-7 1 0 1 1 0 0 1
+2 1 0 1
+5 1 0 0 0 0 0 0 0 0 1 1
+4 1 1
+1 1 1
+2 1 0 1
-3 3 0 1
+1 2 1 1
+3 1 0 1 1 0 0 1
+11 1 1 0 0 1 0 0 1
-13 1 0 1
+13 1 0 0 0 0 0 0 0 0 1
+1 2 1 0 0 0 0 0 0 0 1
+5 1 1
-3 2 1
+2 1 0 1 1 0 0 1
+1 2 0 1
+5 3
+1 5 1 0 0 1 0 0 1 0 1 1
-1 2 0 0 0 0 0 0 0 0 1 1
223 1 1 0 1 0 0 1
+1 1 1
-1 1 1 0 0 1 0 0 1
+1 3 2 0 0 0 0 0 0 0 1 1
-1 2 2 0 2 0 0 2
+2 2 0 0 0 0 0 0 0 0 1 1
1807 2 1 0 1 0 0 1 0 0 1
+5 1 1
-1 1
+1 1 0 0 0 0 0 0 0 0 1
+24 1 0 1
cfi=(48)
cfn=(158)
calls=1 225 
* 5 3 0 1 0 0 1 0 0 1
* 1 0 1
fi=(49) ./elf/../sysdeps/generic/dl-debug.h
29 4 2 0 0 0 0 0 0 0 1
+1 2 1 1 1 0 0 1
fe=(2)
1842 2 1 1
+1 1 0 1
cfi=(47)
cfn=(162)
calls=1 117 
* 1 1 0 1 0 0 1
+5 3 1 1
cfi=(50)
cfn=(164) _dl_audit_activity_map
calls=1 29 
* 19 9 6 2 0 0 2 0 0 1 1
+5 3 2 0 0 0 0 0 0 0 1
+2 1
+2 2 1 0 1 0 0 1 0 0 1 1
+9 2 1 0 0 0 0 0 0 0 1
+16 4 0 1
cfi=(66)
cfn=(218)
calls=1 27 
* 8 1 1 1 0 0 1 0 0 1 1
* 2 0 0 0 0 0 0 0 0 1
+76 4 2 0 1 0 0 1 0 0 1 1
+16 3 1 0 0 0 0 0 0 0 1 1
84 1
1984 1
84 2
1984 1
84 1
1984 5 2
84 1 0 1 1 0 0 1
1984 2 0 1
cfi=(67)
cfn=(220)
calls=1 143 
* 28127 5686 2952 152 185 197 151 179 197 5035 959 106 39
91 1
+9 1 1
1990 1 1
91 2
+9 2 0 1
1990 2 0 0 0 0 0 0 0 0 1
+1 5 2 1 1 0 0 1
-1 4 0 0 0 0 0 0 0 0 1 1
+1 12 6 6
-1 24 0 0 0 0 0 0 0 0 6 5
+4 3 2 1
+1 2 0 0 0 0 0 0 0 0 1
+1 1 0 1
+2 22 1 0 1 0 0 1 0 0 5
+1 10 5 0 0 0 0 0 0 0 5 4
+46 1 1
-42 2 0 0 0 0 0 0 0 0 1
+8 3 1 1
+1 2 0 0 1 0 0 1 0 0 1
+2 1
+2 4 1 0 0 0 0 0 0 0 1
+2 1 1
-4 1 0 1
+5 1 1
-1 2 0 0 0 0 0 0 0 0 1 1
+14 2 0 0 1 0 0 1 0 0 1
+1 2 1 1
+1 3 1 0 0 0 0 0 0 0 1
+2 2 1 0 0 0 0 0 0 0 1 1
+1 2 1 1
-28 1 0 1
+36 2
+2 2 1 0 1 0 0 1
-2 2 0 1
+1 2
+1 1
-1 2 0 1
+1 1 0 1
cfi=(53)
cfn=(256)
calls=1 238 
* 19094 5565 1191 48 113 68 45 102 64 3692 377 76 50
+10 1 1 0 0 1
+1 1 1
-1 1 0 1
+1 1 0 0 1 0 0 1 0 0 1 1
+3 2 0 0 0 0 0 0 0 0 1
845 1 1
fi=(246) ./elf/../sysdeps/unix/sysv/linux/dl-osinfo.h
39 2 1 0 0 1
fe=(2)
847 1 0 1
fi=(246)
52 1 1
fe=(2)
856 1 0 1
+7 1 0 1
-5 1 0 1
2066 3 1 0 1 0 0 1 0 0 1 1
2265 2 1
+4 1 1
-4 1 0 1
+10 1 1
-6 1 0 1
+6 1 0 1
-6 1 0 1 1 0 0 1
+9 2 1 0 0 0 0 0 0 0 1
+8 2 2
fi=(32)
36 2 2
+1 3 0 0 0 0 0 0 0 0 1
+3 3 3 0 1 0 0 1
+13 9 1 0 0 1
-13 6 6
+9 12 6 0 0 1 0 0 0 0 6
-9 1 1
+9 28 7 0 0 0 0 0 0 0 14 1
+4 30 6 0 0 1 0 0 0 0 6
-16 21 0 0 1 0 0 1 0 0 7 3
fe=(2)
2297 3 1
+3 1 0 1
84 5
2306 22 2 1 1 0 0 1 0 0 6 3
+2 14 14 0 0 4
+5 14 14 0 0 7
+2 14 0 0 0 0 0 0 0 0 7 1
+6 7 0 7 1 0 2 1
+2 14 0 0 0 0 0 0 0 0 7 1
+1 48 12 6 0 7
cfi=(77)
cfn=(282)
calls=6 207 
* 1610559 402560 136769 248 10888 1849 247 6222 1065 248813 8524 3643 759
+4 18 9 0 0 3 0 0 0 0 9 5
+1 4 0 0 1 0 0 1
-23 2
+23 2 0 2
cfi=(48)
cfn=(414)
calls=2 1105 
* 54 18 12 2 4 2 2 0 0 4 2
-23 5 1 0 0 1 0 0 0 0 2 2
91 3
+1 1
2338 1 1
92 1 0 1
2338 1 0 0 0 0 0 0 0 0 1
+4 4 2 0 1 0 0 1 0 0 2
+2 1 0 1
+7 4 1 1
cfi=(48)
cfn=(478)
calls=1 564 
* 213 52 33 8 7 4 7 0 4 34 11 2 2
+3 2 1 0 0 0 0 0 0 0 1 1
-37 1 0 1 1 0 0 1
+1 1 1
-3 2 0 0 0 0 0 0 0 0 1 1
+49 3 2 0 1 1 0 1 0 0 1
+2 2 1 0 0 0 0 0 0 0 1 1
+33 3 1 1
cfi=(136)
cfn=(504)
calls=1 29 
* 1419 410 181 29 46 17 28 11 7 180 25 14 9
+7 1 0 1 1 0 0 1
cfi=(9)
cfn=(530) _dl_sysdep_start_cleanup
calls=1 148 
* 1 1 0 1 0 0 1
+4 3 0 1
cfi=(50)
cfn=(532) _dl_audit_activity_nsid
calls=1 45 
* 8 3 0 2 0 0 1 0 0 1 1
+5 2 0 1
cfi=(47)
cfn=(196)
calls=1 41 
* 6 2 0 0 1 0 0 0 0 2 1
+1 1 0 1
+1 1 0 1
cfi=(47)
cfn=(162)
calls=1 117 
* 1 1
+5 1 0 1
cfi=(69)
cfn=(534) _dl_unload_cache
calls=1 536 
* 16 4 3 3 2 0 3 0 0 2 1
+5 8 7 0 0 2
225 3 0 0 0 0 0 0 0 0 1
1792 2 2 0 1 0 0 1
+6 1 1 0 0 1 0 0 1
-6 2 0 1 0 0 1 0 0 1
+6 1 0 0 0 0 0 0 0 0 1 1
fi=(32)
198 9 2 0 2 0 0 2 0 0 1
+2 1 1
+1 1 0 1
+1 1 0 1
-2 1
+3 1 0 1
-3 2 0 1 1 0 0 1
+3 1
fi=(3)
59 4 0 0 1 0 0 1 0 0 1
+3 4 0 0 1 0 0 1 0 0 1
+2 4
fi=(35) ./elf/../sysdeps/unix/sysv/linux/dl-vdso.h
-24 2 1
+1 5 0 2 1 0 0 1 0 0 1
fi=(36)
-11 1 0 1
+3 1 0 1
+3 1 0 1
+3 1 0 1
fi=(35)
+16 2
fi=(3)
+17 3 2 0 1 0 0 1 0 0 1
+12 3 1 0 0 0 0 0 0 0 1 1
+1 5 2 1 1 0 0 1 0 0 1
+1 5 2 1 0 0 0 0 0 0 1
+1 5 2 1 0 0 0 0 0 0 1
+1 4 2 0 1 0 0 1 0 0 1 1
+1 5 2 1 0 0 0 0 0 0 1
+1 5 2 1 0 0 0 0 0 0 1
+1 5 2 1 1 0 0 1 0 0 1
+12 2 2
+7 1 1
-7 7 1 1 0 0 0 0 0 0 2
+7 2 0 0 1 0 0 1 0 0 1 1
fe=(2)
2658 2 1 0 1 0 0 1 0 0 1
+2 1
+1 1
-1 1 0 1
+1 1 0 1
+1 1
1762 4 2 1 1 0 0 1
2376 1 0 1 1 0 0 1
cfi=(130)
cfn=(480)
calls=1 561 
* 979 236 73 13 68 6 13 6 5 242 65 1 1
+5 3 1 1
cfi=(7)
cfn=(488) __rtld_malloc_init_real
calls=1 76 
* 2600 732 311 8 32 0 8 9 0 366 48 2 2
+3 1 0 1
cfi=(134)
cfn=(496)
calls=1 30 
* 456 118 41 11 11 0 11 7 0 51 17 2 2
84 1
2390 1 0 1
+1 3 2
84 3 0 0 1 0 0 1
2391 2 0 1
cfi=(77)
cfn=(282)
calls=1 207 
* 3626 935 341 7 60 1 2 17 0 527 61 11 6
91 3
+9 3 0 1
2059 2 0 1 1 0 0 1
cfn=(266)
calls=1 737 
* 861 116 387 26 10 40 26 2 40 367 40 5 3
* 2 0 1
2609 2 1 0 1 0 0 1 0 0 1
+2 2 0 1
+1 1
1962 1 0 0 1 0 0 1
+1 1
-1 6
+4 3 0 1
+1 1 1 0 1 0 0 1
+1 2 0 0 0 0 0 0 0 0 1
+1 2 0 0 0 0 0 0 0 0 1
-7 2
84 1 0 0 1 0 0 1
1861 2 2
84 3 0 0 1 0 0 1
1861 2 0 1
cfn=(166) handle_preload_list
calls=1 877 
* 2748 691 336 118 35 40 118 35 40 433 149 9 4
* 1
91 3
+9 3 0 1

fn=(170) do_preload
812 1 0 1 1 0 0 1
+12 1
-12 5 0 2 1 0 0 1
+10 1 1
-4 1 0 1
+6 2
-5 1 0 1
+5 2
-10 1 0 1
+6 1 0 1
+4 1 0 1
cfi=(53)
cfn=(174)
calls=1 225 
* 2411 554 293 104 33 34 104 33 34 401 133 8 3
* 1 1 0 1 0 0 1 0 0 0 0 1 1
+1 3 1 0 1 0 0 1 0 0 1
+8 3 1
+6 5 4

fn=(166)
877 7 0 6 2 0 0 2
+5 1 1
-5 1 0 1 0 0 1 0 0 1
+5 4 0 0 0 0 0 0 0 0 1
-4 1
+10 2
+7 1
182 1 1
897 2 1
182 2 0 0 0 0 0 0 0 0 1
899 2 1 0 0 0 0 0 0 0 1
+1 4 1 1
cfn=(170)
calls=1 -88 
* 2440 562 301 108 33 34 108 33 34 402 133 9 4
* 1
-18 2 1 0 0 0 0 0 0 0 1 1
+3 3 0 1 1 0 0 1
cfi=(51)
cfn=(168)
calls=1 32 
* 237 111 20 5 2 4 5 2 4 22 13
* 1
+1 3 0 0 0 0 0 0 0 0 1
+2 4 0 1 1 0 0 1
cfi=(30)
cfn=(86)
calls=1 219 
* 18 5 4 1 0 1 1 0 1 4 2
+1 2 0 1
+14 9 7

fl=(65)
fn=(214)
26 24 0 0 1 0 0 1 0 0 6
+1 6 6

fl=(26)
fn=(74)
29 3 3 0 1 0 0 1
+3 83 76 0 0 0 0 0 0 0 3 1
+13 73
-13 146 0 0 0 0 0 0 0 0 73
+2 150 75 0 0 0 0 0 0 0 75 16
+1 20 10 0 0 0 0 0 0 0 10 6
+5 2 0 0 1 0 0 1
-3 2
+3 2 0 2
+2 2 2
+7 1 1

fl=(7)
fn=(492) lookup_malloc_symbol
61 8 0 4 1 0 0 1
+3 4
-3 16 0 8
+3 4
-3 4
+3 8 4
-1 4 0 4
+1 12 0 12 1 0 0 1
cfi=(78)
cfn=(290)
calls=4 756 
* 2329 664 262 0 31 0 0 8 0 340 42 2 2
+4 28 16 0 0 0 0 0 0 0 4
+1 28 12 0 0 0 0 0 0 0 8 1
+2 4 0 4
fi=(133) ./elf/./dl-sym-post.h
-30 8 0 0 0 0 0 0 0 0 4
+12 12 4 0 1 0 0 1 0 0 4
fe=(7)
+19 24 20

fn=(144)
242 6 2 0 1 1 0 1 1 0 2
+2 2 2
+1 4 0 0 0 0 0 0 0 0 2 1
+4 47 1 0 0 0 0 0 0 0 1
+7 112 28 0 0 0 0 0 0 0 28 3
-2 56 0 0 1 0 0 1 0 0 28 7
+13 1 0 1
+4 4 2
-22 14 14
+11 14
-11 30 0 0 0 0 0 0 0 0 14 4

fn=(488)
76 1 0 1 1 0 0 1
+10 1
fi=(132) ./elf/../sysdeps/generic/dl-hash.h
-41 1
fe=(7)
+31 1 0 1
fi=(132)
-32 1
fe=(7)
+32 5 0 3
+11 1 0 1 1 0 0 1
-1 1 0 1
fi=(132)
-43 1
+5 3
+14 4
-17 3 1 0 0 1 0 0 1 0 1 1
+3 15
+14 20
-17 15 5 0 0 0 0 0 0 0 5 4
fe=(7)
+46 2
fi=(132)
-24 1
fe=(7)
+22 1 0 1 1 0 0 1
+2 2
fi=(132)
-19 1 0 1
fe=(7)
+19 1 0 1
cfn=(492)
calls=1 -30 
* 598 181 75 3 8 0 3 5 0 83 10
+1 3
-1 1
+1 1 0 1
cfn=(492)
calls=1 -31 
* 653 183 75 0 10 0 0 0 0 96 13 1 1
+1 3
-1 1
+1 1 0 1 1 0 0 1
cfn=(492)
calls=1 -32 
* 673 186 75 0 6 0 0 0 0 100 12 1 1
+1 3
-1 1
+1 1 0 1
cfn=(492)
calls=1 -33 
* 569 170 69 0 7 0 0 3 0 81 8
+5 1 0 1
+1 1 0 1
+1 1 0 1
+1 1 0 1
+1 7 6 0 1 0 0 1

fn=(12)
43 2 0 1 1 0 1 1 0 1
+1 2 0 1 1 0 0 1
+1 2 0 1
+1 2 0 1
+1 1 1

fl=(131)
fn=(482)
95 14 7 7 1 4 5 1 0 5
+1 14 7 7
+1 7 0 7
+6 35 14 0 0 6
+1 176 0 0 0 0 0 0 0 0 61 4
+1 122 61 0 1 52 0 1 6 0 61 21
+2 21 14 7 0 1
+5 7 7

fl=(72)
fn=(246)
25 2
+1 8 0 0 0 0 0 0 0 0 2
+1 2 2

fl=(69)
fn=(534)
536 4 1 0 2 1 0 2 0 0 1 1
-1 1
+3 2 1 1 0 1
cfi=(118)
cfn=(536) munmap
calls=1 117 
* 5 1 0 1 0 0 1 0 0 1
+1 1 0 1
+4 1 0 1
+2 2 1

fn=(240) _dl_cache_libcmp
367 42 0 0 1 0 0 1
+1 144 48 0 0 0 0 0 0 0 48 2
+4 239 239 0 0 31 0 0 31
-2 239
+2 239
-2 478 0 0 0 0 0 0 0 0 239 6
+20 466 0 0 1 0 0 1 0 0 233
+2 466 0 0 0 0 0 0 0 0 233 37
-24 197 197
+28 197
+1 197
-29 394 0 0 0 0 0 0 0 0 197 8
+32 18 12
-28 12 0 0 0 0 0 0 0 0 6
+8 6 6
-2 12
+1 12 0 0 1 0 0 1
+1 12
-2 6
+2 6 0 0 0 0 0 0 0 0 6 2
+2 18 6
-3 6
+3 6 0 0 0 0 0 0 0 0 6 2
+2 12 0 0 0 0 0 0 0 0 6 2
+9 108 36 0 1 0 0 1

fn=(230)
413 20 0 8 1 0 0 1
+2 8 4 0 1 0 0 1 0 0 4
+3 12 4 0 0 0 0 0 0 0 4 1
+69 9 3 0 0 0 0 0 0 0 3
+5 12 4 0 0 0 0 0 0 0 4
+3 20 4 4 1 0 0 1
cfn=(236) search_cache
calls=4 206 
* 5070 786 130 21 61 0 21 61 0 1212 109 4 4
* 4
+15 8 4 0 0 0 0 0 0 0 4
+4 8 0 0 0 0 0 0 0 0 4
+8 8 0 4
cfi=(23)
cfn=(66)
calls=4 101 
* 136 20 0 0 3 0 0 3 0 12 4
+2 4
-2 4
+1 20 0 0 1 0 0 1
+1 4 0 4
cfi=(30)
cfn=(86)
calls=4 219 
* 56 16 12 0 0 0 0 0 0 12 4
* 4
+1 4 0 4
cfi=(46)
cfn=(150)
calls=4 40 
* 356 68 48 0 0 4 0 0 4 40 6 4
+1 12 12
421 5 0 2 2 0 0 2
cfi=(55)
cfn=(232) _dl_sysdep_read_whole_file
calls=1 36 
* 83 10 10 2 1 1 2 1 1 11 2
* 1
+8 6 2 0 0 0 0 0 0 0 2
+1 8 3 0 1 1 0 1 1 0 2
+3 3
+1 1 1
-1 3 0 0 0 0 0 0 0 0 1
fi=(70) ./elf/../sysdeps/generic/dl-cache.h
194 1 1
+1 5 0 0 1 0 0 1 0 0 2 1
fe=(69)
441 1 0 1 1 0 0 1
+1 2 0 1 1 0 0 1

fn=(236)
206 36 0 24 1 0 0 1
+2 4 4
-2 16 0 16
fi=(71) ./elf/../sysdeps/x86/dl-procinfo.h
39 8 0 0 0 0 0 0 0 0 4
+3 12 0 4 1 0 0 1
cfi=(33)
cfn=(98)
calls=4 +89 
* 260 36 0 6 1 0 6 1 0 28 10 4 4
* 16 0 4 0 0 0 0 0 0 4 2
fe=(69)
211 20 0 8 1 0 0 1
cfi=(11)
cfn=(28)
calls=4 408 
* 80 16 4 0 0 0 0 0 0 12 4
* 4 4
+17 8 0 0 0 0 0 0 0 0 4
-12 8 0 4
+15 4 4
-15 16 8 0 1 0 0 1
359 14
228 28 0 0 0 0 0 0 0 0 14
+2 180
+1 36
-37 72
+37 36 36 0 0 28 0 0 28
+4 72 0 0 0 0 0 0 0 0 36
+4 108 36 36 1 0 0 1
cfn=(240)
calls=36 367 
* 2842 438 0 4 29 0 4 29 0 784 47
+1 72 0 0 0 0 0 0 0 0 36 5
356 32 0 0 0 0 0 0 0 0 32 17
+1 18
228 36 0 0 0 0 0 0 0 0 18 2
+8 44 12 4 1 0 0 1
+14 12 6 0 0 1 0 0 1
+3 12 0 0 0 0 0 0 0 0 6
+2 24 0 6
cfn=(240)
calls=6 367 
* 690 106 0 0 2 0 0 2 0 190 12
* 12 0 0 0 0 0 0 0 0 6 2
+2 2
-9 12 0 0 1 0 0 1 0 0 6 4
-35 12 8
+1 4
-1 32 12 12 1 0 0 1
+1 4
-1 32 0 4
+54 8 0 0 0 0 0 0 0 0 4 2
+10 8 4 0 1 0 0 1 0 0 4
+1 12 4 0 0 0 0 0 0 0 4
+7 8 4 0 0 0 0 0 0 0 4
fi=(70)
125 20 4 0 1 0 0 1
fe=(69)
294 8 0 0 0 0 0 0 0 0 4
+9 8 4 0 0 0 0 0 0 0 4
+3 8 4 0 0 0 0 0 0 0 4
+5 4
+1 12 4 0 1 0 0 1 0 0 4 2
+28 8 0 4
+23 36 32

fl=(16)
fn=(36) _dl_x86_init_cpu_features
39 3 1 0 1 0 0 1 0 0 1 1
+2 1
cfi=(17)
cfn=(38)
calls=1 399 
* 6963 748 406 93 10 8 93 10 8 1687 221 1 1

fn=(502)
39 3 1 0 1 0 0 0 0 0 1
+32 2 1

fl=(59)
fn=(200)
29 6 0 0 1 0 0 1
+1 12 0 0 0 0 0 0 0 0 6
+5 18
cfi=(60)
cfn=(202)
calls=6 154 
* 42 6 0 2 0 0 2 0 0 6

fl=(9)
fn=(18) _dl_sysdep_parse_arguments
78 1 0 1 1 0 0 1
+2 1
-2 4 0 2
+1 1 1
+1 1 0 1
-1 1 0 1 1 0 0 1
+2 2
+2 1 1
-2 1 0 1 0 0 1 0 0 1
+2 2 0 0 0 0 0 0 0 0 1
-1 1
+1 2 1 0 0 0 0 0 0 0 1 1
-1 74
+1 148 74 0 0 10 0 0 10 0 74 9
+7 2
-4 1
+4 54 0 52 0 0 7 0 0 7 52 10
fi=(10) ./elf/../sysdeps/unix/sysv/linux/dl-parse_auxv.h
-49 1 1 0 1 0 0 1
-9 1
fe=(9)
+54 1 0 1 0 0 1 0 0 1
fi=(10)
-54 1 0 1
+1 1 0 1
+1 1 0 1
+7 3 0 0 0 0 0 0 0 0 1
+1 40 0 0 0 0 0 0 0 0 20
+1 40 20 20 0 5 0 0 5
-2 81 21 0 1 0 0 1 0 0 20 6
fe=(9)
+52 1 1
+1 1 1
+1 1 1
fi=(10)
-49 1 1
+1 2 2
+1 1 1
+1 1 1
+1 1 1
+1 1 1 0 1 0 0 1
+1 1 1
+2 1 1
-5 1 0 1
-2 1 0 1 0 0 1 0 0 1
+1 1 0 1
+2 1 0 1
+1 1 0 1
+3 1 0 1 0 0 1 0 0 1
-9 1 0 1 1 0 0 1
+1 1 0 1
+6 1 0 1
fe=(9)
+42 1 0 1
-1 1 0 1
+2 1 0 1
+1 5 4

fn=(16)
102 3 0 1 1 0 0 1
+1 1 0 1
+3 2 0 1 0 0 1 0 0 1
cfn=(18)
calls=1 -28 
* 496 135 94 6 15 11 6 15 11 169 26
+4 2 1 1
cfi=(11)
cfn=(22)
calls=1 282 
* 39665 7731 6 7 83 0 7 83 0 11880 986
+3 1 0 1
cfi=(13)
cfn=(26)
calls=1 295 
* 30 6 3 3 0 0 3 0 0 3 1
+2 2 0 1
cfi=(14)
cfn=(30)
calls=1 -91 
* 7 1 1 1 0 1 1 0 1 1
fi=(5)
+91 1 0 1
cfi=(16)
cfn=(36)
calls=1 39 
* 6967 749 406 94 10 8 94 10 8 1688 222 1 1
fe=(9)
-84 3 1 0 0 0 0 0 0 0 1
+1 1 0 1 1 0 0 1
cfi=(23)
cfn=(66)
calls=1 -22 
* 16 2 0 1 1 0 1 1 0 2
* 1 0 1
+2 2 0 1
cfi=(24)
cfn=(68)
calls=1 -88 
* 14 4 2 1 0 0 1 0 0 2 1
* 3 0 0 0 0 0 0 0 0 1
+12 3 1 0 0 0 0 0 0 0 1
+3 5 3 1 0 0 0 0 0 0 0 0 1 1
cfi=(2)
cfn=(70)
calls=1 1359 
* 1676650 418375 143380 893 11532 2276 880 6630 1472 260826 10612 3894 896
+3 4 3 0 1 1 0 1

fn=(530)
148 1 1 0 1 0 0 1

fl=(19)
fn=(114)
31 1 1 0 1 0 0 1
fi=(39) ./elf/../sysdeps/x86_64/dl-hwcaps-subdirs.c
+7 1
fe=(19)
-7 2
-1 2 0 0 1 0 0 1 0 0 1 1
fi=(39)
+22 1 1
fe=(19)
-20 3 1 0 0 0 0 0 0 0 1
+4 1
fi=(39)
+2 1
fe=(19)
-2 2 0 0 0 0 0 0 0 0 1
+3 4 1 0 0 0 0 0 0 0 1
+1 4 1 0 1 0 0 1 0 0 1
+5 1
fi=(39)
-7 1
fe=(19)
+7 3 0 0 0 0 0 0 0 0 1
fi=(39)
-2 1
fe=(19)
+5 2 0 0 0 0 0 0 0 0 1
+3 5 1 0 0 0 0 0 0 0 1
+2 4 0 0 1 0 0 1 0 0 1
+1 2 0 0 0 0 0 0 0 0 1
+1 2 0 0 0 0 0 0 0 0 1
+6 1
fi=(39)
-13 1
fe=(19)
+13 1
-3 2 0 0 0 0 0 0 0 0 1 1

fl=(50)
fn=(1612)
119 4 2 0 1 1 0 1 0 0 1

fn=(164)
29 7 0 6 1 0 0 1
+2 1 1
-1 1 1
+1 2 0 0 0 0 0 0 0 0 1 1
+6 8 7 0 1 0 0 1

fn=(216)
78 20 10 0 1 0 0 1 0 0 5

fn=(532)
45 4 1 0 1
+2 3 1 0 0 0 0 0 0 0 1 1
+4 1 1 0 1 0 0 1

fl=(135)
fn=(500) check_match
31 21 0 15 1 0 0 1
+1 3 3
-1 6
+1 9 6 0 1 0 0 1 0 0 3 3
+1 9
+2 6 3 0 0 3 0 0 3
+1 6 3 0 0 0 0 0 0 0 3 2
+12 9 3 3 0 0 0 0 0 0 3
+3 6 6
+2 9 3 3 1 0 0 1
cfi=(33)
cfn=(98)
calls=3 +78 
* 202 31 0 1 6 0 1 6 0 24 7 3 3
* 6 0 0 0 0 0 0 0 0 3
+4 6 6 0 0 2
+1 18 6 0 0 0 0 0 0 0 3
+1 9 3 3
cfi=(33)
cfn=(98)
calls=3 +72 
* 118 23 0 0 1 0 0 1 0 13 4 1 1
+5 6 6
-24 6
+24 6 6
-24 3
+24 9 6

fn=(498)
74 27 0 18 2 0 0 2
+4 3 3
-4 3 0 3
+1 3 3
-1 3 0 3
+2 6 0 0 0 0 0 0 0 0 3 1
+2 9
+37 3
-37 9 6 0 0 2
+1 6 0 0 0 0 0 0 0 0 3 1
+2 9 3 0 1 0 0 1
+3 25 5 0 0 3 0 0 2 0 5 2
+2 3
+1 9 6
-1 3
+1 3
-1 3
+1 3 0 3
cfn=(500)
calls=3 -56 
* 473 114 24 4 12 0 4 10 0 52 16 4 4
* 3
+3 6 0 0 0 0 0 0 0 0 3 3
+3 6 0 0 1 0 0 1 0 0 2
+23 27 21

fl=(118)
fn=(536)
117 4 0 0 1 0 0 1 0 0 1
+5 1 1

fn=(412)
117 28 0 0 1 0 0 1 0 0 7 2
+5 7 7

fl=(55)
fn=(232)
36 1 0 1 1 0 0 1
+3 1
-3 5 0 2
+3 1
-3 2 0 1
+3 1 0 1
cfi=(56)
cfn=(190)
calls=1 -8 
* 16 1 1 0 0 0 0 0 0 3
+1 2 0 0 0 0 0 0 0 0 1 1
+23 7 5
-21 4 0 1 1 0 0 1
cfi=(59)
cfn=(200)
calls=1 -13 
* 13 1 0 0 0 0 0 0 0 2
* 2 0 0 0 0 0 0 0 0 1
+2 2 1 1 0 1 1 0 1 1
+3 2 0 0 0 0 0 0 0 0 1 1
+13 2 0 1
cfi=(65)
cfn=(214)
calls=1 -34 
* 5 1 0 0 0 0 0 0 0 1
* 1
-11 6 0 1
cfi=(61)
cfn=(204)
calls=1 -2 
* 8 1 0 0 0 0 0 0 0 2
* 2

fn=(186)
68 450 0 180 1 0 0 1
+1 180 90 90
cfi=(33)
cfn=(98)
calls=90 +62 
* 3188 583 0 10 2 0 10 1 0 399 78 41 32
* 180 0 0 0 0 0 0 0 0 90
+3 90 90
+2 180 0 0 0 0 0 0 0 0 90 14
+6 89 89
-6 178 0 0 0 0 0 0 0 0 89 37
+1 315 105 105 1 0 0 1
cfi=(33)
cfn=(98)
calls=105 +56 
* 4238 734 0 8 1 0 7 1 0 512 120 52 32
* 210 0 0 0 0 0 0 0 0 105 32
+8 16
-13 16
+13 122 48
-1 74
+1 222 222

fn=(476)
125 2
-1 2
+3 2
+2 80
+1 30 10 0 0 4 0 0 2 0 10 3
-1 7
-2 24 0 0 1 0 0 1 0 0 12 9
+18 2 2
+1 2 2
-15 6

ob=(2)
fl=(52)
fn=(840)
0 6 2 0 1 1 0 1 0 0 1

fn=(850)
0 6 2 0 1 1 0 1 0 0 1

fn=(564)
0 6 2 0 1 1 0 1 0 0 1 1

fn=(1668)
0 1 1 0 0 0 0 0 0 0 0 0 1 1
cob=(3)
cfi=(155)
cfn=(902)
calls=1 3281 
0 160 33 17 19 10 1 0 0 1 28 11

fn=(544)
0 6 2 0 1 0 0 1 0 0 1 1

fn=(1068)
0 6 2 0 1 0 0 1 0 0 1 1

totals: 1091226785158 447725376085 83831276072 3433 11385452060 2217845 2251 313593334 1614600 27234687680 148232859 78428 2855
